timestamp,frame_id,target_id,range_m,ambient_temp_c,target_temp_c,delta_t_c,snr_db,netd_mk,detection_confidence,detected,classified,classification_latency_ms,track_error_m,sensor_temp_c,frame_rate_hz,dropped_frame
1779285600000,0,UAS-01,554.2,18.77,20.58,1.80,10.96,30.8,0.217,0,0,49.5,0.00,28.36,30.2,0
1779285600033,1,UAS-02,443.1,19.01,21.23,2.22,11.56,31.2,0.802,1,1,46.0,1.36,28.40,30.0,0
1779285600067,2,GND-VEH-01,643.9,19.09,21.23,2.14,12.34,29.9,0.873,1,1,46.0,0.42,27.98,29.9,0
1779285600100,3,PERSON-01,661.0,18.90,20.96,2.06,12.43,29.3,0.884,1,1,46.0,0.10,28.14,29.9,0
1779285600133,4,UAS-01,446.0,18.95,21.16,2.21,12.37,28.3,0.865,1,1,46.7,0.59,27.78,30.0,0
1779285600167,5,UAS-02,496.7,19.10,21.24,2.14,11.46,29.4,0.787,1,1,49.2,0.19,28.29,30.1,0
1779285600200,6,GND-VEH-01,346.6,19.15,21.05,1.90,11.12,30.4,0.170,0,0,46.0,0.00,28.05,30.1,0
1779285600233,7,PERSON-01,510.7,19.11,21.21,2.10,11.38,29.9,0.783,1,1,46.0,0.62,28.22,29.9,0
1779285600267,8,UAS-01,399.4,18.77,21.23,2.46,12.98,29.5,0.921,1,1,47.7,0.01,28.38,29.9,0
1779285600300,9,UAS-02,399.4,19.14,21.39,2.25,12.21,29.7,0.174,0,0,48.3,0.00,27.67,30.0,0
1779285600333,10,GND-VEH-01,428.9,18.94,20.97,2.03,11.23,30.3,0.162,0,0,47.2,0.00,28.62,30.1,0
1779285600367,11,PERSON-01,437.8,18.93,21.13,2.20,11.94,30.3,0.837,1,1,46.0,0.02,28.33,29.9,0
1779285600400,12,UAS-01,773.3,18.88,20.97,2.09,11.86,30.3,0.832,1,1,46.0,0.38,28.36,21.0,1
1779285600433,13,UAS-02,800.2,19.17,21.33,2.16,12.15,29.9,0.866,1,1,46.0,0.11,28.16,29.9,0
1779285600467,14,GND-VEH-01,452.1,19.00,21.26,2.26,12.11,29.6,0.185,0,0,47.3,0.00,28.04,30.0,0
1779285600500,15,PERSON-01,341.1,19.20,21.42,2.22,12.36,29.7,0.189,0,0,46.0,0.00,28.15,30.0,0
1779285600533,16,UAS-01,574.1,19.01,21.04,2.03,11.57,29.2,0.793,1,1,50.6,0.22,28.24,30.0,0
1779285600567,17,UAS-02,409.4,18.95,21.02,2.07,11.55,30.3,0.793,1,1,46.0,0.20,28.29,21.5,1
1779285600600,18,GND-VEH-01,480.8,19.01,21.12,2.11,11.13,29.9,0.210,0,0,46.0,0.00,28.61,30.1,0
1779285600633,19,PERSON-01,413.1,18.97,21.09,2.12,12.36,29.1,0.846,1,1,46.0,0.73,28.01,30.1,0
1779285600667,20,UAS-01,598.9,19.13,21.11,1.99,11.98,29.7,0.821,1,1,46.0,0.09,28.57,30.0,0
1779285600700,21,UAS-02,755.4,18.83,20.49,1.66,10.78,29.7,0.190,0,0,48.2,0.00,28.24,30.0,0
1779285600733,22,GND-VEH-01,427.0,19.05,21.08,2.03,11.22,29.6,0.761,1,1,47.9,0.37,28.52,30.0,0
1779285600767,23,PERSON-01,602.2,19.10,21.56,2.46,12.34,30.3,0.866,1,1,46.0,0.77,28.27,30.1,0
1779285600800,24,UAS-01,443.2,18.73,21.07,2.35,12.34,29.7,0.859,1,1,46.0,0.93,28.23,30.0,0
1779285600833,25,UAS-02,520.4,19.14,21.45,2.31,11.64,30.4,0.827,1,1,46.0,0.90,28.38,29.9,0
1779285600867,26,GND-VEH-01,362.1,18.86,21.34,2.49,12.34,29.2,0.840,1,1,46.0,0.20,28.42,30.0,0
1779285600900,27,PERSON-01,563.8,18.77,21.00,2.23,11.87,28.7,0.204,0,0,46.0,0.00,28.80,29.9,0
1779285600933,28,UAS-01,510.7,18.91,21.13,2.22,12.16,30.4,0.836,1,1,46.8,0.18,28.61,29.9,0
1779285600967,29,UAS-02,329.4,18.88,20.95,2.06,11.86,28.8,0.830,1,1,47.9,0.50,28.30,30.1,0
1779285601000,30,GND-VEH-01,686.0,18.96,20.84,1.88,11.01,31.0,0.176,0,0,46.4,0.00,28.50,29.9,0
1779285601033,31,PERSON-01,432.7,18.87,21.15,2.28,12.83,29.5,0.895,1,1,46.0,0.03,28.25,30.1,0
1779285601067,32,UAS-01,739.9,18.92,20.75,1.83,11.24,30.4,0.791,1,1,46.0,0.08,28.46,29.9,0
1779285601100,33,UAS-02,407.5,19.09,21.35,2.26,11.93,29.6,0.829,1,1,109.1,0.20,27.86,30.0,0
1779285601133,34,GND-VEH-01,454.4,18.88,21.27,2.39,11.70,29.7,0.815,1,1,46.0,0.80,28.11,29.9,0
1779285601167,35,PERSON-01,422.2,19.31,21.41,2.10,12.05,30.4,0.859,1,1,46.0,0.14,28.49,30.0,0
1779285601200,36,UAS-01,416.9,18.76,21.11,2.34,12.52,31.0,0.875,1,1,46.8,0.15,27.96,29.9,0
1779285601233,37,UAS-02,445.1,18.83,21.19,2.35,11.78,29.0,0.846,1,1,46.0,0.03,28.79,29.9,0
1779285601267,38,GND-VEH-01,536.0,19.16,21.42,2.26,12.05,30.3,0.819,1,1,46.0,0.81,28.91,30.1,0
1779285601300,39,PERSON-01,316.3,19.07,21.24,2.17,11.45,30.8,0.762,1,1,46.0,0.12,28.32,30.0,0
1779285601333,40,UAS-01,731.6,19.00,21.24,2.23,11.18,30.5,0.181,0,0,46.3,0.00,28.88,30.0,0
1779285601367,41,UAS-02,329.8,18.82,21.06,2.24,12.21,30.2,0.840,1,1,46.3,0.17,28.17,30.1,0
1779285601400,42,GND-VEH-01,322.9,18.95,21.19,2.24,11.55,30.8,0.793,1,1,46.0,0.19,28.11,30.2,0
1779285601433,43,PERSON-01,489.5,18.62,20.73,2.11,11.65,29.5,0.812,1,1,48.8,0.41,28.47,30.0,0
1779285601467,44,UAS-01,512.1,18.87,20.91,2.04,11.56,29.0,0.823,1,1,48.0,0.23,28.78,29.9,0
1779285601500,45,UAS-02,394.1,19.25,21.28,2.03,11.94,30.8,0.173,0,0,46.5,0.00,28.41,30.1,0
1779285601533,46,GND-VEH-01,409.6,19.01,21.44,2.43,11.79,30.2,0.217,0,0,46.0,0.00,28.52,30.1,0
1779285601567,47,PERSON-01,904.6,19.13,21.08,1.96,11.47,30.2,0.797,1,1,46.0,0.05,28.85,30.1,0
1779285601600,48,UAS-01,385.4,18.74,20.95,2.21,11.66,29.8,0.813,1,1,46.0,0.89,28.80,29.8,0
1779285601633,49,UAS-02,502.3,19.25,21.37,2.12,11.54,28.7,0.796,1,1,46.0,0.15,28.36,30.1,0
1779285601667,50,GND-VEH-01,803.0,19.15,21.10,1.95,11.57,28.4,0.780,1,1,46.0,0.53,28.57,30.0,0
1779285601700,51,PERSON-01,693.4,19.22,21.07,1.85,11.12,30.8,0.766,1,1,46.0,0.39,28.97,30.2,0
1779285601733,52,UAS-01,430.1,18.91,21.37,2.46,11.49,31.5,0.784,1,1,46.2,0.21,28.63,30.0,0
1779285601767,53,UAS-02,387.3,19.30,21.74,2.44,12.16,29.7,0.239,0,0,46.0,0.00,28.71,29.9,0
1779285601800,54,GND-VEH-01,450.4,18.98,20.98,2.00,11.34,31.1,0.761,1,1,46.0,1.11,28.53,30.0,0
1779285601833,55,PERSON-01,522.4,18.99,21.44,2.45,12.40,32.3,0.216,0,0,46.8,0.00,28.52,30.1,0
1779285601867,56,UAS-01,369.2,19.11,21.19,2.08,11.27,31.2,0.795,1,1,46.0,0.28,28.84,30.0,0
1779285601900,57,UAS-02,405.6,18.97,21.06,2.09,10.99,30.7,0.170,0,0,46.0,0.00,28.69,29.9,0
1779285601933,58,GND-VEH-01,372.9,18.88,21.03,2.15,11.69,29.5,0.818,1,1,46.0,0.22,28.54,29.9,0
1779285601967,59,PERSON-01,503.7,18.91,21.07,2.17,11.96,30.4,0.832,1,1,46.0,0.06,28.66,30.0,0
1779285602000,60,UAS-01,362.7,19.03,21.01,1.98,11.31,29.5,0.181,0,0,46.3,0.00,28.82,30.0,0
1779285602033,61,UAS-02,374.6,18.88,21.14,2.26,11.93,28.1,0.823,1,1,48.0,0.29,28.78,29.9,0
1779285602067,62,GND-VEH-01,411.1,18.97,21.35,2.38,12.76,29.9,0.876,1,1,46.0,0.50,28.76,30.0,0
1779285602100,63,PERSON-01,351.2,18.92,21.05,2.13,11.80,31.5,0.789,1,1,46.0,0.65,28.99,30.0,0
1779285602133,64,UAS-01,456.3,18.75,20.67,1.92,11.97,29.2,0.829,1,1,46.0,0.06,28.77,29.9,0
1779285602167,65,UAS-02,373.4,19.19,21.28,2.09,11.79,28.2,0.209,0,0,127.2,0.00,28.53,30.0,0
1779285602200,66,GND-VEH-01,408.6,19.04,21.09,2.06,12.14,29.9,0.195,0,0,46.0,0.00,28.61,30.1,0
1779285602233,67,PERSON-01,391.0,19.06,21.27,2.21,11.78,30.4,0.808,1,1,47.3,1.17,29.19,30.1,0
1779285602267,68,UAS-01,492.6,18.90,21.19,2.28,11.62,30.9,0.794,1,1,109.7,1.14,28.78,29.8,0
1779285602300,69,UAS-02,410.7,18.93,21.32,2.38,11.98,30.6,0.214,0,0,46.0,0.00,29.00,30.1,0
1779285602333,70,GND-VEH-01,545.0,18.94,20.88,1.94,10.97,29.6,0.741,1,1,46.0,0.67,28.45,29.9,0
1779285602367,71,PERSON-01,401.7,19.26,21.35,2.08,10.88,30.8,0.726,1,1,46.5,0.28,28.83,30.0,0
1779285602400,72,UAS-01,574.6,19.04,20.93,1.89,11.38,29.0,0.778,1,1,46.1,0.05,28.75,23.6,1
1779285602433,73,UAS-02,425.6,19.04,21.17,2.13,11.74,29.4,0.768,1,1,46.0,0.31,29.22,29.9,0
1779285602467,74,GND-VEH-01,877.8,18.93,20.69,1.77,11.57,30.5,0.781,1,1,46.2,0.16,28.81,30.1,0
1779285602500,75,PERSON-01,544.6,19.00,21.52,2.52,12.31,29.3,0.858,1,1,46.0,0.07,29.08,30.1,0
1779285602533,76,UAS-01,520.1,19.08,21.12,2.04,12.03,28.9,0.210,0,0,48.3,0.00,28.83,30.1,0
1779285602567,77,UAS-02,883.5,19.22,21.19,1.97,11.06,30.6,0.771,1,1,46.0,0.15,28.50,30.0,0
1779285602600,78,GND-VEH-01,419.9,18.82,20.89,2.08,12.07,30.7,0.847,1,1,46.0,0.25,28.92,29.8,0
1779285602633,79,PERSON-01,374.1,19.28,21.49,2.22,11.75,31.9,0.824,1,1,46.0,0.83,29.09,30.0,0
1779285602667,80,UAS-01,359.0,18.79,21.26,2.47,11.87,31.2,0.183,0,0,46.0,0.00,29.32,30.0,0
1779285602700,81,UAS-02,488.0,18.83,20.79,1.96,11.63,30.6,0.217,0,0,46.0,0.00,29.09,30.0,0
1779285602733,82,GND-VEH-01,647.7,18.93,21.47,2.54,12.39,28.7,0.896,1,1,46.0,0.33,28.99,30.1,0
1779285602767,83,PERSON-01,662.3,19.10,21.10,2.00,10.82,28.9,0.193,0,0,46.0,0.00,28.85,30.0,0
1779285602800,84,UAS-01,598.6,18.81,21.04,2.23,12.17,29.5,0.189,0,0,46.0,0.00,29.18,30.1,0
1779285602833,85,UAS-02,674.7,19.01,21.19,2.18,11.90,31.4,0.810,1,1,46.7,0.38,28.77,29.9,0
1779285602867,86,GND-VEH-01,738.7,18.87,20.63,1.75,10.89,30.8,0.731,1,1,46.0,0.04,29.02,30.0,0
1779285602900,87,PERSON-01,407.5,18.86,21.33,2.47,12.12,30.3,0.846,1,1,46.0,0.41,29.48,29.9,0
1779285602933,88,UAS-01,512.7,19.03,21.23,2.20,11.52,30.1,0.769,1,1,47.7,0.18,29.16,30.0,0
1779285602967,89,UAS-02,680.8,19.05,21.15,2.10,11.53,30.4,0.772,1,1,46.0,0.64,28.82,30.1,0
1779285603000,90,GND-VEH-01,648.6,19.20,21.38,2.18,11.45,29.4,0.774,1,1,156.5,0.14,29.13,30.1,0
1779285603033,91,PERSON-01,443.5,18.63,20.44,1.81,11.18,30.3,0.799,1,1,48.1,0.20,29.08,30.0,0
1779285603067,92,UAS-01,858.0,19.27,21.48,2.21,11.39,32.1,0.782,1,1,47.5,0.48,29.04,29.9,0
1779285603100,93,UAS-02,646.0,18.73,20.67,1.94,10.69,31.0,0.729,1,1,46.0,0.06,29.13,30.0,0
1779285603133,94,GND-VEH-01,336.7,18.93,21.25,2.32,12.16,30.6,0.859,1,1,46.0,0.38,28.42,30.0,0
1779285603167,95,PERSON-01,483.6,19.01,21.19,2.18,11.99,30.8,0.257,0,0,46.2,0.00,29.14,30.1,0
1779285603200,96,UAS-01,352.2,18.99,21.40,2.41,12.27,29.9,0.870,1,1,48.4,0.16,29.18,29.9,0
1779285603233,97,UAS-02,364.1,19.09,21.49,2.41,12.78,30.2,0.899,1,1,46.0,0.12,29.40,23.5,1
1779285603267,98,GND-VEH-01,331.0,19.19,21.61,2.42,12.59,29.2,0.884,1,1,49.6,0.24,29.12,20.9,1
1779285603300,99,PERSON-01,371.7,19.24,21.60,2.35,11.97,29.0,0.198,0,0,46.0,0.00,29.56,29.9,0
1779285603333,100,UAS-01,563.6,18.95,21.15,2.20,12.45,27.8,0.873,1,1,46.0,0.04,29.50,30.0,0
1779285603367,101,UAS-02,402.4,18.97,21.24,2.27,11.74,29.0,0.215,0,0,47.7,0.00,29.23,30.1,0
1779285603400,102,GND-VEH-01,515.2,19.00,21.14,2.14,11.47,29.4,0.804,1,1,46.0,0.47,29.14,30.2,0
1779285603433,103,PERSON-01,477.2,18.81,20.63,1.82,10.58,29.6,0.702,1,1,46.0,0.52,29.21,30.0,0
1779285603467,104,UAS-01,468.5,18.91,20.98,2.06,12.19,28.7,0.848,1,1,46.0,0.33,29.35,30.0,0
1779285603500,105,UAS-02,539.4,19.04,21.08,2.04,11.62,30.6,0.229,0,0,46.1,0.00,29.62,30.1,0
1779285603533,106,GND-VEH-01,437.1,19.01,21.17,2.16,11.63,31.1,0.189,0,0,46.0,0.00,29.41,30.1,0
1779285603567,107,PERSON-01,315.7,19.00,21.47,2.48,13.01,29.7,0.926,1,1,46.1,0.17,29.62,30.0,0
1779285603600,108,UAS-01,464.1,18.98,21.15,2.17,11.37,28.8,0.774,1,1,46.4,0.33,29.21,30.0,0
1779285603633,109,UAS-02,401.6,18.79,21.00,2.22,11.74,30.7,0.790,1,1,47.0,0.16,29.56,29.9,0
1779285603667,110,GND-VEH-01,507.6,18.77,20.93,2.17,11.54,29.4,0.798,1,1,48.4,0.08,29.34,30.2,0
1779285603700,111,PERSON-01,561.8,18.92,21.20,2.28,11.88,30.3,0.829,1,1,47.6,0.70,29.59,20.7,1
1779285603733,112,UAS-01,590.0,19.04,20.97,1.94,12.20,29.4,0.842,1,1,46.0,0.38,29.08,30.0,0
1779285603767,113,UAS-02,767.5,19.08,21.07,1.99,12.14,28.3,0.845,1,1,46.5,0.56,29.45,30.0,0
1779285603800,114,GND-VEH-01,511.7,18.94,21.13,2.19,11.99,29.9,0.813,1,1,50.2,0.36,29.37,30.1,0
1779285603833,115,PERSON-01,400.0,19.01,21.01,2.00,11.58,30.3,0.782,1,1,46.7,1.41,29.21,30.1,0
1779285603867,116,UAS-01,639.5,18.83,21.02,2.19,12.01,29.9,0.824,1,1,46.7,0.78,29.63,30.1,0
1779285603900,117,UAS-02,780.1,19.26,20.97,1.70,11.07,28.6,0.766,1,1,46.0,0.14,29.48,30.0,0
1779285603933,118,GND-VEH-01,473.8,18.87,21.11,2.24,11.63,30.1,0.824,1,1,47.5,0.66,29.15,29.8,0
1779285603967,119,PERSON-01,730.0,19.15,21.24,2.09,10.92,28.9,0.718,1,1,47.8,1.05,29.06,30.0,0
1779285604000,120,UAS-01,400.4,19.12,21.11,1.99,10.97,30.3,0.173,0,0,50.4,0.00,29.81,30.0,0
1779285604033,121,UAS-02,575.3,19.31,21.61,2.30,11.95,29.3,0.834,1,1,46.0,0.19,29.19,30.1,0
1779285604067,122,GND-VEH-01,855.4,19.01,21.16,2.15,11.21,30.3,0.771,1,1,109.0,0.02,29.79,30.0,0
1779285604100,123,PERSON-01,467.2,19.04,21.00,1.96,11.51,29.0,0.787,1,1,48.6,0.36,29.34,19.1,1
1779285604133,124,UAS-01,370.4,19.04,21.38,2.34,12.21,30.8,0.830,1,1,46.8,0.53,29.05,30.0,0
1779285604167,125,UAS-02,442.4,18.91,20.70,1.79,11.11,28.2,0.248,0,0,46.1,0.00,29.20,30.2,0
1779285604200,126,GND-VEH-01,438.4,19.05,21.08,2.03,11.68,29.8,0.805,1,1,46.6,0.01,29.18,30.0,0
1779285604233,127,PERSON-01,370.1,19.04,21.26,2.22,11.47,30.7,0.781,1,1,146.9,0.28,29.44,29.9,0
1779285604267,128,UAS-01,807.0,18.84,20.56,1.72,11.79,29.6,0.199,0,0,46.0,0.00,29.38,30.1,0
1779285604300,129,UAS-02,710.1,19.24,21.35,2.11,12.08,29.9,0.833,1,1,46.0,0.05,29.47,22.3,1
1779285604333,130,GND-VEH-01,672.8,19.33,21.19,1.86,11.24,28.7,0.198,0,0,46.1,0.00,29.81,30.0,0
1779285604367,131,PERSON-01,381.7,19.32,21.38,2.06,10.98,31.2,0.190,0,0,46.0,0.00,29.34,30.0,0
1779285604400,132,UAS-01,310.6,19.18,21.35,2.16,11.70,29.9,0.820,1,1,46.9,0.06,29.79,30.0,0
1779285604433,133,UAS-02,420.5,18.92,20.94,2.02,11.28,30.7,0.760,1,1,47.6,1.02,29.82,30.2,0
1779285604467,134,GND-VEH-01,324.6,18.90,21.19,2.29,11.88,29.9,0.819,1,1,46.8,0.41,30.02,30.1,0
1779285604500,135,PERSON-01,592.4,18.89,21.01,2.12,11.57,29.2,0.812,1,1,46.7,0.78,29.61,30.1,0
1779285604533,136,UAS-01,536.6,19.09,21.01,1.92,11.17,29.7,0.190,0,0,48.2,0.00,29.61,30.0,0
1779285604567,137,UAS-02,806.4,18.87,20.98,2.11,11.52,29.8,0.793,1,1,48.6,0.86,29.78,30.1,0
1779285604600,138,GND-VEH-01,768.8,18.91,21.17,2.26,12.24,30.6,0.856,1,1,46.6,0.38,30.18,30.0,0
1779285604633,139,PERSON-01,404.6,19.10,21.47,2.37,12.78,29.4,0.914,1,1,46.0,0.40,29.45,30.1,0
1779285604667,140,UAS-01,437.8,19.17,21.36,2.19,12.74,29.1,0.918,1,1,46.5,0.36,29.67,30.1,0
1779285604700,141,UAS-02,611.1,18.84,21.28,2.44,11.70,29.6,0.788,1,1,48.9,0.27,30.02,30.1,0
1779285604733,142,GND-VEH-01,581.0,18.75,21.02,2.27,12.40,29.6,0.839,1,1,150.1,0.64,29.70,20.1,1
1779285604767,143,PERSON-01,525.1,19.08,21.01,1.93,11.09,30.3,0.740,1,1,46.0,0.02,29.39,29.9,0
1779285604800,144,UAS-01,723.6,18.96,20.93,1.97,11.22,29.1,0.784,1,1,46.0,0.73,29.33,29.9,0
1779285604833,145,UAS-02,316.7,19.18,21.33,2.15,12.15,30.9,0.844,1,1,46.0,0.08,29.82,29.9,0
1779285604867,146,GND-VEH-01,567.5,18.71,21.13,2.42,12.41,29.1,0.172,0,0,47.4,0.00,29.67,30.1,0
1779285604900,147,PERSON-01,400.3,18.89,21.30,2.41,12.11,29.7,0.861,1,1,46.6,0.32,29.86,30.0,0
1779285604933,148,UAS-01,626.9,19.12,21.44,2.32,12.08,29.4,0.846,1,1,46.8,0.48,29.88,30.1,0
1779285604967,149,UAS-02,398.3,18.81,21.38,2.57,13.50,29.0,0.977,1,1,49.4,0.18,30.03,30.1,0
1779285605000,150,GND-VEH-01,513.7,18.97,21.38,2.40,12.33,29.3,0.872,1,1,48.3,0.71,29.82,30.0,0
1779285605033,151,PERSON-01,674.4,19.14,21.11,1.97,12.33,30.1,0.866,1,1,46.0,0.41,30.07,30.0,0
1779285605067,152,UAS-01,367.7,18.86,20.97,2.12,12.17,29.6,0.172,0,0,46.0,0.00,29.38,30.1,0
1779285605100,153,UAS-02,873.3,19.10,21.00,1.90,11.08,28.7,0.761,1,1,46.9,0.45,30.21,30.1,0
1779285605133,154,GND-VEH-01,435.9,19.12,21.07,1.95,11.76,31.1,0.814,1,1,46.0,0.64,30.05,29.9,0
1779285605167,155,PERSON-01,413.4,18.80,20.78,1.97,11.70,30.0,0.212,0,0,46.0,0.00,29.98,30.2,0
1779285605200,156,UAS-01,844.2,18.86,21.20,2.34,12.22,30.3,0.861,1,1,49.4,0.34,29.86,30.0,0
1779285605233,157,UAS-02,356.4,18.66,20.66,2.00,11.64,29.6,0.198,0,0,47.8,0.00,30.22,30.0,0
1779285605267,158,GND-VEH-01,564.6,18.78,20.95,2.17,11.93,30.9,0.225,0,0,47.5,0.00,30.18,29.9,0
1779285605300,159,PERSON-01,303.3,19.03,21.38,2.34,12.60,30.6,0.922,1,1,49.2,0.38,30.26,30.1,0
1779285605333,160,UAS-01,545.3,19.24,21.50,2.25,12.97,29.7,0.904,1,1,46.0,0.28,29.88,30.0,0
1779285605367,161,UAS-02,390.6,18.91,21.26,2.35,11.49,29.4,0.798,1,1,46.2,0.26,30.23,30.1,0
1779285605400,162,GND-VEH-01,460.8,18.90,21.22,2.32,12.50,29.8,0.873,1,1,46.0,0.12,29.58,21.8,1
1779285605433,163,PERSON-01,471.0,19.10,21.28,2.18,12.25,31.0,0.860,1,1,47.0,0.56,30.31,29.9,0
1779285605467,164,UAS-01,300.3,19.05,21.38,2.33,12.77,29.9,0.899,1,1,46.0,0.04,29.98,30.1,0
1779285605500,165,UAS-02,400.9,19.19,21.32,2.13,10.90,29.9,0.753,1,1,46.0,0.12,29.71,29.9,0
1779285605533,166,GND-VEH-01,687.3,19.02,21.18,2.16,11.83,29.3,0.829,1,1,46.0,0.32,29.99,30.0,0
1779285605567,167,PERSON-01,332.3,19.14,21.64,2.51,12.47,31.1,0.257,0,0,46.0,0.00,30.03,30.1,0
1779285605600,168,UAS-01,1015.0,19.12,20.70,1.58,10.44,29.8,0.247,0,0,46.0,0.00,29.83,30.0,0
1779285605633,169,UAS-02,448.0,18.89,21.18,2.30,11.98,29.8,0.832,1,1,46.5,0.82,30.12,29.9,0
1779285605667,170,GND-VEH-01,519.8,18.69,20.93,2.24,11.53,29.0,0.810,1,1,47.0,0.46,30.22,30.1,0
1779285605700,171,PERSON-01,430.0,19.09,21.17,2.09,12.25,29.0,0.852,1,1,141.1,0.38,29.76,30.1,0
1779285605733,172,UAS-01,515.2,19.08,21.20,2.12,11.46,30.9,0.779,1,1,46.7,0.40,29.78,29.9,0
1779285605767,173,UAS-02,612.3,18.86,21.09,2.23,12.39,28.5,0.859,1,1,46.3,0.06,30.49,30.1,0
1779285605800,174,GND-VEH-01,775.1,19.00,20.81,1.82,10.88,29.8,0.743,1,1,46.0,0.30,29.80,30.0,0
1779285605833,175,PERSON-01,674.8,18.94,21.19,2.25,11.93,30.8,0.211,0,0,46.0,0.00,30.02,30.0,0
1779285605867,176,UAS-01,567.8,18.67,20.71,2.04,11.59,29.3,0.165,0,0,46.0,0.00,30.22,30.2,0
1779285605900,177,UAS-02,360.9,19.09,21.21,2.12,11.24,30.7,0.216,0,0,46.0,0.00,30.30,29.9,0
1779285605933,178,GND-VEH-01,559.6,19.17,21.38,2.21,11.96,30.7,0.832,1,1,46.0,0.48,30.14,29.8,0
1779285605967,179,PERSON-01,827.0,18.91,20.78,1.87,11.02,30.1,0.220,0,0,46.8,0.00,29.88,30.2,0
1779285606000,180,UAS-01,485.6,19.09,21.00,1.91,10.70,31.7,0.699,1,1,46.0,0.38,30.24,19.1,1
1779285606033,181,UAS-02,437.9,19.17,21.54,2.37,11.64,30.8,0.795,1,1,46.3,1.31,30.55,29.8,0
1779285606067,182,GND-VEH-01,523.4,19.04,20.75,1.71,11.28,31.2,0.773,1,1,46.0,0.27,30.24,30.0,0
1779285606100,183,PERSON-01,680.6,19.07,21.17,2.10,11.11,30.9,0.781,1,1,50.4,0.60,30.43,30.1,0
1779285606133,184,UAS-01,370.6,18.90,21.21,2.31,11.84,30.1,0.806,1,1,46.0,0.36,30.36,30.0,0
1779285606167,185,UAS-02,461.1,18.90,21.02,2.12,11.98,30.8,0.166,0,0,47.1,0.00,30.20,29.9,0
1779285606200,186,GND-VEH-01,395.9,18.80,21.20,2.40,12.92,30.3,0.904,1,1,47.4,0.46,30.54,30.0,0
1779285606233,187,PERSON-01,342.7,19.10,21.15,2.05,12.01,28.6,0.829,1,1,46.3,0.59,30.14,30.0,0
1779285606267,188,UAS-01,714.6,19.10,21.48,2.38,12.14,30.2,0.852,1,1,46.0,0.61,30.39,30.1,0
1779285606300,189,UAS-02,322.3,19.18,21.61,2.43,12.32,29.9,0.181,0,0,47.4,0.00,30.10,29.9,0
1779285606333,190,GND-VEH-01,598.0,19.07,20.88,1.81,11.03,29.7,0.753,1,1,49.4,0.18,30.36,30.1,0
1779285606367,191,PERSON-01,915.6,18.96,20.94,1.97,11.73,30.9,0.817,1,1,46.3,0.20,30.22,30.0,0
1779285606400,192,UAS-01,585.7,18.75,21.05,2.31,12.13,29.6,0.842,1,1,46.0,0.36,30.49,29.8,0
1779285606433,193,UAS-02,351.0,19.22,21.43,2.21,11.77,29.4,0.828,1,1,46.4,0.70,30.62,29.9,0
1779285606467,194,GND-VEH-01,788.7,18.72,20.84,2.12,11.86,31.3,0.227,0,0,46.0,0.00,30.49,29.9,0
1779285606500,195,PERSON-01,361.4,19.03,21.22,2.19,12.75,28.6,0.901,1,1,47.5,0.37,30.37,30.1,0
1779285606533,196,UAS-01,328.7,18.98,21.21,2.23,11.73,31.2,0.214,0,0,46.4,0.00,30.55,30.0,0
1779285606567,197,UAS-02,536.0,19.04,21.15,2.11,12.39,29.0,0.869,1,1,46.0,0.47,30.68,30.0,0
1779285606600,198,GND-VEH-01,350.7,18.84,20.99,2.15,11.15,30.9,0.207,0,0,46.0,0.00,30.26,30.2,0
1779285606633,199,PERSON-01,701.7,19.06,21.05,1.99,11.64,28.6,0.819,1,1,46.0,0.13,30.24,30.1,0
1779285606667,200,UAS-01,771.8,18.91,20.98,2.07,11.20,30.4,0.767,1,1,46.0,0.24,30.88,29.9,0
1779285606700,201,UAS-02,385.5,18.97,20.91,1.94,11.59,29.0,0.812,1,1,47.4,0.18,30.12,30.0,0
1779285606733,202,GND-VEH-01,657.0,19.37,21.48,2.11,11.42,30.4,0.165,0,0,46.0,0.00,30.42,30.0,0
1779285606767,203,PERSON-01,836.7,18.74,20.96,2.22,12.45,28.5,0.896,1,1,46.0,0.21,30.51,29.9,0
1779285606800,204,UAS-01,447.8,18.98,21.12,2.15,11.67,30.5,0.805,1,1,46.0,0.85,30.17,29.9,0
1779285606833,205,UAS-02,566.6,19.03,21.07,2.04,10.90,30.7,0.775,1,1,46.0,0.14,30.53,30.0,0
1779285606867,206,GND-VEH-01,637.5,19.01,21.13,2.12,11.97,30.7,0.818,1,1,48.9,0.01,30.05,30.1,0
1779285606900,207,PERSON-01,336.6,18.88,20.72,1.84,12.01,30.2,0.217,0,0,46.0,0.00,30.11,30.1,0
1779285606933,208,UAS-01,470.6,19.20,21.57,2.37,12.17,28.1,0.241,0,0,46.8,0.00,30.68,30.0,0
1779285606967,209,UAS-02,874.9,18.98,21.27,2.29,11.75,31.6,0.811,1,1,47.1,0.40,30.79,30.1,0
1779285607000,210,GND-VEH-01,386.2,19.07,21.23,2.16,11.05,29.7,0.745,1,1,46.4,0.52,30.83,30.0,0
1779285607033,211,PERSON-01,542.7,18.83,21.06,2.23,12.35,28.2,0.831,1,1,48.3,0.20,30.56,30.0,0
1779285607067,212,UAS-01,557.7,18.99,21.13,2.15,10.99,30.4,0.733,1,1,46.0,0.17,30.98,30.1,0
1779285607100,213,UAS-02,626.5,19.03,21.22,2.19,12.58,28.5,0.897,1,1,46.0,0.18,30.69,30.1,0
1779285607133,214,GND-VEH-01,479.2,19.00,21.12,2.13,11.54,28.9,0.765,1,1,46.0,0.01,30.62,30.0,0
1779285607167,215,PERSON-01,476.2,18.93,21.06,2.13,12.00,29.2,0.826,1,1,46.5,1.15,30.42,30.2,0
1779285607200,216,UAS-01,433.7,19.06,21.11,2.05,11.86,29.4,0.821,1,1,46.0,0.31,30.24,29.9,0
1779285607233,217,UAS-02,503.1,18.76,21.27,2.50,11.81,31.5,0.205,0,0,46.0,0.00,30.43,29.8,0
1779285607267,218,GND-VEH-01,412.2,18.87,21.08,2.21,11.64,30.7,0.813,1,1,46.0,0.98,30.44,30.1,0
1779285607300,219,PERSON-01,711.0,19.08,21.01,1.93,11.50,28.8,0.792,1,1,47.0,0.37,30.45,30.0,0
1779285607333,220,UAS-01,526.0,18.85,20.98,2.13,11.48,29.6,0.187,0,0,46.0,0.00,30.80,30.0,0
1779285607367,221,UAS-02,537.6,19.21,21.31,2.11,12.04,29.5,0.837,1,1,46.5,0.48,31.00,30.0,0
1779285607400,222,GND-VEH-01,459.9,19.03,21.22,2.19,11.48,29.7,0.216,0,0,46.0,0.00,31.31,30.0,0
1779285607433,223,PERSON-01,317.9,19.08,21.17,2.08,11.68,29.9,0.792,1,1,46.5,0.85,30.82,30.1,0
1779285607467,224,UAS-01,440.2,18.89,21.13,2.24,12.05,28.6,0.177,0,0,46.0,0.00,30.33,30.0,0
1779285607500,225,UAS-02,445.0,19.08,21.50,2.42,12.22,30.4,0.865,1,1,46.0,0.21,30.48,30.1,0
1779285607533,226,GND-VEH-01,663.4,18.93,20.85,1.92,12.11,30.0,0.836,1,1,46.0,0.21,31.04,30.1,0
1779285607567,227,PERSON-01,655.1,18.77,20.92,2.15,12.33,30.5,0.198,0,0,46.0,0.00,30.62,29.9,0
1779285607600,228,UAS-01,474.1,18.90,21.28,2.38,13.10,28.6,0.913,1,1,46.0,0.70,30.93,30.1,0
1779285607633,229,UAS-02,439.2,18.98,20.99,2.00,12.23,29.9,0.144,0,0,46.0,0.00,30.91,29.9,0
1779285607667,230,GND-VEH-01,544.3,19.11,21.27,2.16,11.34,30.7,0.771,1,1,46.7,1.01,30.58,30.0,0
1779285607700,231,PERSON-01,593.5,19.11,21.30,2.19,11.83,30.6,0.831,1,1,46.7,0.41,31.06,30.1,0
1779285607733,232,UAS-01,390.8,18.93,21.40,2.47,12.61,30.6,0.871,1,1,46.0,0.08,30.80,30.1,0
1779285607767,233,UAS-02,359.9,18.99,21.09,2.10,11.83,29.8,0.823,1,1,47.5,0.32,30.84,30.1,0
1779285607800,234,GND-VEH-01,427.1,19.24,21.50,2.26,12.48,29.3,0.210,0,0,48.3,0.00,30.62,29.9,0
1779285607833,235,PERSON-01,349.0,18.97,20.84,1.87,11.27,29.9,0.204,0,0,46.0,0.00,30.55,30.0,0
1779285607867,236,UAS-01,558.5,19.05,21.22,2.18,11.71,30.0,0.802,1,1,46.0,0.04,30.65,29.8,0
1779285607900,237,UAS-02,556.3,18.80,21.06,2.26,12.00,29.5,0.818,1,1,46.0,0.19,31.06,29.9,0
1779285607933,238,GND-VEH-01,632.0,18.89,20.84,1.95,11.23,31.5,0.770,1,1,47.0,0.16,31.22,30.0,0
1779285607967,239,PERSON-01,324.2,18.73,20.92,2.18,12.08,29.4,0.845,1,1,143.2,0.13,30.46,30.1,0
1779285608000,240,UAS-01,303.5,19.05,21.33,2.28,12.32,31.2,0.859,1,1,46.1,0.54,30.89,29.9,0
1779285608033,241,UAS-02,640.4,18.94,21.12,2.18,11.99,29.4,0.847,1,1,46.0,0.82,30.84,30.1,0
1779285608067,242,GND-VEH-01,715.8,19.22,21.19,1.97,11.32,30.0,0.786,1,1,46.0,1.06,30.91,19.4,1
1779285608100,243,PERSON-01,492.5,18.90,20.75,1.85,11.57,31.0,0.812,1,1,47.3,0.17,31.02,30.0,0
1779285608133,244,UAS-01,452.4,19.02,20.92,1.89,11.47,30.0,0.766,1,1,48.5,0.52,30.90,30.2,0
1779285608167,245,UAS-02,602.6,19.10,21.27,2.18,11.69,28.2,0.222,0,0,46.0,0.00,30.76,29.9,0
1779285608200,246,GND-VEH-01,627.4,19.17,20.99,1.81,11.10,30.4,0.761,1,1,46.0,0.65,30.70,30.0,0
1779285608233,247,PERSON-01,312.6,19.18,21.30,2.12,11.86,29.4,0.825,1,1,46.0,0.32,30.45,29.9,0
1779285608267,248,UAS-01,354.4,18.84,20.87,2.03,10.92,30.5,0.761,1,1,46.0,0.93,30.77,30.1,0
1779285608300,249,UAS-02,836.4,19.05,20.77,1.72,11.47,31.4,0.193,0,0,46.0,0.00,31.20,30.0,0
1779285608333,250,GND-VEH-01,398.2,18.67,21.07,2.40,11.77,30.3,0.798,1,1,46.0,0.35,30.93,30.0,0
1779285608367,251,PERSON-01,789.6,18.94,21.10,2.16,11.93,29.5,0.862,1,1,46.0,0.51,31.12,29.9,0
1779285608400,252,UAS-01,418.0,19.15,21.06,1.91,11.90,30.6,0.835,1,1,46.9,0.42,30.99,30.0,0
1779285608433,253,UAS-02,722.0,19.03,21.15,2.12,11.73,29.4,0.241,0,0,46.0,0.00,31.22,30.2,0
1779285608467,254,GND-VEH-01,391.2,19.18,21.57,2.39,12.06,29.2,0.822,1,1,48.5,0.58,31.37,29.9,0
1779285608500,255,PERSON-01,620.3,18.81,21.02,2.21,11.89,31.6,0.819,1,1,48.9,0.16,31.23,30.0,0
1779285608533,256,UAS-01,621.9,18.91,21.20,2.29,11.76,30.8,0.230,0,0,47.0,0.00,30.83,30.1,0
1779285608567,257,UAS-02,433.6,18.84,21.07,2.23,11.91,30.8,0.209,0,0,46.0,0.00,30.98,29.9,0
1779285608600,258,GND-VEH-01,339.0,18.85,20.84,1.98,11.90,31.7,0.816,1,1,46.0,0.68,30.82,29.9,0
1779285608633,259,PERSON-01,404.2,19.18,21.41,2.24,11.82,30.1,0.821,1,1,46.0,0.69,31.09,29.8,0
1779285608667,260,UAS-01,456.8,18.92,21.07,2.14,11.63,29.1,0.789,1,1,48.1,0.14,31.01,23.4,1
1779285608700,261,UAS-02,324.1,19.15,21.19,2.04,11.30,29.3,0.774,1,1,46.0,0.12,31.37,30.1,0
1779285608733,262,GND-VEH-01,640.2,18.95,21.30,2.35,12.29,30.5,0.181,0,0,46.1,0.00,31.03,30.1,0
1779285608767,263,PERSON-01,529.0,18.97,20.91,1.94,11.22,30.1,0.746,1,1,49.0,0.97,31.30,29.9,0
1779285608800,264,UAS-01,395.1,19.01,20.90,1.89,11.53,29.9,0.805,1,1,46.0,0.28,31.05,29.8,0
1779285608833,265,UAS-02,467.5,18.71,20.99,2.27,11.83,31.7,0.200,0,0,47.0,0.00,31.28,30.2,0
1779285608867,266,GND-VEH-01,596.9,19.07,21.51,2.44,12.45,28.7,0.892,1,1,46.0,0.94,31.33,29.9,0
1779285608900,267,PERSON-01,600.3,19.08,21.31,2.23,12.18,29.9,0.854,1,1,46.0,0.47,31.17,29.9,0
1779285608933,268,UAS-01,626.0,18.90,20.72,1.81,11.48,30.4,0.780,1,1,46.0,0.04,31.26,30.1,0
1779285608967,269,UAS-02,394.6,18.93,21.06,2.12,11.97,30.5,0.825,1,1,46.3,0.37,30.74,30.0,0
1779285609000,270,GND-VEH-01,654.8,18.85,20.77,1.93,11.62,30.7,0.805,1,1,46.0,0.35,31.53,30.0,0
1779285609033,271,PERSON-01,622.9,18.85,21.15,2.30,12.00,29.6,0.824,1,1,46.0,0.41,31.20,30.0,0
1779285609067,272,UAS-01,408.3,18.97,21.15,2.18,11.88,29.1,0.203,0,0,48.4,0.00,31.21,30.0,0
1779285609100,273,UAS-02,567.0,19.14,21.02,1.87,11.25,30.3,0.751,1,1,46.6,0.44,31.25,30.0,0
1779285609133,274,GND-VEH-01,355.3,18.92,21.07,2.15,11.06,30.1,0.753,1,1,47.0,0.07,31.53,29.8,0
1779285609167,275,PERSON-01,685.5,18.94,20.97,2.03,11.55,29.9,0.786,1,1,46.0,0.08,31.53,29.9,0
1779285609200,276,UAS-01,732.9,18.67,20.36,1.69,11.84,31.1,0.779,1,1,46.0,0.74,31.32,29.9,0
1779285609233,277,UAS-02,321.4,18.85,20.83,1.98,11.63,31.5,0.793,1,1,46.0,0.48,31.81,30.1,0
1779285609267,278,GND-VEH-01,539.5,18.85,20.74,1.89,12.32,28.7,0.207,0,0,47.1,0.00,31.27,29.9,0
1779285609300,279,PERSON-01,614.7,18.97,20.94,1.98,12.08,29.9,0.834,1,1,46.7,1.04,31.20,30.1,0
1779285609333,280,UAS-01,501.6,19.01,20.85,1.84,10.94,30.7,0.220,0,0,46.0,0.00,31.70,22.2,1
1779285609367,281,UAS-02,516.1,18.90,21.13,2.23,12.43,28.1,0.882,1,1,46.0,0.57,31.37,30.2,0
1779285609400,282,GND-VEH-01,333.3,19.10,21.14,2.04,11.92,29.5,0.827,1,1,46.0,0.12,31.56,21.5,1
1779285609433,283,PERSON-01,386.4,19.09,21.20,2.11,10.69,30.0,0.734,1,1,46.0,0.31,31.25,29.9,0
1779285609467,284,UAS-01,514.8,18.78,21.03,2.25,11.37,31.7,0.191,0,0,151.1,0.00,31.16,30.0,0
1779285609500,285,UAS-02,329.9,18.66,20.83,2.17,11.77,31.1,0.210,0,0,50.2,0.00,31.81,30.0,0
1779285609533,286,GND-VEH-01,528.9,19.20,21.16,1.97,10.90,29.9,0.220,0,0,48.7,0.00,31.89,30.0,0
1779285609567,287,PERSON-01,516.4,18.98,21.15,2.18,11.68,29.4,0.264,0,0,46.0,0.00,31.49,29.9,0
1779285609600,288,UAS-01,368.2,18.99,20.94,1.95,10.71,30.5,0.714,1,1,46.0,0.32,31.58,30.1,0
1779285609633,289,UAS-02,343.8,18.93,21.05,2.13,10.90,30.5,0.754,1,1,46.0,0.30,31.39,29.9,0
1779285609667,290,GND-VEH-01,545.9,18.83,21.08,2.24,11.98,30.7,0.854,1,1,175.3,0.13,31.53,30.0,0
1779285609700,291,PERSON-01,605.7,18.69,20.72,2.02,11.37,30.9,0.764,1,1,47.5,0.28,31.61,29.9,0
1779285609733,292,UAS-01,688.5,18.85,21.01,2.16,11.92,29.1,0.829,1,1,46.6,0.98,31.86,30.1,0
1779285609767,293,UAS-02,377.0,19.12,21.23,2.11,11.72,30.9,0.214,0,0,46.0,0.00,31.46,30.1,0
1779285609800,294,GND-VEH-01,494.2,18.92,21.13,2.21,12.38,29.4,0.851,1,1,46.0,0.78,31.62,30.1,0
1779285609833,295,PERSON-01,455.5,18.88,20.92,2.03,11.28,30.1,0.771,1,1,47.7,0.69,31.83,30.1,0
1779285609867,296,UAS-01,575.8,19.05,21.46,2.41,12.53,30.8,0.857,1,1,46.4,0.14,31.52,30.1,0
1779285609900,297,UAS-02,443.8,19.06,21.13,2.07,12.32,29.4,0.847,1,1,47.7,0.10,31.37,29.9,0
1779285609933,298,GND-VEH-01,505.6,18.90,21.09,2.19,11.69,29.8,0.794,1,1,48.7,0.67,31.71,29.9,0
1779285609967,299,PERSON-01,638.5,18.85,21.21,2.36,12.70,28.6,0.187,0,0,48.5,0.00,31.52,30.0,0
1779285610000,300,UAS-01,330.4,19.17,21.33,2.16,12.42,28.7,0.859,1,1,46.0,0.23,31.50,29.9,0
1779285610033,301,UAS-02,361.3,18.97,21.15,2.18,11.88,30.1,0.811,1,1,49.0,0.30,31.53,30.0,0
1779285610067,302,GND-VEH-01,349.4,18.92,21.30,2.38,12.10,31.2,0.178,0,0,46.0,0.00,31.94,29.9,0
1779285610100,303,PERSON-01,499.4,18.68,20.67,1.99,11.82,28.7,0.233,0,0,47.6,0.00,32.02,29.9,0
1779285610133,304,UAS-01,448.5,18.90,20.92,2.02,11.78,29.0,0.823,1,1,46.0,0.52,31.78,30.0,0
1779285610167,305,UAS-02,542.2,19.09,20.98,1.89,11.44,30.0,0.805,1,1,46.7,0.09,31.47,30.1,0
1779285610200,306,GND-VEH-01,426.6,18.78,21.26,2.47,11.84,30.4,0.799,1,1,47.1,0.03,31.93,29.9,0
1779285610233,307,PERSON-01,696.2,18.97,21.21,2.24,11.58,29.6,0.794,1,1,46.0,0.51,31.74,30.0,0
1779285610267,308,UAS-01,332.8,18.68,20.78,2.10,11.77,30.8,0.825,1,1,46.7,0.03,31.83,30.1,0
1779285610300,309,UAS-02,341.2,19.38,21.41,2.02,11.46,28.5,0.816,1,1,47.2,0.44,31.41,30.0,0
1779285610333,310,GND-VEH-01,327.9,19.19,21.40,2.21,12.07,28.8,0.852,1,1,46.0,0.46,31.76,29.8,0
1779285610367,311,PERSON-01,369.9,18.81,20.88,2.07,12.27,30.3,0.868,1,1,46.0,0.90,31.60,30.2,0
1779285610400,312,UAS-01,532.8,19.08,21.01,1.93,11.36,29.1,0.241,0,0,46.5,0.00,31.53,29.9,0
1779285610433,313,UAS-02,500.9,19.08,21.10,2.03,11.73,29.6,0.808,1,1,46.0,0.20,31.92,30.0,0
1779285610467,314,GND-VEH-01,432.3,19.06,21.32,2.26,11.72,31.8,0.775,1,1,46.0,0.65,32.24,30.1,0
1779285610500,315,PERSON-01,425.1,18.94,20.85,1.91,11.31,30.2,0.201,0,0,47.0,0.00,31.83,29.9,0
1779285610533,316,UAS-01,563.2,18.91,21.22,2.31,12.08,29.9,0.833,1,1,46.0,0.32,32.06,30.1,0
1779285610567,317,UAS-02,306.5,19.03,21.31,2.28,12.36,30.0,0.847,1,1,46.0,0.87,32.33,30.1,0
1779285610600,318,GND-VEH-01,491.7,19.01,21.24,2.23,12.14,29.1,0.247,0,0,46.0,0.00,31.49,30.0,0
1779285610633,319,PERSON-01,380.9,18.83,21.20,2.37,12.12,30.2,0.853,1,1,48.0,0.89,32.47,29.9,0
1779285610667,320,UAS-01,630.6,18.88,21.18,2.30,12.02,30.4,0.846,1,1,46.0,0.29,31.79,29.9,0
1779285610700,321,UAS-02,664.5,19.01,20.98,1.97,11.73,29.4,0.806,1,1,49.5,0.27,32.34,30.2,0
1779285610733,322,GND-VEH-01,519.1,18.82,21.22,2.40,12.45,29.7,0.876,1,1,50.2,0.49,31.90,30.0,0
1779285610767,323,PERSON-01,330.2,18.82,20.95,2.14,11.93,29.7,0.821,1,1,48.2,1.22,32.02,30.1,0
1779285610800,324,UAS-01,305.8,19.19,21.59,2.40,12.90,29.1,0.888,1,1,46.0,0.15,32.27,30.0,0
1779285610833,325,UAS-02,380.9,18.83,21.22,2.39,12.71,29.7,0.898,1,1,49.1,0.17,32.42,30.1,0
1779285610867,326,GND-VEH-01,479.1,18.98,21.01,2.04,11.81,29.6,0.245,0,0,48.0,0.00,31.85,30.1,0
1779285610900,327,PERSON-01,581.5,18.99,21.18,2.19,11.61,29.6,0.796,1,1,47.2,0.24,31.63,29.9,0
1779285610933,328,UAS-01,616.9,18.98,21.25,2.28,12.12,30.7,0.873,1,1,46.0,0.71,32.31,30.0,0
1779285610967,329,UAS-02,808.3,18.84,20.53,1.69,11.35,29.7,0.223,0,0,46.0,0.00,32.03,30.0,0
1779285611000,330,GND-VEH-01,460.4,19.22,21.56,2.34,11.95,28.9,0.817,1,1,47.2,0.10,32.32,30.0,0
1779285611033,331,PERSON-01,782.6,18.91,20.81,1.91,11.66,29.3,0.795,1,1,46.0,0.62,32.07,30.1,0
1779285611067,332,UAS-01,330.2,19.08,21.16,2.09,11.87,30.1,0.800,1,1,47.1,1.29,32.03,30.0,0
1779285611100,333,UAS-02,476.0,19.01,21.26,2.24,12.33,30.4,0.867,1,1,47.3,0.05,32.20,30.0,0
1779285611133,334,GND-VEH-01,379.7,19.10,21.29,2.19,11.01,30.1,0.740,1,1,46.1,0.08,32.27,30.2,0
1779285611167,335,PERSON-01,412.9,18.83,21.06,2.24,11.80,29.8,0.222,0,0,46.0,0.00,32.21,29.9,0
1779285611200,336,UAS-01,676.7,19.08,20.84,1.75,10.79,28.3,0.696,1,1,47.6,0.42,32.03,23.4,1
1779285611233,337,UAS-02,621.5,18.95,20.91,1.96,11.25,29.9,0.249,0,0,48.9,0.00,31.87,30.0,0
1779285611267,338,GND-VEH-01,746.8,18.79,20.77,1.98,11.34,28.8,0.784,1,1,49.9,0.01,32.28,30.2,0
1779285611300,339,PERSON-01,490.6,19.16,21.53,2.36,11.96,28.8,0.823,1,1,46.0,0.14,32.07,30.1,0
1779285611333,340,UAS-01,422.1,19.08,21.38,2.30,11.83,30.1,0.815,1,1,46.0,0.57,32.48,29.8,0
1779285611367,341,UAS-02,379.5,19.02,21.19,2.17,11.19,28.6,0.785,1,1,49.5,0.33,32.08,29.9,0
1779285611400,342,GND-VEH-01,361.2,18.89,21.37,2.48,12.83,28.3,0.889,1,1,46.0,0.34,31.98,29.9,0
1779285611433,343,PERSON-01,473.1,19.06,21.22,2.16,12.20,30.1,0.844,1,1,46.7,0.07,31.97,30.0,0
1779285611467,344,UAS-01,344.0,18.99,21.38,2.38,12.15,30.2,0.846,1,1,46.0,0.46,31.87,29.9,0
1779285611500,345,UAS-02,652.4,18.97,20.98,2.01,11.89,30.2,0.851,1,1,47.1,0.77,32.25,30.0,0
1779285611533,346,GND-VEH-01,421.1,19.14,21.37,2.23,11.72,29.4,0.166,0,0,46.0,0.00,32.59,30.1,0
1779285611567,347,PERSON-01,396.0,18.85,20.84,1.98,11.34,30.1,0.760,1,1,46.0,0.56,32.24,30.0,0
1779285611600,348,UAS-01,448.0,18.95,21.15,2.19,12.38,29.2,0.868,1,1,47.0,1.09,32.77,30.1,0
1779285611633,349,UAS-02,384.9,18.86,21.04,2.19,11.92,29.6,0.179,0,0,46.0,0.00,32.48,30.0,0
1779285611667,350,GND-VEH-01,630.1,19.09,21.00,1.91,12.23,28.9,0.234,0,0,47.4,0.00,32.04,29.9,0
1779285611700,351,PERSON-01,372.4,18.93,21.14,2.21,12.01,29.9,0.857,1,1,126.9,0.12,32.61,29.8,0
1779285611733,352,UAS-01,438.4,19.00,21.22,2.22,11.10,30.4,0.750,1,1,46.2,0.04,32.06,30.0,0
1779285611767,353,UAS-02,564.2,18.87,20.94,2.07,11.83,29.9,0.816,1,1,49.5,0.28,32.35,30.0,0
1779285611800,354,GND-VEH-01,610.9,18.94,20.83,1.89,11.84,29.9,0.806,1,1,46.0,0.13,32.38,29.9,0
1779285611833,355,PERSON-01,429.1,19.21,21.38,2.17,11.58,28.4,0.793,1,1,46.8,0.13,32.42,29.9,0
1779285611867,356,UAS-01,603.8,19.07,21.28,2.21,11.53,31.9,0.213,0,0,46.7,0.00,32.07,29.9,0
1779285611900,357,UAS-02,597.1,19.02,21.10,2.07,12.91,28.2,0.900,1,1,47.6,0.36,32.31,30.0,0
1779285611933,358,GND-VEH-01,381.1,18.76,20.83,2.07,12.24,30.4,0.861,1,1,46.0,0.54,32.63,29.9,0
1779285611967,359,PERSON-01,345.8,18.88,20.88,2.00,11.31,29.7,0.784,1,1,48.9,0.52,32.63,30.1,0
1779285612000,360,UAS-01,431.9,18.89,21.12,2.23,12.22,31.4,0.234,0,0,46.0,0.00,32.40,30.1,0
1779285612033,361,UAS-02,669.9,19.01,20.99,1.98,11.86,30.3,0.822,1,1,46.0,0.09,32.35,30.1,0
1779285612067,362,GND-VEH-01,820.1,18.98,20.96,1.99,11.65,29.7,0.795,1,1,46.0,0.17,32.50,30.0,0
1779285612100,363,PERSON-01,386.1,19.39,21.57,2.18,12.01,28.1,0.210,0,0,46.0,0.00,32.75,29.9,0
1779285612133,364,UAS-01,443.2,19.00,21.22,2.22,12.10,27.7,0.839,1,1,46.0,1.06,32.51,29.9,0
1779285612167,365,UAS-02,548.7,18.95,21.13,2.18,11.48,31.1,0.216,0,0,46.0,0.00,32.10,30.0,0
1779285612200,366,GND-VEH-01,814.0,19.29,21.33,2.03,11.41,29.4,0.198,0,0,46.0,0.00,32.04,30.0,0
1779285612233,367,PERSON-01,321.2,19.16,21.79,2.63,12.25,31.3,0.852,1,1,137.4,0.19,32.98,30.1,0
1779285612267,368,UAS-01,570.9,19.02,21.32,2.30,11.36,31.0,0.222,0,0,49.0,0.00,32.65,29.9,0
1779285612300,369,UAS-02,665.8,19.07,21.30,2.23,11.77,29.9,0.808,1,1,48.5,0.75,32.50,30.0,0
1779285612333,370,GND-VEH-01,625.0,18.90,21.12,2.22,11.76,30.9,0.819,1,1,46.0,0.60,32.84,29.9,0
1779285612367,371,PERSON-01,684.7,19.24,21.16,1.92,10.88,30.8,0.748,1,1,46.0,0.47,32.29,29.8,0
1779285612400,372,UAS-01,450.5,19.24,21.66,2.42,11.73,30.9,0.820,1,1,47.5,0.95,32.90,30.0,0
1779285612433,373,UAS-02,440.5,18.75,20.49,1.73,10.72,29.5,0.195,0,0,46.1,0.00,32.30,30.0,0
1779285612467,374,GND-VEH-01,339.9,19.19,21.33,2.13,11.33,31.3,0.244,0,0,46.0,0.00,32.76,30.1,0
1779285612500,375,PERSON-01,314.6,19.18,21.63,2.44,12.32,29.7,0.871,1,1,46.0,0.16,32.41,30.1,0
1779285612533,376,UAS-01,666.1,18.89,21.02,2.13,11.40,30.3,0.781,1,1,46.0,0.71,32.90,30.1,0
1779285612567,377,UAS-02,589.5,18.87,20.91,2.03,11.49,29.5,0.187,0,0,48.2,0.00,32.69,30.0,0
1779285612600,378,GND-VEH-01,550.0,18.79,21.24,2.45,11.39,31.1,0.776,1,1,46.0,0.14,32.46,30.1,0
1779285612633,379,PERSON-01,338.7,18.79,20.85,2.07,11.56,32.2,0.786,1,1,46.3,0.13,32.66,30.1,0
1779285612667,380,UAS-01,375.8,19.02,21.36,2.34,11.50,31.3,0.821,1,1,47.4,0.62,32.43,30.0,0
1779285612700,381,UAS-02,585.6,19.23,21.52,2.28,12.24,29.4,0.845,1,1,49.4,0.44,32.80,30.0,0
1779285612733,382,GND-VEH-01,501.7,19.07,21.11,2.04,11.57,29.0,0.814,1,1,46.0,1.06,32.67,19.5,1
1779285612767,383,PERSON-01,673.9,18.87,20.99,2.12,11.83,31.7,0.838,1,1,46.0,0.49,32.92,30.0,0
1779285612800,384,UAS-01,331.1,18.99,21.01,2.02,11.95,29.9,0.191,0,0,46.0,0.00,32.72,30.0,0
1779285612833,385,UAS-02,526.0,18.82,20.84,2.02,11.08,29.6,0.175,0,0,47.0,0.00,32.73,30.1,0
1779285612867,386,GND-VEH-01,320.5,19.03,21.44,2.40,12.14,28.8,0.857,1,1,46.0,0.35,32.71,29.8,0
1779285612900,387,PERSON-01,771.6,19.06,21.06,2.00,11.88,30.8,0.827,1,1,46.0,0.02,33.13,30.0,0
1779285612933,388,UAS-01,357.3,18.93,21.01,2.08,11.19,30.9,0.171,0,0,46.0,0.00,32.22,30.0,0
1779285612967,389,UAS-02,429.7,18.98,21.30,2.32,12.89,29.6,0.908,1,1,46.3,0.18,32.59,20.0,1
1779285613000,390,GND-VEH-01,418.8,18.92,21.23,2.32,11.58,30.1,0.801,1,1,46.0,0.55,33.06,30.1,0
1779285613033,391,PERSON-01,666.0,19.11,21.14,2.03,11.51,29.6,0.795,1,1,46.0,0.12,32.87,30.0,0
1779285613067,392,UAS-01,601.9,19.10,21.03,1.93,11.45,30.7,0.199,0,0,46.0,0.00,32.99,30.1,0
1779285613100,393,UAS-02,304.5,18.84,21.22,2.38,12.17,30.7,0.829,1,1,47.5,0.61,32.86,30.1,0
1779285613133,394,GND-VEH-01,395.4,18.85,20.86,2.01,11.39,29.7,0.771,1,1,50.5,0.00,32.83,30.1,0
1779285613167,395,PERSON-01,475.5,19.12,21.47,2.35,12.58,30.8,0.907,1,1,46.2,0.04,32.94,30.1,0
1779285613200,396,UAS-01,364.3,19.25,21.57,2.32,11.27,31.7,0.766,1,1,46.0,0.67,32.41,30.0,0
1779285613233,397,UAS-02,813.1,18.81,20.72,1.91,11.20,30.4,0.770,1,1,48.1,0.55,32.75,30.0,0
1779285613267,398,GND-VEH-01,307.0,18.86,21.23,2.37,11.39,29.5,0.774,1,1,49.5,0.41,33.05,30.0,0
1779285613300,399,PERSON-01,303.9,18.87,21.01,2.14,11.94,30.2,0.836,1,1,46.5,0.65,33.31,30.0,0
1779285613333,400,UAS-01,524.8,19.11,21.11,2.00,11.71,29.2,0.787,1,1,46.5,1.27,32.89,29.9,0
1779285613367,401,UAS-02,414.5,19.14,21.46,2.31,12.62,30.1,0.893,1,1,46.0,0.53,32.55,30.0,0
1779285613400,402,GND-VEH-01,425.3,19.17,21.36,2.19,12.31,29.0,0.845,1,1,46.0,0.57,33.02,29.9,0
1779285613433,403,PERSON-01,724.3,19.00,20.81,1.82,10.46,30.2,0.723,1,1,46.3,0.21,32.91,30.1,0
1779285613467,404,UAS-01,372.3,18.98,21.48,2.50,12.60,29.4,0.911,1,1,47.5,0.56,32.95,30.0,0
1779285613500,405,UAS-02,335.9,18.98,21.22,2.24,11.35,29.9,0.759,1,1,46.0,0.27,33.05,29.9,0
1779285613533,406,GND-VEH-01,400.0,19.13,21.19,2.06,11.03,29.9,0.220,0,0,46.2,0.00,33.35,30.1,0
1779285613567,407,PERSON-01,317.6,18.86,20.89,2.03,11.91,31.0,0.818,1,1,47.5,0.55,33.08,30.1,0
1779285613600,408,UAS-01,474.3,18.88,21.28,2.40,12.28,30.3,0.860,1,1,46.0,0.81,32.95,30.0,0
1779285613633,409,UAS-02,1033.9,18.96,20.96,1.99,11.27,28.4,0.770,1,1,48.8,0.38,32.75,30.0,0
1779285613667,410,GND-VEH-01,552.7,18.94,21.29,2.36,12.29,28.5,0.848,1,1,47.3,0.23,32.75,30.0,0
1779285613700,411,PERSON-01,417.3,18.93,21.08,2.15,11.72,29.1,0.814,1,1,46.0,0.62,33.02,30.0,0
1779285613733,412,UAS-01,550.4,18.82,21.09,2.27,11.86,30.5,0.845,1,1,46.0,0.03,33.19,29.9,0
1779285613767,413,UAS-02,455.0,18.83,20.76,1.93,12.12,30.2,0.854,1,1,47.7,0.09,33.18,22.8,1
1779285613800,414,GND-VEH-01,463.2,18.82,20.97,2.15,11.67,30.5,0.802,1,1,46.0,0.42,33.52,29.9,0
1779285613833,415,PERSON-01,377.9,19.00,21.27,2.28,11.43,30.5,0.785,1,1,48.8,0.32,32.81,30.0,0
1779285613867,416,UAS-01,350.7,18.94,21.26,2.32,12.15,28.7,0.826,1,1,46.0,0.98,33.42,30.0,0
1779285613900,417,UAS-02,326.2,19.01,21.44,2.43,12.76,29.2,0.238,0,0,46.9,0.00,33.00,30.0,0
1779285613933,418,GND-VEH-01,757.1,18.97,20.65,1.68,10.57,31.1,0.744,1,1,107.4,0.11,33.21,30.0,0
1779285613967,419,PERSON-01,624.4,19.16,20.88,1.72,10.78,30.0,0.708,1,1,46.0,0.57,33.52,30.1,0
1779285614000,420,UAS-01,651.8,19.03,21.03,2.00,12.03,29.7,0.827,1,1,46.1,0.22,33.46,30.1,0
1779285614033,421,UAS-02,848.1,19.16,20.92,1.76,11.60,29.5,0.786,1,1,47.7,0.96,33.29,30.0,0
1779285614067,422,GND-VEH-01,739.6,18.80,20.71,1.91,12.08,29.6,0.829,1,1,50.5,0.55,33.68,30.0,0
1779285614100,423,PERSON-01,437.3,18.95,21.05,2.09,11.70,28.6,0.831,1,1,46.0,0.70,33.29,20.1,1
1779285614133,424,UAS-01,532.1,18.93,21.22,2.29,12.15,29.5,0.815,1,1,46.0,0.18,32.97,30.0,0
1779285614167,425,UAS-02,731.1,18.88,20.86,1.97,12.18,28.8,0.851,1,1,46.0,0.65,32.92,30.0,0
1779285614200,426,GND-VEH-01,604.2,19.07,21.19,2.12,12.13,30.2,0.839,1,1,46.0,0.68,33.14,30.0,0
1779285614233,427,PERSON-01,509.7,18.96,21.23,2.27,11.88,30.6,0.810,1,1,47.0,0.18,33.28,30.0,0
1779285614267,428,UAS-01,678.5,18.96,20.92,1.96,11.50,30.1,0.783,1,1,47.8,0.53,33.23,29.9,0
1779285614300,429,UAS-02,482.8,19.04,21.34,2.29,12.52,29.7,0.879,1,1,48.1,0.52,33.17,30.0,0
1779285614333,430,GND-VEH-01,587.2,18.85,20.94,2.09,11.56,30.9,0.798,1,1,48.3,0.27,33.17,29.9,0
1779285614367,431,PERSON-01,616.5,18.80,20.49,1.69,10.92,30.5,0.169,0,0,48.6,0.00,33.32,30.0,0
1779285614400,432,UAS-01,440.9,19.00,21.31,2.31,11.96,29.1,0.833,1,1,49.0,0.74,33.40,29.9,0
1779285614433,433,UAS-02,509.4,19.14,21.43,2.29,12.30,28.9,0.843,1,1,46.0,0.40,33.14,30.0,0
1779285614467,434,GND-VEH-01,488.3,18.93,20.99,2.05,11.52,30.5,0.255,0,0,46.9,0.00,33.02,30.1,0
1779285614500,435,PERSON-01,624.6,19.15,21.34,2.18,11.51,30.5,0.825,1,1,46.0,1.23,32.94,30.0,0
1779285614533,436,UAS-01,631.3,18.97,20.91,1.94,11.53,29.2,0.791,1,1,46.0,0.05,33.14,30.0,0
1779285614567,437,UAS-02,744.8,18.77,21.06,2.29,11.22,30.8,0.763,1,1,46.0,0.08,33.49,29.9,0
1779285614600,438,GND-VEH-01,539.4,19.19,21.26,2.08,11.01,31.1,0.209,0,0,46.0,0.00,33.48,30.0,0
1779285614633,439,PERSON-01,505.0,19.15,21.46,2.31,11.68,30.4,0.810,1,1,46.0,0.44,33.18,30.1,0
1779285614667,440,UAS-01,617.0,18.61,20.65,2.04,11.56,30.0,0.270,0,0,46.1,0.00,33.35,30.0,0
1779285614700,441,UAS-02,475.1,19.08,21.46,2.38,11.45,29.5,0.782,1,1,48.2,0.14,33.42,30.1,0
1779285614733,442,GND-VEH-01,362.2,18.86,20.90,2.04,11.94,28.6,0.848,1,1,46.0,0.11,33.50,30.1,0
1779285614767,443,PERSON-01,763.2,18.99,20.83,1.85,12.17,28.7,0.846,1,1,46.1,0.46,33.46,30.0,0
1779285614800,444,UAS-01,435.9,19.02,21.24,2.22,11.81,28.9,0.849,1,1,46.0,1.15,33.10,29.9,0
1779285614833,445,UAS-02,559.5,19.04,20.86,1.82,11.00,29.9,0.740,1,1,48.7,0.33,33.34,30.0,0
1779285614867,446,GND-VEH-01,703.7,18.82,20.95,2.13,11.52,32.3,0.154,0,0,46.0,0.00,33.71,30.0,0
1779285614900,447,PERSON-01,467.1,18.71,20.87,2.16,11.38,29.7,0.787,1,1,46.0,0.16,33.53,29.9,0
1779285614933,448,UAS-01,421.4,19.00,21.08,2.08,11.63,29.5,0.791,1,1,47.5,0.13,33.00,30.0,0
1779285614967,449,UAS-02,547.4,19.06,21.25,2.19,12.18,29.8,0.818,1,1,46.0,0.28,33.79,30.0,0
1779285615000,450,GND-VEH-01,670.7,19.09,21.28,2.19,11.76,30.9,0.824,1,1,48.0,0.50,33.94,30.1,0
1779285615033,451,PERSON-01,465.9,19.03,21.42,2.39,12.00,30.8,0.836,1,1,46.0,0.00,33.43,29.8,0
1779285615067,452,UAS-01,692.1,18.98,20.93,1.95,11.57,30.2,0.801,1,1,177.9,0.03,33.80,30.1,0
1779285615100,453,UAS-02,452.6,19.13,21.31,2.18,11.20,30.7,0.198,0,0,46.4,0.00,34.06,30.0,0
1779285615133,454,GND-VEH-01,573.3,18.77,20.82,2.04,11.58,29.3,0.239,0,0,46.1,0.00,33.80,30.0,0
1779285615167,455,PERSON-01,469.6,18.89,21.05,2.16,11.58,31.0,0.809,1,1,48.3,0.28,33.70,30.1,0
1779285615200,456,UAS-01,624.5,18.80,20.81,2.01,11.66,29.6,0.808,1,1,47.7,0.80,33.41,29.9,0
1779285615233,457,UAS-02,587.8,19.06,21.35,2.29,11.51,29.3,0.192,0,0,46.1,0.00,33.65,30.1,0
1779285615267,458,GND-VEH-01,843.7,18.69,20.59,1.90,10.60,30.9,0.720,1,1,46.0,0.71,33.60,30.0,0
1779285615300,459,PERSON-01,317.9,19.21,21.59,2.37,12.18,29.7,0.834,1,1,46.0,0.35,33.39,30.0,0
1779285615333,460,UAS-01,469.3,18.78,20.85,2.06,10.81,31.6,0.200,0,0,47.5,0.00,33.93,30.0,0
1779285615367,461,UAS-02,403.8,19.24,21.42,2.18,11.47,29.2,0.819,1,1,46.0,0.81,33.35,30.0,0
1779285615400,462,GND-VEH-01,726.3,18.97,20.86,1.89,10.76,29.2,0.735,1,1,46.1,0.26,33.62,30.0,0
1779285615433,463,PERSON-01,598.6,18.87,20.98,2.12,12.16,30.5,0.855,1,1,46.0,0.84,33.46,30.0,0
1779285615467,464,UAS-01,649.7,18.99,21.08,2.09,11.27,30.9,0.159,0,0,49.9,0.00,33.45,30.0,0
1779285615500,465,UAS-02,367.3,18.88,21.26,2.38,11.97,31.2,0.842,1,1,46.3,0.11,33.38,29.9,0
1779285615533,466,GND-VEH-01,895.8,19.18,21.26,2.08,11.91,29.6,0.265,0,0,46.3,0.00,33.94,30.2,0
1779285615567,467,PERSON-01,350.1,19.20,21.42,2.22,11.91,30.0,0.834,1,1,46.0,0.60,33.62,30.1,0
1779285615600,468,UAS-01,421.3,19.00,21.15,2.15,11.80,29.6,0.810,1,1,46.0,0.14,33.40,29.9,0
1779285615633,469,UAS-02,631.3,19.21,21.44,2.22,12.01,28.2,0.818,1,1,46.2,0.09,33.67,30.2,0
1779285615667,470,GND-VEH-01,1021.3,19.00,20.98,1.97,11.49,29.9,0.783,1,1,48.4,0.23,34.34,30.1,0
1779285615700,471,PERSON-01,522.6,19.24,21.56,2.32,12.48,29.3,0.892,1,1,49.7,0.34,33.98,30.0,0
1779285615733,472,UAS-01,640.0,19.35,21.14,1.79,11.42,30.0,0.234,0,0,46.0,0.00,34.08,29.9,0
1779285615767,473,UAS-02,374.0,18.87,20.94,2.07,12.19,30.0,0.828,1,1,49.6,0.18,33.69,29.9,0
1779285615800,474,GND-VEH-01,324.0,19.02,21.09,2.07,11.83,30.9,0.833,1,1,46.0,0.25,33.64,30.0,0
1779285615833,475,PERSON-01,399.9,19.20,21.34,2.13,12.03,29.1,0.223,0,0,47.6,0.00,33.79,30.2,0
1779285615867,476,UAS-01,404.0,19.00,21.01,2.01,12.15,28.6,0.845,1,1,49.7,0.27,34.05,29.9,0
1779285615900,477,UAS-02,579.8,18.88,21.02,2.14,11.71,31.3,0.812,1,1,47.9,0.53,33.71,30.2,0
1779285615933,478,GND-VEH-01,816.7,19.06,21.04,1.98,11.34,30.2,0.771,1,1,47.3,0.86,34.03,30.0,0
1779285615967,479,PERSON-01,384.0,19.03,21.33,2.30,11.49,30.0,0.222,0,0,46.9,0.00,33.96,30.0,0
1779285616000,480,UAS-01,601.3,19.16,21.10,1.94,11.86,28.1,0.819,1,1,47.3,0.20,33.68,30.0,0
1779285616033,481,UAS-02,577.0,19.01,21.39,2.38,12.08,29.6,0.833,1,1,47.6,0.54,34.07,30.1,0
1779285616067,482,GND-VEH-01,610.5,19.06,21.07,2.01,11.57,28.3,0.802,1,1,46.6,0.45,33.95,30.0,0
1779285616100,483,PERSON-01,483.5,19.04,21.62,2.57,12.90,28.4,0.906,1,1,48.7,0.10,34.08,19.3,1
1779285616133,484,UAS-01,480.2,19.08,21.22,2.14,11.38,29.1,0.796,1,1,46.7,0.21,34.01,29.9,0
1779285616167,485,UAS-02,351.9,18.97,20.89,1.92,11.10,31.0,0.174,0,0,47.7,0.00,33.54,30.1,0
1779285616200,486,GND-VEH-01,347.3,19.07,21.37,2.30,11.86,31.0,0.845,1,1,47.4,0.39,33.80,29.9,0
1779285616233,487,PERSON-01,717.5,18.95,21.00,2.04,11.06,30.2,0.223,0,0,46.0,0.00,34.43,30.1,0
1779285616267,488,UAS-01,501.7,19.07,21.17,2.10,11.45,29.9,0.774,1,1,46.0,0.49,34.00,30.0,0
1779285616300,489,UAS-02,529.8,19.14,21.13,1.99,12.09,29.9,0.849,1,1,129.7,0.58,33.72,30.1,0
1779285616333,490,GND-VEH-01,355.5,18.91,21.37,2.46,12.41,30.4,0.891,1,1,48.5,0.69,34.36,29.8,0
1779285616367,491,PERSON-01,585.8,18.78,21.01,2.23,11.82,29.8,0.820,1,1,46.2,0.69,34.12,30.0,0
1779285616400,492,UAS-01,741.1,18.93,21.10,2.17,10.72,31.2,0.729,1,1,46.1,0.96,33.89,29.9,0
1779285616433,493,UAS-02,787.3,18.73,20.86,2.13,12.12,30.0,0.824,1,1,47.3,0.12,34.50,29.9,0
1779285616467,494,GND-VEH-01,419.0,19.01,21.19,2.18,12.17,30.1,0.864,1,1,46.0,0.73,33.75,29.9,0
1779285616500,495,PERSON-01,526.8,18.83,21.11,2.28,11.63,31.2,0.798,1,1,47.8,0.05,33.84,30.1,0
1779285616533,496,UAS-01,355.9,19.04,21.13,2.09,12.25,30.7,0.857,1,1,47.8,0.45,34.21,30.2,0
1779285616567,497,UAS-02,574.9,18.98,21.44,2.46,12.02,30.8,0.834,1,1,46.3,0.12,34.17,30.0,0
1779285616600,498,GND-VEH-01,399.4,19.15,21.14,1.99,11.34,30.9,0.198,0,0,46.6,0.00,34.12,30.0,0
1779285616633,499,PERSON-01,361.9,19.11,21.17,2.06,11.56,30.2,0.825,1,1,46.6,0.01,34.48,30.1,0
1779285616667,500,UAS-01,332.1,18.65,20.99,2.34,12.36,29.9,0.163,0,0,49.2,0.00,34.26,30.0,0
1779285616700,501,UAS-02,494.7,18.99,21.00,2.00,11.25,29.9,0.778,1,1,46.8,0.04,33.92,30.0,0
1779285616733,502,GND-VEH-01,755.2,19.21,21.02,1.81,10.80,30.4,0.747,1,1,46.0,0.34,34.45,30.0,0
1779285616767,503,PERSON-01,359.2,18.76,20.63,1.87,11.80,30.4,0.846,1,1,48.9,0.49,34.33,29.9,0
1779285616800,504,UAS-01,457.9,18.90,21.17,2.27,12.18,29.8,0.836,1,1,46.6,0.93,34.08,30.1,0
1779285616833,505,UAS-02,366.8,18.99,20.93,1.94,11.36,30.9,0.195,0,0,47.0,0.00,34.04,30.0,0
1779285616867,506,GND-VEH-01,370.8,18.72,20.62,1.90,11.75,30.0,0.806,1,1,46.0,1.04,34.24,29.8,0
1779285616900,507,PERSON-01,380.1,19.19,21.78,2.59,11.59,30.9,0.761,1,1,47.9,0.75,33.82,30.1,0
1779285616933,508,UAS-01,354.8,19.13,21.31,2.18,11.71,29.7,0.822,1,1,46.0,0.48,34.26,30.0,0
1779285616967,509,UAS-02,362.9,19.02,21.29,2.27,11.21,31.2,0.222,0,0,46.0,0.00,34.52,30.2,0
1779285617000,510,GND-VEH-01,334.0,19.04,21.45,2.40,11.47,31.1,0.247,0,0,47.7,0.00,34.21,29.9,0
1779285617033,511,PERSON-01,688.7,19.00,21.03,2.04,11.68,30.3,0.828,1,1,46.0,0.12,34.44,29.8,0
1779285617067,512,UAS-01,542.3,19.00,21.06,2.07,11.06,29.7,0.204,0,0,46.0,0.00,34.57,30.0,0
1779285617100,513,UAS-02,767.0,19.38,21.59,2.21,12.16,29.0,0.861,1,1,46.0,0.60,34.13,30.0,0
1779285617133,514,GND-VEH-01,627.4,19.04,20.87,1.83,11.20,29.8,0.748,1,1,46.0,0.64,34.37,30.1,0
1779285617167,515,PERSON-01,849.0,18.94,20.96,2.02,11.63,28.8,0.796,1,1,48.3,0.10,34.47,29.9,0
1779285617200,516,UAS-01,578.9,19.02,21.08,2.06,12.13,28.8,0.229,0,0,48.5,0.00,34.40,29.8,0
1779285617233,517,UAS-02,414.5,19.10,21.39,2.29,11.54,30.8,0.806,1,1,46.4,0.81,34.26,30.0,0
1779285617267,518,GND-VEH-01,416.2,19.38,21.81,2.43,11.55,30.9,0.813,1,1,46.0,0.01,34.08,30.1,0
1779285617300,519,PERSON-01,833.9,19.00,21.42,2.43,12.85,27.9,0.928,1,1,46.7,0.75,34.14,30.1,0
1779285617333,520,UAS-01,812.9,19.04,20.74,1.70,11.08,28.6,0.751,1,1,48.0,0.35,34.13,29.9,0
1779285617367,521,UAS-02,726.3,18.75,20.45,1.70,11.11,29.0,0.771,1,1,46.0,0.72,34.38,30.0,0
1779285617400,522,GND-VEH-01,663.8,18.94,20.96,2.02,11.20,28.9,0.171,0,0,46.0,0.00,34.59,29.9,0
1779285617433,523,PERSON-01,347.8,19.05,21.52,2.47,12.39,30.6,0.866,1,1,46.0,0.44,34.60,30.2,0
1779285617467,524,UAS-01,614.5,18.97,20.79,1.82,11.50,28.8,0.784,1,1,47.9,0.79,34.39,30.0,0
1779285617500,525,UAS-02,416.7,19.09,21.36,2.27,12.21,29.7,0.868,1,1,46.0,0.28,34.70,30.0,0
1779285617533,526,GND-VEH-01,397.3,18.88,21.18,2.30,11.47,31.9,0.196,0,0,46.4,0.00,34.38,30.0,0
1779285617567,527,PERSON-01,333.0,18.82,20.73,1.91,10.32,31.1,0.165,0,0,46.0,0.00,33.96,30.0,0
1779285617600,528,UAS-01,327.6,18.97,21.07,2.10,11.55,31.1,0.792,1,1,46.0,0.09,34.21,29.9,0
1779285617633,529,UAS-02,371.8,19.18,21.66,2.49,12.35,30.2,0.866,1,1,47.3,0.10,34.42,30.0,0
1779285617667,530,GND-VEH-01,378.0,18.99,21.28,2.29,11.47,30.4,0.803,1,1,46.0,0.36,34.07,30.1,0
1779285617700,531,PERSON-01,900.5,19.05,20.61,1.56,10.69,30.8,0.741,1,1,48.3,0.02,34.34,30.1,0
1779285617733,532,UAS-01,646.5,19.08,20.97,1.89,11.14,28.8,0.777,1,1,47.5,0.47,34.88,30.1,0
1779285617767,533,UAS-02,515.8,19.00,20.99,1.99,10.89,30.4,0.186,0,0,46.0,0.00,34.83,22.1,1
1779285617800,534,GND-VEH-01,331.8,18.91,20.90,1.99,11.18,30.3,0.746,1,1,114.7,0.13,34.29,30.0,0
1779285617833,535,PERSON-01,582.1,19.02,21.21,2.19,11.33,30.4,0.191,0,0,46.0,0.00,34.45,30.1,0
1779285617867,536,UAS-01,521.6,19.07,21.24,2.17,11.80,31.1,0.845,1,1,46.0,0.10,34.24,30.0,0
1779285617900,537,UAS-02,689.0,18.93,20.82,1.89,10.81,29.8,0.212,0,0,46.0,0.00,34.43,30.1,0
1779285617933,538,GND-VEH-01,382.5,18.75,21.23,2.47,12.16,31.5,0.836,1,1,46.0,1.15,34.31,22.1,1
1779285617967,539,PERSON-01,601.6,18.89,20.79,1.90,11.73,29.1,0.833,1,1,46.0,0.14,34.83,29.9,0
1779285618000,540,UAS-01,498.9,19.16,21.17,2.01,11.85,28.6,0.169,0,0,47.9,0.00,34.23,30.1,0
1779285618033,541,UAS-02,352.3,19.14,21.51,2.37,12.35,30.1,0.868,1,1,46.0,0.34,34.60,30.0,0
1779285618067,542,GND-VEH-01,948.2,18.69,20.46,1.77,11.95,30.1,0.861,1,1,47.5,0.78,34.69,30.0,0
1779285618100,543,PERSON-01,571.8,18.93,21.08,2.15,12.26,30.3,0.846,1,1,46.0,0.76,34.61,29.9,0
1779285618133,544,UAS-01,500.9,19.18,21.38,2.19,11.93,30.0,0.206,0,0,46.5,0.00,35.08,30.0,0
1779285618167,545,UAS-02,528.2,18.89,20.85,1.96,11.64,30.3,0.218,0,0,46.0,0.00,34.97,30.0,0
1779285618200,546,GND-VEH-01,361.6,19.34,21.46,2.12,11.63,30.1,0.798,1,1,46.0,0.31,34.78,30.1,0
1779285618233,547,PERSON-01,392.5,18.93,20.96,2.03,11.38,30.2,0.228,0,0,47.8,0.00,34.94,30.1,0
1779285618267,548,UAS-01,826.3,18.94,20.65,1.71,10.39,30.7,0.703,1,1,46.0,0.79,35.16,30.0,0
1779285618300,549,UAS-02,508.6,18.89,21.06,2.17,11.65,29.2,0.183,0,0,46.0,0.00,34.81,30.1,0
1779285618333,550,GND-VEH-01,492.4,19.03,21.14,2.11,12.03,29.8,0.812,1,1,46.0,0.94,34.52,30.1,0
1779285618367,551,PERSON-01,584.1,18.84,20.69,1.85,11.48,29.0,0.803,1,1,46.0,0.31,34.47,29.9,0
1779285618400,552,UAS-01,432.0,18.98,21.21,2.23,12.32,31.0,0.876,1,1,46.0,0.70,34.58,29.9,0
1779285618433,553,UAS-02,419.1,18.77,20.87,2.10,11.39,29.9,0.784,1,1,46.2,0.49,34.20,30.0,0
1779285618467,554,GND-VEH-01,705.4,19.23,21.43,2.20,12.28,30.4,0.856,1,1,46.0,0.11,34.73,29.9,0
1779285618500,555,PERSON-01,442.4,19.27,21.79,2.52,12.41,29.2,0.860,1,1,47.5,0.42,34.57,30.0,0
1779285618533,556,UAS-01,324.8,19.10,21.11,2.01,11.40,30.4,0.776,1,1,46.0,0.08,34.86,30.0,0
1779285618567,557,UAS-02,585.9,19.31,21.67,2.37,11.69,31.1,0.207,0,0,46.0,0.00,34.94,30.1,0
1779285618600,558,GND-VEH-01,466.4,18.82,21.09,2.27,11.21,30.6,0.777,1,1,46.0,0.28,34.89,30.0,0
1779285618633,559,PERSON-01,577.4,18.97,20.93,1.96,11.26,31.3,0.244,0,0,47.5,0.00,34.91,30.0,0
1779285618667,560,UAS-01,358.0,18.92,21.11,2.19,11.66,30.6,0.823,1,1,46.0,0.07,34.90,29.9,0
1779285618700,561,UAS-02,576.4,18.92,21.10,2.18,12.06,31.2,0.821,1,1,46.6,0.71,34.87,30.0,0
1779285618733,562,GND-VEH-01,363.0,18.87,20.80,1.93,11.38,29.9,0.777,1,1,172.9,0.06,34.79,30.2,0
1779285618767,563,PERSON-01,360.0,18.80,21.02,2.22,12.60,29.8,0.207,0,0,46.0,0.00,35.28,30.1,0
1779285618800,564,UAS-01,450.6,18.70,20.67,1.98,11.43,30.3,0.784,1,1,48.4,0.61,34.81,30.0,0
1779285618833,565,UAS-02,336.4,18.91,21.43,2.52,12.07,29.3,0.856,1,1,46.0,0.14,34.49,30.1,0
1779285618867,566,GND-VEH-01,495.8,19.19,21.45,2.26,12.43,30.2,0.859,1,1,46.3,0.00,35.10,30.0,0
1779285618900,567,PERSON-01,576.1,19.09,21.16,2.07,11.42,30.1,0.796,1,1,46.0,0.17,34.97,30.0,0
1779285618933,568,UAS-01,588.5,19.04,21.12,2.08,12.03,28.9,0.827,1,1,49.1,0.52,35.24,30.1,0
1779285618967,569,UAS-02,352.7,19.00,20.92,1.92,11.32,30.6,0.784,1,1,46.0,0.33,34.66,30.0,0
1779285619000,570,GND-VEH-01,639.4,18.84,21.01,2.17,12.15,28.8,0.848,1,1,46.3,0.02,35.09,30.0,0
1779285619033,571,PERSON-01,546.7,18.96,20.85,1.89,11.30,30.0,0.781,1,1,149.8,1.23,35.20,30.1,0
1779285619067,572,UAS-01,506.6,19.01,21.35,2.34,11.86,30.2,0.807,1,1,46.0,0.03,34.70,30.1,0
1779285619100,573,UAS-02,639.6,19.04,21.12,2.07,11.72,29.0,0.809,1,1,48.3,0.77,34.81,30.1,0
1779285619133,574,GND-VEH-01,314.5,18.97,21.37,2.40,12.47,29.8,0.849,1,1,46.0,0.27,35.18,30.0,0
1779285619167,575,PERSON-01,510.3,19.05,21.20,2.15,11.39,30.4,0.771,1,1,46.0,0.17,34.71,29.8,0
1779285619200,576,UAS-01,521.7,18.90,20.87,1.97,11.61,30.5,0.785,1,1,47.9,0.68,34.94,29.9,0
1779285619233,577,UAS-02,531.4,19.21,21.24,2.03,11.60,30.5,0.810,1,1,46.0,0.01,35.28,30.0,0
1779285619267,578,GND-VEH-01,595.1,19.35,21.33,1.99,11.91,29.9,0.192,0,0,46.5,0.00,34.87,30.1,0
1779285619300,579,PERSON-01,864.3,18.98,20.94,1.96,11.37,29.8,0.783,1,1,46.0,0.27,34.92,29.8,0
1779285619333,580,UAS-01,367.0,18.91,21.31,2.40,12.14,29.7,0.835,1,1,46.0,0.34,35.25,30.0,0
1779285619367,581,UAS-02,558.2,19.13,21.20,2.07,12.17,29.8,0.848,1,1,46.0,0.01,35.28,29.9,0
1779285619400,582,GND-VEH-01,381.6,19.32,21.67,2.35,12.08,30.7,0.832,1,1,47.4,0.33,35.34,30.1,0
1779285619433,583,PERSON-01,428.4,18.90,21.05,2.15,12.50,29.2,0.894,1,1,50.0,0.57,34.65,30.0,0
1779285619467,584,UAS-01,419.6,18.84,21.50,2.67,12.81,30.5,0.902,1,1,46.1,0.48,34.79,30.0,0
1779285619500,585,UAS-02,320.7,19.27,21.61,2.34,11.89,30.6,0.815,1,1,46.0,0.75,35.63,30.0,0
1779285619533,586,GND-VEH-01,333.1,19.12,21.21,2.10,12.01,30.6,0.203,0,0,46.0,0.00,35.32,29.8,0
1779285619567,587,PERSON-01,615.4,18.92,21.19,2.27,12.42,30.1,0.875,1,1,47.4,0.71,34.84,30.0,0
1779285619600,588,UAS-01,630.1,19.22,21.11,1.89,11.52,28.4,0.781,1,1,46.4,0.19,34.96,29.9,0
1779285619633,589,UAS-02,623.0,19.43,21.39,1.96,11.72,28.8,0.824,1,1,46.0,0.72,35.74,30.0,0
1779285619667,590,GND-VEH-01,518.2,19.14,20.96,1.82,11.49,31.5,0.229,0,0,46.5,0.00,35.01,29.9,0
1779285619700,591,PERSON-01,501.1,19.03,21.20,2.17,11.87,28.9,0.808,1,1,46.0,0.39,35.22,29.9,0
1779285619733,592,UAS-01,453.8,18.90,20.91,2.01,10.89,30.8,0.736,1,1,46.0,0.52,35.05,29.9,0
1779285619767,593,UAS-02,606.4,19.02,21.12,2.10,11.55,29.0,0.784,1,1,46.2,0.23,35.01,30.0,0
1779285619800,594,GND-VEH-01,462.6,18.77,20.92,2.15,12.14,29.4,0.858,1,1,174.3,0.12,35.48,30.1,0
1779285619833,595,PERSON-01,409.6,18.91,21.15,2.24,11.96,30.2,0.824,1,1,46.8,0.03,35.24,30.0,0
1779285619867,596,UAS-01,637.6,18.94,20.93,1.99,11.62,29.7,0.793,1,1,46.0,0.14,35.45,29.9,0
1779285619900,597,UAS-02,324.1,18.89,21.39,2.50,12.15,29.9,0.858,1,1,134.4,0.07,35.02,29.9,0
1779285619933,598,GND-VEH-01,495.8,18.84,20.89,2.05,11.29,30.2,0.804,1,1,46.4,0.36,35.19,30.0,0
1779285619967,599,PERSON-01,436.3,18.85,20.91,2.06,11.87,30.1,0.198,0,0,46.6,0.00,35.69,21.2,1
1779285620000,600,UAS-01,430.8,18.90,20.97,2.07,11.37,30.8,0.782,1,1,48.9,0.22,34.86,30.0,0
1779285620033,601,UAS-02,575.2,18.90,20.77,1.86,11.22,30.0,0.208,0,0,47.0,0.00,35.54,30.1,0
1779285620067,602,GND-VEH-01,494.0,18.99,20.90,1.91,10.44,29.7,0.702,1,1,46.0,0.81,35.54,29.9,0
1779285620100,603,PERSON-01,327.1,19.30,21.64,2.34,11.66,30.8,0.823,1,1,46.0,0.79,35.62,30.0,0
1779285620133,604,UAS-01,498.2,19.02,20.89,1.87,11.42,31.4,0.794,1,1,47.4,0.08,35.68,30.0,0
1779285620167,605,UAS-02,657.2,19.19,21.25,2.05,11.14,31.2,0.773,1,1,48.7,0.50,35.68,30.0,0
1779285620200,606,GND-VEH-01,762.2,19.01,20.85,1.85,11.77,29.0,0.836,1,1,46.0,0.43,35.13,30.0,0
1779285620233,607,PERSON-01,654.7,18.96,21.05,2.10,11.28,32.5,0.776,1,1,46.0,0.20,35.70,30.1,0
1779285620267,608,UAS-01,464.8,18.95,21.48,2.53,12.65,30.2,0.864,1,1,46.0,0.11,35.90,30.0,0
1779285620300,609,UAS-02,546.5,18.93,21.04,2.11,11.29,30.3,0.781,1,1,47.4,0.72,34.92,30.0,0
1779285620333,610,GND-VEH-01,488.2,19.21,21.50,2.29,11.43,29.2,0.200,0,0,46.0,0.00,35.49,30.1,0
1779285620367,611,PERSON-01,371.1,18.89,20.84,1.95,11.51,30.5,0.759,1,1,46.1,0.27,35.34,30.0,0
1779285620400,612,UAS-01,454.0,18.98,21.57,2.59,12.47,29.7,0.163,0,0,46.0,0.00,35.21,30.1,0
1779285620433,613,UAS-02,360.3,19.14,21.72,2.58,12.64,28.7,0.869,1,1,46.0,0.01,35.77,29.9,0
1779285620467,614,GND-VEH-01,344.3,19.06,21.16,2.10,11.01,30.2,0.207,0,0,46.0,0.00,35.53,30.1,0
1779285620500,615,PERSON-01,685.1,18.85,20.68,1.83,11.45,30.3,0.792,1,1,47.2,0.08,35.81,30.0,0
1779285620533,616,UAS-01,531.8,19.02,21.24,2.21,11.74,30.4,0.834,1,1,47.0,0.23,35.86,30.1,0
1779285620567,617,UAS-02,637.3,19.03,21.03,1.99,11.41,29.9,0.225,0,0,46.0,0.00,35.62,30.0,0
1779285620600,618,GND-VEH-01,391.3,18.88,21.08,2.20,11.45,30.1,0.167,0,0,48.3,0.00,35.72,22.1,1
1779285620633,619,PERSON-01,338.7,18.89,21.02,2.13,10.96,30.0,0.746,1,1,46.0,0.21,35.54,30.0,0
1779285620667,620,UAS-01,687.8,18.90,21.19,2.29,11.93,31.3,0.840,1,1,46.9,0.08,35.25,30.1,0
1779285620700,621,UAS-02,479.1,19.02,21.04,2.02,11.41,31.4,0.755,1,1,46.0,0.19,35.76,30.0,0
1779285620733,622,GND-VEH-01,564.8,19.11,21.08,1.96,11.40,29.7,0.820,1,1,47.7,0.33,35.51,30.0,0
1779285620767,623,PERSON-01,331.5,18.87,21.18,2.32,12.20,30.8,0.877,1,1,47.6,0.87,35.68,30.0,0
1779285620800,624,UAS-01,358.3,18.95,21.45,2.50,11.51,30.4,0.216,0,0,49.0,0.00,36.07,29.9,0
1779285620833,625,UAS-02,386.4,19.02,21.12,2.11,11.94,29.3,0.819,1,1,46.0,0.00,35.36,30.1,0
1779285620867,626,GND-VEH-01,547.3,18.96,21.15,2.20,12.60,29.8,0.902,1,1,47.4,0.02,35.42,29.9,0
1779285620900,627,PERSON-01,468.2,18.78,20.64,1.86,11.84,28.7,0.800,1,1,48.3,0.62,35.82,30.0,0
1779285620933,628,UAS-01,576.8,18.83,21.18,2.36,12.60,30.6,0.203,0,0,46.9,0.00,35.87,30.0,0
1779285620967,629,UAS-02,441.6,19.03,21.20,2.17,11.27,29.8,0.769,1,1,47.4,0.25,35.72,30.0,0
1779285621000,630,GND-VEH-01,385.2,19.06,21.54,2.48,12.34,28.3,0.857,1,1,47.8,0.58,35.94,29.9,0
1779285621033,631,PERSON-01,365.6,18.92,20.80,1.88,11.07,30.2,0.759,1,1,46.1,0.02,35.76,29.9,0
1779285621067,632,UAS-01,566.4,18.97,21.28,2.30,11.97,29.8,0.256,0,0,46.0,0.00,35.97,30.0,0
1779285621100,633,UAS-02,447.7,19.29,21.28,1.99,10.93,29.1,0.751,1,1,46.0,0.45,35.87,30.1,0
1779285621133,634,GND-VEH-01,480.3,19.17,21.22,2.04,11.37,30.7,0.790,1,1,46.1,0.17,35.67,30.0,0
1779285621167,635,PERSON-01,487.2,18.98,21.32,2.34,11.85,30.5,0.183,0,0,46.0,0.00,35.78,30.0,0
1779285621200,636,UAS-01,411.2,18.70,21.00,2.31,12.02,29.6,0.829,1,1,46.0,0.47,35.97,30.0,0
1779285621233,637,UAS-02,446.5,18.79,20.97,2.18,12.44,30.0,0.230,0,0,47.3,0.00,35.44,30.0,0
1779285621267,638,GND-VEH-01,345.0,19.01,21.45,2.44,12.91,30.7,0.173,0,0,46.0,0.00,35.94,30.0,0
1779285621300,639,PERSON-01,568.6,19.02,21.14,2.12,11.53,30.1,0.802,1,1,47.0,0.21,35.89,29.9,0
1779285621333,640,UAS-01,464.5,19.10,21.25,2.14,11.73,28.7,0.195,0,0,46.0,0.00,35.79,30.1,0
1779285621367,641,UAS-02,621.1,18.95,21.02,2.07,11.75,28.4,0.837,1,1,46.0,0.16,35.81,29.9,0
1779285621400,642,GND-VEH-01,471.3,19.07,21.18,2.11,12.08,28.6,0.817,1,1,48.0,0.48,35.64,30.0,0
1779285621433,643,PERSON-01,310.8,18.84,21.04,2.20,12.28,29.1,0.850,1,1,47.3,0.42,35.68,30.0,0
1779285621467,644,UAS-01,439.5,19.01,21.31,2.30,12.76,30.5,0.183,0,0,47.8,0.00,35.88,23.1,1
1779285621500,645,UAS-02,312.3,18.86,21.18,2.32,12.40,29.6,0.852,1,1,50.0,0.28,36.09,30.1,0
1779285621533,646,GND-VEH-01,501.9,19.19,21.02,1.83,10.94,31.4,0.745,1,1,46.4,0.21,35.87,30.1,0
1779285621567,647,PERSON-01,522.2,18.96,21.28,2.32,12.11,30.0,0.808,1,1,48.2,0.21,36.35,29.9,0
1779285621600,648,UAS-01,477.2,18.89,21.22,2.34,11.67,29.5,0.245,0,0,47.1,0.00,35.68,30.1,0
1779285621633,649,UAS-02,432.5,18.83,21.09,2.26,11.49,30.4,0.154,0,0,47.4,0.00,35.82,30.1,0
1779285621667,650,GND-VEH-01,618.1,18.88,20.62,1.75,11.61,29.8,0.806,1,1,46.5,0.05,35.98,30.0,0
1779285621700,651,PERSON-01,528.5,19.19,21.48,2.29,12.16,30.0,0.269,0,0,46.0,0.00,36.08,30.0,0
1779285621733,652,UAS-01,372.8,18.77,20.91,2.14,12.28,29.5,0.851,1,1,46.1,0.90,35.69,30.1,0
1779285621767,653,UAS-02,864.8,19.12,20.99,1.87,11.39,29.9,0.789,1,1,48.1,0.14,36.20,30.0,0
1779285621800,654,GND-VEH-01,495.1,19.28,21.69,2.41,13.24,28.2,0.932,1,1,46.0,0.37,36.15,23.3,1
1779285621833,655,PERSON-01,407.4,18.87,21.21,2.33,11.89,30.8,0.820,1,1,46.0,0.06,36.18,30.0,0
1779285621867,656,UAS-01,332.4,18.87,20.79,1.92,11.17,31.0,0.164,0,0,46.0,0.00,36.50,30.0,0
1779285621900,657,UAS-02,320.5,19.03,20.96,1.93,11.86,29.5,0.820,1,1,46.0,0.99,36.26,30.0,0
1779285621933,658,GND-VEH-01,422.7,18.76,21.03,2.27,10.99,30.6,0.753,1,1,48.9,0.57,36.39,30.0,0
1779285621967,659,PERSON-01,630.7,19.18,21.12,1.94,11.03,28.8,0.765,1,1,46.0,1.05,36.21,23.8,1
1779285622000,660,UAS-01,667.4,18.75,20.92,2.17,11.42,29.4,0.792,1,1,46.0,0.34,35.88,30.0,0
1779285622033,661,UAS-02,649.9,18.92,20.85,1.93,11.76,28.6,0.820,1,1,47.1,0.52,36.16,30.1,0
1779285622067,662,GND-VEH-01,455.0,19.13,21.37,2.24,11.57,31.1,0.221,0,0,49.1,0.00,36.36,30.0,0
1779285622100,663,PERSON-01,317.2,18.79,21.24,2.45,11.88,29.9,0.808,1,1,46.0,0.03,35.99,30.0,0
1779285622133,664,UAS-01,518.5,19.21,21.18,1.97,10.99,29.6,0.773,1,1,49.5,0.91,36.48,30.0,0
1779285622167,665,UAS-02,582.6,19.30,21.63,2.33,11.87,31.0,0.807,1,1,107.7,0.01,36.01,30.1,0
1779285622200,666,GND-VEH-01,610.2,18.72,20.90,2.18,11.86,31.2,0.207,0,0,48.6,0.00,36.33,29.9,0
1779285622233,667,PERSON-01,317.7,18.80,21.22,2.41,12.20,29.2,0.847,1,1,46.0,0.05,36.11,29.9,0
1779285622267,668,UAS-01,511.9,18.87,20.83,1.95,11.38,30.8,0.784,1,1,46.0,0.45,35.90,30.0,0
1779285622300,669,UAS-02,615.7,19.31,21.19,1.88,11.13,30.5,0.190,0,0,46.0,0.00,36.22,30.1,0
1779285622333,670,GND-VEH-01,452.6,19.00,21.08,2.07,12.11,29.5,0.825,1,1,46.0,0.86,36.08,29.8,0
1779285622367,671,PERSON-01,327.5,19.05,21.43,2.38,12.07,30.0,0.229,0,0,46.0,0.00,35.81,30.1,0
1779285622400,672,UAS-01,468.0,19.01,20.99,1.98,11.22,30.0,0.231,0,0,47.1,0.00,35.74,30.1,0
1779285622433,673,UAS-02,871.2,19.20,21.01,1.81,11.56,29.6,0.816,1,1,46.8,0.61,36.66,29.9,0
1779285622467,674,GND-VEH-01,776.0,19.13,21.37,2.24,12.02,28.9,0.864,1,1,46.0,0.70,36.17,29.9,0
1779285622500,675,PERSON-01,524.0,18.86,21.04,2.19,11.90,30.4,0.818,1,1,46.0,0.68,36.12,29.8,0
1779285622533,676,UAS-01,429.5,18.74,20.83,2.09,11.52,31.1,0.799,1,1,46.0,0.22,36.24,30.0,0
1779285622567,677,UAS-02,853.5,19.05,21.28,2.23,12.16,29.0,0.855,1,1,46.0,0.28,35.82,30.0,0
1779285622600,678,GND-VEH-01,392.7,18.94,20.95,2.02,11.76,29.0,0.816,1,1,46.0,0.31,36.09,30.0,0
1779285622633,679,PERSON-01,420.0,18.91,21.13,2.21,12.06,29.4,0.831,1,1,48.6,0.31,36.12,29.9,0
1779285622667,680,UAS-01,400.1,19.08,21.09,2.01,11.92,30.7,0.812,1,1,46.0,0.29,36.08,29.8,0
1779285622700,681,UAS-02,309.6,19.11,21.44,2.33,12.29,29.5,0.857,1,1,46.0,0.32,36.43,30.1,0
1779285622733,682,GND-VEH-01,797.7,19.03,21.00,1.97,11.59,31.0,0.781,1,1,140.6,0.77,36.27,30.0,0
1779285622767,683,PERSON-01,849.9,18.95,21.22,2.27,12.27,29.8,0.821,1,1,46.2,0.72,36.20,30.0,0
1779285622800,684,UAS-01,366.3,19.03,21.37,2.34,12.27,29.3,0.860,1,1,46.0,0.65,36.15,29.9,0
1779285622833,685,UAS-02,307.7,19.11,21.38,2.27,12.24,28.8,0.216,0,0,47.5,0.00,36.02,30.0,0
1779285622867,686,GND-VEH-01,535.1,18.96,21.14,2.18,11.38,31.2,0.760,1,1,46.0,0.28,36.04,30.2,0
1779285622900,687,PERSON-01,544.5,19.01,21.07,2.06,11.59,30.6,0.800,1,1,46.0,0.63,36.21,30.0,0
1779285622933,688,UAS-01,420.0,19.18,21.19,2.01,11.64,30.0,0.828,1,1,47.5,0.45,36.13,29.9,0
1779285622967,689,UAS-02,337.5,19.03,21.20,2.17,11.95,29.7,0.819,1,1,139.4,0.49,36.54,30.1,0
1779285623000,690,GND-VEH-01,391.8,19.32,21.58,2.25,11.77,30.3,0.830,1,1,46.9,0.65,36.67,30.1,0
1779285623033,691,PERSON-01,392.9,19.06,21.30,2.23,12.24,30.0,0.862,1,1,46.0,0.64,35.90,30.0,0
1779285623067,692,UAS-01,580.4,18.98,20.91,1.93,11.57,29.5,0.779,1,1,47.8,0.01,36.61,29.9,0
1779285623100,693,UAS-02,469.5,19.23,21.33,2.10,11.21,30.3,0.244,0,0,46.0,0.00,36.66,30.0,0
1779285623133,694,GND-VEH-01,355.2,19.17,21.37,2.20,12.12,31.0,0.229,0,0,46.0,0.00,36.19,29.9,0
1779285623167,695,PERSON-01,407.4,18.87,20.86,1.98,10.93,30.7,0.724,1,1,46.7,0.03,36.56,29.9,0
1779285623200,696,UAS-01,465.8,19.12,21.08,1.96,10.94,30.3,0.735,1,1,46.0,0.39,36.58,29.9,0
1779285623233,697,UAS-02,549.7,19.27,21.29,2.02,11.98,29.9,0.833,1,1,46.0,0.61,36.77,30.1,0
1779285623267,698,GND-VEH-01,857.8,18.78,21.07,2.28,12.24,30.8,0.211,0,0,46.8,0.00,36.06,29.9,0
1779285623300,699,PERSON-01,575.5,19.08,21.43,2.35,11.49,31.2,0.772,1,1,46.0,0.17,36.34,30.0,0
1779285623333,700,UAS-01,718.9,18.80,20.96,2.16,11.43,30.5,0.798,1,1,46.7,0.24,36.85,30.0,0
1779285623367,701,UAS-02,749.1,19.04,20.73,1.69,11.27,31.8,0.767,1,1,46.0,0.21,36.51,29.8,0
1779285623400,702,GND-VEH-01,353.8,19.04,21.13,2.09,11.96,31.3,0.821,1,1,46.0,0.36,36.64,29.8,0
1779285623433,703,PERSON-01,358.7,19.18,21.31,2.13,12.02,29.1,0.840,1,1,46.0,0.23,36.75,29.9,0
1779285623467,704,UAS-01,410.1,18.69,21.11,2.42,12.15,30.3,0.157,0,0,46.0,0.00,36.38,29.9,0
1779285623500,705,UAS-02,640.3,18.62,20.67,2.05,11.78,31.0,0.824,1,1,49.6,0.58,36.34,30.0,0
1779285623533,706,GND-VEH-01,656.2,18.80,20.99,2.19,11.39,29.8,0.774,1,1,46.0,0.10,36.43,30.0,0
1779285623567,707,PERSON-01,490.3,19.22,21.33,2.11,11.79,29.4,0.813,1,1,46.5,1.17,36.31,30.1,0
1779285623600,708,UAS-01,454.1,19.06,21.09,2.03,11.28,30.6,0.203,0,0,46.0,0.00,36.55,22.2,1
1779285623633,709,UAS-02,506.4,18.74,20.66,1.92,11.35,29.8,0.823,1,1,46.3,1.20,36.92,30.1,0
1779285623667,710,GND-VEH-01,426.9,18.97,21.17,2.20,12.06,29.5,0.827,1,1,46.0,0.19,36.54,30.1,0
1779285623700,711,PERSON-01,444.3,18.85,20.77,1.92,10.86,31.1,0.733,1,1,47.2,0.43,36.86,30.2,0
1779285623733,712,UAS-01,407.6,19.24,21.19,1.95,11.68,30.2,0.820,1,1,46.0,0.41,36.48,30.1,0
1779285623767,713,UAS-02,877.8,18.68,20.87,2.19,12.74,29.0,0.890,1,1,46.0,0.81,36.81,29.9,0
1779285623800,714,GND-VEH-01,447.2,18.99,21.05,2.06,11.38,29.0,0.226,0,0,46.0,0.00,36.63,30.1,0
1779285623833,715,PERSON-01,426.9,18.75,20.93,2.18,10.97,30.0,0.749,1,1,47.1,0.65,36.49,29.9,0
1779285623867,716,UAS-01,992.6,18.97,21.11,2.14,12.14,28.3,0.847,1,1,46.0,0.03,36.63,30.0,0
1779285623900,717,UAS-02,549.7,19.00,21.09,2.09,11.59,31.0,0.216,0,0,46.1,0.00,36.42,30.0,0
1779285623933,718,GND-VEH-01,367.5,19.20,21.41,2.21,11.47,29.9,0.782,1,1,47.0,0.31,37.00,30.0,0
1779285623967,719,PERSON-01,390.3,19.18,21.26,2.08,12.22,29.8,0.826,1,1,47.4,1.48,36.74,30.0,0
1779285624000,720,UAS-01,465.1,18.69,21.22,2.53,11.35,30.1,0.795,1,1,48.1,0.72,36.42,30.1,0
1779285624033,721,UAS-02,396.8,18.79,20.77,1.97,11.78,29.8,0.818,1,1,48.4,0.57,36.59,30.0,0
1779285624067,722,GND-VEH-01,506.2,18.88,21.35,2.47,12.54,28.3,0.866,1,1,49.3,0.07,36.94,30.0,0
1779285624100,723,PERSON-01,398.7,19.14,21.65,2.51,12.52,28.6,0.868,1,1,48.2,0.39,36.93,30.0,0
1779285624133,724,UAS-01,799.2,18.94,21.15,2.20,12.08,29.4,0.820,1,1,47.9,0.42,36.74,29.9,0
1779285624167,725,UAS-02,1039.0,18.69,20.73,2.04,11.48,30.1,0.246,0,0,48.1,0.00,36.91,30.1,0
1779285624200,726,GND-VEH-01,328.8,19.12,21.43,2.31,11.64,30.3,0.816,1,1,46.8,0.08,36.66,30.1,0
1779285624233,727,PERSON-01,418.7,19.05,21.15,2.10,11.46,29.8,0.791,1,1,46.4,0.27,37.17,30.0,0
1779285624267,728,UAS-01,846.3,19.04,21.12,2.08,12.29,29.3,0.875,1,1,47.4,0.50,36.74,30.0,0
1779285624300,729,UAS-02,404.4,18.71,21.00,2.29,11.47,30.1,0.781,1,1,46.0,0.57,37.27,30.1,0
1779285624333,730,GND-VEH-01,355.5,19.14,21.20,2.06,11.78,30.2,0.189,0,0,47.3,0.00,36.92,30.0,0
1779285624367,731,PERSON-01,666.6,18.71,20.82,2.11,11.44,30.6,0.812,1,1,46.1,0.04,36.73,30.0,0
1779285624400,732,UAS-01,379.3,19.18,21.36,2.18,11.91,30.9,0.189,0,0,46.0,0.00,36.85,30.1,0
1779285624433,733,UAS-02,454.4,18.91,21.03,2.11,12.05,29.9,0.863,1,1,47.6,0.08,37.07,30.1,0
1779285624467,734,GND-VEH-01,305.0,18.96,20.98,2.02,11.13,29.6,0.767,1,1,46.0,0.45,37.02,29.9,0
1779285624500,735,PERSON-01,378.4,19.32,21.49,2.17,11.69,30.7,0.781,1,1,46.0,1.02,36.97,29.8,0
1779285624533,736,UAS-01,451.2,18.83,20.81,1.98,11.66,30.2,0.811,1,1,46.0,0.23,37.27,30.1,0
1779285624567,737,UAS-02,354.8,19.02,21.22,2.20,12.16,29.3,0.855,1,1,47.4,0.21,36.93,30.1,0
1779285624600,738,GND-VEH-01,409.5,18.65,20.83,2.18,12.33,30.5,0.857,1,1,46.0,1.12,36.97,30.0,0
1779285624633,739,PERSON-01,458.2,18.98,21.03,2.05,11.95,30.7,0.831,1,1,46.5,0.18,37.32,30.1,0
1779285624667,740,UAS-01,408.2,18.77,21.18,2.41,11.65,30.8,0.786,1,1,47.2,0.39,36.88,30.0,0
1779285624700,741,UAS-02,428.2,18.91,21.33,2.42,12.49,29.3,0.873,1,1,48.5,0.17,37.11,29.8,0
1779285624733,742,GND-VEH-01,601.2,19.06,21.19,2.12,11.75,29.3,0.816,1,1,46.0,0.18,36.94,29.9,0
1779285624767,743,PERSON-01,332.4,19.00,21.09,2.09,11.02,29.1,0.770,1,1,46.0,0.30,36.80,30.1,0
1779285624800,744,UAS-01,483.2,19.06,21.19,2.13,11.93,30.3,0.820,1,1,46.0,0.16,36.96,30.0,0
1779285624833,745,UAS-02,308.4,19.04,21.08,2.04,11.55,29.6,0.790,1,1,46.0,0.63,37.12,30.0,0
1779285624867,746,GND-VEH-01,711.5,19.12,20.96,1.84,11.12,30.5,0.741,1,1,46.0,0.16,36.84,30.0,0
1779285624900,747,PERSON-01,351.6,18.95,20.89,1.94,11.36,30.4,0.775,1,1,48.9,0.65,37.18,29.8,0
1779285624933,748,UAS-01,546.1,18.94,21.35,2.40,11.53,30.8,0.809,1,1,47.8,0.22,37.04,29.9,0
1779285624967,749,UAS-02,473.9,18.97,21.14,2.17,11.85,29.7,0.824,1,1,46.0,0.06,36.78,30.0,0
1779285625000,750,GND-VEH-01,300.4,19.01,21.17,2.16,11.14,30.2,0.165,0,0,46.0,0.00,37.09,30.0,0
1779285625033,751,PERSON-01,447.5,19.02,21.40,2.38,11.76,30.3,0.145,0,0,46.0,0.00,36.90,19.0,1
1779285625067,752,UAS-01,334.7,18.75,20.90,2.15,11.64,30.6,0.205,0,0,46.0,0.00,37.43,29.9,0
1779285625100,753,UAS-02,381.0,19.03,20.91,1.88,11.17,28.8,0.758,1,1,46.0,0.12,37.48,29.9,0
1779285625133,754,GND-VEH-01,306.1,19.14,21.39,2.24,11.98,29.1,0.848,1,1,46.9,0.21,37.31,30.0,0
1779285625167,755,PERSON-01,518.2,18.78,20.96,2.19,12.51,29.8,0.874,1,1,46.0,0.13,36.65,30.0,0
1779285625200,756,UAS-01,402.6,19.18,21.41,2.22,12.10,29.4,0.846,1,1,48.6,0.24,37.10,29.8,0
1779285625233,757,UAS-02,506.8,18.96,21.23,2.26,11.73,30.2,0.823,1,1,46.0,0.08,37.07,29.9,0
1779285625267,758,GND-VEH-01,401.8,19.29,21.26,1.97,12.09,30.7,0.205,0,0,46.0,0.00,37.46,29.9,0
1779285625300,759,PERSON-01,618.9,18.87,20.88,2.02,10.97,31.4,0.741,1,1,46.0,0.25,37.60,30.2,0
1779285625333,760,UAS-01,505.1,18.98,21.14,2.16,11.65,30.4,0.202,0,0,46.0,0.00,37.80,30.0,0
1779285625367,761,UAS-02,563.1,18.89,21.11,2.22,11.79,31.1,0.825,1,1,46.7,1.11,37.49,30.1,0
1779285625400,762,GND-VEH-01,308.0,19.05,21.58,2.53,11.77,30.5,0.207,0,0,47.6,0.00,36.72,30.0,0
1779285625433,763,PERSON-01,429.3,18.83,20.89,2.05,11.66,29.3,0.808,1,1,46.0,0.05,37.41,30.0,0
1779285625467,764,UAS-01,918.1,19.03,20.78,1.76,10.77,32.3,0.736,1,1,47.4,0.64,37.72,30.1,0
1779285625500,765,UAS-02,995.3,18.96,20.86,1.91,12.06,29.0,0.826,1,1,47.5,0.01,37.57,30.0,0
1779285625533,766,GND-VEH-01,528.9,19.30,21.72,2.42,11.78,30.5,0.232,0,0,46.0,0.00,37.25,30.2,0
1779285625567,767,PERSON-01,649.7,19.30,21.33,2.03,11.26,29.3,0.778,1,1,46.0,0.83,37.45,30.0,0
1779285625600,768,UAS-01,650.5,19.02,21.12,2.10,11.54,29.9,0.786,1,1,184.5,1.36,37.39,30.0,0
1779285625633,769,UAS-02,323.5,19.23,21.57,2.34,11.66,29.4,0.786,1,1,46.0,0.31,37.73,29.8,0
1779285625667,770,GND-VEH-01,427.6,19.02,21.06,2.04,11.28,29.5,0.769,1,1,46.0,0.49,37.14,30.0,0
1779285625700,771,PERSON-01,846.5,19.12,21.01,1.89,11.18,30.0,0.739,1,1,46.0,1.27,37.65,30.0,0
1779285625733,772,UAS-01,391.8,18.98,21.33,2.35,12.51,30.3,0.876,1,1,158.6,0.82,37.24,30.0,0
1779285625767,773,UAS-02,429.0,18.97,21.30,2.33,12.43,29.6,0.877,1,1,46.0,0.82,37.75,30.1,0
1779285625800,774,GND-VEH-01,646.6,19.06,21.02,1.96,11.18,30.7,0.745,1,1,46.0,0.02,37.17,30.0,0
1779285625833,775,PERSON-01,439.2,19.00,21.21,2.21,11.17,30.9,0.761,1,1,46.4,0.97,37.43,30.0,0
1779285625867,776,UAS-01,551.5,19.04,21.29,2.25,11.62,29.9,0.200,0,0,46.6,0.00,37.34,30.0,0
1779285625900,777,UAS-02,476.6,18.99,21.22,2.22,11.47,30.4,0.792,1,1,46.0,0.33,37.54,30.0,0
1779285625933,778,GND-VEH-01,401.1,18.82,20.93,2.11,11.31,30.3,0.139,0,0,117.2,0.00,37.61,30.2,0
1779285625967,779,PERSON-01,457.7,18.86,21.13,2.28,12.20,31.4,0.218,0,0,46.0,0.00,37.46,30.0,0
1779285626000,780,UAS-01,336.7,19.21,21.14,1.92,11.18,29.5,0.250,0,0,47.2,0.00,37.43,30.0,0
1779285626033,781,UAS-02,311.2,19.11,21.43,2.32,11.54,32.1,0.811,1,1,48.1,0.91,37.32,30.1,0
1779285626067,782,GND-VEH-01,489.8,19.01,20.82,1.81,11.37,30.6,0.193,0,0,46.0,0.00,37.71,29.9,0
1779285626100,783,PERSON-01,326.8,18.93,21.00,2.07,11.41,31.3,0.198,0,0,46.9,0.00,38.02,29.9,0
1779285626133,784,UAS-01,310.0,19.19,21.38,2.19,12.15,30.7,0.849,1,1,46.0,0.85,37.86,30.2,0
1779285626167,785,UAS-02,631.5,18.81,21.05,2.24,12.27,30.6,0.868,1,1,46.3,0.15,37.60,30.1,0
1779285626200,786,GND-VEH-01,313.4,19.02,21.32,2.30,11.65,29.1,0.778,1,1,46.0,0.38,37.58,30.0,0
1779285626233,787,PERSON-01,446.4,19.02,21.24,2.22,11.81,29.9,0.821,1,1,48.9,0.60,37.75,30.1,0
1779285626267,788,UAS-01,341.5,18.83,20.95,2.12,12.04,30.0,0.827,1,1,46.0,0.94,37.51,30.0,0
1779285626300,789,UAS-02,603.9,19.36,21.57,2.21,11.22,31.4,0.802,1,1,46.0,0.68,37.42,30.0,0
1779285626333,790,GND-VEH-01,420.7,19.11,21.38,2.27,12.00,29.1,0.818,1,1,46.0,0.06,37.72,30.1,0
1779285626367,791,PERSON-01,445.1,18.88,20.94,2.05,11.05,28.8,0.764,1,1,46.0,0.71,37.50,30.1,0
1779285626400,792,UAS-01,425.6,19.11,21.40,2.29,12.69,30.5,0.897,1,1,46.0,0.35,37.65,30.2,0
1779285626433,793,UAS-02,650.5,19.09,21.05,1.96,10.81,29.5,0.235,0,0,46.0,0.00,37.33,30.0,0
1779285626467,794,GND-VEH-01,352.0,19.06,21.01,1.95,11.35,30.7,0.781,1,1,47.3,0.71,37.64,30.0,0
1779285626500,795,PERSON-01,605.6,19.08,20.83,1.75,10.63,30.0,0.189,0,0,46.0,0.00,37.90,30.0,0
1779285626533,796,UAS-01,386.0,18.96,21.07,2.11,11.93,32.2,0.792,1,1,48.9,0.88,38.08,29.9,0
1779285626567,797,UAS-02,363.8,19.30,21.46,2.16,11.34,29.6,0.171,0,0,46.0,0.00,37.30,29.9,0
1779285626600,798,GND-VEH-01,399.3,19.14,21.36,2.22,11.17,28.8,0.174,0,0,48.5,0.00,37.67,30.0,0
1779285626633,799,PERSON-01,566.3,18.95,20.94,1.99,11.67,30.0,0.813,1,1,46.0,0.14,37.73,30.1,0
1779285626667,800,UAS-01,374.8,19.03,21.45,2.42,12.32,30.4,0.213,0,0,48.8,0.00,37.65,29.9,0
1779285626700,801,UAS-02,342.0,19.16,21.80,2.64,11.90,31.2,0.828,1,1,46.0,0.15,37.97,30.0,0
1779285626733,802,GND-VEH-01,657.4,19.28,21.32,2.04,11.24,30.4,0.202,0,0,46.2,0.00,37.83,30.1,0
1779285626767,803,PERSON-01,532.2,19.23,21.10,1.87,11.64,31.4,0.800,1,1,46.0,0.21,38.17,30.1,0
1779285626800,804,UAS-01,436.1,18.69,20.89,2.19,11.80,30.1,0.828,1,1,46.0,0.03,37.64,30.1,0
1779285626833,805,UAS-02,336.8,18.74,21.39,2.64,12.12,29.9,0.210,0,0,46.0,0.00,37.58,19.7,1
1779285626867,806,GND-VEH-01,655.8,19.13,21.04,1.92,11.90,30.2,0.217,0,0,46.0,0.00,37.83,30.0,0
1779285626900,807,PERSON-01,345.1,18.84,20.82,1.97,10.90,30.1,0.183,0,0,46.0,0.00,37.62,30.1,0
1779285626933,808,UAS-01,461.7,19.18,21.35,2.16,11.60,31.1,0.789,1,1,46.0,0.08,38.19,30.2,0
1779285626967,809,UAS-02,392.8,18.77,20.77,2.00,11.90,29.2,0.233,0,0,46.5,0.00,38.06,30.0,0
1779285627000,810,GND-VEH-01,549.8,18.96,21.47,2.51,12.06,30.4,0.241,0,0,49.5,0.00,38.08,30.1,0
1779285627033,811,PERSON-01,596.5,19.15,21.22,2.07,11.27,30.6,0.780,1,1,46.1,0.52,37.74,30.0,0
1779285627067,812,UAS-01,454.7,19.06,21.41,2.35,11.68,29.9,0.238,0,0,46.8,0.00,38.17,30.0,0
1779285627100,813,UAS-02,341.8,19.11,21.42,2.31,11.79,29.7,0.792,1,1,47.2,0.50,37.60,30.0,0
1779285627133,814,GND-VEH-01,327.0,18.99,21.06,2.07,12.02,29.2,0.865,1,1,46.0,0.18,37.73,30.1,0
1779285627167,815,PERSON-01,351.0,18.91,21.02,2.11,11.31,29.5,0.206,0,0,46.6,0.00,38.02,30.1,0
1779285627200,816,UAS-01,449.1,18.95,21.09,2.14,11.49,30.8,0.787,1,1,46.8,0.54,38.04,30.1,0
1779285627233,817,UAS-02,490.0,18.64,20.95,2.32,11.59,30.6,0.239,0,0,46.0,0.00,37.90,30.1,0
1779285627267,818,GND-VEH-01,452.9,19.09,20.93,1.84,12.00,30.2,0.836,1,1,46.0,0.47,37.81,30.2,0
1779285627300,819,PERSON-01,381.3,19.06,21.52,2.46,11.86,30.4,0.226,0,0,48.0,0.00,37.60,29.9,0
1779285627333,820,UAS-01,522.3,19.14,21.46,2.33,12.10,30.5,0.239,0,0,49.2,0.00,38.22,29.9,0
1779285627367,821,UAS-02,322.1,18.91,20.93,2.02,11.50,30.8,0.204,0,0,46.0,0.00,37.98,30.0,0
1779285627400,822,GND-VEH-01,496.2,18.88,20.88,1.99,10.32,31.5,0.689,1,1,46.7,0.42,38.47,30.1,0
1779285627433,823,PERSON-01,403.2,19.18,21.35,2.17,12.03,29.2,0.828,1,1,46.0,1.14,38.45,22.2,1
1779285627467,824,UAS-01,896.8,18.96,21.07,2.11,10.84,31.0,0.752,1,1,46.0,0.07,37.73,30.0,0
1779285627500,825,UAS-02,558.7,19.12,21.15,2.03,11.94,29.9,0.848,1,1,46.0,0.99,37.82,30.2,0
1779285627533,826,GND-VEH-01,484.6,19.12,21.30,2.18,11.50,29.4,0.801,1,1,46.0,0.25,38.27,29.9,0
1779285627567,827,PERSON-01,556.4,18.81,21.07,2.26,11.30,31.2,0.788,1,1,46.0,1.05,38.01,30.0,0
1779285627600,828,UAS-01,418.4,19.00,21.08,2.09,11.77,30.3,0.797,1,1,46.0,0.04,38.48,29.9,0
1779285627633,829,UAS-02,758.5,19.22,21.27,2.05,11.85,31.0,0.826,1,1,46.0,0.09,37.99,29.8,0
1779285627667,830,GND-VEH-01,547.9,18.74,20.70,1.96,11.20,28.5,0.209,0,0,46.0,0.00,38.07,30.1,0
1779285627700,831,PERSON-01,600.8,19.01,20.90,1.89,10.84,30.9,0.204,0,0,46.7,0.00,38.17,30.0,0
1779285627733,832,UAS-01,437.7,18.86,21.19,2.33,11.81,31.6,0.804,1,1,46.0,0.05,38.10,30.1,0
1779285627767,833,UAS-02,586.6,19.04,21.09,2.05,11.03,31.0,0.220,0,0,46.0,0.00,37.67,30.2,0
1779285627800,834,GND-VEH-01,590.6,18.90,21.07,2.17,12.20,29.3,0.868,1,1,47.2,0.17,38.22,30.1,0
1779285627833,835,PERSON-01,693.2,19.01,21.19,2.17,11.65,29.6,0.207,0,0,46.0,0.00,38.54,30.1,0
1779285627867,836,UAS-01,652.8,18.79,20.65,1.86,11.12,30.2,0.755,1,1,46.0,0.35,38.22,30.0,0
1779285627900,837,UAS-02,406.5,19.04,20.99,1.95,12.12,29.1,0.816,1,1,46.1,0.35,38.39,30.1,0
1779285627933,838,GND-VEH-01,313.9,18.95,21.26,2.31,12.56,29.5,0.890,1,1,46.0,0.97,38.36,30.1,0
1779285627967,839,PERSON-01,803.7,19.06,21.02,1.96,11.85,30.8,0.835,1,1,46.3,0.34,38.25,30.0,0
1779285628000,840,UAS-01,611.8,19.32,21.19,1.87,11.56,29.9,0.803,1,1,48.3,0.82,38.06,19.6,1
1779285628033,841,UAS-02,489.3,19.30,21.65,2.35,12.45,29.4,0.857,1,1,46.0,0.10,38.44,30.0,0
1779285628067,842,GND-VEH-01,725.0,18.91,21.05,2.14,12.43,29.8,0.901,1,1,46.0,0.35,38.41,29.9,0
1779285628100,843,PERSON-01,569.1,19.14,20.95,1.81,11.35,30.2,0.242,0,0,47.4,0.00,38.25,30.1,0
1779285628133,844,UAS-01,493.7,18.89,20.85,1.96,11.46,29.0,0.175,0,0,46.0,0.00,38.49,29.9,0
1779285628167,845,UAS-02,514.1,18.77,21.10,2.33,12.47,29.9,0.869,1,1,46.0,0.07,38.29,30.0,0
1779285628200,846,GND-VEH-01,448.5,18.76,20.96,2.20,11.26,30.8,0.776,1,1,46.0,0.32,38.41,29.8,0
1779285628233,847,PERSON-01,670.3,18.81,20.61,1.80,11.54,30.2,0.808,1,1,46.0,0.50,38.35,29.9,0
1779285628267,848,UAS-01,424.3,18.73,21.08,2.35,12.54,29.4,0.172,0,0,46.0,0.00,38.49,30.0,0
1779285628300,849,UAS-02,416.8,18.93,20.88,1.95,12.05,29.8,0.820,1,1,46.8,0.36,38.52,29.9,0
1779285628333,850,GND-VEH-01,465.4,19.12,21.46,2.34,12.08,29.8,0.835,1,1,46.0,0.01,38.42,30.0,0
1779285628367,851,PERSON-01,470.0,19.07,21.26,2.19,11.81,29.3,0.817,1,1,46.0,0.47,38.89,30.1,0
1779285628400,852,UAS-01,391.4,19.12,21.58,2.46,12.43,29.7,0.879,1,1,46.0,0.82,38.25,30.0,0
1779285628433,853,UAS-02,563.0,18.91,20.99,2.09,11.87,28.9,0.186,0,0,46.0,0.00,38.26,30.2,0
1779285628467,854,GND-VEH-01,578.5,19.15,21.16,2.01,11.26,31.8,0.187,0,0,46.0,0.00,38.17,30.1,0
1779285628500,855,PERSON-01,594.8,19.01,21.10,2.10,11.10,30.3,0.779,1,1,48.9,0.28,38.11,30.0,0
1779285628533,856,UAS-01,386.2,19.05,21.14,2.09,12.15,29.0,0.205,0,0,47.2,0.00,38.45,30.0,0
1779285628567,857,UAS-02,601.4,19.15,21.06,1.91,10.47,30.1,0.170,0,0,46.0,0.00,38.39,30.2,0
1779285628600,858,GND-VEH-01,580.0,19.08,21.01,1.93,11.78,29.5,0.808,1,1,46.0,1.02,38.10,30.1,0
1779285628633,859,PERSON-01,395.4,19.11,21.30,2.20,11.92,30.4,0.851,1,1,46.1,0.48,38.24,30.2,0
1779285628667,860,UAS-01,390.0,18.89,20.91,2.02,12.51,28.8,0.864,1,1,46.4,1.01,38.22,30.0,0
1779285628700,861,UAS-02,532.9,18.79,20.98,2.19,11.92,30.0,0.845,1,1,47.3,0.12,38.09,30.0,0
1779285628733,862,GND-VEH-01,965.6,18.99,20.83,1.84,11.09,29.2,0.758,1,1,46.0,0.21,38.37,30.0,0
1779285628767,863,PERSON-01,301.7,19.18,21.66,2.49,12.44,29.0,0.854,1,1,46.0,0.83,38.34,29.8,0
1779285628800,864,UAS-01,503.3,19.15,21.30,2.15,11.83,30.7,0.826,1,1,46.0,0.16,38.80,30.0,0
1779285628833,865,UAS-02,494.4,19.20,21.33,2.13,11.46,30.7,0.790,1,1,46.3,0.68,38.69,30.1,0
1779285628867,866,GND-VEH-01,612.7,18.77,21.13,2.35,12.13,30.0,0.853,1,1,46.0,0.27,38.80,29.9,0
1779285628900,867,PERSON-01,510.7,19.12,21.12,2.00,11.57,29.8,0.763,1,1,46.0,0.66,38.75,29.9,0
1779285628933,868,UAS-01,421.3,19.09,21.49,2.40,12.78,30.4,0.900,1,1,47.0,0.82,38.47,30.1,0
1779285628967,869,UAS-02,554.0,18.80,21.08,2.28,10.88,31.3,0.762,1,1,46.5,0.56,38.52,29.9,0
1779285629000,870,GND-VEH-01,372.2,19.18,21.46,2.29,11.99,30.4,0.857,1,1,47.8,0.60,39.10,30.0,0
1779285629033,871,PERSON-01,326.2,19.12,21.37,2.25,12.29,28.8,0.185,0,0,124.4,0.00,38.50,30.2,0
1779285629067,872,UAS-01,620.8,18.95,21.25,2.29,11.91,30.3,0.842,1,1,46.0,0.44,38.44,30.1,0
1779285629100,873,UAS-02,531.0,19.01,21.11,2.10,11.47,30.7,0.796,1,1,46.0,0.40,38.46,30.0,0
1779285629133,874,GND-VEH-01,475.0,18.76,20.71,1.96,12.20,29.6,0.852,1,1,46.0,0.47,38.75,30.0,0
1779285629167,875,PERSON-01,690.0,18.62,20.66,2.04,11.15,28.9,0.772,1,1,47.3,0.05,38.32,30.1,0
1779285629200,876,UAS-01,502.0,19.09,20.98,1.90,10.93,30.1,0.732,1,1,48.9,0.07,38.76,29.9,0
1779285629233,877,UAS-02,334.3,18.97,21.43,2.46,12.46,29.7,0.864,1,1,46.0,0.39,38.75,29.9,0
1779285629267,878,GND-VEH-01,1036.8,19.16,20.80,1.64,10.93,29.1,0.769,1,1,47.0,0.34,38.41,30.0,0
1779285629300,879,PERSON-01,471.6,18.76,21.18,2.43,11.84,31.1,0.162,0,0,134.2,0.00,38.98,29.9,0
1779285629333,880,UAS-01,541.0,18.80,20.90,2.10,12.64,30.5,0.906,1,1,46.4,0.91,38.70,30.1,0
1779285629367,881,UAS-02,373.7,18.98,21.10,2.12,12.05,30.1,0.142,0,0,49.5,0.00,38.67,30.0,0
1779285629400,882,GND-VEH-01,497.9,19.00,20.93,1.92,11.60,29.1,0.803,1,1,46.0,0.05,38.72,30.0,0
1779285629433,883,PERSON-01,509.5,18.93,20.88,1.94,11.97,30.3,0.853,1,1,46.0,0.18,38.64,29.8,0
1779285629467,884,UAS-01,771.9,19.43,21.57,2.13,11.42,29.3,0.154,0,0,46.0,0.00,38.36,30.0,0
1779285629500,885,UAS-02,310.8,18.91,21.13,2.22,11.81,29.7,0.794,1,1,145.7,0.48,38.67,30.0,0
1779285629533,886,GND-VEH-01,498.0,19.14,21.37,2.23,11.77,31.4,0.822,1,1,46.0,0.27,38.94,30.1,0
1779285629567,887,PERSON-01,505.9,19.09,21.25,2.15,12.00,30.8,0.860,1,1,46.2,0.50,39.11,22.5,1
1779285629600,888,UAS-01,419.8,18.86,20.80,1.95,11.17,29.1,0.792,1,1,46.0,1.03,39.14,30.1,0
1779285629633,889,UAS-02,584.6,19.25,21.32,2.07,11.79,29.8,0.164,0,0,46.9,0.00,38.67,29.9,0
1779285629667,890,GND-VEH-01,344.1,18.99,21.25,2.26,11.29,29.1,0.786,1,1,46.0,0.36,39.09,29.8,0
1779285629700,891,PERSON-01,475.6,19.23,21.37,2.14,11.44,30.0,0.193,0,0,48.3,0.00,38.67,30.0,0
1779285629733,892,UAS-01,341.4,19.09,21.41,2.31,12.56,29.4,0.891,1,1,46.6,0.79,39.40,30.0,0
1779285629767,893,UAS-02,411.4,18.91,21.31,2.39,11.36,30.8,0.211,0,0,47.1,0.00,39.21,30.1,0
1779285629800,894,GND-VEH-01,575.1,19.01,20.90,1.89,11.04,28.7,0.748,1,1,47.9,0.17,38.72,30.1,0
1779285629833,895,PERSON-01,707.8,18.92,21.10,2.18,12.24,29.6,0.865,1,1,46.1,0.15,38.33,30.1,0
1779285629867,896,UAS-01,627.6,19.12,21.34,2.21,11.64,30.8,0.185,0,0,48.1,0.00,38.81,30.1,0
1779285629900,897,UAS-02,576.3,18.89,20.92,2.03,11.62,29.4,0.814,1,1,46.0,0.42,38.74,30.0,0
1779285629933,898,GND-VEH-01,352.6,18.96,21.31,2.35,12.68,30.4,0.919,1,1,112.3,0.06,39.01,29.9,0
1779285629967,899,PERSON-01,301.0,18.99,21.46,2.47,12.46,29.9,0.887,1,1,46.0,0.37,38.87,30.0,0
1779285630000,900,UAS-01,420.7,18.80,21.03,2.23,12.57,29.2,0.864,1,1,46.0,0.45,39.33,29.9,0
1779285630033,901,UAS-02,629.0,18.87,20.66,1.79,10.58,31.1,0.724,1,1,46.0,0.38,39.34,22.1,1
1779285630067,902,GND-VEH-01,425.4,18.84,21.41,2.56,12.61,28.5,0.880,1,1,48.1,0.87,39.50,30.0,0
1779285630100,903,PERSON-01,722.0,19.09,21.13,2.05,11.85,28.1,0.220,0,0,46.2,0.00,38.92,30.0,0
1779285630133,904,UAS-01,695.0,18.88,21.23,2.35,12.20,30.3,0.193,0,0,47.1,0.00,39.29,29.9,0
1779285630167,905,UAS-02,705.4,18.75,20.71,1.96,11.91,30.5,0.815,1,1,46.0,0.16,39.16,30.0,0
1779285630200,906,GND-VEH-01,351.0,19.10,21.64,2.54,12.86,28.3,0.898,1,1,46.6,0.15,39.53,30.0,0
1779285630233,907,PERSON-01,469.1,19.19,21.33,2.14,11.72,29.8,0.832,1,1,46.6,0.09,38.95,30.0,0
1779285630267,908,UAS-01,375.4,19.08,21.53,2.45,12.52,29.4,0.869,1,1,47.9,1.34,38.85,22.1,1
1779285630300,909,UAS-02,624.5,19.02,21.21,2.19,11.57,30.7,0.148,0,0,46.0,0.00,39.17,30.0,0
1779285630333,910,GND-VEH-01,315.4,18.90,21.21,2.31,11.02,29.8,0.147,0,0,46.0,0.00,39.25,30.0,0
1779285630367,911,PERSON-01,351.5,19.20,21.42,2.22,11.63,29.6,0.814,1,1,46.5,0.05,39.05,30.0,0
1779285630400,912,UAS-01,607.3,19.23,21.18,1.95,10.67,28.6,0.722,1,1,46.0,0.44,39.09,29.9,0
1779285630433,913,UAS-02,512.1,19.07,21.54,2.47,11.69,29.2,0.816,1,1,50.7,0.27,39.08,30.0,0
1779285630467,914,GND-VEH-01,820.3,18.72,20.59,1.87,11.21,28.5,0.190,0,0,46.3,0.00,39.14,30.0,0
1779285630500,915,PERSON-01,378.6,18.97,21.51,2.53,12.25,30.3,0.173,0,0,47.9,0.00,39.32,30.1,0
1779285630533,916,UAS-01,501.4,19.12,21.41,2.30,12.59,31.1,0.180,0,0,46.0,0.00,39.22,30.1,0
1779285630567,917,UAS-02,399.9,19.30,21.55,2.25,12.29,30.2,0.856,1,1,46.0,0.26,39.36,29.9,0
1779285630600,918,GND-VEH-01,605.5,19.06,21.32,2.26,11.88,31.7,0.795,1,1,46.3,0.20,38.67,30.1,0
1779285630633,919,PERSON-01,565.1,19.15,21.18,2.03,11.78,28.4,0.822,1,1,47.4,0.87,39.01,30.0,0
1779285630667,920,UAS-01,340.7,19.11,21.16,2.05,11.32,31.1,0.181,0,0,46.2,0.00,39.35,30.1,0
1779285630700,921,UAS-02,391.2,19.07,21.55,2.48,12.06,28.8,0.159,0,0,48.9,0.00,39.21,29.8,0
1779285630733,922,GND-VEH-01,414.5,19.01,20.93,1.92,11.40,28.9,0.759,1,1,46.5,0.75,39.31,29.9,0
1779285630767,923,PERSON-01,400.2,18.90,21.00,2.10,11.24,28.4,0.776,1,1,46.0,0.57,39.14,30.0,0
1779285630800,924,UAS-01,591.6,19.07,21.26,2.20,12.44,29.0,0.875,1,1,46.0,0.52,39.49,29.8,0
1779285630833,925,UAS-02,330.5,18.93,21.33,2.39,12.12,30.4,0.169,0,0,47.8,0.00,39.08,29.9,0
1779285630867,926,GND-VEH-01,563.9,18.88,21.09,2.21,12.65,28.1,0.885,1,1,47.2,0.12,39.32,30.0,0
1779285630900,927,PERSON-01,828.7,18.83,20.73,1.90,11.08,29.5,0.202,0,0,47.3,0.00,39.64,30.0,0
1779285630933,928,UAS-01,531.6,19.08,21.16,2.09,11.84,29.9,0.849,1,1,46.6,0.11,39.50,30.0,0
1779285630967,929,UAS-02,607.4,18.89,21.05,2.16,11.49,31.0,0.195,0,0,46.4,0.00,39.42,30.0,0
1779285631000,930,GND-VEH-01,578.7,19.17,21.17,2.00,11.50,32.3,0.783,1,1,46.0,0.75,39.41,30.0,0
1779285631033,931,PERSON-01,483.5,19.25,21.59,2.34,11.61,30.9,0.811,1,1,46.0,0.61,39.66,30.0,0
1779285631067,932,UAS-01,621.0,18.84,21.09,2.25,12.10,30.7,0.824,1,1,46.0,0.58,39.58,30.0,0
1779285631100,933,UAS-02,647.8,19.18,21.60,2.43,12.52,27.5,0.860,1,1,46.1,0.33,39.67,30.0,0
1779285631133,934,GND-VEH-01,531.0,19.12,21.09,1.96,12.15,30.6,0.855,1,1,47.4,0.61,39.61,30.1,0
1779285631167,935,PERSON-01,485.5,19.16,20.99,1.83,12.02,28.4,0.856,1,1,46.0,0.67,39.77,30.0,0
1779285631200,936,UAS-01,469.3,18.91,21.19,2.28,12.24,31.4,0.870,1,1,47.4,1.00,39.39,30.1,0
1779285631233,937,UAS-02,446.9,18.82,21.19,2.38,12.48,30.4,0.845,1,1,47.7,0.27,39.11,30.1,0
1779285631267,938,GND-VEH-01,350.8,18.89,21.34,2.45,12.10,30.8,0.817,1,1,46.0,0.84,39.18,29.8,0
1779285631300,939,PERSON-01,439.4,18.73,20.98,2.25,12.41,28.9,0.884,1,1,46.1,0.34,39.33,30.0,0
1779285631333,940,UAS-01,575.8,19.01,21.49,2.48,12.42,29.6,0.857,1,1,46.1,0.10,39.61,30.0,0
1779285631367,941,UAS-02,453.7,19.19,21.38,2.19,11.67,30.5,0.812,1,1,122.7,0.09,39.67,30.0,0
1779285631400,942,GND-VEH-01,321.7,19.03,21.30,2.28,11.13,29.5,0.761,1,1,46.0,0.13,39.39,30.1,0
1779285631433,943,PERSON-01,323.2,18.89,21.10,2.22,11.65,30.1,0.203,0,0,47.8,0.00,39.83,30.2,0
1779285631467,944,UAS-01,924.3,18.84,20.72,1.88,11.33,29.5,0.766,1,1,46.0,0.50,39.33,29.9,0
1779285631500,945,UAS-02,733.0,18.73,20.68,1.95,11.73,29.9,0.800,1,1,46.0,0.78,39.43,30.1,0
1779285631533,946,GND-VEH-01,592.6,19.00,20.95,1.94,11.66,30.3,0.160,0,0,47.3,0.00,39.37,30.1,0
1779285631567,947,PERSON-01,608.2,19.06,21.19,2.13,11.69,30.1,0.807,1,1,47.0,0.45,40.02,30.0,0
1779285631600,948,UAS-01,382.0,19.14,21.28,2.14,11.37,30.7,0.220,0,0,48.7,0.00,39.91,30.0,0
1779285631633,949,UAS-02,542.3,19.21,21.64,2.43,12.28,30.8,0.208,0,0,46.0,0.00,39.68,30.2,0
1779285631667,950,GND-VEH-01,441.1,19.18,21.51,2.33,11.56,30.3,0.801,1,1,46.7,0.05,39.36,29.9,0
1779285631700,951,PERSON-01,596.3,19.03,21.13,2.10,10.75,31.6,0.190,0,0,46.0,0.00,39.77,30.0,0
1779285631733,952,UAS-01,593.8,19.09,21.37,2.28,12.55,30.4,0.891,1,1,47.8,0.53,40.00,29.8,0
1779285631767,953,UAS-02,417.5,19.07,21.28,2.21,12.16,29.8,0.861,1,1,46.0,0.92,39.67,19.4,1
1779285631800,954,GND-VEH-01,355.5,19.05,21.35,2.30,12.12,28.5,0.839,1,1,46.0,0.08,39.07,20.0,1
1779285631833,955,PERSON-01,459.8,18.97,21.10,2.13,11.36,28.0,0.178,0,0,47.4,0.00,39.68,30.1,0
1779285631867,956,UAS-01,509.2,19.09,21.47,2.39,11.25,30.0,0.160,0,0,46.1,0.00,39.77,30.0,0
1779285631900,957,UAS-02,595.4,19.20,21.19,1.99,11.46,29.6,0.812,1,1,46.1,0.76,39.70,30.0,0
1779285631933,958,GND-VEH-01,339.7,19.00,21.19,2.19,12.10,29.4,0.835,1,1,47.2,1.16,40.04,30.0,0
1779285631967,959,PERSON-01,321.5,18.79,21.06,2.27,11.91,28.4,0.832,1,1,46.0,0.58,40.01,29.9,0
1779285632000,960,UAS-01,633.2,18.76,20.62,1.86,11.00,30.2,0.746,1,1,49.9,1.25,39.72,30.0,0
1779285632033,961,UAS-02,486.4,19.06,21.52,2.46,13.11,29.7,0.925,1,1,46.3,0.67,39.63,30.1,0
1779285632067,962,GND-VEH-01,311.1,18.65,20.85,2.20,11.67,29.5,0.805,1,1,47.2,0.22,39.84,30.0,0
1779285632100,963,PERSON-01,1000.1,19.19,21.14,1.95,11.60,30.5,0.807,1,1,47.8,0.74,39.90,30.0,0
1779285632133,964,UAS-01,313.0,18.90,20.94,2.04,11.57,29.2,0.212,0,0,46.0,0.00,39.87,30.1,0
1779285632167,965,UAS-02,357.2,18.99,21.37,2.38,11.52,28.8,0.772,1,1,46.1,0.15,39.45,21.4,1
1779285632200,966,GND-VEH-01,377.2,19.15,21.23,2.08,12.09,30.6,0.828,1,1,46.0,0.24,39.39,30.0,0
1779285632233,967,PERSON-01,371.5,18.95,21.42,2.47,12.51,29.4,0.242,0,0,47.6,0.00,39.75,29.9,0
1779285632267,968,UAS-01,785.0,18.76,20.82,2.06,12.01,29.5,0.845,1,1,47.6,0.06,39.62,19.8,1
1779285632300,969,UAS-02,319.8,18.96,21.36,2.41,12.26,31.6,0.850,1,1,46.6,0.32,39.65,30.2,0
1779285632333,970,GND-VEH-01,493.4,19.19,21.58,2.39,12.73,28.3,0.893,1,1,46.0,0.79,39.81,29.9,0
1779285632367,971,PERSON-01,475.7,19.15,21.63,2.48,12.01,30.7,0.837,1,1,48.5,0.54,39.60,30.1,0
1779285632400,972,UAS-01,449.1,18.95,21.36,2.41,12.09,30.4,0.239,0,0,46.0,0.00,39.58,29.9,0
1779285632433,973,UAS-02,392.1,19.17,21.41,2.24,12.29,29.9,0.243,0,0,46.7,0.00,39.94,30.0,0
1779285632467,974,GND-VEH-01,328.4,18.95,21.12,2.17,10.91,29.8,0.733,1,1,46.0,1.36,40.10,30.0,0
1779285632500,975,PERSON-01,335.5,19.13,21.64,2.50,12.13,30.5,0.212,0,0,46.0,0.00,39.39,30.1,0
1779285632533,976,UAS-01,352.2,19.07,21.63,2.57,12.63,31.0,0.899,1,1,46.8,0.23,39.54,30.0,0
1779285632567,977,UAS-02,332.9,18.92,21.18,2.26,12.29,31.5,0.176,0,0,46.4,0.00,39.68,30.0,0
1779285632600,978,GND-VEH-01,839.0,19.02,20.96,1.94,11.20,30.1,0.773,1,1,48.1,0.28,40.04,29.9,0
1779285632633,979,PERSON-01,605.1,18.82,20.63,1.82,11.51,30.2,0.797,1,1,46.0,0.26,40.07,30.0,0
1779285632667,980,UAS-01,408.4,19.02,21.17,2.15,11.47,30.1,0.206,0,0,46.2,0.00,39.96,30.0,0
1779285632700,981,UAS-02,633.0,19.41,21.74,2.33,11.46,31.5,0.791,1,1,46.0,0.63,40.00,30.0,0
1779285632733,982,GND-VEH-01,392.4,18.93,21.20,2.27,11.82,30.1,0.822,1,1,46.0,0.04,39.94,30.0,0
1779285632767,983,PERSON-01,376.1,19.01,21.30,2.29,11.99,30.6,0.171,0,0,46.0,0.00,39.87,30.2,0
1779285632800,984,UAS-01,478.1,18.68,20.89,2.21,11.86,30.1,0.790,1,1,46.0,0.80,40.20,29.8,0
1779285632833,985,UAS-02,390.9,19.13,21.43,2.29,11.55,30.3,0.795,1,1,48.0,0.01,39.62,30.0,0
1779285632867,986,GND-VEH-01,376.5,18.87,20.86,1.99,10.85,29.5,0.726,1,1,46.0,0.20,40.03,30.1,0
1779285632900,987,PERSON-01,555.6,18.95,21.04,2.09,11.56,29.9,0.828,1,1,47.4,0.01,39.87,30.2,0
1779285632933,988,UAS-01,406.8,18.77,21.09,2.32,11.67,29.4,0.782,1,1,46.0,0.30,39.74,30.0,0
1779285632967,989,UAS-02,492.6,18.90,20.85,1.95,11.27,29.3,0.785,1,1,46.0,0.76,39.91,30.1,0
1779285633000,990,GND-VEH-01,650.9,18.96,20.88,1.92,11.33,29.0,0.808,1,1,46.0,1.07,39.95,30.1,0
1779285633033,991,PERSON-01,374.9,19.20,21.41,2.22,3.88,30.8,0.259,0,0,46.0,0.00,40.73,30.1,0
1779285633067,992,UAS-01,703.7,19.07,21.02,1.95,2.78,30.7,0.211,0,0,46.0,0.00,40.46,19.0,1
1779285633100,993,UAS-02,548.8,18.81,21.05,2.24,3.46,31.3,0.213,0,0,47.2,0.00,40.08,30.1,0
1779285633133,994,GND-VEH-01,556.2,19.26,21.64,2.38,3.48,31.0,0.179,0,0,46.0,0.00,40.31,30.0,0
1779285633167,995,PERSON-01,416.5,18.96,21.36,2.39,4.86,30.5,0.400,1,0,47.1,0.04,40.39,21.8,1
1779285633200,996,UAS-01,720.0,18.99,21.24,2.25,4.56,30.3,0.167,0,0,47.8,0.00,40.13,30.0,0
1779285633233,997,UAS-02,549.5,18.81,21.07,2.26,3.67,29.8,0.187,0,0,114.0,0.00,40.13,30.0,0
1779285633267,998,GND-VEH-01,477.7,19.01,21.27,2.26,4.23,31.3,0.221,0,0,47.0,0.00,40.00,30.0,0
1779285633300,999,PERSON-01,830.0,19.01,21.13,2.12,3.32,31.2,0.225,0,0,46.0,0.00,40.52,30.2,0
1779285633333,1000,UAS-01,497.6,18.85,20.59,1.75,3.05,28.3,0.252,0,0,47.4,0.00,40.32,29.9,0
1779285633367,1001,UAS-02,776.2,18.93,20.83,1.90,4.08,29.6,0.214,0,0,46.5,0.00,40.20,30.1,0
1779285633400,1002,GND-VEH-01,307.3,18.89,20.95,2.06,3.54,30.7,0.400,1,0,48.0,0.00,40.54,29.9,0
1779285633433,1003,PERSON-01,451.8,18.73,21.15,2.42,4.18,30.0,0.400,1,0,46.4,0.35,40.16,30.1,0
1779285633467,1004,UAS-01,319.4,18.90,20.99,2.09,4.41,29.6,0.191,0,0,50.3,0.00,39.88,29.9,0
1779285633500,1005,UAS-02,483.9,18.61,20.50,1.88,3.26,29.1,0.214,0,0,46.1,0.00,40.33,29.9,0
1779285633533,1006,GND-VEH-01,414.6,18.94,20.89,1.95,3.90,31.7,0.200,0,0,46.0,0.00,40.39,30.0,0
1779285633567,1007,PERSON-01,471.3,18.89,20.65,1.76,3.64,30.2,0.182,0,0,46.0,0.00,40.06,30.0,0
1779285633600,1008,UAS-01,403.8,19.03,21.30,2.28,3.35,29.6,0.206,0,0,47.2,0.00,40.31,29.9,0
1779285633633,1009,UAS-02,607.9,19.07,21.25,2.18,3.05,30.9,0.212,0,0,46.0,0.00,40.61,29.9,0
1779285633667,1010,GND-VEH-01,577.1,18.83,21.23,2.41,4.12,29.7,0.235,0,0,46.0,0.00,40.56,30.0,0
1779285633700,1011,PERSON-01,564.2,19.15,21.26,2.10,3.79,29.9,0.143,0,0,46.9,0.00,40.24,29.9,0
1779285633733,1012,UAS-01,358.4,19.12,21.10,1.99,3.14,30.5,0.244,0,0,46.4,0.00,40.49,30.0,0
1779285633767,1013,UAS-02,488.6,19.18,21.65,2.46,4.32,29.0,0.218,0,0,46.0,0.00,40.70,29.9,0
1779285633800,1014,GND-VEH-01,417.8,19.12,21.63,2.51,4.09,31.7,0.400,1,0,46.0,0.75,40.47,30.0,0
1779285633833,1015,PERSON-01,477.5,18.85,21.20,2.35,4.75,30.7,0.400,1,0,46.8,0.55,40.17,29.9,0
1779285633867,1016,UAS-01,642.4,19.10,21.26,2.16,4.70,31.1,0.183,0,0,46.0,0.00,40.46,30.0,0
1779285633900,1017,UAS-02,664.1,19.18,21.08,1.90,4.06,29.4,0.199,0,0,46.0,0.00,40.72,30.1,0
1779285633933,1018,GND-VEH-01,390.1,18.86,20.93,2.07,3.45,30.7,0.178,0,0,46.0,0.00,40.27,30.0,0
1779285633967,1019,PERSON-01,367.9,19.01,21.25,2.24,4.31,28.4,0.216,0,0,46.0,0.00,40.45,29.9,0
1779285634000,1020,UAS-01,444.5,18.87,21.11,2.24,4.55,29.2,0.245,0,0,46.0,0.00,40.46,29.9,0
1779285634033,1021,UAS-02,438.7,19.15,21.45,2.30,3.43,31.6,0.206,0,0,49.5,0.00,40.55,30.1,0
1779285634067,1022,GND-VEH-01,562.6,19.14,21.15,2.00,3.42,30.6,0.200,0,0,46.0,0.00,40.99,30.1,0
1779285634100,1023,PERSON-01,340.8,19.13,21.20,2.07,3.42,31.5,0.147,0,0,46.0,0.00,40.11,29.8,0
1779285634133,1024,UAS-01,396.4,19.12,21.45,2.32,3.93,29.7,0.197,0,0,46.0,0.00,40.42,30.0,0
1779285634167,1025,UAS-02,367.4,18.91,21.15,2.23,4.28,29.5,0.400,1,0,186.9,1.15,40.68,30.0,0
1779285634200,1026,GND-VEH-01,388.2,18.91,21.15,2.23,3.43,29.5,0.171,0,0,46.4,0.00,40.70,30.0,0
1779285634233,1027,PERSON-01,454.2,18.84,21.54,2.70,4.42,31.2,0.163,0,0,49.4,0.00,40.62,30.1,0
1779285634267,1028,UAS-01,343.0,18.87,21.29,2.41,4.39,31.1,0.216,0,0,48.4,0.00,40.29,30.0,0
1779285634300,1029,UAS-02,587.5,18.85,20.81,1.96,3.61,29.4,0.203,0,0,46.0,0.00,40.49,29.9,0
1779285634333,1030,GND-VEH-01,387.0,18.91,21.22,2.31,3.88,29.5,0.182,0,0,47.4,0.00,40.38,30.0,0
1779285634367,1031,PERSON-01,432.8,18.81,21.03,2.22,3.32,30.7,0.236,0,0,46.8,0.00,40.19,30.1,0
1779285634400,1032,UAS-01,426.9,19.28,21.49,2.20,3.96,28.4,0.192,0,0,46.0,0.00,40.76,30.0,0
1779285634433,1033,UAS-02,368.5,19.05,21.04,1.99,3.64,29.2,0.196,0,0,49.3,0.00,40.90,30.0,0
1779285634467,1034,GND-VEH-01,535.5,19.10,21.30,2.21,3.38,28.8,0.237,0,0,46.0,0.00,40.96,30.0,0
1779285634500,1035,PERSON-01,528.8,19.29,21.37,2.07,3.55,29.0,0.250,0,0,48.1,0.00,40.90,30.1,0
1779285634533,1036,UAS-01,470.4,19.08,21.27,2.19,2.98,30.8,0.153,0,0,46.0,0.00,40.09,30.0,0
1779285634567,1037,UAS-02,715.1,18.84,20.81,1.97,3.86,29.1,0.237,0,0,48.2,0.00,40.53,30.2,0
1779285634600,1038,GND-VEH-01,920.6,19.16,20.91,1.75,3.73,29.9,0.400,1,0,46.0,0.84,40.79,29.9,0
1779285634633,1039,PERSON-01,307.7,19.16,21.41,2.25,4.14,31.1,0.151,0,0,47.7,0.00,40.44,30.0,0
1779285634667,1040,UAS-01,488.7,18.87,21.14,2.27,3.65,30.5,0.211,0,0,46.0,0.00,40.91,29.9,0
1779285634700,1041,UAS-02,312.4,19.16,21.31,2.15,3.96,30.0,0.214,0,0,47.2,0.00,40.83,29.8,0
1779285634733,1042,GND-VEH-01,355.3,19.16,21.19,2.04,3.73,29.2,0.166,0,0,46.0,0.00,40.68,29.9,0
1779285634767,1043,PERSON-01,449.4,19.01,21.21,2.20,3.39,30.5,0.245,0,0,46.3,0.00,40.92,30.0,0
1779285634800,1044,UAS-01,368.0,18.86,20.91,2.05,3.15,31.7,0.198,0,0,46.0,0.00,40.97,23.5,1
1779285634833,1045,UAS-02,591.0,19.01,21.21,2.19,3.64,30.3,0.150,0,0,46.0,0.00,40.69,30.0,0
1779285634867,1046,GND-VEH-01,776.2,19.23,21.01,1.78,3.67,30.0,0.181,0,0,46.8,0.00,40.81,29.9,0
1779285634900,1047,PERSON-01,560.6,19.30,21.21,1.91,3.01,31.0,0.187,0,0,46.1,0.00,40.44,29.9,0
1779285634933,1048,UAS-01,775.7,18.96,20.78,1.81,3.52,29.6,0.237,0,0,46.0,0.00,40.77,29.8,0
1779285634967,1049,UAS-02,554.4,19.02,21.40,2.38,4.10,31.6,0.236,0,0,46.0,0.00,40.87,30.0,0
1779285635000,1050,GND-VEH-01,436.9,19.16,21.24,2.08,3.23,30.8,0.232,0,0,46.0,0.00,40.48,30.1,0
1779285635033,1051,PERSON-01,532.2,19.10,21.24,2.14,4.35,29.7,0.216,0,0,46.0,0.00,41.63,30.0,0
1779285635067,1052,UAS-01,554.8,18.99,20.85,1.86,3.21,30.3,0.204,0,0,46.8,0.00,40.55,30.0,0
1779285635100,1053,UAS-02,541.6,19.07,21.02,1.95,3.61,30.4,0.215,0,0,46.0,0.00,40.64,30.0,0
1779285635133,1054,GND-VEH-01,592.5,19.00,21.32,2.32,5.06,28.9,0.185,0,0,46.0,0.00,40.82,30.0,0
1779285635167,1055,PERSON-01,366.8,19.14,21.37,2.23,4.39,29.4,0.213,0,0,46.0,0.00,40.77,29.9,0
1779285635200,1056,UAS-01,374.4,18.88,21.04,2.16,3.25,31.4,0.223,0,0,46.0,0.00,40.90,29.9,0
1779285635233,1057,UAS-02,553.6,18.82,20.65,1.83,3.42,29.2,0.206,0,0,134.6,0.00,40.57,30.0,0
1779285635267,1058,GND-VEH-01,355.3,18.94,21.56,2.62,4.59,29.8,0.400,1,0,46.0,0.29,41.13,30.0,0
1779285635300,1059,PERSON-01,364.4,19.15,21.21,2.06,4.13,29.0,0.204,0,0,48.2,0.00,41.09,30.0,0
1779285635333,1060,UAS-01,430.3,19.18,21.58,2.40,3.67,30.7,0.163,0,0,46.0,0.00,40.94,30.1,0
1779285635367,1061,UAS-02,337.5,19.17,21.50,2.33,3.87,30.6,0.216,0,0,46.0,0.00,40.85,29.9,0
1779285635400,1062,GND-VEH-01,744.4,19.07,21.17,2.09,3.47,29.8,0.147,0,0,46.0,0.00,40.74,30.0,0
1779285635433,1063,PERSON-01,644.5,19.11,20.97,1.87,3.43,30.7,0.183,0,0,47.1,0.00,40.74,30.1,0
1779285635467,1064,UAS-01,665.0,18.99,20.96,1.97,3.30,30.2,0.173,0,0,46.8,0.00,40.98,30.0,0
1779285635500,1065,UAS-02,658.0,19.27,21.09,1.82,3.55,31.9,0.224,0,0,46.0,0.00,41.36,29.9,0
1779285635533,1066,GND-VEH-01,509.7,19.29,21.22,1.94,3.51,32.1,0.192,0,0,46.0,0.00,40.89,30.0,0
1779285635567,1067,PERSON-01,332.0,18.96,21.37,2.41,4.06,30.5,0.212,0,0,46.0,0.00,40.64,30.0,0
1779285635600,1068,UAS-01,323.7,18.90,21.35,2.45,4.19,29.5,0.194,0,0,46.0,0.00,40.77,30.0,0
1779285635633,1069,UAS-02,555.8,18.90,21.13,2.23,4.04,30.8,0.196,0,0,46.0,0.00,41.48,30.1,0
1779285635667,1070,GND-VEH-01,533.7,18.99,21.03,2.04,3.37,28.0,0.218,0,0,46.0,0.00,41.11,30.0,0
1779285635700,1071,PERSON-01,333.3,19.03,21.61,2.58,4.94,30.3,0.400,1,0,46.0,0.16,41.20,19.8,1
1779285635733,1072,UAS-01,657.7,19.21,21.48,2.27,3.84,31.6,0.196,0,0,46.0,0.00,40.96,30.0,0
1779285635767,1073,UAS-02,320.9,18.80,21.14,2.34,4.22,29.6,0.183,0,0,46.2,0.00,41.06,30.0,0
1779285635800,1074,GND-VEH-01,646.4,19.01,21.34,2.33,3.59,29.9,0.221,0,0,46.0,0.00,40.93,30.0,0
1779285635833,1075,PERSON-01,406.1,18.91,20.94,2.02,3.72,30.8,0.191,0,0,46.3,0.00,41.07,30.0,0
1779285635867,1076,UAS-01,527.9,19.16,21.36,2.20,3.52,29.5,0.173,0,0,46.0,0.00,41.18,30.0,0
1779285635900,1077,UAS-02,855.7,18.90,20.73,1.83,2.89,31.0,0.208,0,0,48.1,0.00,41.33,30.1,0
1779285635933,1078,GND-VEH-01,349.1,18.91,21.34,2.43,4.40,28.4,0.174,0,0,47.9,0.00,41.26,30.1,0
1779285635967,1079,PERSON-01,850.3,18.87,21.04,2.17,3.88,31.2,0.400,1,0,46.0,0.11,41.29,30.0,0
1779285636000,1080,UAS-01,330.2,18.95,21.45,2.50,3.87,30.9,0.154,0,0,46.0,0.00,41.18,29.8,0
1779285636033,1081,UAS-02,464.9,18.97,21.29,2.33,4.38,31.3,0.213,0,0,46.0,0.00,41.36,29.9,0
1779285636067,1082,GND-VEH-01,474.9,18.86,20.80,1.94,3.80,29.8,0.178,0,0,48.1,0.00,40.89,30.1,0
1779285636100,1083,PERSON-01,468.2,19.08,21.21,2.13,4.20,30.4,0.226,0,0,46.0,0.00,41.06,30.0,0
1779285636133,1084,UAS-01,305.4,18.99,21.10,2.11,3.68,28.3,0.235,0,0,47.8,0.00,41.44,30.0,0
1779285636167,1085,UAS-02,649.5,19.07,21.25,2.17,4.96,28.5,0.216,0,0,48.8,0.00,41.18,29.9,0
1779285636200,1086,GND-VEH-01,415.5,19.05,21.20,2.15,3.43,29.9,0.173,0,0,47.3,0.00,41.28,30.0,0
1779285636233,1087,PERSON-01,659.2,18.76,20.92,2.16,4.10,29.4,0.199,0,0,49.2,0.00,40.95,29.9,0
1779285636267,1088,UAS-01,570.2,18.97,20.98,2.01,3.73,28.9,0.237,0,0,49.3,0.00,41.71,30.0,0
1779285636300,1089,UAS-02,596.5,18.88,21.06,2.18,3.99,29.0,0.212,0,0,46.0,0.00,41.00,30.1,0
1779285636333,1090,GND-VEH-01,571.2,18.91,21.08,2.16,3.90,30.4,0.227,0,0,48.7,0.00,41.35,29.8,0
1779285636367,1091,PERSON-01,526.2,18.91,21.04,2.13,3.54,30.1,0.400,1,0,46.4,0.85,41.32,29.9,0
1779285636400,1092,UAS-01,409.6,18.91,21.28,2.37,4.69,29.5,0.400,1,0,49.0,0.72,41.46,29.9,0
1779285636433,1093,UAS-02,635.6,19.07,21.23,2.16,4.00,30.5,0.183,0,0,48.8,0.00,41.34,23.1,1
1779285636467,1094,GND-VEH-01,875.4,19.04,21.20,2.16,3.81,30.7,0.199,0,0,46.0,0.00,41.48,29.9,0
1779285636500,1095,PERSON-01,721.0,19.05,21.29,2.25,4.11,30.3,0.168,0,0,46.3,0.00,41.41,29.9,0
1779285636533,1096,UAS-01,628.4,19.25,21.26,2.01,3.72,29.5,0.227,0,0,46.0,0.00,41.23,30.0,0
1779285636567,1097,UAS-02,759.8,19.14,21.24,2.09,3.47,29.7,0.150,0,0,47.0,0.00,41.81,30.0,0
1779285636600,1098,GND-VEH-01,450.3,19.01,21.37,2.36,3.61,30.1,0.244,0,0,46.3,0.00,41.65,29.9,0
1779285636633,1099,PERSON-01,416.6,19.28,21.46,2.18,3.13,30.6,0.197,0,0,46.0,0.00,41.60,29.9,0
1779285636667,1100,UAS-01,510.4,19.20,21.41,2.21,4.47,29.7,0.400,1,0,47.3,0.86,41.74,29.9,0
1779285636700,1101,UAS-02,397.6,18.89,20.90,2.01,3.68,28.7,0.173,0,0,47.9,0.00,41.70,29.9,0
1779285636733,1102,GND-VEH-01,463.4,19.02,20.92,1.91,3.07,29.9,0.167,0,0,46.0,0.00,41.36,30.0,0
1779285636767,1103,PERSON-01,797.6,18.81,20.92,2.10,3.56,30.6,0.260,0,0,46.0,0.00,41.41,30.1,0
1779285636800,1104,UAS-01,364.9,18.70,21.11,2.41,4.21,29.8,0.400,1,0,46.0,0.11,41.59,30.0,0
1779285636833,1105,UAS-02,616.1,18.89,20.91,2.02,3.18,31.9,0.242,0,0,46.0,0.00,41.68,30.1,0
1779285636867,1106,GND-VEH-01,361.8,18.88,21.36,2.49,4.08,29.4,0.186,0,0,46.0,0.00,41.53,30.0,0
1779285636900,1107,PERSON-01,512.4,18.96,21.20,2.24,3.96,29.3,0.192,0,0,46.6,0.00,41.44,30.0,0
1779285636933,1108,UAS-01,625.3,19.15,21.25,2.11,3.97,30.7,0.175,0,0,46.0,0.00,41.72,30.0,0
1779285636967,1109,UAS-02,332.2,18.89,21.19,2.30,4.03,30.6,0.180,0,0,46.4,0.00,41.55,30.0,0
1779285637000,1110,GND-VEH-01,409.7,18.91,21.00,2.08,3.20,31.1,0.179,0,0,46.5,0.00,41.54,30.1,0
1779285637033,1111,PERSON-01,548.6,18.92,20.86,1.94,3.15,30.2,0.155,0,0,46.0,0.00,41.00,30.0,0
1779285637067,1112,UAS-01,932.0,19.00,20.82,1.82,3.74,29.7,0.220,0,0,108.7,0.00,41.98,30.1,0
1779285637100,1113,UAS-02,358.2,19.26,21.65,2.39,3.81,29.9,0.215,0,0,46.7,0.00,41.57,30.0,0
1779285637133,1114,GND-VEH-01,472.6,18.77,20.93,2.16,3.56,30.1,0.400,1,0,46.0,1.23,41.30,30.0,0
1779285637167,1115,PERSON-01,388.8,18.87,21.02,2.15,4.13,29.5,0.257,0,0,47.4,0.00,42.09,30.1,0
1779285637200,1116,UAS-01,387.9,19.11,21.74,2.64,12.75,28.6,0.900,1,1,169.4,0.18,41.73,30.0,0
1779285637233,1117,UAS-02,766.8,19.15,21.42,2.27,10.84,30.6,0.215,0,0,47.4,0.00,42.14,29.9,0
1779285637267,1118,GND-VEH-01,330.4,18.91,21.16,2.25,11.88,29.6,0.847,1,1,46.0,0.09,41.74,30.0,0
1779285637300,1119,PERSON-01,540.8,18.99,21.31,2.32,12.86,30.9,0.885,1,1,46.0,1.35,41.44,29.9,0
1779285637333,1120,UAS-01,522.0,19.01,21.40,2.39,12.80,30.8,0.886,1,1,46.0,0.01,41.70,30.0,0
1779285637367,1121,UAS-02,307.1,18.84,21.16,2.32,11.54,30.2,0.819,1,1,174.0,0.27,41.49,30.1,0
1779285637400,1122,GND-VEH-01,466.9,19.15,21.27,2.11,12.16,28.7,0.846,1,1,46.4,0.24,41.90,30.1,0
1779285637433,1123,PERSON-01,347.8,19.01,21.43,2.42,12.66,30.7,0.898,1,1,46.0,0.59,41.80,30.1,0
1779285637467,1124,UAS-01,415.7,19.15,21.42,2.27,12.26,29.9,0.883,1,1,46.0,0.68,41.80,30.1,0
1779285637500,1125,UAS-02,426.7,19.09,21.04,1.95,11.74,28.4,0.227,0,0,46.0,0.00,41.59,30.0,0
1779285637533,1126,GND-VEH-01,585.6,19.13,21.30,2.17,11.58,29.3,0.803,1,1,48.3,0.41,41.71,30.0,0
1779285637567,1127,PERSON-01,604.7,19.08,21.42,2.34,11.80,29.5,0.823,1,1,47.5,0.35,41.68,30.0,0
1779285637600,1128,UAS-01,514.7,18.96,20.94,1.98,11.30,29.2,0.777,1,1,46.0,0.07,41.69,29.9,0
1779285637633,1129,UAS-02,498.3,18.99,21.29,2.29,12.05,28.6,0.204,0,0,48.6,0.00,41.85,30.0,0
1779285637667,1130,GND-VEH-01,484.7,18.81,20.69,1.88,11.16,30.3,0.788,1,1,46.9,0.30,41.46,30.0,0
1779285637700,1131,PERSON-01,438.0,18.76,21.21,2.45,12.60,29.8,0.898,1,1,46.0,0.47,42.03,30.1,0
1779285637733,1132,UAS-01,622.2,19.04,20.76,1.72,11.27,29.9,0.202,0,0,46.1,0.00,41.56,30.1,0
1779285637767,1133,UAS-02,502.7,18.84,21.10,2.26,11.47,29.4,0.198,0,0,46.0,0.00,41.67,30.1,0
1779285637800,1134,GND-VEH-01,386.4,18.98,21.16,2.18,11.84,30.7,0.184,0,0,48.6,0.00,41.86,30.1,0
1779285637833,1135,PERSON-01,344.5,19.01,21.28,2.26,11.76,29.2,0.807,1,1,46.0,0.35,41.73,29.9,0
1779285637867,1136,UAS-01,313.7,19.14,21.82,2.68,12.79,29.2,0.891,1,1,46.0,0.71,41.92,29.9,0
1779285637900,1137,UAS-02,642.2,19.28,21.61,2.33,12.33,29.3,0.863,1,1,46.5,0.83,42.08,30.1,0
1779285637933,1138,GND-VEH-01,384.0,19.11,21.24,2.13,11.87,29.9,0.813,1,1,46.0,0.36,42.26,30.1,0
1779285637967,1139,PERSON-01,364.8,19.02,21.23,2.21,12.04,29.6,0.183,0,0,46.0,0.00,41.81,30.0,0
1779285638000,1140,UAS-01,508.0,19.11,20.98,1.87,10.58,29.7,0.703,1,1,46.0,0.45,41.74,30.1,0
1779285638033,1141,UAS-02,548.6,19.12,21.13,2.01,10.86,30.3,0.208,0,0,46.6,0.00,41.60,30.0,0
1779285638067,1142,GND-VEH-01,735.0,19.07,21.14,2.07,12.55,30.1,0.884,1,1,46.0,0.03,42.14,30.1,0
1779285638100,1143,PERSON-01,516.7,19.09,21.37,2.27,12.21,30.4,0.834,1,1,47.0,0.69,41.92,29.9,0
1779285638133,1144,UAS-01,389.9,18.82,20.83,2.01,12.37,29.0,0.881,1,1,46.0,0.12,42.03,30.0,0
1779285638167,1145,UAS-02,306.0,18.83,21.04,2.20,12.02,31.6,0.847,1,1,46.2,0.39,41.59,29.9,0
1779285638200,1146,GND-VEH-01,675.4,18.77,20.62,1.86,11.50,30.5,0.809,1,1,46.0,0.66,41.99,29.9,0
1779285638233,1147,PERSON-01,465.2,19.18,21.33,2.15,11.96,29.1,0.818,1,1,46.0,0.47,42.15,22.3,1
1779285638267,1148,UAS-01,585.1,18.80,20.86,2.06,11.38,31.2,0.198,0,0,48.3,0.00,42.13,30.0,0
1779285638300,1149,UAS-02,482.8,18.90,21.13,2.23,11.92,29.4,0.829,1,1,46.1,0.04,41.96,30.0,0
1779285638333,1150,GND-VEH-01,685.7,19.12,21.19,2.07,11.47,29.8,0.213,0,0,47.2,0.00,42.32,29.9,0
1779285638367,1151,PERSON-01,477.4,19.10,21.12,2.02,10.90,29.5,0.735,1,1,46.0,0.15,41.88,30.1,0
1779285638400,1152,UAS-01,494.1,18.94,21.05,2.11,11.34,30.1,0.760,1,1,46.0,0.78,42.04,30.0,0
1779285638433,1153,UAS-02,331.8,19.30,21.65,2.35,12.47,30.4,0.888,1,1,46.0,1.03,42.04,30.0,0
1779285638467,1154,GND-VEH-01,547.6,19.08,21.41,2.33,11.24,29.8,0.757,1,1,46.0,0.31,41.73,29.9,0
1779285638500,1155,PERSON-01,594.4,19.01,20.95,1.94,12.13,30.5,0.863,1,1,46.0,0.33,41.96,30.1,0
1779285638533,1156,UAS-01,766.5,18.96,21.05,2.09,12.04,30.4,0.836,1,1,131.2,0.42,42.12,29.9,0
1779285638567,1157,UAS-02,396.0,19.04,20.99,1.95,10.93,30.2,0.753,1,1,46.0,1.14,42.33,30.0,0
1779285638600,1158,GND-VEH-01,444.9,19.19,21.34,2.15,12.00,28.6,0.851,1,1,47.2,0.11,42.28,29.9,0
1779285638633,1159,PERSON-01,360.7,19.06,21.18,2.12,12.01,30.4,0.828,1,1,47.1,0.07,42.20,30.0,0
1779285638667,1160,UAS-01,781.4,18.84,21.18,2.35,12.71,29.1,0.868,1,1,46.0,1.08,41.89,30.0,0
1779285638700,1161,UAS-02,879.8,18.79,21.00,2.21,12.05,30.1,0.847,1,1,47.2,0.79,42.52,30.1,0
1779285638733,1162,GND-VEH-01,680.8,19.00,21.31,2.32,12.78,29.4,0.892,1,1,46.0,0.03,41.86,22.3,1
1779285638767,1163,PERSON-01,520.1,19.14,21.45,2.32,12.11,30.9,0.259,0,0,46.0,0.00,42.65,30.1,0
1779285638800,1164,UAS-01,711.3,19.08,21.25,2.16,11.65,30.1,0.177,0,0,46.0,0.00,42.15,29.9,0
1779285638833,1165,UAS-02,306.9,19.21,21.65,2.44,12.07,30.6,0.825,1,1,46.9,0.31,41.83,30.1,0
1779285638867,1166,GND-VEH-01,605.0,19.09,21.06,1.97,11.78,28.3,0.786,1,1,46.1,0.76,41.95,30.2,0
1779285638900,1167,PERSON-01,336.2,18.96,21.59,2.63,12.22,30.2,0.858,1,1,47.1,0.19,42.32,30.0,0
1779285638933,1168,UAS-01,359.2,18.81,21.03,2.23,11.54,29.8,0.810,1,1,46.0,0.28,42.22,29.9,0
1779285638967,1169,UAS-02,307.8,18.81,21.22,2.41,11.60,30.8,0.781,1,1,46.0,0.63,42.21,30.0,0
1779285639000,1170,GND-VEH-01,629.4,19.20,21.07,1.86,12.02,29.4,0.838,1,1,46.0,0.10,42.41,30.0,0
1779285639033,1171,PERSON-01,315.0,19.15,21.29,2.14,11.90,31.2,0.834,1,1,47.7,1.40,42.17,30.2,0
1779285639067,1172,UAS-01,338.8,18.96,21.21,2.25,11.40,30.5,0.811,1,1,46.0,1.17,42.22,30.0,0
1779285639100,1173,UAS-02,305.3,18.94,21.29,2.35,12.06,30.4,0.813,1,1,47.0,0.73,42.49,30.0,0
1779285639133,1174,GND-VEH-01,321.9,19.03,21.09,2.06,11.97,29.2,0.820,1,1,46.0,0.30,42.57,29.9,0
1779285639167,1175,PERSON-01,524.4,19.00,21.05,2.05,12.09,29.8,0.838,1,1,49.0,0.75,42.58,30.0,0
1779285639200,1176,UAS-01,440.4,19.12,21.24,2.13,11.56,30.3,0.780,1,1,46.1,0.14,42.25,20.3,1
1779285639233,1177,UAS-02,429.1,19.00,21.21,2.21,11.25,30.5,0.207,0,0,47.8,0.00,42.63,30.1,0
1779285639267,1178,GND-VEH-01,685.9,18.94,20.99,2.05,12.20,28.6,0.841,1,1,47.1,0.14,42.66,30.1,0
1779285639300,1179,PERSON-01,479.5,18.97,21.24,2.27,12.11,29.3,0.847,1,1,46.0,0.61,42.36,30.0,0
1779285639333,1180,UAS-01,419.4,18.88,21.26,2.38,12.11,30.0,0.842,1,1,46.5,0.70,42.66,29.9,0
1779285639367,1181,UAS-02,479.3,18.97,21.25,2.28,11.57,30.7,0.812,1,1,46.0,0.09,42.64,29.9,0
1779285639400,1182,GND-VEH-01,515.2,18.94,21.17,2.23,11.34,31.3,0.222,0,0,47.2,0.00,42.91,30.0,0
1779285639433,1183,PERSON-01,448.4,18.97,20.88,1.91,11.35,29.4,0.788,1,1,48.0,0.47,42.74,30.0,0
1779285639467,1184,UAS-01,592.7,18.99,21.00,2.01,12.12,29.8,0.828,1,1,46.0,0.11,42.58,30.1,0
1779285639500,1185,UAS-02,328.0,19.22,21.55,2.33,11.59,30.1,0.815,1,1,46.0,0.13,42.68,30.1,0
1779285639533,1186,GND-VEH-01,716.9,18.94,21.10,2.17,11.04,32.2,0.737,1,1,46.0,0.68,42.63,30.0,0
1779285639567,1187,PERSON-01,674.5,18.93,20.98,2.05,11.73,29.6,0.832,1,1,46.0,0.29,42.75,30.1,0
1779285639600,1188,UAS-01,578.7,18.97,21.02,2.05,11.81,31.6,0.817,1,1,46.0,0.09,42.33,29.9,0
1779285639633,1189,UAS-02,315.5,18.70,20.83,2.13,12.03,27.8,0.185,0,0,47.5,0.00,42.54,29.9,0
1779285639667,1190,GND-VEH-01,661.8,18.88,20.87,1.99,11.83,30.2,0.843,1,1,46.7,0.21,42.85,30.0,0
1779285639700,1191,PERSON-01,367.1,19.11,21.41,2.30,11.97,30.0,0.843,1,1,47.9,0.12,42.74,19.6,1
1779285639733,1192,UAS-01,718.5,19.10,21.41,2.31,12.43,29.6,0.229,0,0,46.0,0.00,42.85,29.9,0
1779285639767,1193,UAS-02,474.3,18.93,21.37,2.44,12.56,29.4,0.856,1,1,46.0,0.47,42.40,30.0,0
1779285639800,1194,GND-VEH-01,470.5,19.08,21.18,2.11,12.64,29.7,0.881,1,1,46.7,0.40,42.73,30.1,0
1779285639833,1195,PERSON-01,462.4,18.96,21.38,2.42,12.79,29.4,0.886,1,1,46.0,0.71,42.59,30.2,0
1779285639867,1196,UAS-01,326.4,18.77,21.12,2.35,11.47,30.1,0.770,1,1,46.0,0.21,42.71,30.1,0
1779285639900,1197,UAS-02,447.8,19.02,20.91,1.89,11.33,31.2,0.777,1,1,49.1,0.60,42.28,30.0,0
1779285639933,1198,GND-VEH-01,433.2,19.14,21.15,2.01,11.61,29.1,0.833,1,1,47.0,0.70,42.40,29.9,0
1779285639967,1199,PERSON-01,501.5,19.02,21.22,2.21,11.69,29.0,0.197,0,0,46.8,0.00,42.68,30.2,0
1779285640000,1200,UAS-01,318.2,18.98,20.80,1.82,10.41,31.4,0.168,0,0,46.8,0.00,42.75,30.0,0
1779285640033,1201,UAS-02,622.4,18.96,20.93,1.97,11.71,29.2,0.804,1,1,47.1,0.37,42.80,30.0,0
1779285640067,1202,GND-VEH-01,324.8,19.04,21.48,2.45,12.08,29.0,0.196,0,0,46.0,0.00,42.50,30.1,0
1779285640100,1203,PERSON-01,600.3,19.08,21.00,1.92,10.80,29.2,0.743,1,1,46.0,0.32,42.39,19.1,1
1779285640133,1204,UAS-01,642.1,18.97,20.75,1.77,11.24,30.7,0.212,0,0,47.8,0.00,42.79,30.0,0
1779285640167,1205,UAS-02,620.5,19.15,21.47,2.31,11.98,29.8,0.809,1,1,46.1,0.29,42.79,30.0,0
1779285640200,1206,GND-VEH-01,613.6,19.05,21.14,2.09,12.01,27.8,0.816,1,1,47.7,0.20,43.09,29.8,0
1779285640233,1207,PERSON-01,384.6,19.21,21.44,2.23,11.80,29.6,0.819,1,1,46.0,0.28,42.73,30.0,0
1779285640267,1208,UAS-01,436.2,19.21,21.65,2.44,12.69,29.0,0.864,1,1,46.0,0.94,43.11,30.0,0
1779285640300,1209,UAS-02,403.6,18.92,21.17,2.25,12.22,29.6,0.204,0,0,48.4,0.00,42.31,30.0,0
1779285640333,1210,GND-VEH-01,370.0,19.01,21.20,2.19,11.29,29.1,0.762,1,1,46.0,0.73,42.50,29.8,0
1779285640367,1211,PERSON-01,393.2,19.13,21.20,2.07,11.37,31.7,0.797,1,1,46.0,0.55,42.87,30.0,0
1779285640400,1212,UAS-01,541.3,18.87,21.05,2.18,11.16,31.0,0.765,1,1,46.0,0.23,43.33,30.1,0
1779285640433,1213,UAS-02,393.5,19.22,21.25,2.03,11.18,28.9,0.761,1,1,46.0,0.74,42.77,22.1,1
1779285640467,1214,GND-VEH-01,450.7,19.19,21.16,1.98,10.73,31.4,0.741,1,1,46.8,0.09,43.37,30.0,0
1779285640500,1215,PERSON-01,554.5,18.80,20.80,2.00,11.54,30.6,0.781,1,1,46.0,0.48,43.30,30.1,0
1779285640533,1216,UAS-01,415.9,18.97,20.97,2.01,11.23,30.3,0.772,1,1,46.0,0.24,42.52,29.9,0
1779285640567,1217,UAS-02,579.1,18.98,21.09,2.11,11.91,30.5,0.841,1,1,48.2,0.47,43.20,29.9,0
1779285640600,1218,GND-VEH-01,729.7,19.04,20.95,1.91,11.79,29.2,0.808,1,1,46.4,0.14,43.08,29.9,0
1779285640633,1219,PERSON-01,548.5,19.22,21.25,2.03,11.21,29.7,0.756,1,1,46.0,0.39,42.93,30.1,0
1779285640667,1220,UAS-01,476.4,18.76,20.97,2.21,11.28,30.2,0.801,1,1,46.7,0.28,42.83,30.0,0
1779285640700,1221,UAS-02,462.2,18.93,21.36,2.43,12.07,29.2,0.867,1,1,47.9,0.21,42.74,29.9,0
1779285640733,1222,GND-VEH-01,808.0,19.02,20.93,1.91,11.51,31.3,0.783,1,1,49.5,0.33,43.18,30.0,0
1779285640767,1223,PERSON-01,857.6,18.86,20.78,1.92,11.07,29.5,0.221,0,0,48.1,0.00,42.84,30.1,0
1779285640800,1224,UAS-01,543.4,18.77,21.07,2.30,12.13,30.9,0.879,1,1,46.0,0.44,42.65,30.0,0
1779285640833,1225,UAS-02,727.5,19.07,21.14,2.07,11.83,28.9,0.839,1,1,46.0,1.15,42.87,30.2,0
1779285640867,1226,GND-VEH-01,423.5,18.99,21.46,2.47,12.57,30.4,0.890,1,1,48.3,0.29,43.09,29.9,0
1779285640900,1227,PERSON-01,433.0,18.98,21.10,2.12,11.53,29.6,0.800,1,1,47.7,0.03,43.31,30.1,0
1779285640933,1228,UAS-01,330.3,18.81,21.21,2.40,11.90,28.9,0.819,1,1,47.9,0.53,43.25,30.0,0
1779285640967,1229,UAS-02,455.7,18.82,21.09,2.27,12.56,28.5,0.880,1,1,46.0,0.50,42.94,30.1,0
1779285641000,1230,GND-VEH-01,340.0,19.36,21.40,2.04,11.66,30.5,0.786,1,1,47.1,0.69,42.79,30.0,0
1779285641033,1231,PERSON-01,631.6,19.05,21.40,2.35,12.68,29.2,0.896,1,1,46.0,0.97,42.88,23.5,1
1779285641067,1232,UAS-01,418.8,19.11,21.07,1.96,11.04,29.0,0.761,1,1,46.0,0.39,43.24,29.9,0
1779285641100,1233,UAS-02,454.4,19.12,20.97,1.85,10.65,30.6,0.711,1,1,46.0,0.77,43.13,29.9,0
1779285641133,1234,GND-VEH-01,346.5,19.18,21.47,2.30,11.77,29.7,0.810,1,1,46.0,0.34,42.87,29.9,0
1779285641167,1235,PERSON-01,404.6,18.65,20.85,2.20,12.16,29.6,0.206,0,0,47.6,0.00,43.16,30.0,0
1779285641200,1236,UAS-01,692.6,19.04,20.99,1.95,11.78,30.3,0.822,1,1,46.0,0.05,42.93,30.1,0
1779285641233,1237,UAS-02,385.4,18.99,20.99,2.00,11.62,31.8,0.779,1,1,46.0,0.19,42.95,30.0,0
1779285641267,1238,GND-VEH-01,874.1,18.89,20.80,1.91,11.98,29.1,0.823,1,1,46.0,0.02,42.99,30.1,0
1779285641300,1239,PERSON-01,492.4,19.18,21.33,2.15,11.32,30.9,0.787,1,1,165.0,0.13,43.51,29.9,0
1779285641333,1240,UAS-01,329.3,18.93,21.26,2.33,12.22,30.0,0.847,1,1,47.4,0.41,43.07,30.1,0
1779285641367,1241,UAS-02,482.0,19.03,21.16,2.14,11.87,27.9,0.830,1,1,46.0,0.33,43.32,22.8,1
1779285641400,1242,GND-VEH-01,392.5,18.98,21.31,2.33,12.16,30.1,0.867,1,1,49.1,0.06,42.84,30.0,0
1779285641433,1243,PERSON-01,394.4,19.14,21.57,2.44,12.61,29.4,0.883,1,1,48.0,0.51,43.24,30.0,0
1779285641467,1244,UAS-01,347.4,18.83,21.33,2.50,12.36,28.7,0.860,1,1,49.8,0.82,43.56,23.4,1
1779285641500,1245,UAS-02,625.2,18.89,20.86,1.97,11.67,29.0,0.780,1,1,48.5,0.65,43.40,30.0,0
1779285641533,1246,GND-VEH-01,323.8,19.19,21.51,2.33,11.70,30.0,0.143,0,0,46.6,0.00,42.85,29.9,0
1779285641567,1247,PERSON-01,430.8,19.06,21.19,2.12,11.75,29.9,0.177,0,0,46.0,0.00,43.19,29.9,0
1779285641600,1248,UAS-01,395.4,18.92,20.71,1.79,10.82,29.3,0.167,0,0,47.2,0.00,42.98,30.0,0
1779285641633,1249,UAS-02,509.1,18.82,20.95,2.13,11.64,30.7,0.820,1,1,47.6,0.32,42.95,30.0,0
1779285641667,1250,GND-VEH-01,438.3,18.96,20.92,1.96,10.97,30.7,0.750,1,1,48.6,0.80,42.98,30.1,0
1779285641700,1251,PERSON-01,313.2,19.14,21.43,2.29,12.36,29.7,0.878,1,1,50.0,0.15,43.48,29.8,0
1779285641733,1252,UAS-01,569.4,18.88,20.73,1.84,11.78,30.0,0.820,1,1,48.5,0.58,43.36,29.9,0
1779285641767,1253,UAS-02,644.5,19.08,21.21,2.13,12.14,31.2,0.838,1,1,46.0,0.37,43.05,30.0,0
1779285641800,1254,GND-VEH-01,436.1,19.06,21.23,2.17,12.18,29.5,0.869,1,1,46.0,0.25,43.10,30.0,0
1779285641833,1255,PERSON-01,733.3,18.97,21.08,2.11,11.97,30.8,0.818,1,1,46.0,0.78,43.60,30.0,0
1779285641867,1256,UAS-01,833.5,19.07,21.14,2.07,11.50,29.0,0.789,1,1,46.0,0.03,43.60,30.0,0
1779285641900,1257,UAS-02,826.6,19.00,20.79,1.78,10.71,30.2,0.747,1,1,49.3,0.27,42.98,30.0,0
1779285641933,1258,GND-VEH-01,862.7,18.93,20.80,1.86,10.98,30.9,0.763,1,1,46.7,0.28,43.17,30.0,0
1779285641967,1259,PERSON-01,317.8,19.23,21.89,2.65,12.22,29.7,0.857,1,1,46.0,0.03,43.17,30.0,0
1779285642000,1260,UAS-01,340.7,19.09,21.52,2.43,12.23,30.4,0.240,0,0,47.9,0.00,43.33,29.9,0
1779285642033,1261,UAS-02,389.9,18.97,21.34,2.36,12.79,30.1,0.913,1,1,46.0,0.09,43.12,30.0,0
1779285642067,1262,GND-VEH-01,519.6,18.90,21.09,2.19,12.35,28.6,0.867,1,1,46.0,0.57,43.64,29.9,0
1779285642100,1263,PERSON-01,387.4,18.99,21.05,2.06,11.50,29.3,0.793,1,1,46.0,0.32,43.29,21.7,1
1779285642133,1264,UAS-01,353.7,18.85,20.79,1.94,11.91,30.0,0.192,0,0,48.0,0.00,43.76,30.0,0
1779285642167,1265,UAS-02,328.0,19.00,21.05,2.05,11.73,31.3,0.176,0,0,47.0,0.00,43.37,30.0,0
1779285642200,1266,GND-VEH-01,509.5,18.87,21.17,2.29,11.80,29.2,0.821,1,1,48.8,0.48,43.75,30.1,0
1779285642233,1267,PERSON-01,539.5,19.06,21.24,2.18,12.54,29.0,0.880,1,1,46.0,0.39,43.57,30.1,0
1779285642267,1268,UAS-01,500.1,18.84,20.94,2.10,11.79,28.0,0.793,1,1,46.9,0.32,43.80,30.0,0
1779285642300,1269,UAS-02,409.0,18.99,21.18,2.19,11.62,31.1,0.813,1,1,46.0,0.62,43.43,30.1,0
1779285642333,1270,GND-VEH-01,411.4,18.98,21.20,2.22,11.89,28.6,0.823,1,1,46.6,0.51,43.53,30.0,0
1779285642367,1271,PERSON-01,626.1,19.09,21.20,2.11,11.48,30.2,0.781,1,1,47.2,1.12,43.80,29.9,0
1779285642400,1272,UAS-01,604.4,19.08,20.99,1.92,11.58,30.4,0.797,1,1,46.0,0.67,43.64,30.0,0
1779285642433,1273,UAS-02,329.6,18.99,21.22,2.23,12.15,30.5,0.840,1,1,46.1,0.01,43.76,30.0,0
1779285642467,1274,GND-VEH-01,306.7,18.98,20.97,2.00,11.45,30.3,0.781,1,1,46.0,0.48,43.49,30.0,0
1779285642500,1275,PERSON-01,424.8,18.78,21.03,2.25,11.08,30.7,0.729,1,1,46.0,0.60,43.44,30.0,0
1779285642533,1276,UAS-01,368.4,19.11,20.96,1.85,11.34,29.2,0.196,0,0,46.0,0.00,43.47,30.0,0
1779285642567,1277,UAS-02,395.9,19.09,21.26,2.16,12.11,32.0,0.840,1,1,46.0,0.54,43.67,29.9,0
1779285642600,1278,GND-VEH-01,316.1,18.95,21.40,2.46,11.69,31.3,0.800,1,1,49.4,0.18,43.71,29.9,0
1779285642633,1279,PERSON-01,348.0,18.93,21.15,2.22,12.19,31.0,0.851,1,1,46.0,0.11,43.67,30.0,0
1779285642667,1280,UAS-01,791.6,19.07,21.23,2.17,11.66,30.4,0.811,1,1,47.9,0.40,43.57,30.0,0
1779285642700,1281,UAS-02,660.9,18.91,20.64,1.73,10.61,29.6,0.704,1,1,46.0,0.08,43.51,29.9,0
1779285642733,1282,GND-VEH-01,538.3,19.00,21.40,2.40,11.93,29.5,0.826,1,1,47.6,0.47,43.84,30.0,0
1779285642767,1283,PERSON-01,576.0,18.91,20.87,1.96,11.20,27.6,0.767,1,1,46.0,0.48,43.39,30.0,0
1779285642800,1284,UAS-01,300.1,19.10,21.24,2.14,11.40,29.5,0.784,1,1,46.4,0.94,43.80,30.1,0
1779285642833,1285,UAS-02,508.0,19.06,21.05,1.99,12.02,30.2,0.831,1,1,47.5,0.32,43.77,30.0,0
1779285642867,1286,GND-VEH-01,455.1,18.91,21.05,2.13,11.33,29.8,0.782,1,1,46.5,0.53,43.87,30.0,0
1779285642900,1287,PERSON-01,323.1,18.91,21.52,2.60,12.86,31.4,0.904,1,1,46.2,0.07,43.44,29.9,0
1779285642933,1288,UAS-01,364.4,19.04,21.42,2.37,11.92,30.2,0.182,0,0,46.0,0.00,43.94,30.0,0
1779285642967,1289,UAS-02,387.5,19.07,21.27,2.20,11.92,29.4,0.831,1,1,46.0,0.11,43.59,29.9,0
1779285643000,1290,GND-VEH-01,487.7,18.97,20.83,1.86,11.74,28.6,0.817,1,1,46.2,0.01,43.73,30.1,0
1779285643033,1291,PERSON-01,556.9,19.24,21.29,2.05,11.39,28.4,0.176,0,0,48.7,0.00,43.81,23.1,1
1779285643067,1292,UAS-01,553.6,18.98,21.17,2.19,11.85,29.3,0.182,0,0,46.0,0.00,44.11,30.0,0
1779285643100,1293,UAS-02,457.3,19.09,21.46,2.37,12.10,30.5,0.846,1,1,46.6,0.85,44.13,30.0,0
1779285643133,1294,GND-VEH-01,303.0,19.03,21.18,2.15,12.53,30.3,0.860,1,1,46.7,0.49,43.41,29.9,0
1779285643167,1295,PERSON-01,507.5,19.12,21.51,2.38,11.28,31.6,0.227,0,0,46.0,0.00,43.82,30.0,0
1779285643200,1296,UAS-01,918.8,18.97,20.81,1.84,10.96,30.6,0.191,0,0,46.5,0.00,43.88,29.9,0
1779285643233,1297,UAS-02,394.8,18.85,20.75,1.90,11.31,29.8,0.751,1,1,47.4,0.60,43.79,30.1,0
1779285643267,1298,GND-VEH-01,372.3,18.89,21.06,2.17,11.31,30.2,0.775,1,1,131.2,0.19,44.05,30.1,0
1779285643300,1299,PERSON-01,486.5,19.07,20.74,1.66,10.81,29.6,0.721,1,1,46.0,0.05,44.21,30.0,0
1779285643333,1300,UAS-01,395.5,19.07,21.44,2.37,12.64,29.3,0.874,1,1,46.0,0.29,43.67,30.0,0
1779285643367,1301,UAS-02,474.5,18.98,21.08,2.10,11.70,30.5,0.821,1,1,46.0,0.02,43.79,30.1,0
1779285643400,1302,GND-VEH-01,726.0,19.00,20.74,1.74,10.79,30.3,0.194,0,0,46.0,0.00,43.66,30.0,0
1779285643433,1303,PERSON-01,862.3,18.74,20.56,1.82,11.27,32.2,0.767,1,1,147.0,0.71,43.83,30.1,0
1779285643467,1304,UAS-01,580.5,18.85,21.28,2.43,11.91,28.3,0.208,0,0,47.6,0.00,44.21,30.0,0
1779285643500,1305,UAS-02,669.0,18.88,20.99,2.10,12.01,30.4,0.816,1,1,46.0,0.16,43.77,30.0,0
1779285643533,1306,GND-VEH-01,549.1,19.20,21.44,2.24,11.93,30.8,0.837,1,1,46.3,0.41,43.97,30.1,0
1779285643567,1307,PERSON-01,709.6,19.05,21.25,2.20,12.52,30.7,0.890,1,1,46.7,0.83,43.74,29.9,0
1779285643600,1308,UAS-01,453.4,18.91,20.93,2.01,11.73,29.8,0.809,1,1,46.0,0.52,43.97,30.1,0
1779285643633,1309,UAS-02,322.5,19.09,21.34,2.24,11.81,28.8,0.816,1,1,46.0,0.63,43.87,22.4,1
1779285643667,1310,GND-VEH-01,486.5,19.01,21.34,2.34,12.07,30.0,0.843,1,1,47.1,0.79,43.79,30.0,0
1779285643700,1311,PERSON-01,751.5,18.99,21.08,2.09,11.72,30.8,0.238,0,0,51.2,0.00,43.81,30.0,0
1779285643733,1312,UAS-01,475.1,18.84,20.99,2.14,11.77,28.7,0.830,1,1,48.2,0.81,43.98,30.0,0
1779285643767,1313,UAS-02,315.4,18.95,21.18,2.23,11.22,30.9,0.231,0,0,46.0,0.00,43.90,29.9,0
1779285643800,1314,GND-VEH-01,506.0,18.84,20.85,2.01,11.97,30.6,0.814,1,1,47.8,0.23,44.05,29.8,0
1779285643833,1315,PERSON-01,364.3,18.84,21.22,2.39,12.06,30.1,0.837,1,1,46.0,0.07,43.77,29.9,0
1779285643867,1316,UAS-01,381.7,19.17,21.14,1.97,12.06,29.6,0.855,1,1,46.0,0.43,44.27,30.0,0
1779285643900,1317,UAS-02,323.3,19.14,20.94,1.81,11.30,29.6,0.230,0,0,46.0,0.00,44.01,30.1,0
1779285643933,1318,GND-VEH-01,706.5,18.95,20.87,1.92,11.63,28.8,0.795,1,1,47.1,0.59,44.49,30.0,0
1779285643967,1319,PERSON-01,304.2,18.91,21.02,2.11,11.59,30.2,0.766,1,1,48.1,0.55,44.13,30.0,0
1779285644000,1320,UAS-01,359.4,18.77,20.93,2.17,11.89,28.4,0.824,1,1,149.7,0.02,43.94,30.1,0
1779285644033,1321,UAS-02,581.0,18.84,20.64,1.80,10.70,29.1,0.733,1,1,46.1,0.29,44.00,29.9,0
1779285644067,1322,GND-VEH-01,562.1,18.95,21.10,2.16,11.72,30.0,0.828,1,1,48.5,0.31,43.67,30.1,0
1779285644100,1323,PERSON-01,346.3,18.75,21.06,2.31,11.44,30.7,0.784,1,1,46.0,0.15,43.85,30.0,0
1779285644133,1324,UAS-01,343.8,19.14,21.31,2.17,11.36,31.6,0.779,1,1,46.0,1.38,44.17,30.0,0
1779285644167,1325,UAS-02,492.7,18.85,21.03,2.18,11.88,29.8,0.845,1,1,46.0,0.64,44.35,29.9,0
1779285644200,1326,GND-VEH-01,308.4,18.90,21.46,2.56,11.56,31.2,0.787,1,1,46.0,0.78,44.16,30.1,0
1779285644233,1327,PERSON-01,376.9,19.11,21.41,2.30,11.83,29.5,0.223,0,0,46.6,0.00,44.17,29.9,0
1779285644267,1328,UAS-01,424.6,19.05,20.98,1.93,11.26,30.6,0.787,1,1,46.0,0.28,44.73,30.0,0
1779285644300,1329,UAS-02,465.8,19.08,20.93,1.84,10.86,31.0,0.738,1,1,46.0,0.06,44.23,30.0,0
1779285644333,1330,GND-VEH-01,562.9,19.10,20.88,1.78,10.96,30.1,0.738,1,1,48.6,0.05,44.13,30.0,0
1779285644367,1331,PERSON-01,561.6,19.06,21.53,2.47,12.35,29.5,0.234,0,0,48.2,0.00,44.29,30.1,0
1779285644400,1332,UAS-01,351.6,18.77,20.87,2.09,11.82,31.4,0.805,1,1,46.0,0.19,44.32,29.8,0
1779285644433,1333,UAS-02,423.7,19.06,21.41,2.35,11.64,31.5,0.800,1,1,46.0,0.49,44.56,29.9,0
1779285644467,1334,GND-VEH-01,628.6,18.87,20.99,2.12,11.25,29.6,0.788,1,1,46.0,0.08,44.29,30.1,0
1779285644500,1335,PERSON-01,498.8,18.98,21.13,2.15,11.12,29.2,0.761,1,1,46.0,0.12,44.26,29.9,0
1779285644533,1336,UAS-01,743.4,19.08,20.99,1.91,11.74,30.7,0.816,1,1,46.0,0.26,44.20,30.0,0
1779285644567,1337,UAS-02,1023.9,19.15,20.76,1.61,10.45,29.7,0.195,0,0,46.0,0.00,44.40,30.0,0
1779285644600,1338,GND-VEH-01,308.8,18.68,20.86,2.18,11.65,31.2,0.813,1,1,46.0,0.24,44.18,30.0,0
1779285644633,1339,PERSON-01,401.8,19.05,21.15,2.10,11.66,29.5,0.807,1,1,47.5,0.50,44.13,30.0,0
1779285644667,1340,UAS-01,419.9,19.07,21.10,2.04,11.40,30.2,0.794,1,1,46.0,0.49,43.87,30.1,0
1779285644700,1341,UAS-02,320.2,19.08,21.45,2.37,11.62,30.8,0.822,1,1,46.0,0.45,44.61,30.0,0
1779285644733,1342,GND-VEH-01,671.4,18.83,21.00,2.17,11.18,29.8,0.157,0,0,48.3,0.00,44.79,29.9,0
1779285644767,1343,PERSON-01,631.4,19.04,21.06,2.02,11.52,29.2,0.829,1,1,46.0,0.59,44.66,22.9,1
1779285644800,1344,UAS-01,424.9,18.62,20.70,2.08,11.86,29.8,0.251,0,0,46.9,0.00,44.46,30.0,0
1779285644833,1345,UAS-02,551.2,19.19,21.59,2.40,12.19,30.4,0.834,1,1,47.3,0.55,44.31,30.1,0
1779285644867,1346,GND-VEH-01,631.7,19.12,21.18,2.05,11.88,30.5,0.199,0,0,46.0,0.00,44.10,30.1,0
1779285644900,1347,PERSON-01,337.9,19.03,21.20,2.17,11.63,28.0,0.800,1,1,46.1,0.13,44.31,30.0,0
1779285644933,1348,UAS-01,520.5,19.14,21.29,2.15,11.66,30.8,0.782,1,1,48.4,0.81,44.26,29.9,0
1779285644967,1349,UAS-02,487.5,18.89,20.77,1.88,10.87,30.0,0.728,1,1,46.0,0.06,44.43,30.1,0
1779285645000,1350,GND-VEH-01,535.4,19.08,21.39,2.31,11.89,31.2,0.826,1,1,47.9,0.37,44.67,29.9,0
1779285645033,1351,PERSON-01,398.9,18.98,21.07,2.09,12.26,29.5,0.891,1,1,147.9,0.34,44.69,29.9,0
1779285645067,1352,UAS-01,708.1,19.02,21.19,2.17,11.71,29.7,0.821,1,1,46.1,0.35,44.93,30.1,0
1779285645100,1353,UAS-02,580.5,19.11,21.57,2.46,11.75,31.1,0.819,1,1,46.0,0.91,44.66,30.1,0
1779285645133,1354,GND-VEH-01,411.4,19.00,21.22,2.22,12.13,30.0,0.826,1,1,46.0,0.56,44.70,29.9,0
1779285645167,1355,PERSON-01,818.3,19.11,21.23,2.11,11.42,29.9,0.782,1,1,48.2,0.88,44.55,30.1,0
1779285645200,1356,UAS-01,692.4,18.98,21.20,2.21,12.06,29.0,0.858,1,1,50.4,0.26,44.71,30.1,0
1779285645233,1357,UAS-02,405.8,19.04,21.45,2.41,12.16,29.5,0.195,0,0,48.9,0.00,44.85,30.1,0
1779285645267,1358,GND-VEH-01,466.7,18.94,21.18,2.24,11.33,28.8,0.780,1,1,47.1,0.68,44.55,29.8,0
1779285645300,1359,PERSON-01,655.8,19.09,21.13,2.05,11.59,31.7,0.181,0,0,46.0,0.00,44.65,30.0,0
1779285645333,1360,UAS-01,387.9,19.18,21.26,2.09,11.65,29.5,0.776,1,1,46.4,0.44,44.45,30.0,0
1779285645367,1361,UAS-02,338.9,19.04,21.01,1.97,11.74,29.6,0.814,1,1,48.4,0.28,44.38,30.0,0
1779285645400,1362,GND-VEH-01,840.4,19.27,21.21,1.94,11.46,29.5,0.764,1,1,46.0,0.58,44.71,30.0,0
1779285645433,1363,PERSON-01,678.8,19.03,21.02,1.99,11.40,30.0,0.228,0,0,46.0,0.00,44.97,30.1,0
1779285645467,1364,UAS-01,544.1,18.86,21.36,2.49,11.84,30.4,0.839,1,1,49.2,0.37,44.79,29.9,0
1779285645500,1365,UAS-02,564.9,19.10,20.95,1.84,11.48,30.8,0.811,1,1,46.0,0.17,44.80,30.1,0
1779285645533,1366,GND-VEH-01,756.6,19.01,21.06,2.05,11.60,29.9,0.174,0,0,49.6,0.00,44.78,30.0,0
1779285645567,1367,PERSON-01,338.3,19.06,21.04,1.98,11.91,28.5,0.844,1,1,47.2,0.35,44.72,29.8,0
1779285645600,1368,UAS-01,539.9,18.95,21.07,2.12,12.21,29.5,0.855,1,1,48.5,0.45,44.77,29.9,0
1779285645633,1369,UAS-02,369.5,18.91,20.94,2.03,11.82,29.2,0.802,1,1,46.1,0.25,44.55,30.1,0
1779285645667,1370,GND-VEH-01,364.2,19.25,21.48,2.23,11.72,30.1,0.815,1,1,47.5,0.23,44.91,30.1,0
1779285645700,1371,PERSON-01,816.1,19.26,21.00,1.74,11.27,29.4,0.153,0,0,46.6,0.00,44.83,30.1,0
1779285645733,1372,UAS-01,323.4,19.06,21.50,2.43,11.80,30.1,0.820,1,1,46.0,0.36,44.59,29.8,0
1779285645767,1373,UAS-02,458.8,19.08,21.42,2.34,11.56,29.6,0.794,1,1,46.2,0.68,44.53,29.9,0
1779285645800,1374,GND-VEH-01,475.7,18.82,21.24,2.42,12.49,29.7,0.869,1,1,178.9,0.34,44.68,30.0,0
1779285645833,1375,PERSON-01,733.5,18.96,20.82,1.86,11.56,30.6,0.820,1,1,46.0,0.09,44.98,30.0,0
1779285645867,1376,UAS-01,602.5,18.92,21.11,2.19,12.25,30.6,0.841,1,1,49.6,0.02,44.90,23.9,1
1779285645900,1377,UAS-02,645.9,18.79,20.84,2.05,10.98,30.1,0.228,0,0,46.7,0.00,44.68,30.0,0
1779285645933,1378,GND-VEH-01,580.5,18.83,20.88,2.05,11.59,29.4,0.819,1,1,46.0,0.33,45.00,30.1,0
1779285645967,1379,PERSON-01,665.0,19.08,21.32,2.24,12.25,30.8,0.211,0,0,47.6,0.00,44.61,30.1,0
1779285646000,1380,UAS-01,610.1,18.66,20.75,2.10,11.84,30.5,0.215,0,0,46.6,0.00,44.89,29.9,0
1779285646033,1381,UAS-02,521.6,18.82,20.97,2.15,11.08,29.1,0.740,1,1,46.0,0.35,44.82,30.0,0
1779285646067,1382,GND-VEH-01,578.4,18.88,20.78,1.89,11.78,30.5,0.178,0,0,46.0,0.00,44.70,29.9,0
1779285646100,1383,PERSON-01,309.0,18.99,21.32,2.33,12.55,29.9,0.890,1,1,47.2,0.31,45.13,29.9,0
1779285646133,1384,UAS-01,391.0,18.93,21.06,2.14,12.12,30.3,0.851,1,1,46.0,0.34,44.93,29.9,0
1779285646167,1385,UAS-02,461.2,19.00,21.24,2.24,11.27,29.8,0.790,1,1,46.0,0.64,45.18,29.9,0
1779285646200,1386,GND-VEH-01,310.5,18.97,21.03,2.07,11.17,31.0,0.756,1,1,46.0,0.19,45.23,30.0,0
1779285646233,1387,PERSON-01,400.2,18.86,21.12,2.26,13.06,27.9,0.936,1,1,46.0,0.17,44.66,30.2,0
1779285646267,1388,UAS-01,362.8,19.07,21.35,2.29,11.34,30.1,0.788,1,1,46.0,0.52,44.90,30.0,0
1779285646300,1389,UAS-02,305.9,19.13,21.37,2.24,12.67,30.4,0.903,1,1,46.0,0.35,44.96,30.0,0
1779285646333,1390,GND-VEH-01,633.2,18.89,20.89,2.01,11.88,29.3,0.807,1,1,46.0,0.12,44.99,30.0,0
1779285646367,1391,PERSON-01,547.6,18.83,20.78,1.95,11.05,28.0,0.758,1,1,46.0,1.01,44.49,30.0,0
1779285646400,1392,UAS-01,310.3,18.88,21.31,2.43,12.20,30.1,0.848,1,1,46.0,0.00,45.04,30.1,0
1779285646433,1393,UAS-02,463.7,18.79,21.08,2.28,11.69,31.3,0.825,1,1,48.2,0.02,44.78,29.9,0
1779285646467,1394,GND-VEH-01,380.0,19.17,21.14,1.97,11.89,29.6,0.847,1,1,46.5,0.36,44.78,30.0,0
1779285646500,1395,PERSON-01,359.1,19.04,21.46,2.42,11.83,31.4,0.199,0,0,46.2,0.00,44.84,29.9,0
1779285646533,1396,UAS-01,367.4,19.26,21.62,2.36,12.07,29.5,0.235,0,0,47.1,0.00,45.02,29.9,0
1779285646567,1397,UAS-02,861.1,19.12,20.80,1.68,11.61,30.4,0.813,1,1,46.0,0.08,45.12,30.0,0
1779285646600,1398,GND-VEH-01,774.3,19.07,21.15,2.08,12.44,30.3,0.860,1,1,136.2,0.04,45.02,30.1,0
1779285646633,1399,PERSON-01,321.0,18.74,20.85,2.11,11.82,29.0,0.821,1,1,46.0,0.21,44.79,30.0,0
1779285646667,1400,UAS-01,539.0,18.73,20.73,1.99,11.13,30.1,0.745,1,1,46.0,0.11,45.64,30.0,0
1779285646700,1401,UAS-02,586.7,18.97,21.30,2.33,12.09,30.0,0.839,1,1,46.0,0.37,45.13,30.1,0
1779285646733,1402,GND-VEH-01,511.5,18.74,20.98,2.25,12.09,28.8,0.840,1,1,46.2,0.31,44.57,30.1,0
1779285646767,1403,PERSON-01,558.8,19.05,21.52,2.47,12.38,31.3,0.855,1,1,46.0,0.31,45.02,29.8,0
1779285646800,1404,UAS-01,777.1,19.06,21.02,1.96,11.59,29.6,0.792,1,1,46.0,0.53,45.21,30.0,0
1779285646833,1405,UAS-02,636.9,19.06,21.40,2.34,12.00,30.1,0.841,1,1,46.6,0.80,45.10,30.1,0
1779285646867,1406,GND-VEH-01,845.6,18.87,20.93,2.06,11.75,29.6,0.821,1,1,46.0,0.23,45.26,29.9,0
1779285646900,1407,PERSON-01,464.9,18.95,20.82,1.88,11.07,31.5,0.760,1,1,46.7,0.49,44.83,30.0,0
1779285646933,1408,UAS-01,521.5,19.33,21.63,2.29,12.56,30.8,0.887,1,1,46.0,0.61,45.32,29.9,0
1779285646967,1409,UAS-02,396.9,19.23,21.73,2.50,12.30,31.2,0.870,1,1,46.0,0.61,45.08,29.9,0
1779285647000,1410,GND-VEH-01,750.2,18.98,21.18,2.20,11.39,31.2,0.787,1,1,46.0,0.27,45.45,30.0,0
1779285647033,1411,PERSON-01,552.7,18.97,21.17,2.19,11.85,30.1,0.822,1,1,46.0,0.11,44.90,29.8,0
1779285647067,1412,UAS-01,452.1,19.11,21.30,2.18,11.81,32.5,0.818,1,1,46.0,0.97,45.83,19.2,1
1779285647100,1413,UAS-02,518.6,18.92,21.15,2.24,11.46,32.1,0.788,1,1,46.0,0.56,45.45,19.5,1
1779285647133,1414,GND-VEH-01,545.8,18.96,21.03,2.07,11.44,29.5,0.804,1,1,46.1,0.33,45.20,29.9,0
1779285647167,1415,PERSON-01,369.0,19.05,20.94,1.89,11.17,29.1,0.730,1,1,46.0,1.09,45.07,30.0,0
1779285647200,1416,UAS-01,568.6,18.86,20.79,1.92,11.40,30.3,0.784,1,1,119.7,0.52,45.21,30.0,0
1779285647233,1417,UAS-02,454.1,19.21,21.47,2.26,12.06,30.9,0.816,1,1,49.0,0.53,45.65,30.1,0
1779285647267,1418,GND-VEH-01,619.5,18.67,20.96,2.29,11.78,29.9,0.240,0,0,49.6,0.00,45.25,30.0,0
1779285647300,1419,PERSON-01,457.4,18.90,21.09,2.19,12.32,29.3,0.201,0,0,48.4,0.00,45.35,30.0,0
1779285647333,1420,UAS-01,390.3,18.96,21.23,2.28,11.42,31.3,0.758,1,1,47.9,0.31,45.51,30.1,0
1779285647367,1421,UAS-02,680.8,18.80,20.72,1.92,11.07,30.8,0.738,1,1,46.0,0.23,45.76,29.9,0
1779285647400,1422,GND-VEH-01,488.6,18.84,21.22,2.38,12.43,30.3,0.865,1,1,50.9,0.52,45.56,30.2,0
1779285647433,1423,PERSON-01,334.3,19.12,21.46,2.34,12.09,28.9,0.834,1,1,46.0,0.08,45.11,30.0,0
1779285647467,1424,UAS-01,727.8,19.10,21.23,2.14,11.43,29.8,0.233,0,0,50.7,0.00,45.22,29.9,0
1779285647500,1425,UAS-02,350.3,19.14,21.35,2.21,11.60,29.1,0.815,1,1,111.4,0.24,45.38,30.1,0
1779285647533,1426,GND-VEH-01,490.3,18.93,21.05,2.12,11.47,32.4,0.141,0,0,46.7,0.00,45.67,30.1,0
1779285647567,1427,PERSON-01,305.8,19.00,21.18,2.17,10.77,31.7,0.746,1,1,47.5,1.52,45.29,29.9,0
1779285647600,1428,UAS-01,615.5,19.25,21.50,2.25,12.42,31.0,0.905,1,1,46.0,1.36,45.59,29.9,0
1779285647633,1429,UAS-02,380.1,19.00,21.31,2.32,11.23,32.4,0.773,1,1,47.8,0.40,45.50,30.0,0
1779285647667,1430,GND-VEH-01,577.9,19.15,20.99,1.84,10.81,29.8,0.747,1,1,46.1,0.01,45.15,30.0,0
1779285647700,1431,PERSON-01,556.0,19.15,21.39,2.24,11.84,29.8,0.850,1,1,46.0,0.76,45.40,29.9,0
1779285647733,1432,UAS-01,324.8,19.03,21.19,2.16,11.75,30.3,0.788,1,1,46.1,0.14,46.03,30.0,0
1779285647767,1433,UAS-02,362.6,19.22,21.44,2.23,12.39,28.9,0.879,1,1,169.0,0.62,45.26,30.0,0
1779285647800,1434,GND-VEH-01,353.5,18.96,21.06,2.10,11.28,30.9,0.767,1,1,48.2,0.29,45.80,30.0,0
1779285647833,1435,PERSON-01,673.3,19.01,20.98,1.97,11.59,30.8,0.192,0,0,46.7,0.00,45.51,30.1,0
1779285647867,1436,UAS-01,508.6,18.86,21.06,2.21,11.57,30.4,0.812,1,1,46.9,0.12,45.17,29.9,0
1779285647900,1437,UAS-02,590.7,19.13,21.17,2.04,11.85,31.6,0.837,1,1,46.0,0.29,45.77,30.0,0
1779285647933,1438,GND-VEH-01,427.1,18.88,20.93,2.05,11.45,31.9,0.808,1,1,47.2,0.41,45.96,30.1,0
1779285647967,1439,PERSON-01,715.1,19.00,21.16,2.16,11.74,31.2,0.805,1,1,46.0,0.19,45.35,29.8,0
1779285648000,1440,UAS-01,322.7,19.02,20.94,1.92,11.21,31.5,0.744,1,1,48.0,0.53,45.37,30.0,0
1779285648033,1441,UAS-02,546.2,18.95,21.09,2.13,11.30,30.9,0.184,0,0,46.0,0.00,45.42,29.9,0
1779285648067,1442,GND-VEH-01,335.3,19.03,21.08,2.05,11.77,29.9,0.813,1,1,46.0,0.62,45.26,30.1,0
1779285648100,1443,PERSON-01,373.0,19.06,21.40,2.34,12.43,29.0,0.868,1,1,46.0,0.30,45.40,30.1,0
1779285648133,1444,UAS-01,789.2,18.98,21.03,2.05,11.03,31.6,0.735,1,1,47.1,0.93,45.55,30.0,0
1779285648167,1445,UAS-02,525.1,19.26,21.35,2.09,11.27,31.2,0.761,1,1,50.4,0.07,45.52,30.0,0
1779285648200,1446,GND-VEH-01,324.2,18.90,21.00,2.10,11.64,31.0,0.238,0,0,47.5,0.00,45.49,30.0,0
1779285648233,1447,PERSON-01,334.9,18.87,20.83,1.95,10.58,33.1,0.728,1,1,50.0,0.15,46.05,30.1,0
1779285648267,1448,UAS-01,486.4,19.19,21.66,2.47,12.51,30.0,0.878,1,1,46.0,0.37,45.69,29.9,0
1779285648300,1449,UAS-02,897.8,18.92,20.96,2.04,12.10,31.3,0.813,1,1,46.0,1.00,45.57,30.0,0
1779285648333,1450,GND-VEH-01,330.0,18.89,21.40,2.51,12.09,31.0,0.846,1,1,46.0,0.10,46.02,30.1,0
1779285648367,1451,PERSON-01,354.1,18.92,21.23,2.31,12.07,30.8,0.205,0,0,46.0,0.00,45.65,30.1,0
1779285648400,1452,UAS-01,303.7,19.26,21.28,2.02,11.34,30.0,0.777,1,1,46.0,0.16,46.12,29.9,0
1779285648433,1453,UAS-02,457.1,18.93,21.40,2.47,11.78,30.9,0.799,1,1,46.5,0.35,45.62,30.0,0
1779285648467,1454,GND-VEH-01,587.2,18.98,21.19,2.21,12.00,30.6,0.827,1,1,49.2,0.61,46.03,29.9,0
1779285648500,1455,PERSON-01,487.4,19.00,21.40,2.41,12.28,29.4,0.856,1,1,48.1,0.13,45.66,29.8,0
1779285648533,1456,UAS-01,731.7,19.25,21.24,1.99,11.61,31.3,0.229,0,0,179.9,0.00,45.79,29.9,0
1779285648567,1457,UAS-02,592.7,18.92,20.95,2.03,11.57,30.2,0.803,1,1,46.0,0.03,45.96,30.1,0
1779285648600,1458,GND-VEH-01,651.7,19.24,21.00,1.76,11.42,29.8,0.219,0,0,47.4,0.00,45.77,30.0,0
1779285648633,1459,PERSON-01,657.9,19.00,21.16,2.16,11.99,30.7,0.824,1,1,47.2,0.17,45.62,30.1,0
1779285648667,1460,UAS-01,986.8,19.10,20.86,1.76,10.60,31.1,0.725,1,1,46.0,0.45,45.75,30.0,0
1779285648700,1461,UAS-02,464.1,19.04,21.20,2.17,11.71,31.3,0.837,1,1,46.2,0.13,46.10,29.9,0
1779285648733,1462,GND-VEH-01,687.1,19.22,21.21,1.99,11.78,31.5,0.816,1,1,46.5,0.74,45.86,30.0,0
1779285648767,1463,PERSON-01,634.3,18.97,21.46,2.48,11.36,31.9,0.175,0,0,46.0,0.00,46.01,30.0,0
1779285648800,1464,UAS-01,496.4,19.14,21.13,2.00,11.27,30.8,0.750,1,1,46.0,0.38,46.24,30.0,0
1779285648833,1465,UAS-02,587.4,18.82,20.83,2.01,11.46,31.9,0.780,1,1,46.0,0.37,45.94,30.1,0
1779285648867,1466,GND-VEH-01,322.2,18.90,20.97,2.07,10.94,32.1,0.735,1,1,46.0,0.08,46.16,30.1,0
1779285648900,1467,PERSON-01,328.8,19.15,21.46,2.31,12.09,31.2,0.838,1,1,46.0,0.66,45.76,30.1,0
1779285648933,1468,UAS-01,556.1,18.90,21.33,2.43,12.31,30.3,0.144,0,0,46.0,0.00,45.84,30.0,0
1779285648967,1469,UAS-02,730.3,19.03,20.85,1.82,10.91,30.4,0.191,0,0,47.2,0.00,45.69,29.9,0
1779285649000,1470,GND-VEH-01,414.1,19.23,21.43,2.20,11.53,31.3,0.795,1,1,47.0,0.49,46.27,29.9,0
1779285649033,1471,PERSON-01,403.3,18.74,20.87,2.14,10.94,33.0,0.778,1,1,46.0,0.19,46.00,30.1,0
1779285649067,1472,UAS-01,353.2,18.90,21.37,2.47,11.99,30.6,0.824,1,1,47.2,0.30,45.93,30.0,0
1779285649100,1473,UAS-02,462.9,18.99,21.09,2.10,10.68,32.4,0.721,1,1,46.0,0.57,45.88,30.0,0
1779285649133,1474,GND-VEH-01,364.7,19.21,21.43,2.22,11.70,31.2,0.819,1,1,48.1,0.02,45.93,30.1,0
1779285649167,1475,PERSON-01,401.1,18.94,21.07,2.13,11.46,30.4,0.777,1,1,46.0,0.70,45.93,30.1,0
1779285649200,1476,UAS-01,554.6,18.80,20.75,1.95,10.69,32.5,0.182,0,0,46.0,0.00,46.06,30.1,0
1779285649233,1477,UAS-02,533.6,19.03,21.25,2.22,11.08,31.3,0.150,0,0,46.0,0.00,45.80,29.9,0
1779285649267,1478,GND-VEH-01,446.1,19.07,21.06,2.00,10.49,32.2,0.210,0,0,46.0,0.00,46.30,30.0,0
1779285649300,1479,PERSON-01,537.7,19.04,21.19,2.15,11.72,31.4,0.817,1,1,46.0,0.25,46.37,21.6,1
1779285649333,1480,UAS-01,377.8,18.92,21.40,2.48,12.07,31.1,0.853,1,1,46.0,0.45,46.53,30.0,0
1779285649367,1481,UAS-02,583.3,18.97,21.03,2.06,11.50,31.2,0.800,1,1,46.0,0.38,46.26,30.1,0
1779285649400,1482,GND-VEH-01,367.1,18.95,21.22,2.27,11.33,33.9,0.769,1,1,46.0,0.68,46.15,29.9,0
1779285649433,1483,PERSON-01,319.7,19.25,21.59,2.34,12.34,32.9,0.873,1,1,46.0,0.22,46.24,21.3,1
1779285649467,1484,UAS-01,1043.1,19.09,21.08,1.99,11.21,32.0,0.192,0,0,46.2,0.00,46.23,29.9,0
1779285649500,1485,UAS-02,339.8,18.83,21.15,2.33,11.88,33.0,0.823,1,1,47.3,0.27,46.25,29.9,0
1779285649533,1486,GND-VEH-01,482.3,18.98,21.08,2.10,11.56,31.3,0.768,1,1,49.2,0.71,45.75,30.0,0
1779285649567,1487,PERSON-01,723.2,19.09,20.81,1.72,11.08,32.1,0.753,1,1,46.0,0.59,45.79,30.1,0
1779285649600,1488,UAS-01,802.3,18.85,21.27,2.42,12.40,32.1,0.877,1,1,47.8,0.27,46.24,29.9,0
1779285649633,1489,UAS-02,404.5,19.02,21.47,2.44,12.46,32.0,0.859,1,1,46.0,0.13,46.18,30.0,0
1779285649667,1490,GND-VEH-01,315.3,18.83,21.00,2.17,11.03,30.8,0.757,1,1,48.3,0.59,46.20,30.2,0
1779285649700,1491,PERSON-01,371.2,18.85,20.71,1.86,11.16,32.5,0.778,1,1,47.4,0.50,46.21,30.0,0
1779285649733,1492,UAS-01,441.0,19.02,20.98,1.97,11.98,31.1,0.825,1,1,46.0,0.27,46.05,30.0,0
1779285649767,1493,UAS-02,367.2,18.79,20.71,1.93,11.29,32.9,0.760,1,1,46.0,0.22,46.49,23.9,1
1779285649800,1494,GND-VEH-01,581.3,18.93,20.90,1.97,10.62,31.1,0.176,0,0,46.0,0.00,46.36,30.0,0
1779285649833,1495,PERSON-01,393.8,18.96,21.37,2.41,11.83,30.7,0.823,1,1,46.7,0.86,46.08,29.9,0
1779285649867,1496,UAS-01,761.0,18.89,20.86,1.97,11.07,32.5,0.204,0,0,46.0,0.00,45.99,29.9,0
1779285649900,1497,UAS-02,767.1,18.98,20.86,1.88,11.49,33.2,0.804,1,1,46.0,0.23,46.45,30.0,0
1779285649933,1498,GND-VEH-01,493.6,18.88,21.38,2.50,12.86,32.9,0.919,1,1,46.0,0.20,46.15,30.1,0
1779285649967,1499,PERSON-01,579.2,19.00,21.20,2.20,11.73,31.5,0.842,1,1,46.7,0.26,46.04,30.1,0
1779285650000,1500,UAS-01,517.6,19.11,21.46,2.35,11.97,31.2,0.847,1,1,46.0,0.12,46.21,30.0,0
1779285650033,1501,UAS-02,390.3,18.92,21.06,2.14,11.33,31.5,0.176,0,0,48.0,0.00,46.25,30.0,0
1779285650067,1502,GND-VEH-01,423.4,19.00,21.24,2.24,11.07,31.8,0.739,1,1,46.8,0.48,46.22,29.9,0
1779285650100,1503,PERSON-01,363.9,18.86,21.19,2.33,11.79,33.7,0.820,1,1,46.0,0.15,46.45,30.1,0
1779285650133,1504,UAS-01,722.1,19.14,21.07,1.93,10.49,32.5,0.705,1,1,46.0,0.67,46.73,30.0,0
1779285650167,1505,UAS-02,343.8,18.91,20.72,1.81,11.04,32.4,0.175,0,0,46.3,0.00,46.02,30.0,0
1779285650200,1506,GND-VEH-01,668.8,19.02,21.15,2.13,11.03,31.4,0.753,1,1,46.0,0.44,46.55,30.1,0
1779285650233,1507,PERSON-01,334.2,18.98,21.38,2.40,12.45,32.3,0.874,1,1,166.0,0.26,46.36,30.1,0
1779285650267,1508,UAS-01,443.1,19.07,21.65,2.58,11.37,33.8,0.779,1,1,112.5,0.28,46.85,30.0,0
1779285650300,1509,UAS-02,688.4,18.97,21.20,2.23,11.99,33.3,0.828,1,1,46.0,0.31,46.67,30.1,0
1779285650333,1510,GND-VEH-01,555.3,18.77,21.12,2.35,12.05,32.3,0.834,1,1,48.2,0.02,46.22,29.9,0
1779285650367,1511,PERSON-01,620.6,19.01,21.47,2.46,11.80,31.1,0.809,1,1,46.0,0.21,46.60,30.0,0
1779285650400,1512,UAS-01,677.4,19.06,21.31,2.25,11.83,32.5,0.810,1,1,46.0,1.00,46.46,30.0,0
1779285650433,1513,UAS-02,480.1,19.23,21.56,2.33,11.87,33.2,0.825,1,1,46.0,0.82,46.43,22.3,1
1779285650467,1514,GND-VEH-01,451.6,18.88,21.19,2.31,11.92,33.0,0.828,1,1,46.0,0.15,46.45,30.1,0
1779285650500,1515,PERSON-01,1016.0,18.84,20.65,1.80,11.90,30.6,0.211,0,0,47.5,0.00,46.06,30.0,0
1779285650533,1516,UAS-01,881.1,18.95,21.06,2.11,10.93,32.6,0.183,0,0,46.0,0.00,46.58,30.0,0
1779285650567,1517,UAS-02,378.4,18.95,21.33,2.39,12.01,32.7,0.830,1,1,47.8,0.15,46.35,30.1,0
1779285650600,1518,GND-VEH-01,358.6,19.04,21.15,2.11,10.67,31.5,0.200,0,0,174.7,0.00,46.55,30.1,0
1779285650633,1519,PERSON-01,527.8,18.99,21.09,2.10,11.54,32.2,0.802,1,1,48.7,0.60,46.59,23.0,1
1779285650667,1520,UAS-01,613.2,19.06,20.90,1.84,10.47,32.7,0.242,0,0,46.0,0.00,46.67,30.1,0
1779285650700,1521,UAS-02,459.8,18.93,20.83,1.90,11.89,32.9,0.829,1,1,46.9,0.33,46.29,30.1,0
1779285650733,1522,GND-VEH-01,307.0,18.88,21.25,2.37,11.28,32.9,0.198,0,0,46.0,0.00,46.64,30.0,0
1779285650767,1523,PERSON-01,414.4,18.82,21.02,2.20,10.53,33.0,0.726,1,1,46.2,0.03,46.43,30.0,0
1779285650800,1524,UAS-01,321.0,18.78,20.61,1.84,10.95,31.8,0.215,0,0,138.3,0.00,46.51,30.0,0
1779285650833,1525,UAS-02,583.1,18.88,21.04,2.16,11.34,31.7,0.222,0,0,47.2,0.00,46.69,30.0,0
1779285650867,1526,GND-VEH-01,438.8,19.21,21.51,2.30,11.21,33.4,0.215,0,0,46.0,0.00,46.59,30.0,0
1779285650900,1527,PERSON-01,561.8,19.31,21.31,2.00,11.13,33.7,0.788,1,1,46.0,0.30,46.83,30.0,0
1779285650933,1528,UAS-01,387.1,19.12,21.39,2.28,10.70,32.1,0.710,1,1,46.5,0.15,46.91,30.1,0
1779285650967,1529,UAS-02,811.7,19.12,21.30,2.18,11.75,33.2,0.185,0,0,46.0,0.00,46.89,30.0,0
1779285651000,1530,GND-VEH-01,565.3,19.19,21.07,1.88,10.52,33.4,0.729,1,1,46.0,0.41,47.00,30.2,0
1779285651033,1531,PERSON-01,757.7,18.84,20.66,1.82,10.92,31.4,0.183,0,0,46.0,0.00,46.79,30.0,0
1779285651067,1532,UAS-01,399.4,19.15,21.40,2.25,11.70,33.4,0.811,1,1,46.0,0.65,46.82,30.0,0
1779285651100,1533,UAS-02,538.4,19.08,21.02,1.94,11.24,33.7,0.749,1,1,46.0,0.23,47.01,29.9,0
1779285651133,1534,GND-VEH-01,473.8,18.94,21.39,2.44,12.63,32.1,0.895,1,1,46.0,0.08,46.69,30.2,0
1779285651167,1535,PERSON-01,719.1,19.12,21.32,2.20,10.62,34.1,0.196,0,0,46.0,0.00,46.85,30.1,0
1779285651200,1536,UAS-01,426.5,19.08,21.29,2.21,10.79,33.3,0.199,0,0,46.0,0.00,47.16,30.1,0
1779285651233,1537,UAS-02,462.4,18.82,21.07,2.25,11.60,32.3,0.785,1,1,46.0,0.05,46.70,30.0,0
1779285651267,1538,GND-VEH-01,673.0,19.04,21.17,2.12,11.70,31.9,0.817,1,1,46.0,0.32,47.06,30.0,0
1779285651300,1539,PERSON-01,315.7,18.85,21.26,2.41,11.61,32.7,0.786,1,1,46.0,0.97,46.71,29.9,0
1779285651333,1540,UAS-01,862.1,18.70,20.43,1.73,10.66,34.0,0.713,1,1,46.0,0.73,46.90,30.1,0
1779285651367,1541,UAS-02,348.9,18.93,21.36,2.43,11.18,33.3,0.766,1,1,46.0,0.42,46.99,30.1,0
1779285651400,1542,GND-VEH-01,456.6,18.64,21.23,2.59,11.88,31.5,0.833,1,1,46.0,0.20,46.73,30.0,0
1779285651433,1543,PERSON-01,651.9,19.07,21.18,2.11,11.41,33.3,0.794,1,1,46.6,0.29,46.97,29.9,0
1779285651467,1544,UAS-01,617.5,19.05,21.02,1.98,10.92,30.8,0.741,1,1,156.8,0.79,46.70,30.0,0
1779285651500,1545,UAS-02,437.4,18.91,21.32,2.41,12.04,32.5,0.839,1,1,46.0,0.54,46.90,30.0,0
1779285651533,1546,GND-VEH-01,877.6,19.08,20.75,1.67,10.11,34.3,0.667,1,1,46.0,0.29,47.11,30.0,0
1779285651567,1547,PERSON-01,550.0,18.76,20.66,1.89,11.30,33.9,0.230,0,0,46.0,0.00,47.00,29.9,0
1779285651600,1548,UAS-01,507.6,19.35,21.51,2.16,11.18,33.4,0.785,1,1,46.0,1.00,46.90,29.9,0
1779285651633,1549,UAS-02,358.2,18.99,21.40,2.41,12.14,33.0,0.849,1,1,46.0,0.91,46.97,30.1,0
1779285651667,1550,GND-VEH-01,492.1,18.87,20.84,1.97,10.92,33.8,0.762,1,1,46.2,0.65,47.43,30.0,0
1779285651700,1551,PERSON-01,313.5,19.14,21.17,2.04,12.02,31.7,0.239,0,0,48.1,0.00,46.70,30.0,0
1779285651733,1552,UAS-01,822.2,19.14,21.29,2.15,10.99,36.2,0.756,1,1,46.0,0.53,47.47,29.9,0
1779285651767,1553,UAS-02,524.9,18.85,20.95,2.10,11.48,33.2,0.159,0,0,49.7,0.00,47.23,30.1,0
1779285651800,1554,GND-VEH-01,680.9,19.15,21.22,2.07,11.44,33.6,0.770,1,1,46.0,0.26,47.03,29.9,0
1779285651833,1555,PERSON-01,318.6,19.07,21.54,2.47,11.38,34.4,0.771,1,1,46.0,0.14,46.79,30.0,0
1779285651867,1556,UAS-01,666.0,18.77,20.81,2.05,10.90,33.0,0.740,1,1,46.0,0.09,47.34,29.9,0
1779285651900,1557,UAS-02,475.4,19.22,21.58,2.36,12.03,31.0,0.862,1,1,46.0,0.13,46.78,30.1,0
1779285651933,1558,GND-VEH-01,466.9,18.72,20.99,2.27,11.42,32.9,0.800,1,1,46.6,0.26,47.17,30.0,0
1779285651967,1559,PERSON-01,561.3,18.91,20.97,2.06,11.06,33.8,0.731,1,1,46.8,0.89,47.08,30.1,0
1779285652000,1560,UAS-01,383.5,19.04,21.38,2.34,12.10,33.9,0.810,1,1,46.2,0.46,46.98,30.1,0
1779285652033,1561,UAS-02,425.7,19.10,20.93,1.83,10.81,32.3,0.722,1,1,46.0,0.11,46.84,30.0,0
1779285652067,1562,GND-VEH-01,662.8,18.94,20.91,1.97,11.04,32.3,0.778,1,1,46.0,0.03,46.74,29.9,0
1779285652100,1563,PERSON-01,319.2,18.91,21.16,2.26,11.38,33.3,0.773,1,1,47.9,0.13,46.57,30.0,0
1779285652133,1564,UAS-01,433.9,19.09,21.55,2.46,11.60,34.6,0.796,1,1,46.0,0.36,47.46,30.0,0
1779285652167,1565,UAS-02,466.6,19.26,21.32,2.06,11.43,32.3,0.182,0,0,47.1,0.00,46.84,30.0,0
1779285652200,1566,GND-VEH-01,523.1,19.04,20.79,1.75,11.08,31.4,0.764,1,1,46.0,0.52,46.88,30.0,0
1779285652233,1567,PERSON-01,737.6,19.17,21.33,2.17,12.20,32.9,0.849,1,1,46.0,1.28,47.40,30.2,0
1779285652267,1568,UAS-01,313.6,19.25,21.25,2.00,10.93,32.3,0.746,1,1,47.1,0.49,47.04,30.1,0
1779285652300,1569,UAS-02,616.8,18.93,20.91,1.98,11.59,32.6,0.789,1,1,46.0,0.40,47.03,30.0,0
1779285652333,1570,GND-VEH-01,633.9,19.18,21.50,2.31,11.21,32.6,0.172,0,0,46.0,0.00,47.26,30.0,0
1779285652367,1571,PERSON-01,482.9,19.33,21.35,2.02,11.25,33.4,0.776,1,1,46.8,0.19,47.24,29.9,0
1779285652400,1572,UAS-01,347.9,18.87,20.99,2.12,11.24,34.0,0.189,0,0,184.8,0.00,46.86,30.1,0
1779285652433,1573,UAS-02,762.4,19.10,21.04,1.94,11.22,33.7,0.744,1,1,46.4,0.02,47.39,30.1,0
1779285652467,1574,GND-VEH-01,656.3,18.88,20.72,1.84,10.86,33.6,0.753,1,1,46.0,0.56,47.19,30.0,0
1779285652500,1575,PERSON-01,455.9,18.85,21.05,2.20,11.97,34.3,0.221,0,0,46.0,0.00,47.50,29.9,0
1779285652533,1576,UAS-01,738.4,19.05,21.08,2.03,10.94,33.1,0.196,0,0,47.9,0.00,47.64,30.0,0
1779285652567,1577,UAS-02,417.0,18.94,21.28,2.33,12.40,33.4,0.856,1,1,46.0,0.36,47.66,30.0,0
1779285652600,1578,GND-VEH-01,312.5,18.86,21.26,2.40,11.44,34.3,0.803,1,1,46.0,0.42,47.43,30.1,0
1779285652633,1579,PERSON-01,410.5,19.12,21.41,2.29,12.16,32.8,0.850,1,1,46.0,0.85,47.02,30.0,0
1779285652667,1580,UAS-01,408.9,19.21,21.34,2.13,10.60,35.5,0.706,1,1,48.0,0.03,47.53,30.1,0
1779285652700,1581,UAS-02,366.2,18.99,21.11,2.12,11.51,33.8,0.800,1,1,127.5,1.15,47.60,29.9,0
1779285652733,1582,GND-VEH-01,459.7,18.88,20.78,1.90,11.30,31.5,0.780,1,1,46.0,0.69,46.91,20.6,1
1779285652767,1583,PERSON-01,759.3,18.97,20.90,1.93,10.07,33.1,0.686,1,1,47.2,0.17,47.31,29.9,0
1779285652800,1584,UAS-01,477.3,18.86,21.11,2.25,11.45,33.4,0.805,1,1,46.0,0.01,47.44,30.1,0
1779285652833,1585,UAS-02,373.1,18.92,20.96,2.04,10.92,33.0,0.181,0,0,46.4,0.00,47.43,29.9,0
1779285652867,1586,GND-VEH-01,383.7,19.11,21.40,2.29,11.64,32.7,0.819,1,1,46.0,1.15,47.58,30.0,0
1779285652900,1587,PERSON-01,368.7,18.98,20.97,1.99,11.51,34.1,0.787,1,1,46.0,0.56,47.20,30.1,0
1779285652933,1588,UAS-01,500.9,19.03,21.19,2.16,11.02,35.3,0.759,1,1,46.0,0.29,47.45,29.9,0
1779285652967,1589,UAS-02,406.9,18.99,21.31,2.33,11.61,33.2,0.790,1,1,46.0,0.22,47.18,30.1,0
1779285653000,1590,GND-VEH-01,429.3,19.11,21.31,2.21,11.24,34.9,0.757,1,1,47.8,0.01,47.75,30.1,0
1779285653033,1591,PERSON-01,495.7,18.87,20.88,2.01,11.48,33.6,0.802,1,1,48.3,0.43,47.24,30.1,0
1779285653067,1592,UAS-01,408.2,18.99,21.18,2.19,10.79,34.8,0.752,1,1,46.0,0.03,47.76,29.9,0
1779285653100,1593,UAS-02,352.5,19.02,20.88,1.86,10.49,35.7,0.736,1,1,46.0,0.23,47.64,30.1,0
1779285653133,1594,GND-VEH-01,530.8,19.09,21.21,2.12,11.38,34.8,0.201,0,0,46.0,0.00,47.37,30.0,0
1779285653167,1595,PERSON-01,558.0,18.89,21.19,2.30,11.80,33.3,0.190,0,0,47.9,0.00,47.27,30.0,0
1779285653200,1596,UAS-01,449.7,18.79,20.86,2.08,10.73,33.5,0.737,1,1,47.6,0.59,47.31,30.0,0
1779285653233,1597,UAS-02,868.6,18.96,21.37,2.41,11.79,33.6,0.228,0,0,46.8,0.00,47.34,30.0,0
1779285653267,1598,GND-VEH-01,325.7,18.93,21.01,2.08,11.30,35.1,0.192,0,0,46.0,0.00,47.87,30.2,0
1779285653300,1599,PERSON-01,476.1,18.82,21.32,2.50,12.02,34.7,0.831,1,1,46.9,0.93,47.55,29.8,0
1779285653333,1600,UAS-01,433.5,19.16,21.47,2.31,11.68,35.6,0.167,0,0,46.0,0.00,47.54,30.1,0
1779285653367,1601,UAS-02,654.3,18.95,20.98,2.03,11.90,32.8,0.158,0,0,47.9,0.00,47.63,30.1,0
1779285653400,1602,GND-VEH-01,343.6,18.81,21.02,2.20,10.97,35.2,0.235,0,0,47.9,0.00,47.90,29.8,0
1779285653433,1603,PERSON-01,522.1,18.91,20.87,1.96,10.72,34.8,0.247,0,0,46.0,0.00,48.11,30.2,0
1779285653467,1604,UAS-01,409.4,18.87,21.31,2.44,11.59,35.5,0.799,1,1,46.0,0.75,48.26,29.9,0
1779285653500,1605,UAS-02,462.3,18.76,21.10,2.34,11.72,32.8,0.798,1,1,46.0,0.43,47.71,30.1,0
1779285653533,1606,GND-VEH-01,300.2,19.03,21.45,2.42,11.51,35.7,0.811,1,1,46.0,0.17,47.49,30.0,0
1779285653567,1607,PERSON-01,322.9,18.97,21.32,2.35,11.56,34.9,0.799,1,1,46.5,1.00,47.79,30.0,0
1779285653600,1608,UAS-01,387.7,18.97,21.15,2.18,11.17,34.6,0.790,1,1,46.0,0.22,47.86,30.1,0
1779285653633,1609,UAS-02,602.3,19.00,21.23,2.23,11.58,35.4,0.795,1,1,46.0,0.83,47.59,19.1,1
1779285653667,1610,GND-VEH-01,431.0,19.06,20.92,1.86,10.57,35.5,0.210,0,0,46.0,0.00,47.91,30.0,0
1779285653700,1611,PERSON-01,471.3,19.01,20.99,1.98,10.91,34.6,0.727,1,1,48.4,0.42,47.87,30.0,0
1779285653733,1612,UAS-01,593.3,18.88,20.88,2.00,11.22,34.6,0.769,1,1,46.6,0.64,48.04,30.1,0
1779285653767,1613,UAS-02,512.8,19.00,21.27,2.26,11.38,35.7,0.779,1,1,46.0,0.30,47.42,29.9,0
1779285653800,1614,GND-VEH-01,853.4,18.88,20.81,1.93,10.17,35.5,0.235,0,0,47.8,0.00,47.86,30.0,0
1779285653833,1615,PERSON-01,711.5,19.16,21.00,1.84,10.79,35.0,0.205,0,0,49.2,0.00,47.91,30.0,0
1779285653867,1616,UAS-01,440.3,19.03,21.33,2.30,11.45,34.1,0.810,1,1,47.3,0.84,47.73,29.9,0
1779285653900,1617,UAS-02,467.7,19.15,21.35,2.21,11.33,33.6,0.227,0,0,46.0,0.00,47.30,30.0,0
1779285653933,1618,GND-VEH-01,567.0,18.86,21.32,2.45,11.15,34.6,0.751,1,1,47.4,0.33,47.94,29.9,0
1779285653967,1619,PERSON-01,585.7,18.89,20.86,1.97,11.14,35.0,0.755,1,1,47.6,0.18,47.81,30.0,0
1779285654000,1620,UAS-01,657.7,19.01,20.94,1.93,10.94,34.1,0.196,0,0,46.2,0.00,47.72,30.0,0
1779285654033,1621,UAS-02,371.2,18.97,21.17,2.21,11.82,35.2,0.831,1,1,46.0,0.06,47.90,30.0,0
1779285654067,1622,GND-VEH-01,421.4,19.05,21.15,2.10,10.60,35.8,0.725,1,1,48.9,0.77,47.97,29.8,0
1779285654100,1623,PERSON-01,984.1,18.73,20.71,1.98,10.49,33.3,0.211,0,0,46.0,0.00,47.52,30.1,0
1779285654133,1624,UAS-01,422.1,19.07,21.45,2.38,11.47,34.2,0.790,1,1,49.1,0.70,47.73,30.0,0
1779285654167,1625,UAS-02,646.5,18.82,20.80,1.97,10.94,35.8,0.736,1,1,46.8,0.34,47.90,29.8,0
1779285654200,1626,GND-VEH-01,309.6,19.05,21.22,2.17,11.25,34.1,0.765,1,1,47.4,0.75,47.86,30.0,0
1779285654233,1627,PERSON-01,544.9,18.94,21.11,2.17,11.72,35.2,0.819,1,1,46.8,0.13,48.16,30.1,0
1779285654267,1628,UAS-01,730.5,19.11,20.85,1.74,10.00,35.1,0.687,1,1,46.0,0.18,48.12,30.0,0
1779285654300,1629,UAS-02,581.2,19.27,21.13,1.85,10.26,33.7,0.259,0,0,46.0,0.00,47.51,30.0,0
1779285654333,1630,GND-VEH-01,321.7,19.05,21.18,2.13,11.34,35.1,0.166,0,0,46.0,0.00,47.62,29.8,0
1779285654367,1631,PERSON-01,392.9,19.21,21.60,2.39,11.15,32.8,0.256,0,0,46.0,0.00,47.56,29.9,0
1779285654400,1632,UAS-01,505.0,18.79,20.67,1.88,10.34,35.6,0.226,0,0,46.0,0.00,47.69,30.1,0
1779285654433,1633,UAS-02,648.1,18.97,20.96,1.99,10.35,36.0,0.702,1,1,46.0,0.24,47.74,30.0,0
1779285654467,1634,GND-VEH-01,445.7,19.00,21.43,2.43,12.35,34.8,0.854,1,1,47.1,0.33,47.58,30.0,0
1779285654500,1635,PERSON-01,397.2,19.03,21.43,2.41,10.98,36.1,0.224,0,0,46.0,0.00,48.54,29.9,0
1779285654533,1636,UAS-01,642.3,18.73,20.81,2.08,10.73,35.6,0.236,0,0,46.2,0.00,48.36,30.0,0
1779285654567,1637,UAS-02,340.1,19.13,21.60,2.47,11.73,35.1,0.191,0,0,46.0,0.00,47.99,29.9,0
1779285654600,1638,GND-VEH-01,445.6,19.01,21.21,2.19,11.35,34.8,0.765,1,1,46.0,0.10,47.79,30.1,0
1779285654633,1639,PERSON-01,743.6,18.99,21.00,2.01,10.98,35.5,0.758,1,1,46.0,0.51,48.06,29.9,0
1779285654667,1640,UAS-01,335.5,18.86,20.81,1.94,10.86,35.5,0.736,1,1,47.5,0.71,48.07,30.0,0
1779285654700,1641,UAS-02,315.7,19.10,21.40,2.30,10.95,35.4,0.737,1,1,48.1,0.74,48.05,30.0,0
1779285654733,1642,GND-VEH-01,801.4,18.89,20.91,2.02,11.08,33.6,0.748,1,1,47.2,0.37,48.07,30.1,0
1779285654767,1643,PERSON-01,837.9,19.11,21.05,1.93,11.12,35.1,0.763,1,1,48.3,0.16,48.35,30.1,0
1779285654800,1644,UAS-01,920.7,19.01,20.87,1.86,10.28,35.4,0.689,1,1,47.3,0.99,48.12,30.1,0
1779285654833,1645,UAS-02,519.0,19.13,21.29,2.16,11.20,36.9,0.779,1,1,48.3,0.48,48.12,30.1,0
1779285654867,1646,GND-VEH-01,539.5,19.22,21.53,2.31,11.20,34.6,0.772,1,1,46.9,0.20,48.29,30.0,0
1779285654900,1647,PERSON-01,312.3,19.20,21.34,2.14,10.77,35.4,0.749,1,1,46.0,0.60,48.15,29.8,0
1779285654933,1648,UAS-01,509.3,18.87,20.97,2.10,10.77,36.3,0.728,1,1,46.0,0.91,48.30,29.9,0
1779285654967,1649,UAS-02,924.1,18.81,20.75,1.95,10.83,33.7,0.720,1,1,50.3,0.40,48.03,29.9,0
1779285655000,1650,GND-VEH-01,301.6,18.92,21.09,2.17,11.63,35.4,0.809,1,1,46.0,0.62,47.94,30.0,0
1779285655033,1651,PERSON-01,456.1,19.15,21.62,2.47,11.56,34.8,0.801,1,1,46.0,0.51,48.38,30.1,0
1779285655067,1652,UAS-01,334.5,18.95,21.24,2.29,11.48,33.9,0.805,1,1,48.4,0.40,48.16,29.9,0
1779285655100,1653,UAS-02,657.2,18.89,21.37,2.47,11.61,36.8,0.792,1,1,46.9,0.80,48.36,30.0,0
1779285655133,1654,GND-VEH-01,305.1,19.09,21.45,2.36,11.34,35.3,0.787,1,1,47.2,0.35,48.37,30.0,0
1779285655167,1655,PERSON-01,692.7,18.94,20.72,1.78,10.75,35.0,0.738,1,1,46.0,0.30,48.03,30.1,0
1779285655200,1656,UAS-01,393.1,19.04,21.30,2.26,11.15,34.2,0.751,1,1,46.0,1.27,48.47,30.0,0
1779285655233,1657,UAS-02,376.8,19.13,21.23,2.10,10.20,36.3,0.700,1,1,47.3,0.55,48.47,30.0,0
1779285655267,1658,GND-VEH-01,373.8,18.75,20.88,2.12,10.74,35.0,0.719,1,1,46.2,0.21,48.09,30.1,0
1779285655300,1659,PERSON-01,968.7,19.07,20.91,1.83,10.83,35.0,0.734,1,1,46.0,0.24,48.06,30.0,0
1779285655333,1660,UAS-01,468.1,18.87,21.11,2.23,11.39,34.9,0.793,1,1,46.2,0.01,48.40,30.0,0
1779285655367,1661,UAS-02,513.4,18.80,21.22,2.42,11.69,35.8,0.188,0,0,46.5,0.00,48.16,30.1,0
1779285655400,1662,GND-VEH-01,398.7,18.90,21.19,2.29,11.22,35.9,0.758,1,1,48.1,0.20,48.17,30.0,0
1779285655433,1663,PERSON-01,661.2,19.17,21.18,2.02,11.48,35.7,0.794,1,1,47.8,0.11,48.37,30.0,0
1779285655467,1664,UAS-01,565.7,19.05,20.99,1.94,9.92,37.2,0.189,0,0,47.2,0.00,48.55,29.8,0
1779285655500,1665,UAS-02,473.3,18.98,21.28,2.31,11.59,35.1,0.781,1,1,46.0,0.20,48.17,29.8,0
1779285655533,1666,GND-VEH-01,972.5,18.80,20.69,1.88,10.59,36.0,0.131,0,0,47.5,0.00,48.75,30.0,0
1779285655567,1667,PERSON-01,867.7,18.91,21.07,2.16,11.42,35.9,0.791,1,1,46.0,0.11,48.43,29.9,0
1779285655600,1668,UAS-01,454.4,18.93,21.35,2.42,11.32,35.1,0.771,1,1,46.0,0.11,48.35,30.0,0
1779285655633,1669,UAS-02,525.0,18.89,20.91,2.02,11.53,35.0,0.768,1,1,48.3,0.03,48.59,30.0,0
1779285655667,1670,GND-VEH-01,682.2,19.23,21.26,2.03,10.83,35.9,0.718,1,1,115.9,0.16,48.14,30.0,0
1779285655700,1671,PERSON-01,321.8,18.96,21.34,2.38,11.31,36.0,0.213,0,0,46.8,0.00,48.37,30.0,0
1779285655733,1672,UAS-01,350.2,18.96,21.28,2.32,10.68,36.4,0.732,1,1,46.0,0.18,48.37,30.0,0
1779285655767,1673,UAS-02,366.9,18.79,21.09,2.30,11.13,34.8,0.212,0,0,46.0,0.00,48.61,29.9,0
1779285655800,1674,GND-VEH-01,523.1,18.79,21.07,2.28,11.66,37.3,0.796,1,1,46.2,0.42,48.68,30.0,0
1779285655833,1675,PERSON-01,529.2,19.27,21.47,2.21,11.04,34.4,0.205,0,0,46.0,0.00,47.88,30.1,0
1779285655867,1676,UAS-01,485.0,18.94,20.73,1.79,10.61,38.1,0.219,0,0,48.0,0.00,48.92,20.1,1
1779285655900,1677,UAS-02,452.7,19.15,21.45,2.30,11.64,34.7,0.797,1,1,48.9,0.95,48.14,30.0,0
1779285655933,1678,GND-VEH-01,457.2,19.05,20.93,1.88,10.83,34.5,0.740,1,1,49.1,0.11,48.44,30.0,0
1779285655967,1679,PERSON-01,614.1,19.10,21.23,2.13,11.54,36.3,0.146,0,0,46.0,0.00,48.13,29.9,0
1779285656000,1680,UAS-01,690.4,18.92,20.80,1.88,11.06,35.2,0.774,1,1,48.1,0.12,48.36,30.0,0
1779285656033,1681,UAS-02,401.3,19.18,21.17,1.99,10.32,36.5,0.709,1,1,46.0,0.66,48.57,30.0,0
1779285656067,1682,GND-VEH-01,427.2,19.10,21.37,2.27,11.28,34.9,0.204,0,0,46.0,0.00,48.61,30.0,0
1779285656100,1683,PERSON-01,411.6,18.79,20.78,1.99,10.47,35.8,0.688,1,1,46.0,0.55,48.45,29.9,0
1779285656133,1684,UAS-01,404.9,19.00,21.65,2.66,12.04,35.9,0.828,1,1,48.7,0.62,48.55,30.0,0
1779285656167,1685,UAS-02,899.8,19.15,21.00,1.86,10.42,35.8,0.704,1,1,46.2,0.83,48.48,30.0,0
1779285656200,1686,GND-VEH-01,300.8,18.99,21.58,2.59,11.50,36.4,0.791,1,1,109.8,0.31,48.66,30.1,0
1779285656233,1687,PERSON-01,675.1,18.90,21.22,2.32,10.74,34.7,0.732,1,1,48.0,0.04,48.31,23.0,1
1779285656267,1688,UAS-01,445.8,18.98,21.18,2.20,11.79,34.6,0.809,1,1,46.2,0.04,48.56,30.0,0
1779285656300,1689,UAS-02,421.0,18.87,21.08,2.20,10.75,36.0,0.710,1,1,46.0,0.41,48.31,30.0,0
1779285656333,1690,GND-VEH-01,429.6,19.14,21.48,2.34,12.07,35.2,0.835,1,1,46.0,0.42,48.75,30.1,0
1779285656367,1691,PERSON-01,604.8,18.99,21.20,2.21,11.18,35.2,0.765,1,1,47.1,0.01,48.47,21.0,1
1779285656400,1692,UAS-01,361.7,19.09,21.15,2.06,10.80,35.5,0.749,1,1,46.0,0.07,48.79,30.0,0
1779285656433,1693,UAS-02,746.9,18.99,21.16,2.17,11.14,35.0,0.228,0,0,46.7,0.00,48.65,30.1,0
1779285656467,1694,GND-VEH-01,1013.0,18.97,20.80,1.83,10.06,37.1,0.681,1,1,113.9,0.38,48.91,30.0,0
1779285656500,1695,PERSON-01,505.8,19.08,21.27,2.19,10.34,35.8,0.245,0,0,46.0,0.00,48.75,30.0,0
1779285656533,1696,UAS-01,452.9,19.02,21.35,2.34,10.93,37.5,0.773,1,1,47.0,0.01,48.93,30.0,0
1779285656567,1697,UAS-02,329.3,19.05,21.29,2.24,11.30,36.5,0.155,0,0,46.8,0.00,49.15,29.9,0
1779285656600,1698,GND-VEH-01,703.1,18.77,20.98,2.21,10.71,37.5,0.732,1,1,47.8,0.20,48.73,30.0,0
1779285656633,1699,PERSON-01,338.0,18.88,21.01,2.13,11.36,36.3,0.208,0,0,46.0,0.00,48.98,30.0,0
1779285656667,1700,UAS-01,821.4,18.98,20.78,1.80,10.25,35.5,0.675,1,1,112.2,0.20,48.91,29.9,0
1779285656700,1701,UAS-02,607.8,19.08,21.02,1.94,10.61,35.6,0.718,1,1,46.4,0.41,49.02,30.1,0
1779285656733,1702,GND-VEH-01,804.3,19.08,20.82,1.74,10.51,36.4,0.711,1,1,46.0,0.84,48.56,30.1,0
1779285656767,1703,PERSON-01,868.7,18.93,20.59,1.66,10.15,35.4,0.159,0,0,46.0,0.00,48.88,30.1,0
1779285656800,1704,UAS-01,347.7,18.95,21.21,2.26,11.22,35.1,0.263,0,0,47.1,0.00,48.67,30.1,0
1779285656833,1705,UAS-02,398.7,18.83,20.78,1.95,11.62,34.4,0.781,1,1,48.7,0.20,48.65,30.0,0
1779285656867,1706,GND-VEH-01,322.1,19.19,21.36,2.17,10.72,35.3,0.715,1,1,49.5,0.43,49.06,20.0,1
1779285656900,1707,PERSON-01,497.1,19.05,21.22,2.16,11.02,34.7,0.735,1,1,46.0,1.23,48.79,30.0,0
1779285656933,1708,UAS-01,470.6,18.88,21.02,2.14,10.77,36.9,0.148,0,0,46.0,0.00,48.93,30.0,0
1779285656967,1709,UAS-02,476.7,18.75,20.81,2.06,10.85,36.9,0.743,1,1,46.0,0.61,49.13,29.9,0
1779285657000,1710,GND-VEH-01,380.8,18.92,21.20,2.28,11.03,36.4,0.161,0,0,47.6,0.00,49.05,30.1,0
1779285657033,1711,PERSON-01,422.4,19.12,21.59,2.47,11.48,36.4,0.206,0,0,46.0,0.00,49.02,30.1,0
1779285657067,1712,UAS-01,395.6,18.65,20.59,1.94,10.20,37.0,0.222,0,0,49.6,0.00,49.00,29.9,0
1779285657100,1713,UAS-02,402.6,19.09,21.18,2.09,10.41,37.5,0.692,1,1,46.0,0.03,49.04,21.5,1
1779285657133,1714,GND-VEH-01,455.0,19.09,21.23,2.14,11.47,36.5,0.172,0,0,46.0,0.00,48.85,30.0,0
1779285657167,1715,PERSON-01,603.5,18.79,20.65,1.86,11.42,34.2,0.779,1,1,47.8,0.15,48.56,22.1,1
1779285657200,1716,UAS-01,478.5,18.99,21.27,2.27,10.77,35.7,0.192,0,0,46.5,0.00,48.83,30.0,0
1779285657233,1717,UAS-02,784.4,19.03,20.92,1.89,10.83,36.7,0.726,1,1,47.9,0.45,48.96,19.4,1
1779285657267,1718,GND-VEH-01,579.9,18.82,21.04,2.23,10.66,36.2,0.217,0,0,46.6,0.00,48.91,30.1,0
1779285657300,1719,PERSON-01,433.4,19.02,21.17,2.16,11.16,37.0,0.212,0,0,46.0,0.00,48.88,30.0,0
1779285657333,1720,UAS-01,620.8,18.73,20.72,2.00,10.40,37.0,0.683,1,1,46.0,0.15,49.03,29.9,0
1779285657367,1721,UAS-02,449.6,19.06,21.00,1.95,11.52,36.1,0.805,1,1,47.5,0.29,49.20,30.1,0
1779285657400,1722,GND-VEH-01,541.2,18.90,20.95,2.05,11.46,37.4,0.783,1,1,46.0,0.44,49.45,23.5,1
1779285657433,1723,PERSON-01,439.7,19.11,20.89,1.78,10.40,36.7,0.694,1,1,46.0,0.16,48.79,30.1,0
1779285657467,1724,UAS-01,314.8,18.91,20.92,2.01,11.11,36.9,0.157,0,0,46.0,0.00,49.14,30.0,0
1779285657500,1725,UAS-02,924.5,18.93,20.80,1.87,10.82,36.9,0.734,1,1,47.1,0.01,49.21,30.0,0
1779285657533,1726,GND-VEH-01,796.1,19.14,21.22,2.07,10.25,37.5,0.679,1,1,49.2,0.40,49.24,30.0,0
1779285657567,1727,PERSON-01,920.5,18.94,20.83,1.88,10.70,38.0,0.238,0,0,46.0,0.00,49.36,29.9,0
1779285657600,1728,UAS-01,406.4,18.86,20.91,2.04,10.39,36.9,0.212,0,0,46.0,0.00,49.30,30.1,0
1779285657633,1729,UAS-02,691.1,18.99,21.00,2.01,10.31,36.6,0.696,1,1,48.0,0.70,49.13,30.0,0
1779285657667,1730,GND-VEH-01,852.1,19.36,21.49,2.13,10.70,37.5,0.176,0,0,46.0,0.00,49.11,30.0,0
1779285657700,1731,PERSON-01,512.1,19.17,21.81,2.64,11.88,37.1,0.822,1,1,46.5,0.67,49.30,21.1,1
1779285657733,1732,UAS-01,568.9,18.83,21.02,2.20,11.01,36.8,0.205,0,0,46.0,0.00,49.08,30.2,0
1779285657767,1733,UAS-02,545.9,18.92,20.68,1.76,10.82,37.8,0.723,1,1,46.2,0.28,49.40,30.1,0
1779285657800,1734,GND-VEH-01,619.0,18.91,20.96,2.05,11.38,34.5,0.794,1,1,46.0,0.17,49.01,29.9,0
1779285657833,1735,PERSON-01,836.6,18.99,20.64,1.65,10.01,34.8,0.665,1,1,47.5,0.76,49.04,30.0,0
1779285657867,1736,UAS-01,931.8,18.64,20.62,1.98,10.15,36.1,0.667,1,1,46.0,0.15,49.43,29.9,0
1779285657900,1737,UAS-02,425.1,18.83,20.90,2.07,10.24,37.2,0.201,0,0,46.0,0.00,49.57,30.0,0
1779285657933,1738,GND-VEH-01,301.2,18.90,20.91,2.01,11.07,36.5,0.237,0,0,46.6,0.00,48.80,30.0,0
1779285657967,1739,PERSON-01,707.5,19.11,20.82,1.71,10.07,37.9,0.196,0,0,46.7,0.00,49.36,30.0,0
1779285658000,1740,UAS-01,415.6,18.94,21.15,2.21,11.19,36.4,0.185,0,0,46.0,0.00,49.37,30.1,0
1779285658033,1741,UAS-02,817.5,18.87,20.65,1.77,9.91,37.8,0.156,0,0,46.0,0.00,49.44,29.9,0
1779285658067,1742,GND-VEH-01,464.0,18.78,21.01,2.23,10.73,35.7,0.195,0,0,46.0,0.00,49.07,30.0,0
1779285658100,1743,PERSON-01,529.0,19.15,21.58,2.43,11.26,38.0,0.210,0,0,47.0,0.00,49.55,30.0,0
1779285658133,1744,UAS-01,593.4,18.77,20.94,2.16,10.88,36.1,0.749,1,1,48.1,0.04,49.32,29.8,0
1779285658167,1745,UAS-02,368.2,18.92,20.98,2.06,10.77,37.0,0.719,1,1,46.6,0.48,49.30,30.0,0
1779285658200,1746,GND-VEH-01,459.2,19.08,21.60,2.52,11.95,36.4,0.170,0,0,46.5,0.00,49.46,30.0,0
1779285658233,1747,PERSON-01,449.4,18.80,21.13,2.33,10.72,37.6,0.189,0,0,46.0,0.00,49.54,29.9,0
1779285658267,1748,UAS-01,728.5,18.95,21.01,2.06,10.27,37.1,0.714,1,1,46.0,0.84,49.12,29.8,0
1779285658300,1749,UAS-02,426.4,18.89,21.43,2.55,11.28,37.9,0.783,1,1,46.9,0.52,49.37,30.1,0
1779285658333,1750,GND-VEH-01,528.0,19.07,21.40,2.34,11.47,36.1,0.175,0,0,46.0,0.00,49.13,29.9,0
1779285658367,1751,PERSON-01,567.0,19.26,21.15,1.89,10.15,38.3,0.676,1,1,47.4,0.19,49.66,22.4,1
1779285658400,1752,UAS-01,471.0,18.92,20.90,1.98,9.97,36.6,0.265,0,0,46.2,0.00,49.43,30.1,0
1779285658433,1753,UAS-02,305.9,18.87,20.98,2.11,10.57,38.1,0.714,1,1,46.0,0.09,49.52,30.0,0
1779285658467,1754,GND-VEH-01,394.3,19.28,21.66,2.38,11.49,38.0,0.801,1,1,49.7,0.56,49.64,30.0,0
1779285658500,1755,PERSON-01,468.5,18.94,21.37,2.43,11.35,35.9,0.762,1,1,46.3,0.15,49.10,30.0,0
1779285658533,1756,UAS-01,828.6,19.06,21.00,1.95,10.04,38.8,0.653,1,1,48.4,0.36,49.53,30.0,0
1779285658567,1757,UAS-02,759.7,19.26,21.20,1.94,11.38,35.8,0.780,1,1,46.0,0.15,49.16,29.9,0
1779285658600,1758,GND-VEH-01,370.2,18.84,20.79,1.95,10.49,36.6,0.723,1,1,46.0,0.08,49.62,30.0,0
1779285658633,1759,PERSON-01,722.2,19.17,21.04,1.87,10.40,38.1,0.708,1,1,46.0,0.51,49.96,30.0,0
1779285658667,1760,UAS-01,319.8,19.15,21.49,2.34,11.17,38.1,0.766,1,1,47.0,0.56,49.49,30.0,0
1779285658700,1761,UAS-02,792.1,19.03,21.01,1.98,10.40,38.0,0.681,1,1,47.6,0.52,49.71,29.9,0
1779285658733,1762,GND-VEH-01,549.2,18.99,21.30,2.31,10.75,36.8,0.715,1,1,46.0,0.11,49.72,30.0,0
1779285658767,1763,PERSON-01,514.6,19.10,21.09,2.00,10.78,38.2,0.724,1,1,46.0,0.16,49.89,20.0,1
1779285658800,1764,UAS-01,301.6,18.86,20.96,2.11,10.62,37.7,0.716,1,1,46.0,0.58,49.58,30.0,0
1779285658833,1765,UAS-02,547.2,19.16,21.03,1.88,10.78,37.6,0.724,1,1,46.0,0.57,49.46,30.1,0
1779285658867,1766,GND-VEH-01,536.1,18.99,21.22,2.23,11.18,36.6,0.764,1,1,46.0,0.12,49.38,29.9,0
1779285658900,1767,PERSON-01,309.0,18.98,20.92,1.94,9.95,37.8,0.682,1,1,46.0,0.77,49.57,30.0,0
1779285658933,1768,UAS-01,563.8,19.15,21.09,1.94,10.51,37.8,0.183,0,0,46.0,0.00,49.54,30.1,0
1779285658967,1769,UAS-02,658.0,19.22,21.36,2.14,11.40,39.4,0.794,1,1,46.4,0.24,49.94,29.9,0
1779285659000,1770,GND-VEH-01,542.7,19.08,21.24,2.15,11.62,38.3,0.807,1,1,47.3,0.03,49.77,30.1,0
1779285659033,1771,PERSON-01,429.9,19.15,21.54,2.38,11.44,36.4,0.795,1,1,46.0,0.68,49.38,30.1,0
1779285659067,1772,UAS-01,394.2,19.11,21.26,2.15,10.79,36.8,0.210,0,0,46.0,0.00,49.71,30.0,0
1779285659100,1773,UAS-02,405.6,19.16,21.46,2.30,11.27,38.3,0.193,0,0,46.9,0.00,49.50,29.9,0
1779285659133,1774,GND-VEH-01,326.8,19.26,21.35,2.09,10.27,36.5,0.216,0,0,48.5,0.00,49.88,30.1,0
1779285659167,1775,PERSON-01,340.0,18.89,21.11,2.22,10.50,36.6,0.223,0,0,46.0,0.00,49.73,30.0,0
1779285659200,1776,UAS-01,532.1,18.78,20.70,1.92,10.83,37.1,0.733,1,1,46.0,0.65,49.70,29.9,0
1779285659233,1777,UAS-02,394.5,19.09,21.24,2.15,11.12,38.7,0.741,1,1,46.0,0.60,50.21,30.0,0
1779285659267,1778,GND-VEH-01,540.5,19.16,21.15,1.99,10.87,37.2,0.759,1,1,47.7,0.76,49.48,30.1,0
1779285659300,1779,PERSON-01,436.8,19.06,20.84,1.78,9.72,37.4,0.636,1,1,46.0,0.13,49.43,30.0,0
1779285659333,1780,UAS-01,349.2,19.11,21.47,2.36,11.34,38.1,0.776,1,1,46.9,0.17,49.65,30.0,0
1779285659367,1781,UAS-02,507.7,19.14,21.19,2.06,11.01,36.9,0.230,0,0,47.9,0.00,49.61,30.2,0
1779285659400,1782,GND-VEH-01,306.0,19.23,21.55,2.31,11.03,36.3,0.163,0,0,46.0,0.00,49.61,30.1,0
1779285659433,1783,PERSON-01,607.8,18.97,21.05,2.08,10.11,39.0,0.684,1,1,46.0,0.67,49.99,30.1,0
1779285659467,1784,UAS-01,577.4,19.08,21.13,2.05,10.42,36.8,0.720,1,1,46.9,0.48,49.62,30.1,0
1779285659500,1785,UAS-02,489.3,18.58,20.60,2.02,10.77,37.2,0.208,0,0,46.0,0.00,49.65,29.9,0
1779285659533,1786,GND-VEH-01,540.7,18.94,21.36,2.42,11.41,36.2,0.805,1,1,47.3,0.09,49.51,30.0,0
1779285659567,1787,PERSON-01,487.3,18.93,21.37,2.44,10.89,38.8,0.748,1,1,46.8,0.41,49.73,30.0,0
1779285659600,1788,UAS-01,707.6,19.02,20.98,1.96,10.56,37.2,0.713,1,1,46.0,0.16,49.32,19.3,1
1779285659633,1789,UAS-02,526.9,19.01,21.10,2.10,10.52,37.3,0.735,1,1,46.0,0.15,49.98,30.1,0
1779285659667,1790,GND-VEH-01,458.7,19.19,21.12,1.93,10.47,38.9,0.141,0,0,46.0,0.00,49.97,29.9,0
1779285659700,1791,PERSON-01,658.8,18.89,20.89,2.00,10.18,37.5,0.189,0,0,46.1,0.00,49.76,30.0,0
1779285659733,1792,UAS-01,324.9,19.09,21.04,1.94,10.48,38.6,0.697,1,1,46.3,0.85,49.66,30.1,0
1779285659767,1793,UAS-02,1008.6,18.80,20.99,2.19,11.07,38.4,0.771,1,1,46.0,0.12,49.84,30.0,0
1779285659800,1794,GND-VEH-01,384.5,19.18,21.34,2.16,10.84,38.5,0.752,1,1,46.2,0.13,49.77,30.1,0
1779285659833,1795,PERSON-01,784.1,18.67,20.54,1.87,9.94,36.5,0.243,0,0,46.0,0.00,49.62,30.0,0
1779285659867,1796,UAS-01,383.1,19.20,21.30,2.09,11.45,37.2,0.224,0,0,46.0,0.00,49.47,30.0,0
1779285659900,1797,UAS-02,301.5,18.99,20.98,1.99,10.51,38.4,0.724,1,1,47.4,0.03,49.72,22.8,1
1779285659933,1798,GND-VEH-01,351.3,19.00,21.41,2.41,10.44,37.6,0.227,0,0,46.0,0.00,49.72,29.9,0
1779285659967,1799,PERSON-01,569.2,19.05,21.12,2.06,10.80,38.9,0.178,0,0,46.0,0.00,50.07,30.0,0
