timestamp,frame_id,target_id,range_m,ambient_temp_c,target_temp_c,delta_t_c,snr_db,netd_mk,detection_confidence,detected,classified,classification_latency_ms,track_error_m,sensor_temp_c,frame_rate_hz,dropped_frame
1779285600000,0,UAS-01,513.6,19.08,22.42,3.34,18.05,24.3,0.990,1,1,31.3,0.01,27.82,30.0,0
1779285600033,1,UAS-02,495.4,19.00,22.56,3.56,18.06,25.1,0.990,1,1,31.0,0.01,28.22,30.0,0
1779285600067,2,GND-VEH-01,556.7,18.84,21.76,2.92,17.10,23.5,0.990,1,1,35.0,0.20,28.24,29.8,0
1779285600100,3,PERSON-01,544.4,18.99,22.26,3.27,18.24,24.5,0.990,1,1,32.6,0.17,28.32,29.9,0
1779285600133,4,UAS-01,531.6,19.36,22.58,3.22,18.40,26.2,0.990,1,1,31.0,0.33,28.43,30.0,0
1779285600167,5,UAS-02,591.0,18.97,21.90,2.93,17.54,23.5,0.986,1,1,32.3,0.26,27.91,30.0,0
1779285600200,6,GND-VEH-01,367.0,19.05,22.27,3.21,17.58,24.0,0.987,1,1,31.0,0.14,27.77,29.9,0
1779285600233,7,PERSON-01,624.2,19.17,22.48,3.31,18.37,25.0,0.990,1,1,31.8,0.40,28.52,30.1,0
1779285600267,8,UAS-01,655.9,18.94,21.90,2.96,17.81,23.0,0.989,1,1,31.0,0.14,28.07,30.1,0
1779285600300,9,UAS-02,400.2,19.16,22.53,3.38,17.46,26.0,0.983,1,1,33.1,0.00,27.90,30.1,0
1779285600333,10,GND-VEH-01,311.5,19.14,22.14,3.00,17.90,24.1,0.990,1,1,31.9,0.01,28.67,29.9,0
1779285600367,11,PERSON-01,381.6,18.79,21.65,2.86,18.24,23.7,0.990,1,1,32.5,0.38,27.87,30.0,0
1779285600400,12,UAS-01,473.5,18.98,22.36,3.37,18.65,23.9,0.990,1,1,31.0,0.18,27.73,30.0,0
1779285600433,13,UAS-02,666.3,18.95,22.27,3.32,18.27,24.1,0.990,1,1,31.1,0.11,28.17,30.0,0
1779285600467,14,GND-VEH-01,411.9,19.00,22.27,3.27,17.85,23.1,0.985,1,1,31.0,0.23,28.34,30.2,0
1779285600500,15,PERSON-01,424.2,18.65,21.56,2.92,17.01,25.5,0.990,1,1,32.9,0.09,27.99,30.2,0
1779285600533,16,UAS-01,527.6,19.00,22.22,3.23,18.88,23.9,0.989,1,1,32.4,0.06,28.22,29.9,0
1779285600567,17,UAS-02,345.7,18.67,21.73,3.06,17.49,25.2,0.990,1,1,33.8,0.51,28.13,30.1,0
1779285600600,18,GND-VEH-01,645.4,18.97,22.19,3.22,18.46,24.1,0.990,1,1,31.0,0.23,28.57,30.1,0
1779285600633,19,PERSON-01,399.1,18.96,22.01,3.05,17.60,24.8,0.990,1,1,32.8,0.23,27.87,30.0,0
1779285600667,20,UAS-01,487.3,18.94,22.15,3.21,18.46,22.8,0.990,1,1,31.0,0.01,28.14,29.9,0
1779285600700,21,UAS-02,781.4,18.88,22.13,3.25,18.22,23.4,0.990,1,1,32.7,0.22,28.06,30.0,0
1779285600733,22,GND-VEH-01,509.9,19.32,22.65,3.32,18.06,25.3,0.990,1,1,34.3,0.00,28.02,30.0,0
1779285600767,23,PERSON-01,328.5,19.21,22.33,3.12,18.14,24.0,0.990,1,1,31.5,0.11,28.56,30.1,0
1779285600800,24,UAS-01,627.6,19.06,22.16,3.10,18.20,23.8,0.990,1,1,31.3,0.27,28.65,21.7,1
1779285600833,25,UAS-02,591.5,18.96,21.97,3.01,17.23,23.2,0.990,1,1,31.9,0.20,27.97,30.0,0
1779285600867,26,GND-VEH-01,394.7,18.96,22.36,3.40,18.12,23.9,0.990,1,1,31.0,0.21,28.34,30.1,0
1779285600900,27,PERSON-01,571.0,19.22,22.50,3.28,18.31,24.8,0.990,1,1,31.6,0.15,28.26,30.0,0
1779285600933,28,UAS-01,301.8,19.12,22.62,3.50,18.48,23.4,0.990,1,1,31.8,0.36,28.47,30.1,0
1779285600967,29,UAS-02,758.1,19.02,22.30,3.28,17.56,24.6,0.967,1,1,34.4,0.08,28.07,30.1,0
1779285601000,30,GND-VEH-01,701.8,19.03,21.95,2.93,17.16,21.7,0.990,1,1,31.0,0.19,28.52,30.0,0
1779285601033,31,PERSON-01,362.3,18.76,21.84,3.09,18.11,23.5,0.990,1,1,31.0,0.24,28.40,30.0,0
1779285601067,32,UAS-01,485.4,18.89,22.01,3.12,17.63,23.5,0.977,1,1,31.0,0.16,28.80,30.0,0
1779285601100,33,UAS-02,300.1,19.11,22.49,3.38,18.21,25.2,0.990,1,1,31.0,0.40,28.87,30.1,0
1779285601133,34,GND-VEH-01,459.5,18.96,22.17,3.21,17.56,22.7,0.990,1,1,33.2,0.15,28.54,30.1,0
1779285601167,35,PERSON-01,401.6,18.62,21.91,3.29,17.97,23.6,0.980,1,1,31.0,0.00,28.02,29.9,0
1779285601200,36,UAS-01,477.0,18.95,21.90,2.95,17.66,23.5,0.990,1,1,32.2,0.39,28.79,30.0,0
1779285601233,37,UAS-02,579.3,19.09,22.14,3.05,18.72,24.2,0.990,1,1,32.6,0.31,28.36,30.0,0
1779285601267,38,GND-VEH-01,483.8,19.16,22.38,3.22,17.97,23.3,0.990,1,1,32.1,0.24,28.51,29.9,0
1779285601300,39,PERSON-01,329.1,19.15,22.06,2.91,17.81,23.6,0.989,1,1,31.5,0.24,28.38,30.0,0
1779285601333,40,UAS-01,972.1,19.24,22.45,3.22,17.42,25.0,0.990,1,1,32.5,0.32,28.56,30.0,0
1779285601367,41,UAS-02,383.6,19.12,22.33,3.21,17.56,24.9,0.990,1,1,33.7,0.01,28.31,30.1,0
1779285601400,42,GND-VEH-01,523.2,19.13,22.31,3.18,18.44,22.6,0.990,1,1,31.0,0.17,29.03,29.9,0
1779285601433,43,PERSON-01,872.7,18.84,21.73,2.89,17.27,24.4,0.990,1,1,31.0,0.08,28.79,29.9,0
1779285601467,44,UAS-01,567.3,18.89,22.04,3.15,17.62,25.1,0.965,1,1,32.2,0.13,28.54,29.9,0
1779285601500,45,UAS-02,533.8,19.07,22.38,3.31,18.17,24.8,0.990,1,1,33.1,0.11,28.99,30.0,0
1779285601533,46,GND-VEH-01,360.1,18.90,22.19,3.29,18.02,25.8,0.979,1,1,31.0,0.19,28.73,30.0,0
1779285601567,47,PERSON-01,358.5,18.73,22.07,3.34,18.31,24.1,0.975,1,1,33.8,0.05,28.91,29.9,0
1779285601600,48,UAS-01,688.0,19.00,21.88,2.88,17.93,24.2,0.990,1,1,32.5,0.14,28.82,30.1,0
1779285601633,49,UAS-02,378.8,19.04,22.54,3.50,18.95,25.0,0.990,1,1,33.0,0.45,29.01,30.0,0
1779285601667,50,GND-VEH-01,439.5,19.06,22.09,3.03,17.95,24.8,0.990,1,1,31.0,0.17,28.90,30.0,0
1779285601700,51,PERSON-01,443.9,19.06,22.24,3.18,17.47,24.0,0.990,1,1,31.5,0.17,29.20,30.0,0
1779285601733,52,UAS-01,576.6,18.81,22.10,3.29,18.23,25.2,0.990,1,1,31.8,0.05,29.00,30.0,0
1779285601767,53,UAS-02,576.8,19.07,22.11,3.04,17.30,24.7,0.990,1,1,31.0,0.06,29.25,29.9,0
1779285601800,54,GND-VEH-01,323.8,18.99,22.22,3.23,17.64,24.6,0.990,1,1,34.7,0.21,28.84,23.5,1
1779285601833,55,PERSON-01,638.7,18.90,21.66,2.76,17.82,24.2,0.990,1,1,31.0,0.08,28.62,30.1,0
1779285601867,56,UAS-01,332.1,18.94,22.25,3.32,18.30,23.7,0.990,1,1,31.0,0.15,28.32,30.0,0
1779285601900,57,UAS-02,523.3,19.22,22.37,3.15,17.70,24.5,0.990,1,1,33.8,0.22,28.66,30.0,0
1779285601933,58,GND-VEH-01,463.3,19.03,22.31,3.28,18.33,22.9,0.987,1,1,32.1,0.27,28.73,30.2,0
1779285601967,59,PERSON-01,639.2,19.09,22.14,3.05,17.57,24.6,0.989,1,1,31.2,0.25,28.69,30.0,0
1779285602000,60,UAS-01,357.6,18.83,22.08,3.25,18.15,25.5,0.988,1,1,31.7,0.05,29.05,30.0,0
1779285602033,61,UAS-02,627.6,18.73,21.96,3.23,17.94,22.7,0.990,1,1,31.0,0.29,28.76,29.9,0
1779285602067,62,GND-VEH-01,372.6,18.86,21.87,3.02,18.48,23.6,0.974,1,1,31.8,0.03,28.38,30.0,0
1779285602100,63,PERSON-01,424.2,18.81,22.12,3.32,18.25,23.3,0.990,1,1,31.0,0.00,28.81,30.0,0
1779285602133,64,UAS-01,791.0,19.08,22.34,3.26,17.95,23.9,0.990,1,1,31.0,0.30,28.72,29.9,0
1779285602167,65,UAS-02,574.3,18.94,22.41,3.47,18.07,24.4,0.990,1,1,32.7,0.12,29.02,30.2,0
1779285602200,66,GND-VEH-01,457.1,18.81,21.89,3.08,18.72,25.0,0.990,1,1,31.0,0.19,29.00,30.1,0
1779285602233,67,PERSON-01,640.9,18.85,22.04,3.19,18.34,23.2,0.990,1,1,31.9,0.12,28.30,29.8,0
1779285602267,68,UAS-01,394.8,19.10,22.25,3.14,17.73,23.3,0.990,1,1,31.0,0.12,29.48,29.9,0
1779285602300,69,UAS-02,504.9,19.10,22.40,3.30,18.48,23.6,0.990,1,1,31.0,0.07,29.15,30.0,0
1779285602333,70,GND-VEH-01,646.7,19.03,22.39,3.36,18.31,24.0,0.973,1,1,31.0,0.48,28.90,30.0,0
1779285602367,71,PERSON-01,692.8,18.78,21.97,3.20,18.02,24.0,0.982,1,1,32.3,0.08,29.01,30.1,0
1779285602400,72,UAS-01,310.5,19.04,22.38,3.34,18.15,24.6,0.990,1,1,33.1,0.14,28.65,30.0,0
1779285602433,73,UAS-02,825.1,19.02,22.00,2.98,17.89,24.4,0.990,1,1,32.2,0.45,28.79,29.8,0
1779285602467,74,GND-VEH-01,340.7,18.95,22.32,3.36,18.56,22.7,0.990,1,1,33.0,0.03,29.23,30.1,0
1779285602500,75,PERSON-01,669.9,19.00,21.93,2.92,17.70,22.8,0.986,1,1,31.1,0.35,28.95,29.9,0
1779285602533,76,UAS-01,472.5,19.09,22.47,3.38,18.12,24.7,0.990,1,1,31.9,0.10,28.94,29.9,0
1779285602567,77,UAS-02,457.9,18.79,22.08,3.29,18.23,24.1,0.988,1,1,32.3,0.17,28.94,29.9,0
1779285602600,78,GND-VEH-01,305.3,18.91,22.19,3.28,18.85,24.6,0.986,1,1,31.6,0.22,28.91,29.9,0
1779285602633,79,PERSON-01,319.6,18.89,22.18,3.29,18.54,23.3,0.990,1,1,34.3,0.15,29.19,29.9,0
1779285602667,80,UAS-01,942.2,19.22,22.20,2.98,17.95,23.3,0.990,1,1,33.5,0.25,28.89,29.9,0
1779285602700,81,UAS-02,485.7,19.03,22.27,3.24,18.08,25.2,0.990,1,1,31.0,0.35,28.82,30.0,0
1779285602733,82,GND-VEH-01,474.6,18.98,22.17,3.19,18.12,23.8,0.990,1,1,31.0,0.12,29.51,30.1,0
1779285602767,83,PERSON-01,454.9,19.16,22.50,3.34,17.18,26.0,0.990,1,1,33.1,0.18,29.15,30.0,0
1779285602800,84,UAS-01,397.6,19.11,22.14,3.03,17.52,23.4,0.990,1,1,31.8,0.14,28.80,30.0,0
1779285602833,85,UAS-02,730.3,19.18,21.95,2.77,17.52,24.3,0.970,1,1,31.0,0.11,29.16,30.0,0
1779285602867,86,GND-VEH-01,309.0,18.87,22.10,3.23,18.61,24.4,0.987,1,1,31.0,0.35,29.57,30.0,0
1779285602900,87,PERSON-01,310.1,18.78,22.13,3.35,18.04,24.7,0.986,1,1,31.0,0.21,29.36,29.9,0
1779285602933,88,UAS-01,593.8,18.79,22.11,3.32,18.72,24.8,0.990,1,1,33.2,0.07,29.48,29.9,0
1779285602967,89,UAS-02,330.4,18.94,22.39,3.45,18.05,24.8,0.987,1,1,31.0,0.60,29.72,30.1,0
1779285603000,90,GND-VEH-01,345.8,19.04,22.17,3.13,17.59,23.2,0.990,1,1,31.0,0.40,29.83,30.1,0
1779285603033,91,PERSON-01,835.0,18.97,22.06,3.09,17.16,25.6,0.990,1,1,31.0,0.67,29.35,30.0,0
1779285603067,92,UAS-01,341.3,19.26,22.59,3.33,18.62,23.3,0.990,1,1,33.6,0.20,29.49,30.0,0
1779285603100,93,UAS-02,460.8,19.02,22.42,3.41,18.80,22.1,0.990,1,1,31.0,0.03,29.01,30.0,0
1779285603133,94,GND-VEH-01,306.9,18.85,22.44,3.58,19.42,23.6,0.990,1,1,31.0,0.27,29.75,30.0,0
1779285603167,95,PERSON-01,320.7,19.15,22.33,3.18,17.98,24.7,0.990,1,1,31.0,0.43,29.64,30.0,0
1779285603200,96,UAS-01,819.1,18.81,22.03,3.21,17.91,25.6,0.990,1,1,32.6,0.03,29.35,30.0,0
1779285603233,97,UAS-02,748.8,19.14,21.96,2.82,17.52,23.6,0.990,1,1,31.0,0.02,29.42,29.9,0
1779285603267,98,GND-VEH-01,454.5,19.24,22.71,3.46,18.99,24.0,0.990,1,1,31.5,0.07,29.90,30.0,0
1779285603300,99,PERSON-01,343.2,18.77,22.25,3.48,18.14,26.7,0.990,1,1,31.0,0.30,29.25,30.0,0
1779285603333,100,UAS-01,692.1,19.07,22.06,2.99,16.96,24.9,0.990,1,1,31.0,0.00,29.33,30.0,0
1779285603367,101,UAS-02,365.1,18.96,22.31,3.35,18.40,24.4,0.990,1,1,31.0,0.36,29.59,30.1,0
1779285603400,102,GND-VEH-01,456.5,19.20,22.40,3.20,18.56,24.2,0.988,1,1,31.0,0.23,29.26,30.0,0
1779285603433,103,PERSON-01,384.3,19.07,22.49,3.42,19.03,22.8,0.990,1,1,31.2,0.16,29.04,29.9,0
1779285603467,104,UAS-01,303.1,18.88,21.88,3.01,17.83,23.3,0.979,1,1,31.0,0.07,29.68,30.0,0
1779285603500,105,UAS-02,423.1,19.21,22.33,3.12,17.93,25.1,0.990,1,1,31.0,0.13,29.79,30.1,0
1779285603533,106,GND-VEH-01,586.0,19.14,22.21,3.07,17.90,23.2,0.990,1,1,31.0,0.22,29.95,30.0,0
1779285603567,107,PERSON-01,636.8,18.88,22.12,3.24,17.77,23.8,0.990,1,1,32.1,0.21,29.34,30.0,0
1779285603600,108,UAS-01,497.8,18.90,22.06,3.16,17.88,23.5,0.990,1,1,31.0,0.52,29.40,30.0,0
1779285603633,109,UAS-02,300.6,18.89,22.27,3.38,17.86,23.2,0.990,1,1,31.0,0.06,29.69,30.0,0
1779285603667,110,GND-VEH-01,369.0,18.96,22.09,3.13,17.79,24.7,0.989,1,1,31.0,0.30,29.52,30.0,0
1779285603700,111,PERSON-01,386.1,19.03,22.22,3.20,18.16,24.5,0.990,1,1,31.0,0.05,29.65,30.0,0
1779285603733,112,UAS-01,373.6,19.08,22.49,3.41,18.56,23.4,0.990,1,1,31.0,0.19,29.85,29.9,0
1779285603767,113,UAS-02,673.1,18.88,22.19,3.31,18.67,24.7,0.990,1,1,32.9,0.15,30.05,30.0,0
1779285603800,114,GND-VEH-01,445.6,18.98,22.24,3.26,17.65,24.1,0.990,1,1,31.0,0.14,30.11,30.1,0
1779285603833,115,PERSON-01,441.2,18.79,22.10,3.31,18.23,23.9,0.990,1,1,31.0,0.21,29.20,29.8,0
1779285603867,116,UAS-01,518.7,19.12,22.05,2.93,17.49,24.3,0.990,1,1,31.0,0.05,29.51,30.0,0
1779285603900,117,UAS-02,683.8,18.95,21.98,3.03,18.01,25.1,0.990,1,1,31.0,0.28,29.46,30.0,0
1779285603933,118,GND-VEH-01,451.3,18.94,22.06,3.11,18.24,25.9,0.990,1,1,31.2,0.18,29.86,30.0,0
1779285603967,119,PERSON-01,350.6,19.07,22.18,3.11,18.53,23.0,0.990,1,1,31.0,0.03,29.88,30.0,0
1779285604000,120,UAS-01,414.4,18.91,22.06,3.15,18.49,22.5,0.990,1,1,33.2,0.35,29.54,30.0,0
1779285604033,121,UAS-02,503.4,18.94,21.82,2.88,17.62,24.6,0.990,1,1,35.1,0.10,29.54,30.0,0
1779285604067,122,GND-VEH-01,362.9,19.14,22.04,2.91,17.04,25.3,0.990,1,1,33.2,0.26,29.78,30.1,0
1779285604100,123,PERSON-01,454.0,18.89,22.18,3.29,17.60,25.4,0.990,1,1,31.0,0.30,29.42,30.2,0
1779285604133,124,UAS-01,658.9,18.94,21.83,2.89,17.17,24.1,0.990,1,1,33.3,0.23,30.11,30.0,0
1779285604167,125,UAS-02,531.7,18.84,22.11,3.27,18.14,24.1,0.982,1,1,31.0,0.00,29.52,30.1,0
1779285604200,126,GND-VEH-01,594.7,19.27,22.44,3.18,18.36,22.3,0.988,1,1,31.4,0.14,29.48,30.1,0
1779285604233,127,PERSON-01,475.2,19.10,22.15,3.05,18.13,23.5,0.986,1,1,31.9,0.42,29.62,30.0,0
1779285604267,128,UAS-01,495.0,19.02,22.17,3.15,17.89,24.8,0.990,1,1,31.0,0.02,29.68,30.1,0
1779285604300,129,UAS-02,626.8,19.00,22.04,3.04,17.68,23.9,0.990,1,1,32.9,0.17,30.45,29.9,0
1779285604333,130,GND-VEH-01,760.9,18.97,21.97,3.00,17.44,24.2,0.990,1,1,32.8,0.04,29.71,29.8,0
1779285604367,131,PERSON-01,686.0,18.84,21.92,3.09,18.28,23.7,0.985,1,1,31.0,0.34,29.82,29.9,0
1779285604400,132,UAS-01,561.5,19.05,22.35,3.30,18.16,24.0,0.990,1,1,31.0,0.59,29.87,29.9,0
1779285604433,133,UAS-02,368.5,19.00,22.11,3.11,17.96,25.5,0.990,1,1,33.2,0.07,30.04,30.1,0
1779285604467,134,GND-VEH-01,593.7,18.97,21.78,2.81,17.45,24.9,0.990,1,1,31.0,0.14,30.21,30.0,0
1779285604500,135,PERSON-01,453.0,19.16,22.37,3.21,18.18,24.4,0.990,1,1,31.1,0.12,30.02,30.0,0
1779285604533,136,UAS-01,393.0,19.04,22.18,3.13,18.12,21.6,0.990,1,1,31.6,0.26,29.51,30.1,0
1779285604567,137,UAS-02,482.7,18.96,22.04,3.08,18.39,25.3,0.990,1,1,32.2,0.07,30.12,29.9,0
1779285604600,138,GND-VEH-01,496.6,19.05,22.22,3.17,18.31,23.6,0.990,1,1,31.0,0.60,30.00,29.9,0
1779285604633,139,PERSON-01,449.0,18.97,21.83,2.86,17.76,24.5,0.990,1,1,31.0,0.17,30.36,29.9,0
1779285604667,140,UAS-01,317.3,19.10,22.09,2.99,17.94,24.7,0.990,1,1,33.9,0.08,29.84,29.9,0
1779285604700,141,UAS-02,307.5,19.07,22.01,2.94,17.49,22.8,0.990,1,1,32.2,0.21,30.56,30.0,0
1779285604733,142,GND-VEH-01,498.0,18.92,22.20,3.28,18.64,24.0,0.990,1,1,32.2,0.32,30.07,30.1,0
1779285604767,143,PERSON-01,577.2,19.13,22.38,3.25,18.13,22.4,0.990,1,1,31.0,0.26,29.74,30.0,0
1779285604800,144,UAS-01,646.0,18.90,21.84,2.95,17.34,23.2,0.990,1,1,31.0,0.13,29.99,30.0,0
1779285604833,145,UAS-02,414.2,19.04,22.33,3.29,18.94,23.8,0.990,1,1,31.0,0.01,30.42,30.0,0
1779285604867,146,GND-VEH-01,368.4,18.90,22.00,3.09,17.55,23.6,0.990,1,1,31.4,0.22,30.14,30.0,0
1779285604900,147,PERSON-01,908.1,18.78,21.52,2.74,17.53,24.0,0.990,1,1,32.0,0.50,29.95,30.0,0
1779285604933,148,UAS-01,307.8,19.16,22.46,3.31,18.16,24.6,0.990,1,1,35.3,0.16,30.31,29.8,0
1779285604967,149,UAS-02,440.1,18.85,21.99,3.14,17.46,24.6,0.990,1,1,31.0,0.01,30.17,30.1,0
1779285605000,150,GND-VEH-01,403.8,18.96,21.97,3.01,18.32,24.0,0.990,1,1,31.0,0.11,30.09,30.1,0
1779285605033,151,PERSON-01,301.6,19.00,22.44,3.44,18.58,23.5,0.979,1,1,31.0,0.51,30.14,30.0,0
1779285605067,152,UAS-01,321.5,19.26,22.69,3.42,18.14,22.8,0.982,1,1,31.0,0.32,30.03,30.2,0
1779285605100,153,UAS-02,335.8,19.01,22.37,3.36,18.53,24.8,0.984,1,1,33.6,0.05,29.91,29.9,0
1779285605133,154,GND-VEH-01,352.3,18.94,22.27,3.33,17.98,23.9,0.990,1,1,32.1,0.01,30.08,29.9,0
1779285605167,155,PERSON-01,643.6,18.97,21.89,2.93,17.23,24.2,0.990,1,1,31.0,0.38,30.52,30.1,0
1779285605200,156,UAS-01,453.0,19.21,22.22,3.02,17.41,23.8,0.990,1,1,34.2,0.20,30.37,29.9,0
1779285605233,157,UAS-02,643.8,19.03,21.97,2.94,17.45,24.5,0.980,1,1,31.0,0.25,30.50,30.0,0
1779285605267,158,GND-VEH-01,490.8,18.87,21.72,2.85,17.51,23.5,0.990,1,1,31.0,0.49,30.61,29.9,0
1779285605300,159,PERSON-01,696.2,18.92,21.86,2.95,17.98,24.7,0.988,1,1,31.0,0.23,30.28,30.1,0
1779285605333,160,UAS-01,548.4,19.06,22.13,3.07,17.98,24.0,0.990,1,1,32.7,0.43,30.34,30.1,0
1779285605367,161,UAS-02,318.4,18.87,21.93,3.07,17.71,24.2,0.990,1,1,31.0,0.09,30.58,29.9,0
1779285605400,162,GND-VEH-01,412.3,19.03,22.23,3.19,17.63,23.9,0.972,1,1,31.0,0.07,30.22,29.8,0
1779285605433,163,PERSON-01,737.2,19.09,22.37,3.28,17.92,23.2,0.990,1,1,32.6,0.41,30.31,30.0,0
1779285605467,164,UAS-01,308.0,19.16,22.22,3.06,17.96,23.5,0.990,1,1,33.5,0.28,30.52,30.0,0
1779285605500,165,UAS-02,570.4,19.05,22.26,3.21,18.12,23.0,0.990,1,1,31.0,0.03,30.09,30.1,0
1779285605533,166,GND-VEH-01,635.7,19.04,22.05,3.01,18.10,25.0,0.990,1,1,31.0,0.32,30.06,30.1,0
1779285605567,167,PERSON-01,772.5,19.05,22.44,3.38,18.71,25.0,0.990,1,1,31.0,0.64,30.67,30.1,0
1779285605600,168,UAS-01,635.2,19.22,22.31,3.09,17.53,23.3,0.990,1,1,31.0,0.08,30.44,29.8,0
1779285605633,169,UAS-02,617.2,19.14,22.21,3.06,18.01,24.3,0.990,1,1,31.0,0.41,30.75,29.9,0
1779285605667,170,GND-VEH-01,313.8,18.96,22.02,3.06,17.68,25.6,0.990,1,1,31.9,0.18,30.58,30.0,0
1779285605700,171,PERSON-01,370.1,19.02,22.26,3.24,18.63,24.0,0.990,1,1,31.3,0.29,31.01,29.9,0
1779285605733,172,UAS-01,417.7,18.89,22.34,3.45,18.23,23.6,0.990,1,1,34.4,0.07,30.25,30.0,0
1779285605767,173,UAS-02,903.1,18.98,22.12,3.14,17.66,23.7,0.990,1,1,31.0,0.31,30.65,30.0,0
1779285605800,174,GND-VEH-01,588.6,18.99,22.07,3.08,17.76,22.9,0.990,1,1,31.0,0.26,30.39,30.0,0
1779285605833,175,PERSON-01,478.4,19.01,22.32,3.31,18.24,25.9,0.982,1,1,31.3,0.09,30.74,30.1,0
1779285605867,176,UAS-01,317.2,18.98,22.37,3.39,17.90,25.7,0.989,1,1,31.0,0.39,30.24,30.0,0
1779285605900,177,UAS-02,453.5,19.12,22.45,3.33,18.61,24.2,0.990,1,1,31.0,0.11,30.31,30.0,0
1779285605933,178,GND-VEH-01,493.5,18.86,21.89,3.03,16.87,25.6,0.990,1,1,33.2,0.15,30.13,30.2,0
1779285605967,179,PERSON-01,541.4,19.11,22.06,2.95,18.90,22.8,0.990,1,1,31.6,0.24,30.70,30.2,0
1779285606000,180,UAS-01,451.3,19.07,22.47,3.40,18.74,23.3,0.987,1,1,31.7,0.16,30.97,30.0,0
1779285606033,181,UAS-02,334.5,19.02,22.42,3.40,18.28,23.7,0.990,1,1,31.7,0.49,30.74,30.1,0
1779285606067,182,GND-VEH-01,359.7,19.08,22.44,3.37,18.49,24.1,0.986,1,1,31.0,0.21,30.70,30.1,0
1779285606100,183,PERSON-01,481.8,19.04,22.49,3.45,18.93,23.4,0.990,1,1,31.0,0.26,30.71,30.1,0
1779285606133,184,UAS-01,340.8,18.94,22.00,3.06,17.99,24.2,0.981,1,1,31.1,0.41,30.88,30.0,0
1779285606167,185,UAS-02,342.6,18.88,21.84,2.95,18.06,23.0,0.990,1,1,31.9,0.05,30.41,30.1,0
1779285606200,186,GND-VEH-01,387.0,19.08,22.52,3.44,18.55,23.8,0.990,1,1,31.0,0.24,30.81,30.1,0
1779285606233,187,PERSON-01,314.2,19.12,22.55,3.43,17.81,24.6,0.990,1,1,33.0,0.01,30.25,29.9,0
1779285606267,188,UAS-01,394.9,18.74,21.92,3.18,18.34,23.7,0.987,1,1,31.7,0.01,30.72,30.1,0
1779285606300,189,UAS-02,454.5,18.85,21.96,3.11,17.39,23.4,0.989,1,1,32.1,0.08,30.68,30.1,0
1779285606333,190,GND-VEH-01,730.3,18.86,22.13,3.27,17.92,25.0,0.975,1,1,35.0,0.06,30.51,30.0,0
1779285606367,191,PERSON-01,521.0,18.89,22.34,3.45,18.67,23.2,0.990,1,1,34.0,0.14,30.50,29.9,0
1779285606400,192,UAS-01,452.4,19.20,22.05,2.85,17.26,23.1,0.990,1,1,31.0,0.03,30.94,30.0,0
1779285606433,193,UAS-02,508.0,18.90,21.84,2.94,18.13,24.8,0.990,1,1,32.8,0.48,30.60,30.1,0
1779285606467,194,GND-VEH-01,664.9,18.84,22.11,3.27,17.86,23.7,0.990,1,1,31.0,0.20,31.01,30.1,0
1779285606500,195,PERSON-01,516.1,19.02,22.08,3.06,16.86,25.8,0.990,1,1,31.5,0.00,30.55,29.9,0
1779285606533,196,UAS-01,646.1,18.97,22.16,3.19,18.48,23.6,0.990,1,1,31.5,0.29,30.72,30.0,0
1779285606567,197,UAS-02,324.5,19.07,22.46,3.39,18.34,23.6,0.987,1,1,31.0,0.25,31.32,30.0,0
1779285606600,198,GND-VEH-01,462.1,19.09,22.15,3.06,17.62,24.6,0.990,1,1,31.0,0.53,30.89,29.9,0
1779285606633,199,PERSON-01,328.4,19.04,22.38,3.34,18.13,23.6,0.990,1,1,31.0,0.04,31.09,29.9,0
1779285606667,200,UAS-01,509.2,19.15,22.10,2.95,17.69,25.3,0.990,1,1,31.2,0.07,31.15,30.1,0
1779285606700,201,UAS-02,485.4,18.88,22.20,3.32,18.60,22.6,0.973,1,1,34.0,0.11,30.94,30.0,0
1779285606733,202,GND-VEH-01,316.1,19.35,22.74,3.39,18.69,23.7,0.990,1,1,31.0,0.07,30.57,29.8,0
1779285606767,203,PERSON-01,472.5,18.94,21.99,3.05,17.28,22.9,0.990,1,1,31.0,0.46,31.13,30.1,0
1779285606800,204,UAS-01,340.1,18.94,22.25,3.31,17.69,25.7,0.990,1,1,31.0,0.23,31.20,30.0,0
1779285606833,205,UAS-02,485.0,18.94,22.37,3.43,17.60,24.3,0.990,1,1,31.0,0.02,31.02,29.9,0
1779285606867,206,GND-VEH-01,693.5,19.31,22.36,3.04,17.72,24.6,0.985,1,1,33.0,0.38,30.88,30.1,0
1779285606900,207,PERSON-01,592.4,18.92,21.98,3.06,18.26,22.1,0.990,1,1,32.3,0.03,31.06,30.0,0
1779285606933,208,UAS-01,505.6,18.85,22.34,3.49,18.91,24.2,0.990,1,1,31.0,0.06,31.26,30.2,0
1779285606967,209,UAS-02,689.9,19.27,22.13,2.86,17.81,24.2,0.990,1,1,31.2,0.59,30.67,29.8,0
1779285607000,210,GND-VEH-01,391.3,18.83,21.92,3.09,17.76,24.2,0.990,1,1,31.7,0.03,30.79,29.9,0
1779285607033,211,PERSON-01,490.8,19.11,21.96,2.85,17.69,23.8,0.990,1,1,31.0,0.28,30.86,30.1,0
1779285607067,212,UAS-01,333.4,19.06,22.51,3.45,18.51,22.7,0.990,1,1,31.0,0.23,31.36,30.0,0
1779285607100,213,UAS-02,328.9,18.88,21.82,2.94,18.48,23.0,0.987,1,1,31.7,0.42,30.49,30.0,0
1779285607133,214,GND-VEH-01,482.6,18.74,21.65,2.91,17.65,24.9,0.990,1,1,31.0,0.15,31.02,29.9,0
1779285607167,215,PERSON-01,640.2,18.86,21.74,2.89,17.21,25.1,0.990,1,1,31.1,0.20,31.47,29.9,0
1779285607200,216,UAS-01,608.7,18.92,21.98,3.06,18.17,24.6,0.990,1,1,31.0,0.23,30.80,30.0,0
1779285607233,217,UAS-02,412.5,18.97,22.25,3.28,18.32,23.8,0.990,1,1,31.6,0.17,31.12,29.9,0
1779285607267,218,GND-VEH-01,539.4,18.81,21.80,2.99,18.14,25.2,0.990,1,1,31.0,0.44,31.12,30.2,0
1779285607300,219,PERSON-01,328.4,18.86,22.06,3.20,17.98,23.5,0.990,1,1,31.0,0.07,30.92,30.1,0
1779285607333,220,UAS-01,493.8,18.95,21.89,2.94,18.25,24.2,0.990,1,1,31.0,0.39,31.43,30.1,0
1779285607367,221,UAS-02,636.2,19.20,22.17,2.98,18.07,24.5,0.990,1,1,31.0,0.09,31.10,30.1,0
1779285607400,222,GND-VEH-01,614.9,19.39,22.37,2.97,17.85,23.3,0.990,1,1,31.0,0.06,30.93,30.0,0
1779285607433,223,PERSON-01,801.9,18.89,21.80,2.91,17.64,24.4,0.990,1,1,31.0,0.08,31.08,30.1,0
1779285607467,224,UAS-01,685.1,18.89,21.92,3.03,18.06,23.7,0.985,1,1,31.1,0.20,31.18,30.0,0
1779285607500,225,UAS-02,301.1,18.97,22.42,3.46,18.50,23.6,0.990,1,1,31.9,0.33,31.39,30.0,0
1779285607533,226,GND-VEH-01,501.8,19.00,22.35,3.34,18.28,23.0,0.990,1,1,31.0,0.49,31.12,29.9,0
1779285607567,227,PERSON-01,551.9,19.03,21.81,2.78,17.25,23.7,0.990,1,1,34.3,0.12,30.96,30.0,0
1779285607600,228,UAS-01,807.3,18.81,21.93,3.12,17.90,24.0,0.978,1,1,32.0,0.09,31.25,30.1,0
1779285607633,229,UAS-02,457.0,18.77,22.10,3.33,18.03,24.9,0.990,1,1,32.7,0.03,31.14,30.0,0
1779285607667,230,GND-VEH-01,489.1,19.03,22.09,3.06,17.42,22.5,0.990,1,1,31.3,0.05,31.51,30.0,0
1779285607700,231,PERSON-01,455.5,19.21,22.26,3.05,18.10,24.3,0.990,1,1,34.1,0.38,31.35,30.0,0
1779285607733,232,UAS-01,404.6,19.14,22.12,2.98,17.56,22.7,0.990,1,1,31.6,0.40,31.16,29.9,0
1779285607767,233,UAS-02,418.2,19.09,22.26,3.16,17.67,25.1,0.990,1,1,31.0,0.04,31.88,30.2,0
1779285607800,234,GND-VEH-01,671.6,18.87,22.06,3.19,18.20,24.2,0.990,1,1,32.9,0.24,31.30,30.0,0
1779285607833,235,PERSON-01,649.6,19.14,21.85,2.71,16.94,22.7,0.990,1,1,31.0,0.07,31.37,30.1,0
1779285607867,236,UAS-01,307.7,19.04,22.40,3.36,18.27,24.6,0.990,1,1,31.0,0.29,31.57,30.0,0
1779285607900,237,UAS-02,452.6,18.83,22.00,3.17,17.68,25.3,0.990,1,1,31.0,0.07,31.86,29.9,0
1779285607933,238,GND-VEH-01,671.3,19.10,22.07,2.97,17.38,23.2,0.990,1,1,31.0,0.03,31.40,29.9,0
1779285607967,239,PERSON-01,357.0,18.79,22.21,3.42,18.26,23.6,0.990,1,1,31.0,0.10,31.34,30.1,0
1779285608000,240,UAS-01,390.7,19.12,22.62,3.50,17.94,24.9,0.990,1,1,32.0,0.30,31.34,29.9,0
1779285608033,241,UAS-02,605.2,18.78,21.85,3.07,18.41,24.0,0.990,1,1,33.4,0.11,31.49,30.1,0
1779285608067,242,GND-VEH-01,489.8,18.85,22.21,3.36,17.56,25.1,0.984,1,1,31.0,0.59,31.60,29.9,0
1779285608100,243,PERSON-01,391.8,18.75,22.03,3.28,17.20,24.0,0.975,1,1,32.5,0.25,31.34,30.1,0
1779285608133,244,UAS-01,553.0,18.95,22.30,3.34,18.81,23.2,0.990,1,1,31.0,0.42,31.79,29.8,0
1779285608167,245,UAS-02,601.9,19.20,22.34,3.14,18.06,24.3,0.986,1,1,31.0,0.23,31.46,30.0,0
1779285608200,246,GND-VEH-01,830.3,19.09,22.34,3.26,17.52,24.0,0.990,1,1,31.0,0.25,31.23,30.0,0
1779285608233,247,PERSON-01,397.1,18.94,22.26,3.32,18.09,25.4,0.990,1,1,31.0,0.00,31.67,30.0,0
1779285608267,248,UAS-01,448.6,18.83,21.75,2.92,17.34,22.6,0.990,1,1,32.9,0.32,31.58,30.1,0
1779285608300,249,UAS-02,507.2,19.15,22.24,3.09,16.98,24.6,0.980,1,1,32.3,0.02,31.54,29.9,0
1779285608333,250,GND-VEH-01,371.2,19.00,22.32,3.32,18.22,23.7,0.985,1,1,31.0,0.35,31.26,29.9,0
1779285608367,251,PERSON-01,329.0,18.86,22.40,3.54,18.10,25.2,0.990,1,1,33.9,0.48,31.73,30.0,0
1779285608400,252,UAS-01,405.8,19.12,22.51,3.39,18.53,22.5,0.990,1,1,31.1,0.13,31.42,30.0,0
1779285608433,253,UAS-02,636.6,18.96,21.71,2.76,17.13,24.3,0.986,1,1,33.4,0.04,31.68,29.9,0
1779285608467,254,GND-VEH-01,445.0,19.16,22.04,2.88,17.44,24.1,0.990,1,1,31.0,0.22,32.22,29.9,0
1779285608500,255,PERSON-01,487.0,18.85,21.89,3.04,18.07,24.1,0.990,1,1,31.0,0.01,31.74,29.9,0
1779285608533,256,UAS-01,674.3,19.04,22.20,3.15,18.20,24.6,0.988,1,1,31.0,0.21,31.58,29.9,0
1779285608567,257,UAS-02,664.8,19.04,22.13,3.10,18.28,24.4,0.990,1,1,36.2,0.31,31.43,30.0,0
1779285608600,258,GND-VEH-01,658.6,18.92,22.10,3.19,17.86,25.0,0.990,1,1,31.0,0.35,31.61,29.9,0
1779285608633,259,PERSON-01,452.5,19.26,22.57,3.31,18.07,25.2,0.984,1,1,31.0,0.17,32.07,29.9,0
1779285608667,260,UAS-01,498.5,18.89,22.01,3.12,17.60,24.6,0.986,1,1,32.1,0.35,31.72,30.0,0
1779285608700,261,UAS-02,447.7,19.17,22.55,3.38,18.63,23.6,0.990,1,1,31.0,0.03,31.84,30.0,0
1779285608733,262,GND-VEH-01,422.8,19.05,21.98,2.93,17.70,25.0,0.990,1,1,31.1,0.09,31.46,30.0,0
1779285608767,263,PERSON-01,321.9,18.75,22.18,3.43,18.61,23.5,0.990,1,1,32.0,0.01,31.36,30.1,0
1779285608800,264,UAS-01,325.2,19.02,22.56,3.53,18.24,23.5,0.990,1,1,31.0,0.12,31.76,30.0,0
1779285608833,265,UAS-02,453.1,18.99,22.18,3.19,17.61,24.5,0.985,1,1,31.0,0.39,31.82,30.1,0
1779285608867,266,GND-VEH-01,313.1,18.83,21.98,3.16,17.79,24.0,0.987,1,1,31.0,0.24,31.41,30.0,0
1779285608900,267,PERSON-01,486.9,18.91,21.94,3.03,17.46,24.0,0.974,1,1,31.8,0.19,31.94,30.1,0
1779285608933,268,UAS-01,494.8,18.79,21.90,3.11,17.39,25.3,0.980,1,1,31.0,0.58,31.53,30.0,0
1779285608967,269,UAS-02,430.0,18.93,21.79,2.86,18.00,23.7,0.990,1,1,31.0,0.23,32.00,29.9,0
1779285609000,270,GND-VEH-01,334.7,19.03,22.16,3.13,17.89,24.9,0.990,1,1,31.0,0.20,31.77,30.1,0
1779285609033,271,PERSON-01,545.5,18.81,21.93,3.12,17.69,24.5,0.988,1,1,31.0,0.32,31.75,30.0,0
1779285609067,272,UAS-01,558.7,18.88,21.72,2.84,17.18,24.7,0.990,1,1,31.0,0.34,31.74,29.9,0
1779285609100,273,UAS-02,380.4,19.06,22.20,3.14,18.21,23.3,0.990,1,1,31.0,0.07,32.36,30.0,0
1779285609133,274,GND-VEH-01,628.0,18.73,21.68,2.95,18.52,23.5,0.990,1,1,31.0,0.39,31.83,30.1,0
1779285609167,275,PERSON-01,304.1,19.02,22.15,3.13,18.12,25.3,0.990,1,1,31.2,0.28,32.19,30.1,0
1779285609200,276,UAS-01,416.4,18.84,21.98,3.14,18.49,23.3,0.990,1,1,31.2,0.12,31.99,30.1,0
1779285609233,277,UAS-02,372.9,19.04,22.04,3.00,17.78,24.6,0.990,1,1,31.0,0.05,31.68,30.0,0
1779285609267,278,GND-VEH-01,306.3,18.93,22.36,3.43,18.88,23.3,0.979,1,1,32.4,0.08,32.26,30.1,0
1779285609300,279,PERSON-01,340.7,19.09,22.24,3.15,17.55,23.5,0.990,1,1,31.0,0.04,32.02,30.1,0
1779285609333,280,UAS-01,339.5,19.12,22.12,3.00,17.80,23.7,0.990,1,1,31.0,0.44,31.98,30.0,0
1779285609367,281,UAS-02,357.0,19.10,21.98,2.87,17.74,24.3,0.990,1,1,31.1,0.19,31.88,30.1,0
1779285609400,282,GND-VEH-01,445.4,19.17,22.50,3.33,18.94,22.6,0.983,1,1,31.0,0.27,32.42,30.2,0
1779285609433,283,PERSON-01,425.6,19.20,22.43,3.23,17.96,22.4,0.990,1,1,31.5,0.16,32.21,29.9,0
1779285609467,284,UAS-01,569.2,19.02,22.18,3.16,17.20,24.4,0.990,1,1,31.0,0.30,32.35,30.2,0
1779285609500,285,UAS-02,710.0,18.83,22.02,3.19,18.15,23.4,0.990,1,1,31.0,0.35,32.07,29.8,0
1779285609533,286,GND-VEH-01,653.3,18.98,22.02,3.04,18.37,23.9,0.990,1,1,31.0,0.05,32.12,30.0,0
1779285609567,287,PERSON-01,631.2,19.17,22.07,2.90,18.10,23.8,0.984,1,1,31.0,0.26,32.50,30.0,0
1779285609600,288,UAS-01,312.5,18.89,22.04,3.15,17.85,24.0,0.980,1,1,31.5,0.14,32.75,30.1,0
1779285609633,289,UAS-02,439.6,18.96,21.88,2.92,17.64,24.1,0.990,1,1,32.2,0.12,31.89,30.0,0
1779285609667,290,GND-VEH-01,329.6,18.99,22.37,3.39,17.95,24.5,0.981,1,1,31.0,0.06,31.93,29.9,0
1779285609700,291,PERSON-01,639.6,19.08,22.40,3.32,18.35,22.9,0.990,1,1,31.0,0.50,32.57,30.1,0
1779285609733,292,UAS-01,585.3,19.03,22.02,2.99,18.19,25.0,0.990,1,1,31.4,0.14,32.25,30.1,0
1779285609767,293,UAS-02,564.4,18.98,22.14,3.15,17.81,24.1,0.990,1,1,31.0,0.07,31.98,29.9,0
1779285609800,294,GND-VEH-01,650.8,18.62,21.51,2.88,17.56,25.8,0.990,1,1,31.0,0.14,32.05,30.0,0
1779285609833,295,PERSON-01,399.3,19.13,21.94,2.81,17.70,24.1,0.972,1,1,33.0,0.17,32.47,29.8,0
1779285609867,296,UAS-01,511.8,18.94,22.33,3.40,18.30,23.9,0.990,1,1,32.4,0.10,32.01,29.8,0
1779285609900,297,UAS-02,557.4,18.90,21.82,2.92,17.06,23.5,0.985,1,1,31.0,0.08,32.27,30.1,0
1779285609933,298,GND-VEH-01,420.0,18.80,21.95,3.15,18.14,23.3,0.990,1,1,33.7,0.13,32.30,30.0,0
1779285609967,299,PERSON-01,369.2,19.12,22.28,3.16,17.34,25.1,0.973,1,1,31.5,0.21,32.58,30.0,0
1779285610000,300,UAS-01,668.7,19.12,22.23,3.12,18.34,24.7,0.990,1,1,31.0,0.16,32.54,29.9,0
1779285610033,301,UAS-02,595.4,18.75,21.88,3.12,18.23,24.4,0.990,1,1,31.0,0.06,32.13,29.9,0
1779285610067,302,GND-VEH-01,607.2,18.94,21.92,2.97,18.23,25.4,0.987,1,1,32.2,0.54,32.05,29.9,0
1779285610100,303,PERSON-01,334.1,19.01,22.42,3.41,18.67,23.6,0.990,1,1,33.0,0.35,32.15,29.9,0
1779285610133,304,UAS-01,575.2,19.29,22.55,3.26,18.14,23.0,0.990,1,1,31.9,0.02,32.72,30.1,0
1779285610167,305,UAS-02,456.9,19.21,22.36,3.15,18.26,23.2,0.990,1,1,31.0,0.17,32.62,30.1,0
1779285610200,306,GND-VEH-01,461.0,19.18,22.65,3.47,18.12,23.4,0.990,1,1,31.6,0.00,32.34,30.0,0
1779285610233,307,PERSON-01,484.2,19.07,22.29,3.23,18.53,23.3,0.990,1,1,33.9,0.21,32.35,30.0,0
1779285610267,308,UAS-01,547.0,19.13,22.74,3.61,18.83,23.9,0.978,1,1,31.0,0.02,32.58,30.0,0
1779285610300,309,UAS-02,508.9,18.90,21.89,2.99,17.61,23.6,0.990,1,1,31.0,0.02,32.06,30.0,0
1779285610333,310,GND-VEH-01,467.6,19.19,22.29,3.10,18.40,23.7,0.990,1,1,31.4,0.04,32.49,29.9,0
1779285610367,311,PERSON-01,596.5,18.90,21.83,2.93,18.55,22.3,0.990,1,1,31.0,0.08,32.26,30.1,0
1779285610400,312,UAS-01,428.8,18.96,22.10,3.15,18.27,23.3,0.990,1,1,31.0,0.27,32.50,29.9,0
1779285610433,313,UAS-02,383.5,18.98,21.87,2.90,17.46,23.7,0.990,1,1,31.0,0.25,32.20,29.8,0
1779285610467,314,GND-VEH-01,585.0,18.98,22.07,3.09,18.39,24.6,0.990,1,1,31.0,0.19,32.66,30.1,0
1779285610500,315,PERSON-01,318.1,18.89,22.52,3.63,18.50,24.3,0.990,1,1,33.6,0.24,32.40,30.1,0
1779285610533,316,UAS-01,528.0,18.93,21.96,3.03,18.45,25.2,0.990,1,1,31.0,0.13,32.34,30.1,0
1779285610567,317,UAS-02,538.8,19.04,22.24,3.20,17.39,24.1,0.990,1,1,31.4,0.54,32.62,29.9,0
1779285610600,318,GND-VEH-01,447.6,19.03,22.15,3.12,17.98,24.8,0.990,1,1,31.0,0.22,32.44,29.8,0
1779285610633,319,PERSON-01,918.7,19.05,21.67,2.62,16.79,23.8,0.990,1,1,33.2,0.14,32.60,29.9,0
1779285610667,320,UAS-01,615.5,18.96,21.93,2.97,17.82,23.6,0.982,1,1,31.0,0.29,32.45,30.0,0
1779285610700,321,UAS-02,874.5,18.94,21.76,2.82,17.91,24.4,0.990,1,1,31.0,0.19,32.65,29.9,0
1779285610733,322,GND-VEH-01,443.7,18.72,22.00,3.28,18.40,23.9,0.990,1,1,31.0,0.18,32.25,30.1,0
1779285610767,323,PERSON-01,639.9,19.03,22.21,3.18,17.94,23.5,0.981,1,1,31.0,0.29,33.01,30.0,0
1779285610800,324,UAS-01,405.8,19.06,22.12,3.06,17.91,24.4,0.990,1,1,31.6,0.12,32.59,30.0,0
1779285610833,325,UAS-02,712.1,19.03,22.31,3.28,17.64,24.5,0.963,1,1,32.3,0.11,32.44,30.1,0
1779285610867,326,GND-VEH-01,367.8,18.94,22.11,3.17,17.81,24.6,0.979,1,1,31.6,0.01,33.01,29.8,0
1779285610900,327,PERSON-01,775.3,18.82,21.47,2.66,17.23,24.7,0.990,1,1,31.6,0.24,32.99,29.9,0
1779285610933,328,UAS-01,767.3,18.97,21.97,3.00,18.01,24.9,0.990,1,1,32.4,0.39,32.79,30.0,0
1779285610967,329,UAS-02,463.1,19.08,22.42,3.34,18.03,24.6,0.990,1,1,31.9,0.08,32.40,29.8,0
1779285611000,330,GND-VEH-01,481.3,19.07,22.49,3.42,18.90,22.8,0.990,1,1,32.8,0.36,32.83,30.1,0
1779285611033,331,PERSON-01,597.4,19.01,21.98,2.97,17.39,24.6,0.990,1,1,31.0,0.12,32.84,30.0,0
1779285611067,332,UAS-01,632.6,18.98,21.93,2.95,18.35,23.7,0.990,1,1,31.0,0.02,32.76,30.1,0
1779285611100,333,UAS-02,380.4,19.13,22.37,3.24,18.46,23.0,0.978,1,1,32.7,0.34,32.93,30.0,0
1779285611133,334,GND-VEH-01,314.6,18.88,22.28,3.41,17.88,24.4,0.990,1,1,31.0,0.06,33.22,30.0,0
1779285611167,335,PERSON-01,309.3,18.97,21.92,2.95,17.50,24.2,0.974,1,1,31.0,0.15,32.73,30.0,0
1779285611200,336,UAS-01,660.9,19.13,22.12,2.99,17.28,23.8,0.990,1,1,31.0,0.33,32.71,30.1,0
1779285611233,337,UAS-02,567.4,19.11,22.06,2.96,17.96,23.7,0.976,1,1,31.0,0.00,33.22,29.9,0
1779285611267,338,GND-VEH-01,428.2,19.14,22.23,3.08,17.96,24.7,0.990,1,1,32.5,0.04,32.85,30.0,0
1779285611300,339,PERSON-01,352.3,19.17,22.55,3.39,17.79,25.4,0.990,1,1,32.1,0.23,32.62,30.0,0
1779285611333,340,UAS-01,594.2,19.14,21.99,2.84,17.83,22.9,0.990,1,1,31.0,0.06,33.06,30.2,0
1779285611367,341,UAS-02,666.3,18.93,22.09,3.15,18.09,23.2,0.990,1,1,31.0,0.01,33.09,30.0,0
1779285611400,342,GND-VEH-01,330.0,19.09,22.52,3.43,18.02,24.9,0.990,1,1,31.0,0.07,32.86,30.0,0
1779285611433,343,PERSON-01,334.8,19.00,22.04,3.04,18.27,24.6,0.990,1,1,31.3,0.67,33.00,30.1,0
1779285611467,344,UAS-01,490.1,18.93,21.99,3.06,17.95,23.6,0.990,1,1,31.0,0.12,33.37,30.0,0
1779285611500,345,UAS-02,438.6,18.71,21.65,2.93,17.67,24.6,0.990,1,1,31.4,0.31,33.15,29.9,0
1779285611533,346,GND-VEH-01,381.2,19.02,22.03,3.01,17.44,23.9,0.990,1,1,32.6,0.12,32.65,29.9,0
1779285611567,347,PERSON-01,756.6,19.11,22.18,3.07,17.46,25.0,0.990,1,1,31.0,0.47,32.92,30.0,0
1779285611600,348,UAS-01,699.7,18.96,21.95,2.99,17.49,24.0,0.990,1,1,31.2,0.01,33.35,29.8,0
1779285611633,349,UAS-02,382.6,19.02,22.36,3.34,18.38,23.7,0.990,1,1,31.4,0.02,32.95,29.8,0
1779285611667,350,GND-VEH-01,518.1,18.82,22.10,3.28,17.77,24.2,0.981,1,1,32.1,0.08,33.00,30.0,0
1779285611700,351,PERSON-01,435.6,18.97,22.22,3.24,18.36,23.4,0.990,1,1,32.0,0.39,33.26,30.0,0
1779285611733,352,UAS-01,344.5,18.73,21.89,3.16,18.06,24.1,0.990,1,1,33.1,0.24,33.38,30.0,0
1779285611767,353,UAS-02,656.2,18.86,22.00,3.15,17.76,24.2,0.990,1,1,32.1,0.06,33.41,29.8,0
1779285611800,354,GND-VEH-01,639.4,19.06,22.13,3.07,18.11,25.8,0.969,1,1,33.1,0.07,33.40,30.0,0
1779285611833,355,PERSON-01,428.9,19.03,22.27,3.25,17.43,23.4,0.990,1,1,31.0,0.45,32.92,29.8,0
1779285611867,356,UAS-01,615.6,18.79,21.90,3.11,18.72,24.8,0.990,1,1,33.7,0.06,33.28,30.0,0
1779285611900,357,UAS-02,414.8,18.98,22.13,3.15,17.18,24.3,0.990,1,1,34.5,0.10,33.11,30.0,0
1779285611933,358,GND-VEH-01,739.7,19.24,22.17,2.93,17.70,23.3,0.990,1,1,31.0,0.23,33.15,30.0,0
1779285611967,359,PERSON-01,721.3,19.05,22.01,2.96,18.06,23.6,0.990,1,1,31.0,0.19,33.26,30.1,0
1779285612000,360,UAS-01,485.0,18.82,21.68,2.86,17.70,23.9,0.990,1,1,31.0,0.12,33.16,30.0,0
1779285612033,361,UAS-02,323.6,19.12,22.40,3.28,18.85,23.3,0.985,1,1,31.5,0.03,33.36,30.1,0
1779285612067,362,GND-VEH-01,643.0,18.94,21.82,2.89,17.20,23.2,0.977,1,1,31.0,0.15,33.29,29.9,0
1779285612100,363,PERSON-01,538.9,19.08,22.59,3.50,18.47,25.4,0.990,1,1,31.4,0.14,33.14,30.0,0
1779285612133,364,UAS-01,412.6,18.93,22.26,3.32,18.06,23.8,0.990,1,1,31.0,0.51,33.46,30.0,0
1779285612167,365,UAS-02,573.3,18.94,22.14,3.20,18.66,23.1,0.984,1,1,31.4,0.04,33.78,29.9,0
1779285612200,366,GND-VEH-01,445.2,18.96,21.80,2.84,17.63,25.5,0.990,1,1,31.0,0.10,33.38,30.1,0
1779285612233,367,PERSON-01,385.7,18.94,22.12,3.18,18.02,24.9,0.990,1,1,33.7,0.36,33.17,30.1,0
1779285612267,368,UAS-01,300.8,19.12,22.47,3.35,18.25,24.5,0.990,1,1,31.0,0.32,33.16,29.9,0
1779285612300,369,UAS-02,319.6,19.10,22.38,3.28,18.32,24.7,0.990,1,1,34.2,0.17,32.81,30.0,0
1779285612333,370,GND-VEH-01,668.9,18.96,21.84,2.88,17.87,23.9,0.985,1,1,31.4,0.26,33.62,30.1,0
1779285612367,371,PERSON-01,338.9,18.98,22.45,3.47,18.12,25.0,0.990,1,1,31.0,0.14,33.13,29.9,0
1779285612400,372,UAS-01,347.8,19.22,22.71,3.49,18.23,23.6,0.990,1,1,31.0,0.03,33.65,30.0,0
1779285612433,373,UAS-02,669.3,19.25,22.42,3.17,17.65,24.8,0.990,1,1,31.0,0.26,33.31,30.1,0
1779285612467,374,GND-VEH-01,307.8,18.86,22.24,3.37,17.73,23.5,0.981,1,1,31.2,0.12,33.59,29.9,0
1779285612500,375,PERSON-01,670.7,19.18,22.43,3.25,18.06,25.5,0.979,1,1,32.3,0.23,32.82,30.1,0
1779285612533,376,UAS-01,463.4,19.15,22.40,3.25,18.80,23.1,0.990,1,1,31.0,0.12,33.32,29.9,0
1779285612567,377,UAS-02,342.3,18.94,22.09,3.15,18.01,24.2,0.990,1,1,32.0,0.06,32.98,30.0,0
1779285612600,378,GND-VEH-01,685.7,18.83,22.05,3.22,18.33,22.6,0.990,1,1,31.6,0.14,33.68,30.0,0
1779285612633,379,PERSON-01,414.1,19.28,22.58,3.30,18.90,24.0,0.990,1,1,33.2,0.18,33.16,29.9,0
1779285612667,380,UAS-01,450.8,18.92,22.28,3.36,18.72,23.6,0.985,1,1,31.0,0.21,33.98,29.9,0
1779285612700,381,UAS-02,430.4,18.78,21.88,3.11,17.57,25.0,0.986,1,1,32.9,0.43,33.49,30.0,0
1779285612733,382,GND-VEH-01,464.1,18.94,22.03,3.10,17.66,24.7,0.990,1,1,31.0,0.14,33.09,30.0,0
1779285612767,383,PERSON-01,644.1,19.02,22.08,3.06,18.13,24.6,0.972,1,1,31.2,0.08,33.37,30.0,0
1779285612800,384,UAS-01,525.8,18.78,22.23,3.45,18.60,25.0,0.990,1,1,31.5,0.22,33.48,30.1,0
1779285612833,385,UAS-02,677.1,18.87,21.79,2.92,17.49,23.6,0.981,1,1,31.0,0.13,33.45,30.0,0
1779285612867,386,GND-VEH-01,884.8,19.11,22.28,3.17,18.17,23.2,0.990,1,1,32.1,0.17,33.37,30.0,0
1779285612900,387,PERSON-01,373.6,19.01,22.22,3.21,18.68,24.2,0.990,1,1,31.0,0.48,33.93,30.0,0
1779285612933,388,UAS-01,720.5,19.13,22.26,3.12,17.29,22.8,0.990,1,1,31.7,0.31,33.42,29.9,0
1779285612967,389,UAS-02,462.7,18.70,21.92,3.22,18.07,24.5,0.987,1,1,31.0,0.30,33.44,29.9,0
1779285613000,390,GND-VEH-01,311.8,19.14,22.51,3.36,17.47,23.4,0.990,1,1,31.0,0.00,33.74,30.0,0
1779285613033,391,PERSON-01,687.6,18.91,21.83,2.92,18.10,23.9,0.990,1,1,31.6,0.18,33.06,30.2,0
1779285613067,392,UAS-01,369.4,18.98,22.23,3.24,18.23,24.4,0.990,1,1,31.0,0.03,33.47,30.0,0
1779285613100,393,UAS-02,476.5,19.05,21.91,2.87,17.64,23.8,0.990,1,1,31.0,0.04,34.07,30.0,0
1779285613133,394,GND-VEH-01,758.1,18.79,21.69,2.89,17.57,24.0,0.990,1,1,31.0,0.20,34.01,30.1,0
1779285613167,395,PERSON-01,539.8,18.95,22.44,3.49,17.98,24.3,0.990,1,1,33.3,0.38,33.85,30.0,0
1779285613200,396,UAS-01,452.8,18.90,22.10,3.19,18.30,23.4,0.990,1,1,32.3,0.32,33.88,30.0,0
1779285613233,397,UAS-02,323.8,18.88,22.27,3.39,18.87,24.6,0.990,1,1,31.0,0.18,33.66,30.0,0
1779285613267,398,GND-VEH-01,644.4,18.99,22.35,3.35,17.88,24.4,0.990,1,1,33.9,0.13,33.68,30.0,0
1779285613300,399,PERSON-01,439.6,18.96,22.32,3.35,17.69,23.9,0.979,1,1,31.5,0.02,33.39,30.1,0
1779285613333,400,UAS-01,532.5,18.87,22.02,3.15,18.29,23.6,0.983,1,1,32.6,0.46,33.63,30.0,0
1779285613367,401,UAS-02,602.3,18.92,22.08,3.16,17.62,25.2,0.990,1,1,31.0,0.15,33.94,30.1,0
1779285613400,402,GND-VEH-01,699.6,19.37,22.58,3.22,17.70,23.2,0.983,1,1,32.2,0.33,33.70,30.2,0
1779285613433,403,PERSON-01,461.5,18.83,22.12,3.29,17.91,23.4,0.979,1,1,31.0,0.25,33.89,30.0,0
1779285613467,404,UAS-01,400.4,18.94,22.12,3.18,17.41,23.1,0.983,1,1,31.0,0.32,34.16,30.1,0
1779285613500,405,UAS-02,623.1,19.10,22.13,3.03,18.24,23.9,0.990,1,1,31.0,0.54,33.99,30.2,0
1779285613533,406,GND-VEH-01,572.6,18.69,22.11,3.43,17.96,23.3,0.990,1,1,32.7,0.13,33.75,30.0,0
1779285613567,407,PERSON-01,669.6,19.21,22.34,3.14,17.39,24.3,0.990,1,1,31.0,0.02,34.25,30.1,0
1779285613600,408,UAS-01,406.6,19.15,22.68,3.53,19.00,23.7,0.990,1,1,32.7,0.40,33.69,29.9,0
1779285613633,409,UAS-02,561.3,19.01,22.09,3.08,17.83,24.8,0.990,1,1,31.8,0.26,33.66,30.0,0
1779285613667,410,GND-VEH-01,430.0,18.87,22.24,3.36,18.18,22.9,0.990,1,1,31.0,0.16,34.08,30.0,0
1779285613700,411,PERSON-01,468.3,18.96,22.29,3.33,18.49,24.1,0.990,1,1,32.4,0.26,34.35,30.0,0
1779285613733,412,UAS-01,522.4,18.97,22.07,3.10,18.24,23.9,0.990,1,1,31.0,0.48,33.97,29.9,0
1779285613767,413,UAS-02,452.1,19.07,22.19,3.11,17.91,25.2,0.990,1,1,31.0,0.19,33.66,30.1,0
1779285613800,414,GND-VEH-01,483.6,19.09,22.07,2.98,17.93,22.9,0.987,1,1,31.0,0.27,34.49,30.1,0
1779285613833,415,PERSON-01,607.1,18.97,22.01,3.04,18.72,24.3,0.977,1,1,31.0,0.38,34.38,30.0,0
1779285613867,416,UAS-01,386.3,19.07,22.33,3.27,18.60,24.4,0.986,1,1,31.0,0.44,34.08,30.0,0
1779285613900,417,UAS-02,501.5,19.28,22.41,3.13,18.05,24.3,0.983,1,1,31.5,0.21,34.37,30.0,0
1779285613933,418,GND-VEH-01,626.6,18.98,22.15,3.17,17.75,26.1,0.980,1,1,31.0,0.27,33.90,29.9,0
1779285613967,419,PERSON-01,641.1,19.32,22.25,2.92,17.37,25.2,0.990,1,1,31.0,0.29,33.93,30.1,0
1779285614000,420,UAS-01,869.9,18.97,22.03,3.06,17.22,24.3,0.990,1,1,31.0,0.37,34.35,30.0,0
1779285614033,421,UAS-02,699.3,18.84,21.86,3.02,18.21,23.5,0.990,1,1,31.7,0.11,33.90,30.0,0
1779285614067,422,GND-VEH-01,318.3,19.08,22.12,3.04,18.04,23.7,0.990,1,1,32.7,0.01,34.03,30.1,0
1779285614100,423,PERSON-01,457.9,18.95,22.09,3.14,18.63,24.0,0.990,1,1,31.0,0.62,33.89,29.9,0
1779285614133,424,UAS-01,793.4,18.93,21.80,2.87,17.91,23.0,0.990,1,1,31.6,0.10,33.90,30.1,0
1779285614167,425,UAS-02,457.3,19.15,22.51,3.36,17.89,22.7,0.990,1,1,31.6,0.08,33.81,30.0,0
1779285614200,426,GND-VEH-01,520.6,18.87,22.02,3.14,16.96,24.9,0.969,1,1,33.4,0.03,33.89,30.0,0
1779285614233,427,PERSON-01,389.2,19.20,22.75,3.55,18.90,24.0,0.989,1,1,31.0,0.19,33.97,30.1,0
1779285614267,428,UAS-01,470.4,18.77,21.84,3.08,17.95,24.1,0.990,1,1,33.5,0.29,33.79,29.9,0
1779285614300,429,UAS-02,407.2,19.13,22.28,3.15,17.96,24.2,0.990,1,1,31.0,0.11,33.93,29.9,0
1779285614333,430,GND-VEH-01,395.6,18.92,22.21,3.29,18.74,22.5,0.990,1,1,32.8,0.20,34.47,30.0,0
1779285614367,431,PERSON-01,678.1,19.02,21.98,2.95,17.56,25.4,0.990,1,1,32.2,0.25,34.30,29.9,0
1779285614400,432,UAS-01,830.0,19.06,22.19,3.12,18.29,24.7,0.990,1,1,31.0,0.14,34.53,30.1,0
1779285614433,433,UAS-02,374.1,18.75,22.05,3.30,18.94,23.7,0.980,1,1,31.2,0.13,34.33,30.0,0
1779285614467,434,GND-VEH-01,660.8,18.92,22.18,3.26,18.02,24.0,0.990,1,1,32.2,0.08,34.30,30.0,0
1779285614500,435,PERSON-01,543.9,19.23,22.19,2.96,16.98,24.2,0.990,1,1,31.0,0.39,34.52,29.9,0
1779285614533,436,UAS-01,349.5,18.83,22.33,3.50,19.27,23.0,0.989,1,1,33.2,0.04,34.42,30.0,0
1779285614567,437,UAS-02,501.5,18.91,22.28,3.38,17.79,24.7,0.990,1,1,31.0,0.11,34.01,30.0,0
1779285614600,438,GND-VEH-01,432.8,18.99,22.22,3.24,17.84,24.9,0.986,1,1,31.4,0.36,34.59,30.0,0
1779285614633,439,PERSON-01,535.3,18.89,22.00,3.10,17.49,25.5,0.990,1,1,33.6,0.28,34.34,30.0,0
1779285614667,440,UAS-01,481.7,19.03,22.07,3.04,17.88,23.6,0.990,1,1,33.0,0.43,34.80,30.0,0
1779285614700,441,UAS-02,369.3,18.81,22.02,3.21,18.50,23.0,0.968,1,1,31.6,0.16,34.44,30.1,0
1779285614733,442,GND-VEH-01,441.8,19.11,22.33,3.21,17.44,25.3,0.990,1,1,31.0,0.26,34.49,30.1,0
1779285614767,443,PERSON-01,411.2,18.97,22.00,3.03,17.47,25.0,0.990,1,1,31.0,0.08,34.57,29.9,0
1779285614800,444,UAS-01,542.8,19.08,22.46,3.38,18.47,23.3,0.990,1,1,31.0,0.25,34.72,29.9,0
1779285614833,445,UAS-02,465.1,19.16,22.59,3.43,18.44,23.1,0.969,1,1,31.0,0.12,34.76,29.9,0
1779285614867,446,GND-VEH-01,485.7,18.79,21.68,2.89,17.67,25.2,0.990,1,1,32.1,0.26,34.31,30.0,0
1779285614900,447,PERSON-01,645.7,19.00,22.11,3.11,18.44,24.0,0.990,1,1,31.0,0.18,34.31,30.0,0
1779285614933,448,UAS-01,665.2,18.88,21.98,3.10,17.60,24.1,0.990,1,1,31.0,0.12,34.74,29.8,0
1779285614967,449,UAS-02,414.8,18.99,22.12,3.13,18.85,24.9,0.990,1,1,31.0,0.01,34.46,29.9,0
1779285615000,450,GND-VEH-01,447.1,18.89,22.07,3.18,18.17,25.4,0.990,1,1,31.0,0.32,34.14,30.0,0
1779285615033,451,PERSON-01,532.7,19.28,22.19,2.91,17.07,25.9,0.990,1,1,31.0,0.10,34.60,29.9,0
1779285615067,452,UAS-01,414.2,18.85,21.87,3.02,17.76,24.1,0.990,1,1,31.5,0.53,34.85,30.0,0
1779285615100,453,UAS-02,430.3,19.06,21.92,2.87,17.82,23.8,0.990,1,1,31.3,0.17,34.48,30.0,0
1779285615133,454,GND-VEH-01,536.4,19.26,22.36,3.10,17.73,23.8,0.986,1,1,31.0,0.33,34.80,30.0,0
1779285615167,455,PERSON-01,617.9,19.19,22.61,3.42,18.83,25.2,0.990,1,1,31.0,0.07,34.63,30.0,0
1779285615200,456,UAS-01,488.2,18.86,22.01,3.15,17.91,24.1,0.990,1,1,33.4,0.39,34.85,30.0,0
1779285615233,457,UAS-02,482.4,19.01,22.10,3.10,18.21,24.2,0.990,1,1,31.0,0.32,34.73,30.0,0
1779285615267,458,GND-VEH-01,659.4,18.93,22.22,3.29,18.52,24.5,0.990,1,1,31.0,0.30,34.66,30.0,0
1779285615300,459,PERSON-01,598.7,18.86,22.07,3.21,18.55,24.4,0.990,1,1,33.8,0.33,34.75,30.0,0
1779285615333,460,UAS-01,366.9,18.96,22.06,3.10,17.77,23.7,0.989,1,1,32.8,0.37,34.17,30.0,0
1779285615367,461,UAS-02,719.8,19.01,21.91,2.90,17.51,23.6,0.990,1,1,31.0,0.19,35.01,30.0,0
1779285615400,462,GND-VEH-01,486.9,19.23,22.43,3.20,17.74,24.7,0.990,1,1,31.4,0.27,34.87,20.0,1
1779285615433,463,PERSON-01,518.4,18.87,22.17,3.30,17.76,24.2,0.990,1,1,31.2,0.05,34.74,30.1,0
1779285615467,464,UAS-01,615.0,19.03,22.38,3.35,18.15,25.1,0.982,1,1,31.7,0.08,34.70,29.9,0
1779285615500,465,UAS-02,417.1,19.01,22.32,3.31,18.12,24.0,0.990,1,1,31.0,0.23,34.54,29.9,0
1779285615533,466,GND-VEH-01,421.3,18.81,22.16,3.35,18.53,22.6,0.983,1,1,31.4,0.27,35.13,30.0,0
1779285615567,467,PERSON-01,615.4,18.95,22.19,3.24,18.31,24.3,0.987,1,1,32.9,0.18,34.76,29.9,0
1779285615600,468,UAS-01,464.1,18.98,22.04,3.07,17.79,24.1,0.990,1,1,33.4,0.09,34.77,29.9,0
1779285615633,469,UAS-02,381.6,19.04,21.99,2.95,18.45,23.6,0.978,1,1,31.0,0.10,34.92,30.0,0
1779285615667,470,GND-VEH-01,449.6,19.05,22.32,3.27,18.42,24.3,0.990,1,1,31.0,0.75,35.27,29.9,0
1779285615700,471,PERSON-01,338.9,19.01,22.03,3.02,17.48,25.0,0.990,1,1,31.1,0.11,34.49,30.0,0
1779285615733,472,UAS-01,714.8,18.97,21.96,2.99,18.04,23.0,0.990,1,1,31.0,0.50,35.22,30.0,0
1779285615767,473,UAS-02,326.4,18.92,22.37,3.45,18.74,25.4,0.990,1,1,31.0,0.30,34.74,29.9,0
1779285615800,474,GND-VEH-01,458.3,18.90,22.17,3.27,18.37,25.2,0.983,1,1,31.3,0.10,34.66,29.9,0
1779285615833,475,PERSON-01,385.4,18.70,21.69,2.99,17.95,22.5,0.990,1,1,31.0,0.64,34.78,29.9,0
1779285615867,476,UAS-01,421.3,19.11,22.04,2.93,17.96,24.3,0.990,1,1,33.5,0.01,34.84,30.0,0
1779285615900,477,UAS-02,396.8,18.83,22.25,3.41,17.15,25.5,0.990,1,1,31.0,0.32,35.09,29.8,0
1779285615933,478,GND-VEH-01,425.5,18.83,21.81,2.99,17.83,23.1,0.981,1,1,31.0,0.10,34.75,30.1,0
1779285615967,479,PERSON-01,332.7,18.98,22.13,3.15,17.68,25.1,0.990,1,1,31.0,0.30,34.78,30.1,0
1779285616000,480,UAS-01,490.7,19.26,22.59,3.33,17.84,23.7,0.990,1,1,33.0,0.11,34.58,30.0,0
1779285616033,481,UAS-02,690.0,18.82,22.16,3.34,17.90,24.6,0.987,1,1,31.0,0.44,35.04,29.9,0
1779285616067,482,GND-VEH-01,372.6,18.96,22.33,3.36,18.41,23.5,0.990,1,1,31.0,0.30,35.08,30.0,0
1779285616100,483,PERSON-01,458.7,19.09,22.17,3.08,17.74,23.3,0.990,1,1,32.6,0.28,35.04,30.2,0
1779285616133,484,UAS-01,453.6,19.02,22.09,3.07,17.55,23.1,0.990,1,1,31.0,0.32,34.63,30.2,0
1779285616167,485,UAS-02,433.5,18.93,22.12,3.19,18.40,23.9,0.990,1,1,31.0,0.28,34.49,30.1,0
1779285616200,486,GND-VEH-01,330.4,18.92,22.28,3.36,19.30,22.2,0.990,1,1,31.2,0.09,34.82,29.9,0
1779285616233,487,PERSON-01,699.5,18.85,21.65,2.80,17.24,24.8,0.990,1,1,31.0,0.07,34.97,29.9,0
1779285616267,488,UAS-01,423.4,18.93,22.12,3.19,18.22,24.9,0.990,1,1,31.0,0.38,34.68,30.0,0
1779285616300,489,UAS-02,576.3,18.94,22.36,3.42,18.22,24.6,0.990,1,1,31.0,0.03,35.39,29.9,0
1779285616333,490,GND-VEH-01,389.2,19.07,22.10,3.04,17.46,23.5,0.982,1,1,31.0,0.21,34.71,30.0,0
1779285616367,491,PERSON-01,825.9,18.96,22.02,3.06,18.25,24.7,0.985,1,1,32.1,0.52,34.89,30.0,0
1779285616400,492,UAS-01,396.7,18.76,21.64,2.87,17.72,25.9,0.990,1,1,31.0,0.57,35.23,29.9,0
1779285616433,493,UAS-02,465.0,19.30,22.58,3.28,18.36,23.5,0.990,1,1,31.0,0.05,34.77,30.1,0
1779285616467,494,GND-VEH-01,680.9,18.99,22.20,3.21,17.62,23.7,0.990,1,1,31.0,0.36,35.01,30.1,0
1779285616500,495,PERSON-01,421.9,19.14,22.03,2.89,17.04,23.6,0.990,1,1,31.0,0.25,35.37,30.0,0
1779285616533,496,UAS-01,586.4,18.90,21.82,2.92,17.20,23.1,0.972,1,1,34.2,0.18,34.87,29.8,0
1779285616567,497,UAS-02,950.9,18.80,21.45,2.66,16.95,25.5,0.986,1,1,31.9,0.01,34.95,30.2,0
1779285616600,498,GND-VEH-01,396.6,18.71,22.01,3.30,18.25,24.3,0.990,1,1,31.0,0.15,35.38,29.9,0
1779285616633,499,PERSON-01,351.4,18.96,21.99,3.03,17.76,24.7,0.990,1,1,31.0,0.27,35.19,30.2,0
1779285616667,500,UAS-01,575.9,19.15,22.05,2.91,17.74,24.0,0.990,1,1,31.0,0.39,34.94,29.9,0
1779285616700,501,UAS-02,360.2,19.16,22.29,3.13,18.39,25.1,0.990,1,1,32.8,0.55,35.50,29.9,0
1779285616733,502,GND-VEH-01,356.7,19.09,22.14,3.04,18.03,24.5,0.990,1,1,32.7,0.11,35.31,30.0,0
1779285616767,503,PERSON-01,363.6,19.11,22.51,3.40,18.33,23.4,0.990,1,1,32.8,0.61,35.20,30.1,0
1779285616800,504,UAS-01,641.8,18.71,21.63,2.92,17.93,25.1,0.990,1,1,32.2,0.12,35.40,29.9,0
1779285616833,505,UAS-02,531.2,19.07,22.13,3.06,17.35,24.2,0.990,1,1,31.7,0.44,35.26,30.1,0
1779285616867,506,GND-VEH-01,503.1,19.07,22.16,3.08,17.60,25.1,0.990,1,1,31.0,0.45,35.11,30.0,0
1779285616900,507,PERSON-01,385.1,19.17,22.64,3.47,18.15,23.8,0.990,1,1,31.9,0.40,35.18,29.9,0
1779285616933,508,UAS-01,360.4,18.89,22.04,3.14,17.44,23.4,0.990,1,1,33.2,0.17,35.68,30.1,0
1779285616967,509,UAS-02,390.5,18.76,21.86,3.10,17.68,22.7,0.988,1,1,33.3,0.10,35.01,30.0,0
1779285617000,510,GND-VEH-01,423.7,18.97,22.11,3.15,17.57,23.7,0.983,1,1,31.0,0.02,35.45,29.9,0
1779285617033,511,PERSON-01,306.9,19.14,22.33,3.19,18.20,24.2,0.990,1,1,31.0,0.04,35.22,29.9,0
1779285617067,512,UAS-01,718.3,19.10,22.13,3.03,17.23,24.5,0.990,1,1,31.6,0.35,35.44,30.0,0
1779285617100,513,UAS-02,309.7,18.89,22.31,3.42,18.40,24.6,0.990,1,1,31.0,0.02,35.58,30.0,0
1779285617133,514,GND-VEH-01,633.3,19.06,22.29,3.23,18.09,25.1,0.990,1,1,32.1,0.15,35.69,30.0,0
1779285617167,515,PERSON-01,496.1,18.81,22.08,3.27,18.23,25.7,0.990,1,1,31.0,0.49,35.51,29.9,0
1779285617200,516,UAS-01,886.7,19.00,22.13,3.13,18.46,25.1,0.986,1,1,32.4,0.10,35.26,29.8,0
1779285617233,517,UAS-02,754.7,18.74,21.75,3.01,17.40,22.3,0.990,1,1,31.0,0.22,35.79,30.0,0
1779285617267,518,GND-VEH-01,372.5,18.88,22.19,3.31,17.77,22.7,0.967,1,1,31.8,0.20,35.36,29.9,0
1779285617300,519,PERSON-01,493.5,19.13,22.76,3.63,18.44,23.8,0.990,1,1,32.1,0.60,35.75,29.9,0
1779285617333,520,UAS-01,336.6,19.08,22.57,3.50,18.55,24.3,0.982,1,1,31.0,0.28,35.33,29.9,0
1779285617367,521,UAS-02,356.6,18.93,22.10,3.17,18.64,25.0,0.990,1,1,33.8,0.24,35.18,30.0,0
1779285617400,522,GND-VEH-01,663.0,19.17,21.93,2.75,17.17,24.8,0.990,1,1,31.0,0.33,36.08,30.0,0
1779285617433,523,PERSON-01,496.9,19.09,22.09,3.01,18.44,23.9,0.990,1,1,31.8,0.33,35.83,30.0,0
1779285617467,524,UAS-01,468.9,18.99,21.80,2.81,18.07,21.4,0.990,1,1,32.4,0.09,35.62,30.0,0
1779285617500,525,UAS-02,879.0,18.97,22.15,3.17,18.60,24.2,0.990,1,1,31.0,0.60,36.05,30.0,0
1779285617533,526,GND-VEH-01,401.4,19.06,22.38,3.32,18.30,23.7,0.985,1,1,32.7,0.25,35.38,30.1,0
1779285617567,527,PERSON-01,392.8,18.96,22.20,3.24,18.42,23.3,0.990,1,1,31.0,0.55,35.55,30.0,0
1779285617600,528,UAS-01,588.6,19.05,22.01,2.96,17.95,23.4,0.990,1,1,32.4,0.06,35.46,30.0,0
1779285617633,529,UAS-02,314.0,19.24,22.71,3.47,17.89,23.9,0.990,1,1,31.0,0.15,35.95,30.0,0
1779285617667,530,GND-VEH-01,832.3,19.17,22.11,2.94,17.07,22.9,0.982,1,1,31.0,0.09,35.29,30.0,0
1779285617700,531,PERSON-01,318.3,19.08,22.16,3.08,18.08,23.5,0.990,1,1,31.0,0.06,35.71,30.0,0
1779285617733,532,UAS-01,332.6,19.03,22.33,3.30,18.28,24.7,0.990,1,1,32.4,0.04,35.99,29.9,0
1779285617767,533,UAS-02,434.5,18.70,21.81,3.11,18.08,24.6,0.990,1,1,31.0,0.26,35.70,29.9,0
1779285617800,534,GND-VEH-01,371.4,18.93,22.06,3.13,17.75,23.6,0.990,1,1,31.5,0.04,36.01,30.0,0
1779285617833,535,PERSON-01,1037.2,19.18,22.27,3.09,17.05,25.6,0.990,1,1,31.7,0.09,35.88,29.9,0
1779285617867,536,UAS-01,334.6,19.01,22.45,3.44,18.15,22.9,0.990,1,1,31.0,0.03,35.41,30.0,0
1779285617900,537,UAS-02,632.7,18.99,22.19,3.20,17.63,24.1,0.990,1,1,31.0,0.09,35.81,29.9,0
1779285617933,538,GND-VEH-01,928.2,18.88,21.58,2.70,17.88,23.4,0.971,1,1,31.3,0.31,36.11,29.9,0
1779285617967,539,PERSON-01,674.8,19.23,22.12,2.89,17.62,25.4,0.990,1,1,33.4,0.07,36.02,30.0,0
1779285618000,540,UAS-01,555.5,18.86,22.18,3.32,18.91,23.4,0.990,1,1,31.0,0.31,36.00,30.0,0
1779285618033,541,UAS-02,394.4,19.01,22.03,3.02,17.32,24.5,0.982,1,1,34.0,0.44,35.96,30.1,0
1779285618067,542,GND-VEH-01,599.1,19.19,22.26,3.07,18.74,23.6,0.990,1,1,31.0,0.05,35.46,30.0,0
1779285618100,543,PERSON-01,355.0,18.93,22.09,3.15,17.58,23.2,0.990,1,1,32.7,0.20,35.42,30.0,0
1779285618133,544,UAS-01,308.6,19.24,22.35,3.12,18.04,25.0,0.990,1,1,31.0,0.24,35.99,30.1,0
1779285618167,545,UAS-02,594.1,19.18,22.27,3.09,18.31,22.0,0.990,1,1,31.8,0.04,35.78,29.8,0
1779285618200,546,GND-VEH-01,413.2,18.75,21.88,3.12,18.67,24.7,0.990,1,1,31.9,0.08,35.82,30.1,0
1779285618233,547,PERSON-01,434.9,19.07,22.13,3.06,17.52,24.1,0.990,1,1,31.0,0.13,36.31,30.1,0
1779285618267,548,UAS-01,509.2,19.21,22.39,3.18,16.79,24.3,0.990,1,1,31.0,0.50,36.12,30.0,0
1779285618300,549,UAS-02,496.2,19.19,22.63,3.45,18.29,24.7,0.990,1,1,33.0,0.31,35.36,30.0,0
1779285618333,550,GND-VEH-01,524.4,18.92,22.10,3.18,17.90,24.4,0.975,1,1,31.0,0.28,35.95,29.8,0
1779285618367,551,PERSON-01,654.1,19.14,22.47,3.33,18.33,24.1,0.990,1,1,32.0,0.04,35.69,30.1,0
1779285618400,552,UAS-01,666.6,19.10,22.47,3.38,19.03,23.5,0.990,1,1,31.0,0.30,35.95,29.9,0
1779285618433,553,UAS-02,926.3,19.20,22.12,2.92,18.07,22.7,0.988,1,1,31.0,0.29,35.57,30.2,0
1779285618467,554,GND-VEH-01,381.1,18.90,22.12,3.22,18.09,24.8,0.990,1,1,32.3,0.14,36.13,30.1,0
1779285618500,555,PERSON-01,656.9,18.94,22.29,3.34,18.22,24.4,0.990,1,1,31.0,0.42,36.04,30.0,0
1779285618533,556,UAS-01,553.8,19.08,22.36,3.28,17.89,25.3,0.987,1,1,31.0,0.11,36.17,30.1,0
1779285618567,557,UAS-02,468.1,18.98,22.08,3.10,17.75,23.4,0.990,1,1,31.0,0.27,35.85,30.0,0
1779285618600,558,GND-VEH-01,616.7,19.06,22.33,3.27,17.91,24.1,0.990,1,1,33.4,0.04,35.77,30.1,0
1779285618633,559,PERSON-01,468.1,18.99,22.21,3.22,18.05,25.6,0.990,1,1,32.4,0.19,36.16,29.9,0
1779285618667,560,UAS-01,430.5,19.00,22.43,3.43,18.33,22.3,0.990,1,1,32.6,0.07,35.92,30.0,0
1779285618700,561,UAS-02,314.0,19.04,22.49,3.45,18.70,24.7,0.990,1,1,33.7,0.04,36.18,30.1,0
1779285618733,562,GND-VEH-01,314.0,18.92,22.39,3.48,18.66,24.0,0.990,1,1,31.7,0.22,36.01,30.1,0
1779285618767,563,PERSON-01,313.9,19.15,22.15,3.00,17.45,23.7,0.990,1,1,33.3,0.01,36.55,30.1,0
1779285618800,564,UAS-01,378.9,19.09,22.18,3.09,17.72,25.4,0.990,1,1,31.0,0.07,36.13,30.1,0
1779285618833,565,UAS-02,988.6,19.14,21.89,2.74,17.23,24.3,0.990,1,1,31.0,0.09,36.66,30.0,0
1779285618867,566,GND-VEH-01,707.6,19.04,22.14,3.10,17.68,23.7,0.990,1,1,32.4,0.48,36.40,30.0,0
1779285618900,567,PERSON-01,861.8,19.09,22.11,3.03,17.72,23.1,0.980,1,1,31.3,0.12,36.59,30.0,0
1779285618933,568,UAS-01,734.9,18.95,22.01,3.06,18.32,23.0,0.990,1,1,31.0,0.15,36.31,30.0,0
1779285618967,569,UAS-02,471.7,18.92,21.77,2.85,17.33,24.2,0.990,1,1,31.0,0.07,35.95,30.2,0
1779285619000,570,GND-VEH-01,485.9,18.87,21.83,2.96,18.13,23.0,0.990,1,1,31.0,0.05,36.08,30.0,0
1779285619033,571,PERSON-01,467.1,19.16,22.28,3.12,18.53,23.1,0.990,1,1,31.7,0.02,36.01,30.1,0
1779285619067,572,UAS-01,788.3,18.92,21.87,2.95,18.14,23.8,0.976,1,1,32.8,0.18,36.50,29.9,0
1779285619100,573,UAS-02,764.3,18.87,21.93,3.06,17.38,24.6,0.989,1,1,32.0,0.19,36.54,29.8,0
1779285619133,574,GND-VEH-01,398.8,19.08,22.58,3.49,18.63,25.2,0.990,1,1,31.0,0.30,36.23,30.0,0
1779285619167,575,PERSON-01,389.6,19.05,22.46,3.40,18.36,22.4,0.990,1,1,31.0,0.20,36.24,29.8,0
1779285619200,576,UAS-01,720.3,18.84,21.93,3.09,17.93,23.8,0.976,1,1,33.6,0.22,36.22,30.0,0
1779285619233,577,UAS-02,617.2,18.93,22.27,3.34,18.04,23.5,0.981,1,1,31.0,0.18,36.62,29.9,0
1779285619267,578,GND-VEH-01,378.1,19.07,22.01,2.94,17.06,24.7,0.990,1,1,31.0,0.26,36.38,29.9,0
1779285619300,579,PERSON-01,386.8,19.13,22.19,3.06,17.87,22.9,0.969,1,1,31.2,0.23,36.37,30.1,0
1779285619333,580,UAS-01,596.1,18.90,21.87,2.97,17.24,24.0,0.990,1,1,32.1,0.39,36.42,30.0,0
1779285619367,581,UAS-02,407.0,19.19,22.52,3.34,18.61,24.5,0.990,1,1,31.0,0.09,36.56,30.1,0
1779285619400,582,GND-VEH-01,408.2,19.23,22.28,3.05,18.19,22.9,0.990,1,1,31.0,0.45,36.70,30.0,0
1779285619433,583,PERSON-01,580.0,18.91,22.25,3.33,19.06,23.0,0.986,1,1,31.0,0.02,36.31,29.8,0
1779285619467,584,UAS-01,398.7,18.78,22.18,3.40,18.22,23.2,0.984,1,1,31.7,0.46,36.10,30.1,0
1779285619500,585,UAS-02,516.0,18.90,22.03,3.12,17.98,24.0,0.990,1,1,31.0,0.45,36.39,29.9,0
1779285619533,586,GND-VEH-01,458.4,19.11,22.44,3.33,18.39,23.7,0.989,1,1,31.0,0.50,36.45,30.1,0
1779285619567,587,PERSON-01,514.8,18.90,22.12,3.23,18.34,23.7,0.990,1,1,33.8,0.13,36.71,30.0,0
1779285619600,588,UAS-01,392.9,18.94,22.06,3.13,18.29,24.3,0.990,1,1,31.0,0.06,36.62,30.0,0
1779285619633,589,UAS-02,562.0,18.89,22.16,3.26,17.13,25.2,0.990,1,1,32.3,0.56,36.59,30.2,0
1779285619667,590,GND-VEH-01,565.1,18.95,21.86,2.91,17.50,22.8,0.990,1,1,33.8,0.61,36.54,30.0,0
1779285619700,591,PERSON-01,344.2,18.82,22.31,3.49,18.05,23.5,0.984,1,1,31.0,0.42,36.58,29.9,0
1779285619733,592,UAS-01,668.0,18.94,21.67,2.73,17.24,23.9,0.990,1,1,32.6,0.16,36.38,30.0,0
1779285619767,593,UAS-02,492.7,19.10,22.24,3.13,17.55,24.9,0.970,1,1,31.0,0.18,36.45,30.0,0
1779285619800,594,GND-VEH-01,304.0,19.18,22.30,3.11,17.25,24.6,0.990,1,1,31.5,0.17,36.75,30.0,0
1779285619833,595,PERSON-01,497.8,18.95,22.10,3.15,17.82,24.2,0.990,1,1,34.2,0.28,36.66,30.1,0
1779285619867,596,UAS-01,378.5,18.83,21.95,3.11,18.39,22.2,0.990,1,1,31.0,0.03,37.12,29.9,0
1779285619900,597,UAS-02,371.6,19.01,22.12,3.11,18.40,24.7,0.990,1,1,32.2,0.33,36.39,30.1,0
1779285619933,598,GND-VEH-01,551.0,18.95,22.09,3.15,17.88,24.6,0.990,1,1,33.2,0.21,36.59,29.9,0
1779285619967,599,PERSON-01,453.6,19.21,22.49,3.28,17.90,23.9,0.990,1,1,31.1,0.28,36.67,29.9,0
1779285620000,600,UAS-01,506.8,19.01,22.09,3.08,17.64,22.7,0.990,1,1,32.1,0.04,36.29,30.1,0
1779285620033,601,UAS-02,398.2,19.08,22.09,3.01,17.74,23.1,0.990,1,1,32.1,0.09,36.64,30.0,0
1779285620067,602,GND-VEH-01,738.0,18.89,21.76,2.87,17.04,25.7,0.990,1,1,31.8,0.08,36.43,29.9,0
1779285620100,603,PERSON-01,483.7,19.03,22.16,3.14,18.36,25.5,0.990,1,1,31.3,0.47,36.82,30.1,0
1779285620133,604,UAS-01,470.0,18.82,21.98,3.17,18.34,25.0,0.990,1,1,34.6,0.42,36.63,30.2,0
1779285620167,605,UAS-02,324.0,18.99,22.07,3.07,17.75,23.4,0.990,1,1,32.5,0.33,36.78,30.1,0
1779285620200,606,GND-VEH-01,423.2,18.97,22.24,3.27,18.29,22.7,0.990,1,1,31.0,0.25,36.99,30.0,0
1779285620233,607,PERSON-01,477.4,18.92,22.34,3.42,18.70,24.6,0.990,1,1,31.4,0.02,36.52,29.9,0
1779285620267,608,UAS-01,410.7,18.84,21.79,2.95,18.15,23.4,0.990,1,1,31.2,0.21,36.89,30.1,0
1779285620300,609,UAS-02,757.4,18.72,21.85,3.14,17.54,24.0,0.978,1,1,34.3,0.20,36.90,29.9,0
1779285620333,610,GND-VEH-01,616.2,18.91,21.96,3.06,17.52,23.5,0.968,1,1,31.0,0.13,36.95,29.9,0
1779285620367,611,PERSON-01,343.7,18.89,21.87,2.98,17.64,24.5,0.990,1,1,31.9,0.06,36.57,30.0,0
1779285620400,612,UAS-01,567.9,19.13,22.05,2.92,16.96,24.4,0.986,1,1,31.0,0.06,37.17,30.1,0
1779285620433,613,UAS-02,644.7,18.91,21.95,3.04,17.85,24.4,0.990,1,1,31.0,0.18,36.67,30.0,0
1779285620467,614,GND-VEH-01,776.1,18.97,22.03,3.06,17.49,23.4,0.980,1,1,33.6,0.13,36.71,30.1,0
1779285620500,615,PERSON-01,728.4,18.85,21.97,3.13,17.63,25.4,0.990,1,1,31.5,0.52,36.58,30.0,0
1779285620533,616,UAS-01,604.8,19.12,22.41,3.30,18.55,24.1,0.990,1,1,35.2,0.31,36.56,29.9,0
1779285620567,617,UAS-02,547.8,18.74,22.02,3.27,18.03,23.5,0.990,1,1,31.0,0.38,36.96,30.1,0
1779285620600,618,GND-VEH-01,533.1,18.71,21.69,2.98,17.88,23.8,0.989,1,1,31.2,0.06,36.98,29.9,0
1779285620633,619,PERSON-01,340.0,19.19,22.36,3.17,18.20,23.5,0.990,1,1,31.0,0.01,37.35,29.9,0
1779285620667,620,UAS-01,416.5,19.04,22.23,3.19,18.05,24.1,0.990,1,1,31.0,0.19,37.02,30.0,0
1779285620700,621,UAS-02,398.0,18.93,22.26,3.33,18.71,25.5,0.989,1,1,31.0,0.02,37.28,30.0,0
1779285620733,622,GND-VEH-01,373.6,18.90,22.17,3.27,18.06,23.2,0.971,1,1,32.1,0.01,37.15,30.0,0
1779285620767,623,PERSON-01,463.9,19.15,22.24,3.09,17.01,24.6,0.990,1,1,32.3,0.33,37.22,30.2,0
1779285620800,624,UAS-01,583.5,18.95,22.16,3.21,17.31,24.5,0.990,1,1,31.0,0.07,36.65,29.9,0
1779285620833,625,UAS-02,444.3,19.17,22.42,3.24,17.74,24.1,0.990,1,1,31.0,0.37,37.17,30.0,0
1779285620867,626,GND-VEH-01,544.0,18.80,21.94,3.14,17.43,24.6,0.990,1,1,31.0,0.23,37.26,29.9,0
1779285620900,627,PERSON-01,321.3,19.06,22.31,3.25,18.24,25.1,0.990,1,1,31.0,0.32,37.17,30.1,0
1779285620933,628,UAS-01,367.0,19.28,22.42,3.13,18.03,23.4,0.990,1,1,32.6,0.28,37.25,30.0,0
1779285620967,629,UAS-02,476.6,19.16,22.50,3.34,17.68,24.8,0.976,1,1,31.4,0.34,37.02,30.0,0
1779285621000,630,GND-VEH-01,590.3,19.03,22.40,3.37,18.68,23.7,0.990,1,1,32.1,0.46,36.90,30.0,0
1779285621033,631,PERSON-01,326.1,18.72,22.07,3.35,18.55,24.9,0.990,1,1,31.0,0.24,36.77,30.1,0
1779285621067,632,UAS-01,377.5,19.04,22.23,3.19,18.36,22.5,0.989,1,1,31.4,0.33,37.48,30.0,0
1779285621100,633,UAS-02,448.8,18.88,22.10,3.22,18.39,23.0,0.990,1,1,31.0,0.48,37.12,30.0,0
1779285621133,634,GND-VEH-01,314.4,19.01,22.11,3.10,18.12,23.6,0.990,1,1,31.0,0.42,37.67,30.0,0
1779285621167,635,PERSON-01,407.8,18.92,21.95,3.03,18.13,22.6,0.990,1,1,32.2,0.02,37.38,30.1,0
1779285621200,636,UAS-01,666.3,19.16,22.24,3.08,17.62,24.3,0.990,1,1,31.0,0.05,36.74,30.0,0
1779285621233,637,UAS-02,470.4,18.65,21.56,2.91,17.35,23.8,0.990,1,1,33.9,0.37,37.47,29.9,0
1779285621267,638,GND-VEH-01,391.5,18.99,22.25,3.26,18.29,23.6,0.990,1,1,31.0,0.05,37.25,29.9,0
1779285621300,639,PERSON-01,355.8,19.11,22.34,3.23,17.65,22.9,0.990,1,1,31.4,0.05,37.03,30.0,0
1779285621333,640,UAS-01,595.8,18.97,22.16,3.19,18.40,24.0,0.990,1,1,32.1,0.35,37.44,29.9,0
1779285621367,641,UAS-02,738.4,19.02,22.08,3.06,18.08,23.4,0.990,1,1,33.0,0.01,37.42,29.9,0
1779285621400,642,GND-VEH-01,330.2,18.78,21.98,3.20,18.79,22.1,0.990,1,1,31.0,0.03,37.29,30.0,0
1779285621433,643,PERSON-01,920.0,19.11,22.31,3.20,17.69,23.8,0.990,1,1,31.0,0.09,37.09,29.9,0
1779285621467,644,UAS-01,342.7,19.08,22.24,3.17,17.87,23.7,0.990,1,1,31.0,0.12,37.22,30.1,0
1779285621500,645,UAS-02,472.8,18.99,22.25,3.25,18.20,24.0,0.976,1,1,32.0,0.03,37.36,30.0,0
1779285621533,646,GND-VEH-01,357.8,18.87,22.01,3.14,18.02,24.7,0.971,1,1,31.0,0.51,37.30,29.9,0
1779285621567,647,PERSON-01,353.4,18.88,22.38,3.50,18.02,25.4,0.990,1,1,31.5,0.22,37.55,30.2,0
1779285621600,648,UAS-01,642.9,19.03,22.23,3.20,17.95,24.8,0.990,1,1,31.0,0.04,37.37,30.0,0
1779285621633,649,UAS-02,539.3,18.92,22.00,3.08,17.78,25.5,0.990,1,1,33.0,0.18,37.51,30.1,0
1779285621667,650,GND-VEH-01,401.5,18.92,22.18,3.26,17.99,24.9,0.959,1,1,31.0,0.33,37.26,29.8,0
1779285621700,651,PERSON-01,304.1,19.10,22.55,3.46,18.62,24.3,0.990,1,1,31.3,0.50,37.56,30.0,0
1779285621733,652,UAS-01,566.3,18.95,22.17,3.22,18.08,23.9,0.977,1,1,32.6,0.35,37.27,30.0,0
1779285621767,653,UAS-02,325.5,19.12,22.41,3.29,18.05,23.5,0.990,1,1,31.0,0.20,37.31,29.9,0
1779285621800,654,GND-VEH-01,425.9,18.99,22.06,3.07,17.50,24.4,0.990,1,1,31.0,0.05,37.41,30.0,0
1779285621833,655,PERSON-01,413.6,18.98,22.18,3.20,17.86,24.9,0.977,1,1,31.0,0.29,37.40,30.0,0
1779285621867,656,UAS-01,640.5,18.74,21.41,2.67,17.18,23.8,0.990,1,1,32.7,0.09,37.58,29.9,0
1779285621900,657,UAS-02,777.9,19.05,21.89,2.84,16.98,25.4,0.990,1,1,31.0,0.30,37.47,30.0,0
1779285621933,658,GND-VEH-01,369.2,19.05,21.94,2.88,18.31,23.0,0.990,1,1,31.0,0.21,37.67,29.9,0
1779285621967,659,PERSON-01,390.7,18.90,21.92,3.03,16.80,23.5,0.985,1,1,33.4,0.29,37.50,30.1,0
1779285622000,660,UAS-01,305.1,19.03,22.35,3.32,17.62,25.7,0.990,1,1,32.0,0.05,37.75,30.0,0
1779285622033,661,UAS-02,343.7,19.09,22.08,2.99,18.18,23.1,0.972,1,1,31.0,0.41,37.80,30.0,0
1779285622067,662,GND-VEH-01,785.2,18.91,21.89,2.98,17.92,23.8,0.990,1,1,31.1,0.30,37.50,30.0,0
1779285622100,663,PERSON-01,511.3,18.88,21.81,2.92,18.00,22.5,0.990,1,1,31.0,0.03,37.23,30.0,0
1779285622133,664,UAS-01,513.6,18.99,22.01,3.02,17.70,23.1,0.989,1,1,31.3,0.01,37.35,30.0,0
1779285622167,665,UAS-02,715.6,18.84,22.09,3.25,18.69,23.5,0.984,1,1,31.0,0.12,37.68,29.9,0
1779285622200,666,GND-VEH-01,475.6,19.13,22.51,3.37,18.44,25.4,0.990,1,1,31.0,0.10,37.42,29.9,0
1779285622233,667,PERSON-01,641.2,19.09,22.13,3.04,18.12,23.3,0.983,1,1,31.0,0.02,38.11,30.0,0
1779285622267,668,UAS-01,560.9,18.92,22.26,3.35,17.89,24.9,0.989,1,1,31.0,0.26,37.99,30.0,0
1779285622300,669,UAS-02,305.1,19.00,22.16,3.16,17.79,24.9,0.980,1,1,31.4,0.39,37.49,30.1,0
1779285622333,670,GND-VEH-01,674.6,18.96,21.95,2.99,18.20,23.0,0.990,1,1,31.0,0.22,37.73,30.1,0
1779285622367,671,PERSON-01,354.8,19.26,22.48,3.22,18.12,24.9,0.990,1,1,31.0,0.51,37.07,30.0,0
1779285622400,672,UAS-01,718.8,18.99,21.93,2.93,18.15,22.5,0.990,1,1,31.0,0.22,37.83,30.0,0
1779285622433,673,UAS-02,303.1,19.19,22.43,3.23,18.00,23.2,0.990,1,1,31.0,0.43,37.50,29.9,0
1779285622467,674,GND-VEH-01,322.7,18.98,22.18,3.20,17.91,24.3,0.990,1,1,32.5,0.17,37.73,29.8,0
1779285622500,675,PERSON-01,689.0,18.95,22.07,3.12,17.47,24.7,0.990,1,1,31.0,0.34,37.80,30.0,0
1779285622533,676,UAS-01,453.3,18.96,22.05,3.09,17.60,25.2,0.990,1,1,31.0,0.22,37.70,30.0,0
1779285622567,677,UAS-02,677.5,19.05,22.31,3.26,17.72,24.7,0.990,1,1,31.0,0.27,37.57,30.0,0
1779285622600,678,GND-VEH-01,521.1,18.91,22.07,3.16,17.99,23.5,0.990,1,1,31.0,0.30,38.01,29.9,0
1779285622633,679,PERSON-01,503.7,19.25,22.51,3.27,18.49,24.2,0.990,1,1,31.5,0.31,38.10,30.0,0
1779285622667,680,UAS-01,420.8,19.11,22.45,3.34,19.18,23.6,0.990,1,1,31.7,0.02,37.77,30.1,0
1779285622700,681,UAS-02,464.3,18.92,21.82,2.90,17.29,22.4,0.990,1,1,32.4,0.20,37.63,29.9,0
1779285622733,682,GND-VEH-01,419.8,19.24,22.47,3.23,17.73,24.2,0.990,1,1,33.6,0.13,37.55,30.1,0
1779285622767,683,PERSON-01,309.0,18.92,22.32,3.40,17.87,24.3,0.990,1,1,31.0,0.08,38.22,30.0,0
1779285622800,684,UAS-01,439.0,19.21,22.33,3.12,17.50,24.3,0.990,1,1,32.3,0.35,37.91,30.1,0
1779285622833,685,UAS-02,650.0,18.86,21.71,2.84,17.15,23.3,0.990,1,1,31.2,0.03,37.99,30.1,0
1779285622867,686,GND-VEH-01,547.5,18.99,21.99,3.00,18.02,24.1,0.989,1,1,31.0,0.12,37.45,30.0,0
1779285622900,687,PERSON-01,477.9,18.92,21.91,2.99,17.90,23.3,0.990,1,1,31.0,0.02,37.92,30.0,0
1779285622933,688,UAS-01,553.5,18.75,21.80,3.05,18.70,23.7,0.989,1,1,31.0,0.03,38.04,30.1,0
1779285622967,689,UAS-02,743.7,18.89,21.43,2.54,17.40,24.8,0.990,1,1,31.5,0.07,37.90,30.0,0
1779285623000,690,GND-VEH-01,664.0,19.16,21.96,2.80,17.68,24.0,0.990,1,1,31.6,0.13,37.56,30.0,0
1779285623033,691,PERSON-01,392.7,18.92,22.54,3.61,18.26,24.8,0.973,1,1,32.6,0.31,38.34,29.9,0
1779285623067,692,UAS-01,472.5,18.82,21.80,2.98,18.92,22.2,0.981,1,1,32.2,0.10,37.91,29.9,0
1779285623100,693,UAS-02,316.7,19.13,22.57,3.44,18.61,23.0,0.977,1,1,31.0,0.02,38.09,30.1,0
1779285623133,694,GND-VEH-01,662.5,19.09,21.75,2.66,17.84,22.9,0.981,1,1,33.9,0.20,38.05,30.1,0
1779285623167,695,PERSON-01,323.4,19.14,22.59,3.45,18.02,23.8,0.990,1,1,32.0,0.22,38.01,30.1,0
1779285623200,696,UAS-01,420.1,18.75,22.22,3.47,18.80,23.4,0.990,1,1,33.9,0.06,37.83,29.9,0
1779285623233,697,UAS-02,423.0,19.06,22.66,3.60,19.01,24.7,0.987,1,1,32.0,0.33,37.99,30.1,0
1779285623267,698,GND-VEH-01,513.8,19.11,22.52,3.40,18.12,23.7,0.990,1,1,32.7,0.44,37.93,30.2,0
1779285623300,699,PERSON-01,639.0,18.97,22.16,3.19,17.82,24.3,0.990,1,1,32.8,0.43,38.17,29.9,0
1779285623333,700,UAS-01,453.2,18.88,21.93,3.05,18.48,23.3,0.990,1,1,31.2,0.18,38.33,30.0,0
1779285623367,701,UAS-02,528.4,18.83,22.16,3.33,18.15,25.1,0.990,1,1,32.2,0.44,38.20,30.1,0
1779285623400,702,GND-VEH-01,411.0,18.98,21.86,2.89,18.03,23.3,0.990,1,1,33.9,0.48,38.04,30.1,0
1779285623433,703,PERSON-01,409.3,19.13,22.61,3.47,18.03,25.4,0.990,1,1,31.0,0.10,38.01,30.0,0
1779285623467,704,UAS-01,593.4,18.93,22.21,3.28,18.32,24.8,0.990,1,1,31.8,0.37,38.07,30.0,0
1779285623500,705,UAS-02,954.1,19.02,21.89,2.87,18.17,22.6,0.979,1,1,31.0,0.03,38.38,30.1,0
1779285623533,706,GND-VEH-01,704.8,18.98,21.97,2.99,17.62,24.3,0.990,1,1,31.0,0.08,37.74,29.9,0
1779285623567,707,PERSON-01,718.6,19.01,22.29,3.28,18.01,24.0,0.990,1,1,33.5,0.21,38.49,30.0,0
1779285623600,708,UAS-01,666.4,18.98,22.08,3.10,18.20,23.7,0.990,1,1,32.0,0.41,37.99,30.1,0
1779285623633,709,UAS-02,302.2,19.01,22.32,3.30,18.45,25.5,0.990,1,1,31.7,0.20,38.51,30.1,0
1779285623667,710,GND-VEH-01,611.3,19.08,22.35,3.27,17.98,23.0,0.977,1,1,31.0,0.08,38.38,30.0,0
1779285623700,711,PERSON-01,343.3,19.19,22.25,3.06,18.29,25.2,0.990,1,1,31.0,0.30,38.04,29.8,0
1779285623733,712,UAS-01,497.1,18.90,22.04,3.14,17.62,24.4,0.990,1,1,31.0,0.49,38.15,29.8,0
1779285623767,713,UAS-02,357.3,19.10,22.15,3.05,17.68,22.9,0.982,1,1,31.0,0.16,38.35,29.9,0
1779285623800,714,GND-VEH-01,341.4,19.01,22.19,3.18,18.55,23.4,0.990,1,1,31.0,0.21,37.88,30.0,0
1779285623833,715,PERSON-01,547.8,18.85,21.86,3.01,17.77,23.5,0.990,1,1,31.7,0.11,37.98,30.1,0
1779285623867,716,UAS-01,449.8,19.08,22.21,3.13,17.89,24.4,0.988,1,1,31.1,0.05,38.40,30.0,0
1779285623900,717,UAS-02,439.4,19.15,22.49,3.34,18.31,23.5,0.980,1,1,31.0,0.01,38.05,29.9,0
1779285623933,718,GND-VEH-01,342.1,19.06,22.06,3.00,17.50,23.8,0.978,1,1,31.0,0.10,38.34,30.0,0
1779285623967,719,PERSON-01,616.3,18.99,22.04,3.05,17.55,23.5,0.983,1,1,33.8,0.03,38.08,30.1,0
1779285624000,720,UAS-01,394.9,19.11,22.03,2.92,16.74,25.4,0.987,1,1,34.2,0.27,38.45,30.0,0
1779285624033,721,UAS-02,578.6,19.22,22.26,3.05,17.96,24.5,0.988,1,1,31.3,0.22,38.38,30.2,0
1779285624067,722,GND-VEH-01,583.8,19.00,21.89,2.89,17.62,25.0,0.990,1,1,31.0,0.44,38.24,30.0,0
1779285624100,723,PERSON-01,824.4,18.92,22.04,3.12,17.46,25.3,0.990,1,1,31.0,0.07,38.20,30.0,0
1779285624133,724,UAS-01,637.3,18.73,21.91,3.18,18.31,22.6,0.990,1,1,31.0,0.47,38.47,30.0,0
1779285624167,725,UAS-02,320.8,19.15,22.19,3.03,17.65,22.2,0.990,1,1,31.0,0.14,37.89,30.0,0
1779285624200,726,GND-VEH-01,696.7,19.10,22.12,3.02,17.84,24.9,0.986,1,1,31.0,0.02,38.87,30.2,0
1779285624233,727,PERSON-01,578.4,18.84,21.96,3.13,17.05,24.0,0.990,1,1,32.0,0.15,38.54,30.1,0
1779285624267,728,UAS-01,353.1,19.32,22.19,2.87,17.84,25.3,0.990,1,1,31.2,0.20,38.63,29.8,0
1779285624300,729,UAS-02,444.0,19.00,22.15,3.15,18.56,24.2,0.972,1,1,32.1,0.33,38.62,30.2,0
1779285624333,730,GND-VEH-01,514.1,18.89,22.19,3.31,18.30,22.8,0.990,1,1,31.0,0.15,38.43,30.1,0
1779285624367,731,PERSON-01,578.8,19.03,22.20,3.17,17.83,22.1,0.990,1,1,31.0,0.25,38.90,30.0,0
1779285624400,732,UAS-01,897.6,19.23,22.45,3.22,18.55,23.4,0.990,1,1,31.5,0.11,38.55,29.9,0
1779285624433,733,UAS-02,466.7,18.82,21.85,3.03,18.04,23.1,0.990,1,1,31.2,0.04,38.47,30.0,0
1779285624467,734,GND-VEH-01,438.0,18.96,21.98,3.02,18.27,23.4,0.990,1,1,31.0,0.09,38.42,30.0,0
1779285624500,735,PERSON-01,566.3,18.85,22.06,3.21,17.99,22.6,0.958,1,1,34.5,0.40,38.87,30.0,0
1779285624533,736,UAS-01,686.9,18.90,21.93,3.02,17.77,23.7,0.990,1,1,31.4,0.16,38.99,30.1,0
1779285624567,737,UAS-02,348.4,18.93,22.07,3.15,18.04,23.3,0.990,1,1,34.1,0.46,38.67,30.0,0
1779285624600,738,GND-VEH-01,553.3,19.13,22.32,3.18,18.30,24.7,0.975,1,1,32.9,0.17,38.86,30.0,0
1779285624633,739,PERSON-01,453.1,19.00,22.01,3.00,17.75,23.0,0.990,1,1,31.0,0.04,38.39,30.0,0
1779285624667,740,UAS-01,459.8,18.98,22.13,3.15,17.87,24.0,0.990,1,1,32.9,0.49,38.88,30.1,0
1779285624700,741,UAS-02,324.1,18.78,22.14,3.36,18.52,24.6,0.990,1,1,33.2,0.06,38.53,30.0,0
1779285624733,742,GND-VEH-01,470.4,18.87,22.01,3.14,17.74,24.5,0.990,1,1,33.8,0.29,38.67,30.0,0
1779285624767,743,PERSON-01,389.9,19.24,22.39,3.15,18.18,23.9,0.990,1,1,31.1,0.28,38.81,30.0,0
1779285624800,744,UAS-01,565.9,19.06,22.16,3.10,17.95,23.5,0.990,1,1,34.4,0.06,38.60,29.9,0
1779285624833,745,UAS-02,573.7,19.02,22.04,3.02,17.27,23.5,0.986,1,1,32.3,0.67,38.70,30.0,0
1779285624867,746,GND-VEH-01,384.1,19.32,22.68,3.35,18.12,24.2,0.990,1,1,31.5,0.01,38.69,30.1,0
1779285624900,747,PERSON-01,460.2,18.80,22.04,3.24,18.21,23.1,0.990,1,1,32.0,0.01,38.75,30.0,0
1779285624933,748,UAS-01,444.1,18.83,21.93,3.09,18.57,22.4,0.990,1,1,31.2,0.08,38.75,30.0,0
1779285624967,749,UAS-02,1003.1,19.14,22.32,3.17,18.23,23.2,0.984,1,1,35.1,0.13,38.79,30.0,0
1779285625000,750,GND-VEH-01,447.6,19.22,22.25,3.03,17.97,23.7,0.990,1,1,31.0,0.06,39.18,30.1,0
1779285625033,751,PERSON-01,947.5,18.96,22.11,3.15,18.26,24.3,0.989,1,1,33.3,0.22,38.96,30.1,0
1779285625067,752,UAS-01,693.2,18.85,22.20,3.36,19.02,23.4,0.990,1,1,31.0,0.25,39.06,30.0,0
1779285625100,753,UAS-02,428.9,18.98,22.17,3.19,18.12,23.0,0.977,1,1,31.6,0.04,39.10,29.9,0
1779285625133,754,GND-VEH-01,791.2,19.00,21.88,2.88,17.11,23.3,0.990,1,1,31.0,0.02,39.04,30.0,0
1779285625167,755,PERSON-01,360.6,19.10,22.06,2.96,18.01,23.9,0.987,1,1,31.0,0.12,38.89,30.0,0
1779285625200,756,UAS-01,666.9,19.25,22.26,3.01,17.68,24.1,0.990,1,1,31.5,0.02,38.93,30.1,0
1779285625233,757,UAS-02,391.1,19.08,22.40,3.32,17.81,24.6,0.990,1,1,32.5,0.00,39.41,29.9,0
1779285625267,758,GND-VEH-01,355.1,18.99,22.28,3.30,17.64,23.3,0.990,1,1,34.3,0.03,39.02,30.0,0
1779285625300,759,PERSON-01,692.7,18.93,22.09,3.16,17.93,22.9,0.990,1,1,31.4,0.08,38.74,30.0,0
1779285625333,760,UAS-01,320.4,19.00,22.11,3.11,18.46,23.5,0.990,1,1,32.1,0.43,39.13,29.9,0
1779285625367,761,UAS-02,560.6,19.19,22.40,3.21,18.08,23.9,0.990,1,1,31.0,0.03,39.44,30.0,0
1779285625400,762,GND-VEH-01,424.9,19.32,22.53,3.21,17.46,24.7,0.990,1,1,31.0,0.39,38.94,30.0,0
1779285625433,763,PERSON-01,336.2,18.94,22.26,3.32,17.39,24.7,0.990,1,1,31.0,0.49,38.91,30.0,0
1779285625467,764,UAS-01,453.4,19.00,21.98,2.98,18.01,22.0,0.990,1,1,31.0,0.02,39.50,30.0,0
1779285625500,765,UAS-02,675.9,19.09,22.22,3.14,18.71,23.2,0.990,1,1,31.0,0.33,38.82,30.2,0
1779285625533,766,GND-VEH-01,452.4,18.81,21.98,3.17,17.72,24.1,0.990,1,1,31.0,0.01,39.04,30.1,0
1779285625567,767,PERSON-01,589.4,19.06,22.04,2.98,17.38,24.6,0.990,1,1,33.6,0.07,38.90,30.2,0
1779285625600,768,UAS-01,311.8,18.93,22.39,3.47,18.84,23.4,0.962,1,1,33.0,0.00,39.07,30.1,0
1779285625633,769,UAS-02,666.5,19.13,22.22,3.09,17.79,22.4,0.990,1,1,32.0,0.16,38.85,30.0,0
1779285625667,770,GND-VEH-01,506.0,19.08,22.47,3.39,18.34,24.1,0.990,1,1,33.9,0.27,39.30,29.9,0
1779285625700,771,PERSON-01,301.8,18.94,22.17,3.23,17.73,24.5,0.990,1,1,31.0,0.31,38.68,30.1,0
1779285625733,772,UAS-01,654.2,19.10,22.31,3.21,17.60,24.7,0.984,1,1,31.8,0.10,39.14,29.9,0
1779285625767,773,UAS-02,868.6,18.78,21.57,2.79,16.58,24.0,0.990,1,1,31.0,0.14,39.18,30.0,0
1779285625800,774,GND-VEH-01,393.4,18.72,22.05,3.34,18.16,24.5,0.990,1,1,31.0,0.31,39.29,30.1,0
1779285625833,775,PERSON-01,370.4,19.10,22.60,3.50,18.72,23.7,0.990,1,1,31.0,0.11,38.89,30.1,0
1779285625867,776,UAS-01,633.1,18.91,21.78,2.87,18.24,23.5,0.990,1,1,33.1,0.49,39.51,30.1,0
1779285625900,777,UAS-02,670.4,19.08,21.91,2.83,18.18,23.8,0.969,1,1,31.0,0.56,39.05,30.1,0
1779285625933,778,GND-VEH-01,410.7,18.88,21.82,2.94,16.99,24.2,0.990,1,1,32.1,0.23,38.73,30.0,0
1779285625967,779,PERSON-01,659.2,18.59,21.71,3.12,17.71,23.5,0.990,1,1,31.0,0.05,39.29,30.0,0
1779285626000,780,UAS-01,631.8,19.12,21.95,2.83,17.54,23.2,0.990,1,1,31.0,0.03,39.25,29.9,0
1779285626033,781,UAS-02,370.4,19.09,22.28,3.19,17.99,25.0,0.990,1,1,32.8,0.14,39.26,30.0,0
1779285626067,782,GND-VEH-01,819.6,19.04,21.83,2.80,17.68,23.9,0.989,1,1,31.0,0.23,39.33,30.0,0
1779285626100,783,PERSON-01,321.0,18.97,22.19,3.22,18.43,22.9,0.990,1,1,31.0,0.04,39.27,29.9,0
1779285626133,784,UAS-01,344.7,19.09,22.29,3.20,17.92,24.0,0.989,1,1,31.0,0.00,39.26,30.0,0
1779285626167,785,UAS-02,356.5,19.22,22.55,3.34,17.16,25.9,0.990,1,1,32.4,0.04,39.46,30.0,0
1779285626200,786,GND-VEH-01,596.7,19.00,21.86,2.87,17.80,24.1,0.990,1,1,31.0,0.34,39.15,29.8,0
1779285626233,787,PERSON-01,492.5,18.65,21.80,3.15,18.06,22.1,0.990,1,1,31.0,0.18,39.37,30.0,0
1779285626267,788,UAS-01,309.7,18.86,22.47,3.61,18.83,24.2,0.990,1,1,31.2,0.45,39.15,30.1,0
1779285626300,789,UAS-02,800.0,19.09,21.95,2.86,17.92,24.8,0.973,1,1,31.0,0.18,39.37,29.9,0
1779285626333,790,GND-VEH-01,456.3,18.89,22.14,3.25,17.85,24.0,0.990,1,1,31.9,0.24,39.25,30.1,0
1779285626367,791,PERSON-01,632.0,19.02,22.16,3.14,18.53,25.7,0.990,1,1,31.0,0.38,39.33,30.0,0
1779285626400,792,UAS-01,306.5,18.98,22.22,3.24,17.96,25.4,0.990,1,1,32.2,0.26,39.69,30.0,0
1779285626433,793,UAS-02,515.2,19.35,22.45,3.10,17.71,22.8,0.990,1,1,31.0,0.01,39.47,30.0,0
1779285626467,794,GND-VEH-01,565.9,18.98,21.96,2.98,17.64,23.4,0.990,1,1,31.0,0.13,39.75,30.0,0
1779285626500,795,PERSON-01,693.3,19.01,22.14,3.13,18.40,23.6,0.990,1,1,33.5,0.10,39.56,30.0,0
1779285626533,796,UAS-01,339.3,19.21,22.21,3.00,17.59,24.4,0.990,1,1,32.1,0.19,39.58,30.1,0
1779285626567,797,UAS-02,687.8,19.06,22.26,3.20,18.07,23.4,0.990,1,1,31.0,0.12,39.88,30.0,0
1779285626600,798,GND-VEH-01,400.5,18.88,22.24,3.37,17.33,24.3,0.990,1,1,31.0,0.25,39.53,29.9,0
1779285626633,799,PERSON-01,594.6,19.25,22.29,3.04,18.05,24.1,0.990,1,1,31.0,0.09,39.28,29.9,0
1779285626667,800,UAS-01,388.5,19.03,22.17,3.14,18.38,24.3,0.990,1,1,31.0,0.10,39.41,30.0,0
1779285626700,801,UAS-02,409.5,19.04,22.20,3.16,17.48,25.0,0.990,1,1,32.6,0.07,39.31,29.8,0
1779285626733,802,GND-VEH-01,495.8,18.86,22.11,3.25,18.50,23.0,0.990,1,1,32.9,0.37,39.58,30.0,0
1779285626767,803,PERSON-01,469.9,19.06,21.84,2.78,17.41,23.5,0.990,1,1,31.0,0.04,39.54,30.1,0
1779285626800,804,UAS-01,300.6,18.97,22.28,3.31,17.85,24.1,0.988,1,1,31.3,0.45,39.42,30.0,0
1779285626833,805,UAS-02,512.7,18.87,22.02,3.15,19.04,23.5,0.990,1,1,31.0,0.11,39.65,30.1,0
1779285626867,806,GND-VEH-01,842.6,19.02,22.30,3.28,18.29,23.3,0.988,1,1,31.0,0.27,39.55,29.9,0
1779285626900,807,PERSON-01,429.7,18.81,22.16,3.35,18.46,24.1,0.990,1,1,33.4,0.23,39.95,29.9,0
1779285626933,808,UAS-01,571.6,19.03,21.74,2.71,17.45,22.5,0.990,1,1,31.0,0.05,39.36,29.9,0
1779285626967,809,UAS-02,302.7,18.93,22.03,3.11,17.78,24.0,0.990,1,1,31.0,0.22,39.41,30.0,0
1779285627000,810,GND-VEH-01,551.3,18.87,21.81,2.93,17.42,23.9,0.990,1,1,32.5,0.48,39.53,29.9,0
1779285627033,811,PERSON-01,788.5,18.95,21.73,2.78,17.98,24.1,0.990,1,1,33.9,0.08,39.40,23.4,1
1779285627067,812,UAS-01,588.7,19.11,22.52,3.41,18.20,25.3,0.973,1,1,31.0,0.17,40.18,29.9,0
1779285627100,813,UAS-02,427.5,19.12,22.30,3.18,17.61,24.6,0.990,1,1,31.6,0.15,39.61,30.1,0
1779285627133,814,GND-VEH-01,752.0,18.92,22.37,3.44,17.87,24.9,0.990,1,1,31.0,0.08,39.77,29.9,0
1779285627167,815,PERSON-01,776.9,19.14,22.26,3.12,18.12,24.6,0.979,1,1,31.0,0.14,40.17,30.0,0
1779285627200,816,UAS-01,429.8,18.86,21.84,2.98,18.26,23.9,0.990,1,1,31.0,0.07,40.02,30.0,0
1779285627233,817,UAS-02,760.0,19.05,21.96,2.91,18.12,24.7,0.990,1,1,31.0,0.04,39.74,29.9,0
1779285627267,818,GND-VEH-01,397.4,18.97,21.97,3.01,17.62,25.8,0.990,1,1,34.5,0.04,39.65,30.1,0
1779285627300,819,PERSON-01,643.2,18.80,21.82,3.02,17.57,23.4,0.990,1,1,31.0,0.55,39.97,29.9,0
1779285627333,820,UAS-01,431.0,18.88,21.87,2.98,17.38,24.1,0.990,1,1,33.9,0.27,40.06,29.9,0
1779285627367,821,UAS-02,494.1,18.80,21.78,2.98,17.61,24.1,0.990,1,1,31.0,0.20,39.66,30.0,0
1779285627400,822,GND-VEH-01,566.8,19.19,22.39,3.20,18.64,23.6,0.990,1,1,31.0,0.09,39.94,30.0,0
1779285627433,823,PERSON-01,366.5,19.01,22.37,3.37,18.70,23.3,0.990,1,1,32.3,0.29,40.06,30.0,0
1779285627467,824,UAS-01,396.3,18.94,22.22,3.28,18.00,22.3,0.990,1,1,31.0,0.02,39.61,30.1,0
1779285627500,825,UAS-02,439.3,18.96,21.90,2.94,17.92,23.6,0.990,1,1,31.0,0.02,39.99,30.1,0
1779285627533,826,GND-VEH-01,300.3,19.07,22.14,3.07,17.31,24.7,0.983,1,1,31.0,0.37,40.07,30.1,0
1779285627567,827,PERSON-01,741.2,19.01,22.31,3.29,18.19,25.6,0.990,1,1,33.1,0.32,39.66,30.0,0
1779285627600,828,UAS-01,681.0,19.24,22.19,2.95,18.37,24.2,0.990,1,1,31.0,0.04,39.91,29.9,0
1779285627633,829,UAS-02,672.4,18.98,22.22,3.24,17.88,23.2,0.990,1,1,32.9,0.16,40.20,30.0,0
1779285627667,830,GND-VEH-01,426.0,18.76,21.78,3.02,17.79,23.4,0.990,1,1,31.0,0.16,40.01,30.0,0
1779285627700,831,PERSON-01,610.8,19.06,22.00,2.95,17.74,25.4,0.990,1,1,33.0,0.12,39.52,30.0,0
1779285627733,832,UAS-01,581.1,18.78,21.62,2.84,17.24,24.7,0.990,1,1,32.6,0.15,40.18,30.0,0
1779285627767,833,UAS-02,600.8,18.92,22.01,3.09,18.03,24.8,0.990,1,1,31.1,0.44,40.48,29.8,0
1779285627800,834,GND-VEH-01,536.9,19.04,21.97,2.93,18.00,23.8,0.990,1,1,31.0,0.17,40.25,29.9,0
1779285627833,835,PERSON-01,435.3,18.86,21.92,3.05,18.06,24.6,0.980,1,1,31.0,0.07,39.96,29.9,0
1779285627867,836,UAS-01,373.2,19.01,22.14,3.13,17.92,24.6,0.990,1,1,31.0,0.24,39.91,30.1,0
1779285627900,837,UAS-02,329.9,18.90,22.10,3.21,18.04,23.9,0.990,1,1,31.0,0.42,40.29,30.0,0
1779285627933,838,GND-VEH-01,625.9,19.04,22.21,3.17,18.10,24.6,0.956,1,1,31.0,0.01,40.53,30.0,0
1779285627967,839,PERSON-01,341.4,19.03,22.26,3.23,18.13,25.1,0.990,1,1,31.0,0.36,40.12,30.1,0
1779285628000,840,UAS-01,408.8,18.72,21.93,3.21,18.38,24.2,0.984,1,1,31.7,0.02,40.11,30.0,0
1779285628033,841,UAS-02,659.0,19.07,22.21,3.14,18.35,24.4,0.990,1,1,31.7,0.21,40.07,30.1,0
1779285628067,842,GND-VEH-01,440.2,18.89,22.03,3.14,17.53,23.9,0.990,1,1,33.2,0.02,39.81,30.0,0
1779285628100,843,PERSON-01,539.6,18.98,22.36,3.38,17.94,22.9,0.989,1,1,31.0,0.06,40.09,30.0,0
1779285628133,844,UAS-01,606.3,19.11,22.21,3.10,18.04,22.5,0.990,1,1,33.1,0.15,40.13,30.0,0
1779285628167,845,UAS-02,570.3,18.66,21.83,3.16,17.73,24.7,0.978,1,1,31.4,0.43,40.01,30.1,0
1779285628200,846,GND-VEH-01,328.6,18.95,22.40,3.45,18.04,23.6,0.990,1,1,33.9,0.22,40.40,29.9,0
1779285628233,847,PERSON-01,512.1,19.31,22.48,3.17,18.30,22.6,0.990,1,1,32.3,0.47,40.23,30.0,0
1779285628267,848,UAS-01,527.4,18.95,22.20,3.25,17.91,23.7,0.990,1,1,31.0,0.25,40.46,30.2,0
1779285628300,849,UAS-02,311.9,18.89,22.19,3.29,18.99,24.8,0.990,1,1,31.7,0.29,40.07,30.0,0
1779285628333,850,GND-VEH-01,455.3,19.11,22.47,3.35,18.35,25.1,0.990,1,1,31.0,0.38,40.20,30.0,0
1779285628367,851,PERSON-01,421.4,19.20,22.11,2.91,18.07,23.9,0.990,1,1,31.0,0.32,40.20,30.0,0
1779285628400,852,UAS-01,630.1,19.31,22.55,3.24,18.26,24.5,0.990,1,1,31.7,0.10,40.47,29.9,0
1779285628433,853,UAS-02,404.7,18.86,21.95,3.09,18.63,22.8,0.990,1,1,31.9,0.17,40.36,30.1,0
1779285628467,854,GND-VEH-01,575.3,18.89,21.97,3.08,17.44,25.8,0.990,1,1,32.7,0.18,39.96,29.9,0
1779285628500,855,PERSON-01,583.4,19.16,22.19,3.04,18.18,22.9,0.990,1,1,31.6,0.02,40.35,30.0,0
1779285628533,856,UAS-01,609.8,19.13,21.95,2.82,17.14,24.7,0.987,1,1,31.0,0.42,40.45,29.9,0
1779285628567,857,UAS-02,356.8,18.80,21.93,3.13,17.91,22.9,0.990,1,1,31.0,0.32,40.09,30.1,0
1779285628600,858,GND-VEH-01,466.5,19.09,22.13,3.04,18.07,23.4,0.990,1,1,31.0,0.10,39.99,30.0,0
1779285628633,859,PERSON-01,448.6,19.08,22.20,3.12,18.26,23.0,0.990,1,1,31.0,0.22,40.30,29.9,0
1779285628667,860,UAS-01,384.7,19.02,22.63,3.61,19.01,23.0,0.984,1,1,31.0,0.02,40.89,30.1,0
1779285628700,861,UAS-02,544.7,19.16,22.31,3.15,18.61,22.9,0.990,1,1,31.7,0.17,40.58,30.0,0
1779285628733,862,GND-VEH-01,883.7,19.30,22.51,3.21,18.37,24.9,0.977,1,1,32.0,0.13,40.36,29.9,0
1779285628767,863,PERSON-01,464.8,19.03,21.98,2.95,16.91,24.4,0.975,1,1,31.0,0.10,39.95,30.0,0
1779285628800,864,UAS-01,486.2,19.21,22.38,3.17,18.26,24.0,0.977,1,1,33.2,0.10,40.03,30.0,0
1779285628833,865,UAS-02,620.1,18.94,22.42,3.48,18.33,24.8,0.990,1,1,31.0,0.03,40.98,30.0,0
1779285628867,866,GND-VEH-01,319.8,18.89,22.12,3.23,17.83,24.1,0.990,1,1,31.0,0.37,40.90,30.0,0
1779285628900,867,PERSON-01,423.1,19.21,22.29,3.08,18.23,24.4,0.990,1,1,31.3,0.15,40.91,30.0,0
1779285628933,868,UAS-01,844.7,18.94,21.74,2.79,17.64,24.6,0.990,1,1,31.0,0.15,40.36,29.9,0
1779285628967,869,UAS-02,530.5,18.89,21.85,2.95,17.45,25.1,0.990,1,1,31.3,0.14,41.12,29.9,0
1779285629000,870,GND-VEH-01,653.8,18.97,22.03,3.06,17.78,23.6,0.990,1,1,31.5,0.18,40.89,30.1,0
1779285629033,871,PERSON-01,342.5,18.90,22.07,3.17,17.75,24.0,0.990,1,1,31.0,0.20,40.73,30.0,0
1779285629067,872,UAS-01,507.6,19.01,22.21,3.20,17.62,22.5,0.990,1,1,31.0,0.21,40.56,30.1,0
1779285629100,873,UAS-02,588.8,18.95,22.09,3.14,18.51,23.5,0.987,1,1,31.8,0.06,40.55,29.9,0
1779285629133,874,GND-VEH-01,343.8,19.04,22.32,3.28,18.16,25.0,0.990,1,1,31.2,0.19,40.21,30.0,0
1779285629167,875,PERSON-01,660.2,19.04,21.61,2.57,17.12,24.6,0.990,1,1,31.0,0.51,40.26,29.9,0
1779285629200,876,UAS-01,545.6,19.12,22.01,2.89,17.35,23.9,0.984,1,1,32.5,0.35,40.71,29.9,0
1779285629233,877,UAS-02,444.4,19.40,22.59,3.19,17.84,23.3,0.976,1,1,31.6,0.20,40.40,29.8,0
1779285629267,878,GND-VEH-01,1007.8,18.95,21.80,2.86,17.42,24.8,0.990,1,1,32.6,0.47,40.68,30.0,0
1779285629300,879,PERSON-01,599.6,18.87,21.83,2.97,18.45,23.5,0.990,1,1,33.1,0.36,40.57,29.9,0
1779285629333,880,UAS-01,722.9,19.09,22.14,3.05,17.93,22.7,0.990,1,1,31.0,0.40,40.88,29.9,0
1779285629367,881,UAS-02,543.5,19.03,21.92,2.89,17.56,24.0,0.988,1,1,31.0,0.41,41.20,30.2,0
1779285629400,882,GND-VEH-01,624.5,19.19,22.15,2.96,18.19,23.9,0.980,1,1,33.2,0.26,40.73,30.1,0
1779285629433,883,PERSON-01,368.0,19.01,22.11,3.10,17.41,24.4,0.990,1,1,34.2,0.07,41.03,30.0,0
1779285629467,884,UAS-01,773.9,19.12,22.16,3.04,18.19,25.0,0.970,1,1,31.0,0.20,40.76,30.0,0
1779285629500,885,UAS-02,498.3,19.25,22.32,3.07,18.06,23.0,0.963,1,1,31.0,0.13,40.73,30.0,0
1779285629533,886,GND-VEH-01,382.2,19.16,22.61,3.44,17.60,25.1,0.980,1,1,34.0,0.26,40.79,29.9,0
1779285629567,887,PERSON-01,387.5,19.11,22.14,3.03,18.27,25.4,0.990,1,1,34.1,0.68,40.43,29.9,0
1779285629600,888,UAS-01,511.0,18.84,21.77,2.93,17.04,23.7,0.980,1,1,31.0,0.14,40.84,30.0,0
1779285629633,889,UAS-02,451.4,18.88,22.19,3.31,18.18,23.3,0.990,1,1,31.0,0.06,40.90,30.0,0
1779285629667,890,GND-VEH-01,491.0,19.08,22.39,3.32,18.59,23.7,0.985,1,1,31.9,0.22,40.96,30.0,0
1779285629700,891,PERSON-01,391.4,19.03,22.06,3.03,18.12,25.6,0.990,1,1,32.3,0.42,41.09,30.0,0
1779285629733,892,UAS-01,602.1,19.20,22.26,3.05,17.13,23.3,0.990,1,1,31.0,0.11,40.97,30.0,0
1779285629767,893,UAS-02,866.3,19.14,21.78,2.65,16.93,24.5,0.990,1,1,31.2,0.12,40.74,30.0,0
1779285629800,894,GND-VEH-01,306.0,18.97,22.29,3.32,18.47,24.0,0.990,1,1,31.7,0.31,40.84,30.0,0
1779285629833,895,PERSON-01,417.8,18.93,22.27,3.34,18.60,22.3,0.990,1,1,31.9,0.50,40.81,29.9,0
1779285629867,896,UAS-01,395.8,18.93,21.90,2.98,17.99,24.2,0.984,1,1,31.0,0.28,41.27,30.1,0
1779285629900,897,UAS-02,321.5,18.95,22.22,3.28,18.26,25.9,0.990,1,1,31.0,0.20,41.08,30.0,0
1779285629933,898,GND-VEH-01,311.0,19.06,22.04,2.97,17.67,23.3,0.990,1,1,31.0,0.02,41.23,30.1,0
1779285629967,899,PERSON-01,423.2,18.84,22.29,3.45,18.80,24.0,0.990,1,1,31.0,0.45,41.38,29.9,0
1779285630000,900,UAS-01,675.1,18.97,21.79,2.82,17.63,23.3,0.984,1,1,31.0,0.13,41.23,30.0,0
1779285630033,901,UAS-02,421.4,19.05,22.05,3.00,17.79,24.5,0.990,1,1,32.6,0.11,41.10,30.1,0
1779285630067,902,GND-VEH-01,506.2,18.92,22.21,3.28,17.82,23.4,0.987,1,1,31.0,0.08,40.95,30.0,0
1779285630100,903,PERSON-01,620.9,19.17,22.30,3.14,17.54,23.5,0.990,1,1,31.0,0.17,41.02,29.8,0
1779285630133,904,UAS-01,318.5,19.21,22.45,3.24,17.38,24.7,0.988,1,1,32.9,0.10,41.21,30.0,0
1779285630167,905,UAS-02,397.5,19.12,22.30,3.19,18.15,23.5,0.990,1,1,31.0,0.47,41.07,29.9,0
1779285630200,906,GND-VEH-01,556.5,19.18,22.17,2.99,17.75,24.7,0.984,1,1,32.7,0.23,41.27,30.0,0
1779285630233,907,PERSON-01,521.4,18.79,21.63,2.84,17.88,23.9,0.990,1,1,32.1,0.00,41.21,29.9,0
1779285630267,908,UAS-01,444.4,19.01,22.18,3.17,17.57,23.6,0.990,1,1,31.8,0.19,41.68,29.9,0
1779285630300,909,UAS-02,601.5,19.38,22.28,2.89,18.12,24.0,0.990,1,1,31.2,0.34,40.76,30.1,0
1779285630333,910,GND-VEH-01,300.0,19.01,22.36,3.35,18.98,24.2,0.968,1,1,31.9,0.18,41.28,29.9,0
1779285630367,911,PERSON-01,398.9,18.84,22.07,3.23,18.22,23.1,0.969,1,1,31.0,0.05,41.06,29.9,0
1779285630400,912,UAS-01,388.8,18.93,22.27,3.33,17.99,24.6,0.990,1,1,33.5,0.14,41.06,30.0,0
1779285630433,913,UAS-02,460.2,18.97,22.03,3.06,18.11,24.4,0.990,1,1,32.0,0.02,41.12,30.0,0
1779285630467,914,GND-VEH-01,680.5,18.92,22.15,3.23,17.19,25.5,0.978,1,1,31.0,0.10,41.52,30.0,0
1779285630500,915,PERSON-01,338.0,19.13,22.49,3.36,18.82,23.8,0.981,1,1,31.0,0.23,41.41,29.8,0
1779285630533,916,UAS-01,581.1,19.17,22.47,3.30,18.98,23.1,0.990,1,1,32.0,0.28,41.49,30.0,0
1779285630567,917,UAS-02,669.9,19.11,22.19,3.09,17.22,25.0,0.977,1,1,33.6,0.03,41.20,29.9,0
1779285630600,918,GND-VEH-01,343.8,19.01,22.09,3.07,17.89,24.4,0.962,1,1,31.0,0.15,41.21,29.9,0
1779285630633,919,PERSON-01,449.6,18.97,22.31,3.34,17.89,23.8,0.967,1,1,34.0,0.25,41.45,30.1,0
1779285630667,920,UAS-01,349.5,18.95,22.18,3.23,18.38,24.7,0.981,1,1,32.2,0.42,41.12,29.9,0
1779285630700,921,UAS-02,345.7,19.21,22.12,2.91,18.12,23.8,0.990,1,1,31.0,0.17,41.10,30.0,0
1779285630733,922,GND-VEH-01,803.4,19.02,21.97,2.95,17.02,24.2,0.990,1,1,31.9,0.30,41.32,30.0,0
1779285630767,923,PERSON-01,446.1,19.03,22.37,3.33,18.25,23.7,0.984,1,1,31.0,0.31,41.71,30.1,0
1779285630800,924,UAS-01,552.5,18.88,21.93,3.05,18.26,23.2,0.990,1,1,31.0,0.09,41.25,29.9,0
1779285630833,925,UAS-02,426.0,19.09,22.15,3.07,17.66,23.9,0.990,1,1,31.8,0.15,41.42,30.0,0
1779285630867,926,GND-VEH-01,819.5,19.01,22.10,3.09,18.51,23.0,0.959,1,1,31.0,0.31,41.00,30.0,0
1779285630900,927,PERSON-01,563.5,18.91,22.15,3.24,18.89,24.2,0.990,1,1,32.7,0.28,41.63,29.9,0
1779285630933,928,UAS-01,595.1,18.78,21.88,3.09,17.40,23.3,0.990,1,1,31.2,0.47,41.11,29.9,0
1779285630967,929,UAS-02,537.3,18.65,21.85,3.19,17.99,24.4,0.990,1,1,31.0,0.13,41.25,29.8,0
1779285631000,930,GND-VEH-01,620.0,19.22,22.29,3.07,18.13,24.8,0.990,1,1,32.2,0.12,41.62,30.1,0
1779285631033,931,PERSON-01,532.2,18.98,21.88,2.91,17.56,22.9,0.990,1,1,32.1,0.58,41.56,30.2,0
1779285631067,932,UAS-01,471.2,18.82,21.88,3.06,17.37,25.3,0.990,1,1,32.5,0.09,41.26,30.0,0
1779285631100,933,UAS-02,495.5,18.96,22.07,3.11,18.09,24.9,0.990,1,1,31.0,0.26,41.45,29.9,0
1779285631133,934,GND-VEH-01,616.6,18.96,22.14,3.18,18.12,24.8,0.990,1,1,31.0,0.21,41.72,30.0,0
1779285631167,935,PERSON-01,393.1,19.23,22.13,2.90,17.17,24.7,0.990,1,1,31.8,0.21,41.26,30.0,0
1779285631200,936,UAS-01,314.0,18.91,22.19,3.28,18.53,23.3,0.990,1,1,31.0,0.08,41.66,30.1,0
1779285631233,937,UAS-02,406.1,18.89,22.14,3.24,18.15,23.7,0.988,1,1,31.0,0.08,41.67,30.0,0
1779285631267,938,GND-VEH-01,375.3,18.91,22.31,3.40,18.39,23.4,0.979,1,1,33.1,0.03,41.68,29.9,0
1779285631300,939,PERSON-01,810.8,19.19,22.35,3.16,17.22,25.2,0.990,1,1,32.6,0.08,41.54,30.0,0
1779285631333,940,UAS-01,587.0,18.97,22.13,3.17,18.73,21.7,0.990,1,1,31.5,0.62,41.56,29.9,0
1779285631367,941,UAS-02,426.8,19.14,22.27,3.13,18.15,24.4,0.990,1,1,31.0,0.35,41.86,30.2,0
1779285631400,942,GND-VEH-01,393.1,19.05,22.06,3.00,16.67,24.3,0.981,1,1,31.0,0.04,41.35,30.0,0
1779285631433,943,PERSON-01,338.9,18.72,21.95,3.22,18.18,23.9,0.990,1,1,31.0,0.25,41.53,29.8,0
1779285631467,944,UAS-01,309.8,18.96,22.26,3.30,17.56,25.7,0.990,1,1,31.0,0.15,41.55,30.0,0
1779285631500,945,UAS-02,349.4,18.85,22.19,3.34,18.51,25.1,0.990,1,1,31.0,0.44,41.73,30.0,0
1779285631533,946,GND-VEH-01,450.6,19.09,22.44,3.36,18.06,24.0,0.990,1,1,33.2,0.01,41.78,30.0,0
1779285631567,947,PERSON-01,385.1,19.07,22.45,3.38,18.86,25.2,0.990,1,1,34.1,0.04,41.94,30.0,0
1779285631600,948,UAS-01,588.6,18.93,21.84,2.91,17.14,24.8,0.990,1,1,31.0,0.35,41.27,29.9,0
1779285631633,949,UAS-02,432.8,18.99,22.21,3.22,17.31,25.7,0.990,1,1,31.0,0.15,41.31,29.9,0
1779285631667,950,GND-VEH-01,567.9,19.16,22.45,3.29,18.69,22.8,0.977,1,1,31.0,0.16,41.86,30.0,0
1779285631700,951,PERSON-01,517.6,19.28,22.41,3.14,18.70,23.2,0.988,1,1,32.5,0.62,41.65,30.1,0
1779285631733,952,UAS-01,445.8,18.96,22.11,3.15,18.62,23.5,0.990,1,1,31.0,0.39,42.07,30.2,0
1779285631767,953,UAS-02,841.2,18.89,21.86,2.97,18.54,24.1,0.990,1,1,31.6,0.10,41.76,29.9,0
1779285631800,954,GND-VEH-01,648.9,19.08,22.23,3.15,18.07,24.3,0.990,1,1,31.2,0.07,41.58,29.8,0
1779285631833,955,PERSON-01,456.4,18.97,21.98,3.01,17.86,24.5,0.988,1,1,31.0,0.45,41.64,30.0,0
1779285631867,956,UAS-01,394.8,19.29,22.17,2.88,17.37,22.7,0.974,1,1,31.0,0.05,41.73,30.0,0
1779285631900,957,UAS-02,467.5,18.85,22.04,3.18,17.60,24.4,0.990,1,1,31.0,0.24,41.66,30.0,0
1779285631933,958,GND-VEH-01,546.8,19.29,22.30,3.01,17.77,23.4,0.990,1,1,31.0,0.29,41.67,30.0,0
1779285631967,959,PERSON-01,600.0,19.23,22.21,2.98,17.09,25.0,0.990,1,1,31.0,0.02,41.68,30.0,0
1779285632000,960,UAS-01,430.0,18.85,21.92,3.07,18.04,24.4,0.990,1,1,31.0,0.04,41.76,30.0,0
1779285632033,961,UAS-02,549.3,19.10,22.24,3.14,18.44,24.3,0.990,1,1,31.0,0.09,41.99,30.0,0
1779285632067,962,GND-VEH-01,596.7,19.29,22.58,3.29,18.33,22.9,0.990,1,1,31.8,0.19,41.90,29.9,0
1779285632100,963,PERSON-01,561.1,18.91,22.03,3.12,18.14,23.9,0.990,1,1,31.0,0.43,41.96,30.0,0
1779285632133,964,UAS-01,878.6,18.82,21.66,2.83,17.78,22.8,0.965,1,1,33.8,0.41,42.01,29.9,0
1779285632167,965,UAS-02,808.8,19.19,21.99,2.80,17.17,24.6,0.975,1,1,31.0,0.14,42.36,30.1,0
1779285632200,966,GND-VEH-01,488.6,19.18,22.18,2.99,18.07,24.4,0.990,1,1,31.0,0.27,42.31,30.1,0
1779285632233,967,PERSON-01,514.6,18.87,21.74,2.87,17.18,24.5,0.982,1,1,31.0,0.36,41.89,30.0,0
1779285632267,968,UAS-01,342.4,18.95,22.20,3.26,18.48,23.2,0.990,1,1,31.0,0.24,42.14,29.9,0
1779285632300,969,UAS-02,335.9,18.91,21.90,2.98,17.10,23.6,0.984,1,1,31.0,0.15,42.06,30.0,0
1779285632333,970,GND-VEH-01,357.3,19.18,22.43,3.26,18.62,23.3,0.990,1,1,32.8,0.04,41.79,30.0,0
1779285632367,971,PERSON-01,445.4,18.84,21.86,3.02,17.62,24.0,0.990,1,1,32.8,0.25,42.03,29.8,0
1779285632400,972,UAS-01,495.7,18.97,22.33,3.35,18.60,22.9,0.990,1,1,31.0,0.13,42.08,30.1,0
1779285632433,973,UAS-02,479.5,18.94,22.35,3.40,18.60,22.7,0.990,1,1,31.0,0.17,41.90,30.0,0
1779285632467,974,GND-VEH-01,447.6,18.80,21.66,2.86,17.05,25.0,0.969,1,1,31.7,0.28,41.95,30.1,0
1779285632500,975,PERSON-01,420.0,18.97,22.25,3.28,18.47,24.2,0.990,1,1,31.0,0.11,42.12,30.0,0
1779285632533,976,UAS-01,546.9,19.28,22.75,3.47,19.04,24.5,0.990,1,1,31.0,0.28,42.34,29.9,0
1779285632567,977,UAS-02,757.8,19.05,22.25,3.20,18.03,25.8,0.990,1,1,31.0,0.22,41.89,29.8,0
1779285632600,978,GND-VEH-01,663.0,18.89,22.18,3.30,18.22,24.8,0.990,1,1,31.0,0.07,42.29,30.0,0
1779285632633,979,PERSON-01,1054.3,19.03,21.82,2.78,17.33,24.5,0.990,1,1,31.9,0.06,42.27,30.2,0
1779285632667,980,UAS-01,599.8,18.89,21.94,3.05,17.98,24.5,0.990,1,1,31.5,0.13,42.03,29.9,0
1779285632700,981,UAS-02,612.9,19.03,22.15,3.11,18.44,22.4,0.990,1,1,31.0,0.10,42.18,30.0,0
1779285632733,982,GND-VEH-01,512.6,19.06,22.36,3.30,18.45,24.9,0.990,1,1,31.0,0.00,42.23,29.9,0
1779285632767,983,PERSON-01,604.8,18.90,22.03,3.13,18.21,23.4,0.990,1,1,33.1,0.01,42.18,30.0,0
1779285632800,984,UAS-01,932.6,18.91,22.25,3.34,18.03,23.6,0.990,1,1,31.0,0.16,42.21,30.0,0
1779285632833,985,UAS-02,509.1,19.12,22.47,3.35,18.50,23.0,0.990,1,1,33.0,0.19,42.43,29.9,0
1779285632867,986,GND-VEH-01,411.5,18.90,22.21,3.31,18.26,25.8,0.990,1,1,31.0,0.05,42.02,30.0,0
1779285632900,987,PERSON-01,548.8,19.32,22.60,3.27,17.69,23.7,0.975,1,1,31.0,0.21,42.33,30.1,0
1779285632933,988,UAS-01,492.9,19.16,22.38,3.22,18.07,24.7,0.990,1,1,32.6,0.48,42.01,30.0,0
1779285632967,989,UAS-02,880.7,18.85,21.80,2.94,18.74,23.9,0.990,1,1,32.0,0.04,42.40,29.9,0
1779285633000,990,GND-VEH-01,362.4,19.02,22.28,3.27,18.15,24.1,0.990,1,1,31.0,0.05,42.10,30.0,0
1779285633033,991,PERSON-01,770.5,19.30,22.50,3.20,18.73,22.0,0.988,1,1,31.0,0.29,42.05,30.0,0
1779285633067,992,UAS-01,876.0,19.11,21.96,2.85,16.82,24.9,0.984,1,1,33.3,0.14,42.38,30.0,0
1779285633100,993,UAS-02,502.0,19.21,22.43,3.22,18.47,24.3,0.987,1,1,31.9,0.04,42.15,30.0,0
1779285633133,994,GND-VEH-01,865.4,19.04,21.97,2.93,17.72,25.0,0.987,1,1,31.0,0.15,42.64,30.0,0
1779285633167,995,PERSON-01,780.6,19.31,22.46,3.15,17.47,23.5,0.990,1,1,31.0,0.16,42.48,30.0,0
1779285633200,996,UAS-01,314.8,18.99,22.11,3.12,18.40,22.7,0.990,1,1,33.6,0.64,41.89,30.0,0
1779285633233,997,UAS-02,638.3,18.88,21.91,3.03,18.02,25.1,0.990,1,1,31.0,0.05,42.24,29.9,0
1779285633267,998,GND-VEH-01,659.8,18.84,21.91,3.06,18.11,22.6,0.988,1,1,31.4,0.06,42.48,30.0,0
1779285633300,999,PERSON-01,508.5,19.08,22.12,3.04,18.37,23.1,0.990,1,1,31.0,0.24,42.23,30.0,0
1779285633333,1000,UAS-01,863.4,18.89,21.74,2.85,17.38,23.9,0.990,1,1,31.0,0.10,42.58,29.9,0
1779285633367,1001,UAS-02,393.8,19.21,22.72,3.51,18.30,22.0,0.990,1,1,31.0,0.30,42.69,30.2,0
1779285633400,1002,GND-VEH-01,698.1,19.14,22.11,2.97,17.23,23.3,0.990,1,1,31.0,0.13,42.67,30.0,0
1779285633433,1003,PERSON-01,630.0,19.02,21.77,2.75,17.06,23.0,0.990,1,1,33.0,0.09,42.51,30.1,0
1779285633467,1004,UAS-01,382.8,19.05,21.98,2.93,17.47,25.2,0.990,1,1,31.0,0.04,42.24,29.9,0
1779285633500,1005,UAS-02,740.4,18.98,21.89,2.90,17.10,24.9,0.990,1,1,32.5,0.14,42.34,30.1,0
1779285633533,1006,GND-VEH-01,701.5,18.97,22.30,3.34,18.14,24.6,0.990,1,1,31.7,0.09,42.47,29.9,0
1779285633567,1007,PERSON-01,463.9,18.95,22.08,3.13,17.56,24.0,0.990,1,1,33.2,0.30,42.35,30.0,0
1779285633600,1008,UAS-01,512.7,19.09,21.81,2.72,17.94,22.6,0.990,1,1,31.0,0.00,42.60,29.9,0
1779285633633,1009,UAS-02,836.2,19.43,22.22,2.79,17.84,23.7,0.990,1,1,31.0,0.13,42.83,29.9,0
1779285633667,1010,GND-VEH-01,357.1,18.94,21.96,3.01,18.31,25.7,0.990,1,1,31.0,0.17,42.97,30.0,0
1779285633700,1011,PERSON-01,657.4,18.78,21.70,2.93,16.75,25.2,0.990,1,1,31.0,0.04,42.78,30.1,0
1779285633733,1012,UAS-01,804.1,18.96,21.91,2.94,17.68,23.1,0.990,1,1,31.2,0.43,42.37,30.1,0
1779285633767,1013,UAS-02,428.0,18.80,22.09,3.29,17.99,24.5,0.990,1,1,32.9,0.37,43.02,30.2,0
1779285633800,1014,GND-VEH-01,512.3,19.05,22.28,3.24,18.02,24.0,0.960,1,1,31.0,0.34,42.79,30.0,0
1779285633833,1015,PERSON-01,543.4,19.08,22.02,2.94,17.95,23.0,0.990,1,1,33.5,0.28,42.20,30.0,0
1779285633867,1016,UAS-01,626.8,18.82,21.77,2.96,17.57,24.1,0.981,1,1,31.6,0.20,42.54,29.9,0
1779285633900,1017,UAS-02,779.8,18.70,21.43,2.74,16.92,23.7,0.990,1,1,31.0,0.58,42.53,30.0,0
1779285633933,1018,GND-VEH-01,616.5,19.13,22.33,3.20,18.44,24.5,0.990,1,1,31.0,0.11,42.71,30.1,0
1779285633967,1019,PERSON-01,741.1,19.06,21.91,2.85,18.02,23.8,0.990,1,1,31.6,0.16,42.91,29.9,0
1779285634000,1020,UAS-01,532.0,19.03,21.94,2.90,17.94,23.6,0.990,1,1,32.0,0.24,42.82,30.0,0
1779285634033,1021,UAS-02,308.6,19.19,22.23,3.04,17.30,25.4,0.979,1,1,31.0,0.36,42.96,30.1,0
1779285634067,1022,GND-VEH-01,612.7,19.23,22.46,3.24,18.15,23.7,0.956,1,1,32.8,0.48,42.33,30.1,0
1779285634100,1023,PERSON-01,690.2,18.93,22.16,3.23,18.23,24.0,0.990,1,1,31.9,0.27,42.57,29.9,0
1779285634133,1024,UAS-01,477.4,19.05,21.93,2.89,17.95,24.7,0.988,1,1,33.2,0.05,42.84,29.9,0
1779285634167,1025,UAS-02,311.0,19.14,22.68,3.54,18.48,23.0,0.987,1,1,31.0,0.22,42.55,30.0,0
1779285634200,1026,GND-VEH-01,354.8,19.15,22.18,3.03,17.25,22.9,0.990,1,1,31.0,0.03,42.85,29.9,0
1779285634233,1027,PERSON-01,721.4,18.97,22.32,3.35,18.37,24.5,0.990,1,1,31.0,0.24,42.57,29.9,0
1779285634267,1028,UAS-01,312.7,18.95,22.56,3.61,19.00,23.7,0.990,1,1,31.8,0.40,42.81,30.0,0
1779285634300,1029,UAS-02,937.0,18.85,21.51,2.66,17.80,23.7,0.990,1,1,31.3,0.07,42.70,30.0,0
1779285634333,1030,GND-VEH-01,553.7,18.79,21.77,2.98,17.34,24.2,0.990,1,1,31.1,0.00,42.44,30.1,0
1779285634367,1031,PERSON-01,395.9,18.78,21.85,3.07,18.11,24.7,0.990,1,1,31.0,0.01,43.22,30.1,0
1779285634400,1032,UAS-01,374.5,19.15,22.56,3.41,18.11,25.8,0.990,1,1,31.9,0.05,43.29,30.0,0
1779285634433,1033,UAS-02,454.1,19.13,22.12,2.99,17.23,23.5,0.984,1,1,31.0,0.12,42.72,29.9,0
1779285634467,1034,GND-VEH-01,562.7,19.16,22.19,3.03,18.21,22.9,0.983,1,1,31.0,0.23,42.52,30.0,0
1779285634500,1035,PERSON-01,551.3,19.08,22.14,3.07,17.47,25.0,0.982,1,1,31.0,0.13,43.03,30.1,0
1779285634533,1036,UAS-01,412.5,18.94,22.00,3.06,17.92,23.8,0.985,1,1,31.0,0.35,42.96,30.2,0
1779285634567,1037,UAS-02,314.3,18.98,22.09,3.11,17.58,24.0,0.990,1,1,31.0,0.01,42.61,30.1,0
1779285634600,1038,GND-VEH-01,370.6,19.09,22.34,3.25,18.10,24.0,0.990,1,1,31.0,0.13,42.63,29.9,0
1779285634633,1039,PERSON-01,526.1,18.97,22.08,3.11,17.52,24.7,0.990,1,1,34.0,0.27,43.14,29.9,0
1779285634667,1040,UAS-01,619.0,18.64,21.89,3.25,17.47,23.4,0.990,1,1,31.0,0.09,43.23,30.1,0
1779285634700,1041,UAS-02,426.7,18.92,22.19,3.27,18.10,23.5,0.990,1,1,34.7,0.25,43.26,29.9,0
1779285634733,1042,GND-VEH-01,484.1,19.00,21.89,2.89,17.35,23.5,0.990,1,1,32.0,0.28,43.20,30.1,0
1779285634767,1043,PERSON-01,319.0,18.98,22.08,3.11,18.24,21.8,0.990,1,1,33.9,0.01,43.12,30.1,0
1779285634800,1044,UAS-01,449.3,18.91,22.08,3.17,18.38,22.9,0.990,1,1,32.8,0.09,42.86,30.0,0
1779285634833,1045,UAS-02,401.7,18.83,22.09,3.26,17.56,22.5,0.990,1,1,31.0,0.23,42.95,29.9,0
1779285634867,1046,GND-VEH-01,436.3,19.11,22.12,3.01,17.93,23.5,0.990,1,1,31.0,0.28,43.04,29.9,0
1779285634900,1047,PERSON-01,465.4,19.01,22.15,3.14,18.44,23.2,0.990,1,1,31.0,0.37,43.27,30.0,0
1779285634933,1048,UAS-01,306.7,18.98,22.02,3.05,17.27,24.1,0.990,1,1,31.1,0.36,43.31,30.0,0
1779285634967,1049,UAS-02,425.1,19.06,22.25,3.19,18.38,23.9,0.990,1,1,31.4,0.22,43.36,30.0,0
1779285635000,1050,GND-VEH-01,324.3,19.05,22.61,3.55,18.63,23.9,0.969,1,1,31.0,0.27,43.11,30.0,0
1779285635033,1051,PERSON-01,507.6,19.10,22.39,3.28,18.37,22.3,0.975,1,1,33.1,0.10,43.44,29.8,0
1779285635067,1052,UAS-01,394.5,18.81,21.67,2.86,16.93,25.0,0.990,1,1,31.0,0.50,43.11,29.9,0
1779285635100,1053,UAS-02,536.8,19.05,22.03,2.98,18.06,23.8,0.990,1,1,34.3,0.21,42.96,30.0,0
1779285635133,1054,GND-VEH-01,647.8,19.00,21.96,2.96,17.53,24.5,0.990,1,1,31.6,0.20,43.36,29.9,0
1779285635167,1055,PERSON-01,455.1,19.08,22.29,3.21,18.01,24.1,0.988,1,1,33.8,0.02,42.92,30.0,0
1779285635200,1056,UAS-01,341.6,19.31,22.52,3.21,17.63,24.0,0.973,1,1,31.0,0.15,43.23,29.9,0
1779285635233,1057,UAS-02,487.7,18.83,22.06,3.23,17.52,24.1,0.972,1,1,31.4,0.06,43.40,30.0,0
1779285635267,1058,GND-VEH-01,310.4,19.24,22.58,3.34,18.11,23.5,0.990,1,1,31.0,0.06,42.98,30.1,0
1779285635300,1059,PERSON-01,588.4,19.12,22.18,3.06,17.20,25.7,0.990,1,1,31.0,0.11,43.12,30.0,0
1779285635333,1060,UAS-01,357.5,18.97,22.12,3.15,18.09,24.7,0.975,1,1,32.3,0.20,43.27,29.9,0
1779285635367,1061,UAS-02,513.6,19.06,22.07,3.00,17.19,23.0,0.990,1,1,32.3,0.29,43.36,30.1,0
1779285635400,1062,GND-VEH-01,470.5,18.95,21.99,3.04,18.31,24.9,0.990,1,1,32.4,0.20,43.37,29.9,0
1779285635433,1063,PERSON-01,595.5,19.28,22.15,2.87,17.58,24.1,0.990,1,1,31.0,0.35,44.02,30.1,0
1779285635467,1064,UAS-01,493.7,18.88,22.02,3.14,17.81,25.8,0.984,1,1,32.5,0.23,43.64,30.0,0
1779285635500,1065,UAS-02,603.4,19.00,21.99,2.98,18.17,22.5,0.990,1,1,31.0,0.33,43.28,30.0,0
1779285635533,1066,GND-VEH-01,328.6,19.19,22.17,2.97,17.91,24.6,0.990,1,1,33.2,0.03,43.08,30.1,0
1779285635567,1067,PERSON-01,362.6,19.11,22.21,3.10,18.64,22.4,0.979,1,1,31.0,0.13,43.45,30.0,0
1779285635600,1068,UAS-01,525.2,18.78,21.68,2.90,18.55,23.6,0.990,1,1,31.0,0.06,43.91,30.0,0
1779285635633,1069,UAS-02,875.8,18.88,22.27,3.39,18.85,24.7,0.979,1,1,31.9,0.18,43.21,30.0,0
1779285635667,1070,GND-VEH-01,706.8,18.98,22.17,3.19,18.54,22.6,0.990,1,1,31.0,0.09,42.91,30.0,0
1779285635700,1071,PERSON-01,589.2,19.01,22.32,3.31,18.79,23.8,0.990,1,1,31.0,0.12,43.16,29.9,0
1779285635733,1072,UAS-01,443.3,19.04,22.13,3.08,17.44,24.7,0.990,1,1,31.1,0.18,43.67,30.1,0
1779285635767,1073,UAS-02,388.7,19.13,22.30,3.16,18.41,22.8,0.990,1,1,31.0,0.10,43.35,30.0,0
1779285635800,1074,GND-VEH-01,300.8,19.07,22.29,3.23,18.66,22.5,0.990,1,1,31.0,0.06,43.23,30.0,0
1779285635833,1075,PERSON-01,428.4,19.05,22.27,3.21,18.53,23.2,0.990,1,1,32.3,0.03,43.83,29.9,0
1779285635867,1076,UAS-01,425.5,18.85,21.93,3.07,18.12,23.4,0.990,1,1,31.5,0.44,43.60,30.1,0
1779285635900,1077,UAS-02,770.8,19.01,22.13,3.12,18.09,23.7,0.971,1,1,31.0,0.13,43.64,30.0,0
1779285635933,1078,GND-VEH-01,524.5,19.09,22.41,3.32,17.95,23.5,0.983,1,1,32.5,0.10,43.31,29.9,0
1779285635967,1079,PERSON-01,349.6,18.98,22.15,3.17,18.20,22.8,0.990,1,1,33.8,0.10,43.50,29.9,0
1779285636000,1080,UAS-01,831.3,18.84,21.75,2.91,18.23,23.8,0.990,1,1,31.0,0.35,43.71,29.9,0
1779285636033,1081,UAS-02,562.2,19.11,22.33,3.22,18.21,23.9,0.980,1,1,33.3,0.14,43.15,30.2,0
1779285636067,1082,GND-VEH-01,582.0,18.96,21.92,2.96,17.23,24.9,0.990,1,1,31.0,0.23,43.22,30.1,0
1779285636100,1083,PERSON-01,520.3,18.84,22.15,3.31,18.35,23.0,0.990,1,1,31.4,0.08,43.36,30.0,0
1779285636133,1084,UAS-01,488.4,18.77,21.76,2.99,17.81,25.0,0.985,1,1,32.8,0.06,43.80,29.9,0
1779285636167,1085,UAS-02,690.3,19.09,21.99,2.90,17.60,22.8,0.990,1,1,32.9,0.09,43.61,30.0,0
1779285636200,1086,GND-VEH-01,447.5,19.04,22.21,3.17,18.16,24.5,0.990,1,1,31.0,0.41,43.45,30.0,0
1779285636233,1087,PERSON-01,710.9,19.24,22.27,3.03,18.10,24.6,0.990,1,1,31.3,0.24,44.17,30.2,0
1779285636267,1088,UAS-01,421.4,18.76,21.91,3.15,17.23,25.1,0.988,1,1,32.3,0.23,43.74,30.2,0
1779285636300,1089,UAS-02,438.9,18.99,21.85,2.86,16.77,23.7,0.990,1,1,32.5,0.52,43.29,30.0,0
1779285636333,1090,GND-VEH-01,637.5,19.16,22.28,3.12,17.61,23.6,0.990,1,1,33.5,0.25,43.85,29.9,0
1779285636367,1091,PERSON-01,360.4,19.09,22.48,3.39,17.94,23.4,0.990,1,1,31.0,0.10,43.38,30.0,0
1779285636400,1092,UAS-01,402.1,18.77,22.24,3.47,18.66,23.8,0.990,1,1,31.4,0.14,43.70,29.9,0
1779285636433,1093,UAS-02,442.8,19.01,21.86,2.85,17.20,24.4,0.990,1,1,31.8,0.12,44.01,30.2,0
1779285636467,1094,GND-VEH-01,419.4,18.83,21.75,2.92,17.34,24.4,0.990,1,1,32.1,0.24,43.97,30.0,0
1779285636500,1095,PERSON-01,724.5,18.97,22.34,3.38,18.09,23.7,0.990,1,1,33.1,0.17,44.04,30.0,0
1779285636533,1096,UAS-01,422.2,18.99,22.39,3.40,18.69,22.5,0.990,1,1,31.9,0.31,44.28,30.1,0
1779285636567,1097,UAS-02,486.4,19.15,22.49,3.34,18.35,24.5,0.990,1,1,31.0,0.06,43.75,30.0,0
1779285636600,1098,GND-VEH-01,310.6,19.01,22.12,3.11,17.78,25.4,0.987,1,1,31.0,0.28,44.07,30.0,0
1779285636633,1099,PERSON-01,385.1,19.07,22.00,2.93,17.33,22.7,0.985,1,1,31.0,0.21,43.85,30.0,0
1779285636667,1100,UAS-01,614.8,18.97,21.96,3.00,18.04,23.5,0.990,1,1,31.0,0.14,43.99,29.9,0
1779285636700,1101,UAS-02,324.2,19.00,22.32,3.32,18.66,24.0,0.990,1,1,31.0,0.45,43.98,30.0,0
1779285636733,1102,GND-VEH-01,429.6,18.99,21.99,3.00,18.30,24.4,0.990,1,1,31.3,0.15,44.05,29.8,0
1779285636767,1103,PERSON-01,510.8,18.92,21.80,2.88,17.42,24.8,0.990,1,1,31.0,0.23,43.83,29.9,0
1779285636800,1104,UAS-01,678.7,19.15,22.16,3.01,17.90,24.2,0.990,1,1,31.0,0.27,44.30,30.0,0
1779285636833,1105,UAS-02,508.9,18.88,22.01,3.12,17.71,24.7,0.971,1,1,31.0,0.59,44.28,30.0,0
1779285636867,1106,GND-VEH-01,308.3,19.10,22.24,3.14,17.63,23.9,0.990,1,1,34.4,0.07,43.84,30.0,0
1779285636900,1107,PERSON-01,419.6,19.11,21.82,2.70,17.09,23.9,0.990,1,1,32.0,0.10,44.24,30.1,0
1779285636933,1108,UAS-01,719.4,18.95,21.92,2.96,18.40,23.1,0.990,1,1,31.0,0.27,44.12,19.3,1
1779285636967,1109,UAS-02,695.9,18.86,21.99,3.13,17.33,23.3,0.990,1,1,32.7,0.09,43.71,30.0,0
1779285637000,1110,GND-VEH-01,390.7,19.29,22.70,3.42,18.94,25.1,0.990,1,1,31.0,0.44,44.02,30.0,0
1779285637033,1111,PERSON-01,341.5,19.00,22.28,3.28,17.81,24.4,0.982,1,1,31.5,0.06,43.63,30.1,0
1779285637067,1112,UAS-01,420.6,19.23,22.28,3.04,18.55,22.5,0.990,1,1,32.6,0.29,43.90,30.0,0
1779285637100,1113,UAS-02,383.0,19.02,22.14,3.12,17.88,25.2,0.990,1,1,31.1,0.34,44.31,29.9,0
1779285637133,1114,GND-VEH-01,347.8,18.91,22.09,3.18,18.29,25.0,0.990,1,1,33.0,0.06,44.22,29.9,0
1779285637167,1115,PERSON-01,552.3,19.01,22.02,3.01,17.42,23.3,0.990,1,1,32.4,0.09,44.38,30.0,0
1779285637200,1116,UAS-01,324.1,18.90,21.98,3.08,17.55,24.1,0.990,1,1,32.9,0.18,44.02,30.0,0
1779285637233,1117,UAS-02,302.1,18.88,22.20,3.32,18.23,25.4,0.990,1,1,31.0,0.35,44.09,29.9,0
1779285637267,1118,GND-VEH-01,557.2,18.93,21.87,2.94,17.98,23.4,0.978,1,1,33.3,0.05,44.34,29.9,0
1779285637300,1119,PERSON-01,353.1,18.96,22.41,3.46,18.67,24.4,0.987,1,1,32.6,0.05,44.31,30.1,0
1779285637333,1120,UAS-01,682.2,19.06,22.10,3.05,18.13,24.4,0.990,1,1,31.6,0.06,44.40,30.1,0
1779285637367,1121,UAS-02,703.3,19.04,21.90,2.86,17.02,25.4,0.985,1,1,31.3,0.32,44.39,30.1,0
1779285637400,1122,GND-VEH-01,712.7,19.18,22.16,2.98,17.82,24.0,0.990,1,1,31.0,0.11,43.66,30.0,0
1779285637433,1123,PERSON-01,355.7,18.74,21.83,3.09,17.62,24.8,0.990,1,1,34.4,0.01,43.91,30.0,0
1779285637467,1124,UAS-01,520.8,19.34,22.54,3.20,18.28,23.4,0.990,1,1,32.1,0.31,44.43,30.0,0
1779285637500,1125,UAS-02,413.6,18.60,21.50,2.90,17.93,22.6,0.990,1,1,31.8,0.13,44.22,29.9,0
1779285637533,1126,GND-VEH-01,367.0,18.92,22.17,3.25,18.26,24.2,0.990,1,1,31.1,0.60,44.38,30.0,0
1779285637567,1127,PERSON-01,585.7,18.80,21.69,2.89,17.35,23.6,0.990,1,1,31.5,0.54,44.36,30.0,0
1779285637600,1128,UAS-01,633.8,19.21,22.45,3.24,18.02,24.0,0.978,1,1,31.0,0.29,44.07,29.9,0
1779285637633,1129,UAS-02,360.3,18.71,21.89,3.18,17.60,24.9,0.990,1,1,31.5,0.31,44.57,30.1,0
1779285637667,1130,GND-VEH-01,451.8,19.11,22.57,3.46,18.41,22.9,0.987,1,1,34.1,0.32,44.14,30.0,0
1779285637700,1131,PERSON-01,515.9,19.18,22.26,3.08,17.44,25.1,0.990,1,1,31.0,0.29,44.78,29.9,0
1779285637733,1132,UAS-01,772.5,19.25,22.30,3.05,17.76,25.3,0.990,1,1,31.0,0.16,44.58,30.0,0
1779285637767,1133,UAS-02,596.9,19.18,22.13,2.95,17.74,24.0,0.990,1,1,32.0,0.23,44.73,30.0,0
1779285637800,1134,GND-VEH-01,483.9,18.90,21.78,2.88,16.83,24.4,0.990,1,1,32.8,0.14,44.60,29.9,0
1779285637833,1135,PERSON-01,322.1,18.79,21.75,2.96,17.73,23.0,0.990,1,1,31.0,0.08,44.62,29.8,0
1779285637867,1136,UAS-01,447.4,19.04,21.99,2.96,17.73,24.2,0.990,1,1,31.0,0.26,44.24,29.9,0
1779285637900,1137,UAS-02,336.4,18.80,21.97,3.18,18.21,24.4,0.987,1,1,32.3,0.23,44.31,30.0,0
1779285637933,1138,GND-VEH-01,559.2,18.94,21.95,3.01,17.76,23.3,0.990,1,1,31.0,0.13,44.68,30.0,0
1779285637967,1139,PERSON-01,381.7,18.60,21.83,3.23,18.14,24.2,0.990,1,1,31.5,0.22,44.16,30.0,0
1779285638000,1140,UAS-01,308.3,18.95,22.41,3.45,18.08,24.5,0.990,1,1,31.0,0.46,45.00,30.0,0
1779285638033,1141,UAS-02,870.3,19.11,21.85,2.75,17.28,24.6,0.990,1,1,31.1,0.14,44.24,30.0,0
1779285638067,1142,GND-VEH-01,603.3,19.11,22.04,2.93,17.09,24.7,0.989,1,1,31.0,0.08,44.74,30.0,0
1779285638100,1143,PERSON-01,400.5,19.15,22.29,3.14,17.33,26.0,0.990,1,1,31.0,0.00,44.68,30.0,0
1779285638133,1144,UAS-01,500.2,19.13,22.06,2.94,18.40,24.2,0.990,1,1,31.9,0.19,44.22,29.9,0
1779285638167,1145,UAS-02,475.9,19.03,22.37,3.35,17.88,24.8,0.983,1,1,31.0,0.24,44.42,30.1,0
1779285638200,1146,GND-VEH-01,455.3,19.00,22.05,3.05,17.37,24.9,0.990,1,1,31.0,0.42,44.06,30.1,0
1779285638233,1147,PERSON-01,305.5,18.85,22.09,3.24,18.31,24.0,0.990,1,1,31.0,0.04,44.61,30.1,0
1779285638267,1148,UAS-01,644.6,19.09,22.26,3.17,18.26,23.4,0.990,1,1,32.3,0.47,44.89,30.0,0
1779285638300,1149,UAS-02,401.8,18.84,21.92,3.08,17.33,25.1,0.235,0,0,31.0,0.00,44.54,29.9,0
1779285638333,1150,GND-VEH-01,308.0,19.19,22.56,3.36,18.91,23.6,0.990,1,1,31.0,0.11,44.74,30.0,0
1779285638367,1151,PERSON-01,908.4,19.04,22.04,3.00,17.05,24.0,0.986,1,1,33.3,0.08,44.87,30.0,0
1779285638400,1152,UAS-01,626.9,19.15,22.36,3.21,17.54,23.8,0.990,1,1,31.0,0.03,44.57,30.1,0
1779285638433,1153,UAS-02,548.6,19.15,22.07,2.93,18.39,23.9,0.990,1,1,34.4,0.37,44.38,29.9,0
1779285638467,1154,GND-VEH-01,305.5,18.87,22.20,3.33,17.92,24.5,0.990,1,1,31.0,0.49,44.53,30.1,0
1779285638500,1155,PERSON-01,649.3,19.02,21.97,2.96,17.86,24.7,0.990,1,1,31.0,0.05,44.63,30.0,0
1779285638533,1156,UAS-01,487.6,19.17,22.27,3.11,17.86,24.5,0.990,1,1,31.2,0.15,44.50,29.9,0
1779285638567,1157,UAS-02,420.1,19.15,22.51,3.36,18.52,22.2,0.968,1,1,32.7,0.18,44.64,29.9,0
1779285638600,1158,GND-VEH-01,345.6,19.05,22.29,3.24,18.66,23.1,0.990,1,1,31.0,0.22,44.56,30.1,0
1779285638633,1159,PERSON-01,452.2,18.99,22.33,3.34,18.40,23.1,0.984,1,1,31.5,0.20,44.52,29.9,0
1779285638667,1160,UAS-01,419.2,18.76,22.22,3.46,18.41,23.2,0.990,1,1,31.0,0.30,44.59,29.8,0
1779285638700,1161,UAS-02,521.7,19.03,22.19,3.15,17.33,26.1,0.990,1,1,31.0,0.12,44.16,30.1,0
1779285638733,1162,GND-VEH-01,496.4,18.91,21.98,3.07,17.18,23.3,0.986,1,1,31.0,0.08,44.50,30.0,0
1779285638767,1163,PERSON-01,710.3,18.87,21.63,2.76,17.87,24.0,0.990,1,1,32.5,0.15,45.21,30.0,0
1779285638800,1164,UAS-01,469.4,19.16,22.24,3.08,18.69,22.6,0.990,1,1,31.6,0.25,44.86,30.0,0
1779285638833,1165,UAS-02,584.8,18.90,22.03,3.14,17.88,24.2,0.987,1,1,31.0,0.06,44.94,29.9,0
1779285638867,1166,GND-VEH-01,415.1,18.91,21.99,3.08,17.24,25.2,0.990,1,1,31.0,0.25,45.23,30.0,0
1779285638900,1167,PERSON-01,352.7,19.03,22.44,3.41,18.41,23.7,0.986,1,1,33.1,0.10,45.09,30.0,0
1779285638933,1168,UAS-01,462.2,19.09,22.23,3.15,17.95,23.8,0.962,1,1,32.0,0.43,45.11,30.0,0
1779285638967,1169,UAS-02,390.2,19.14,22.25,3.11,17.55,23.1,0.990,1,1,31.6,0.35,44.70,29.8,0
1779285639000,1170,GND-VEH-01,672.5,19.03,22.20,3.17,17.83,24.5,0.990,1,1,31.2,0.27,44.80,29.8,0
1779285639033,1171,PERSON-01,377.9,19.11,22.04,2.93,17.96,24.0,0.990,1,1,31.0,0.37,45.13,29.9,0
1779285639067,1172,UAS-01,600.6,19.09,22.14,3.05,17.29,22.8,0.989,1,1,31.9,0.16,44.75,30.1,0
1779285639100,1173,UAS-02,326.2,19.02,21.98,2.96,18.39,23.4,0.990,1,1,32.0,0.15,44.83,30.1,0
1779285639133,1174,GND-VEH-01,747.0,19.15,22.40,3.25,18.15,24.4,0.990,1,1,33.3,0.05,44.85,30.0,0
1779285639167,1175,PERSON-01,428.2,18.78,22.13,3.35,18.39,24.5,0.990,1,1,31.5,0.09,44.98,30.1,0
1779285639200,1176,UAS-01,438.0,18.87,22.24,3.37,18.49,23.4,0.990,1,1,31.0,0.29,44.92,30.0,0
1779285639233,1177,UAS-02,697.1,18.87,21.95,3.08,17.91,24.8,0.988,1,1,31.0,0.32,44.97,29.9,0
1779285639267,1178,GND-VEH-01,403.7,19.19,22.42,3.23,17.74,24.4,0.990,1,1,32.3,0.40,44.74,30.1,0
1779285639300,1179,PERSON-01,588.7,19.11,22.26,3.15,17.67,24.0,0.990,1,1,31.0,0.14,44.69,30.1,0
1779285639333,1180,UAS-01,314.3,18.87,22.25,3.38,17.64,26.8,0.990,1,1,32.3,0.41,45.33,30.0,0
1779285639367,1181,UAS-02,417.4,19.08,22.22,3.15,17.68,24.8,0.990,1,1,31.0,0.26,44.99,30.0,0
1779285639400,1182,GND-VEH-01,493.7,18.96,22.12,3.17,17.81,24.7,0.990,1,1,31.0,0.05,44.79,30.0,0
1779285639433,1183,PERSON-01,625.8,18.83,21.66,2.82,17.39,24.1,0.986,1,1,31.0,0.43,45.32,30.0,0
1779285639467,1184,UAS-01,682.3,18.74,21.62,2.88,17.54,25.5,0.990,1,1,31.0,0.15,45.29,30.0,0
1779285639500,1185,UAS-02,634.9,19.15,22.26,3.11,17.77,24.7,0.981,1,1,32.8,0.61,45.30,30.0,0
1779285639533,1186,GND-VEH-01,440.3,18.79,21.65,2.86,17.26,24.8,0.986,1,1,31.0,0.20,44.68,30.1,0
1779285639567,1187,PERSON-01,469.7,19.13,21.94,2.81,16.93,25.3,0.990,1,1,31.0,0.11,45.35,30.0,0
1779285639600,1188,UAS-01,885.4,19.23,22.39,3.16,17.45,24.0,0.990,1,1,33.7,0.02,44.89,30.1,0
1779285639633,1189,UAS-02,707.3,19.20,22.34,3.14,18.18,24.5,0.990,1,1,31.0,0.02,45.05,30.0,0
1779285639667,1190,GND-VEH-01,532.4,18.87,22.14,3.27,18.32,22.6,0.990,1,1,32.7,0.07,45.12,30.0,0
1779285639700,1191,PERSON-01,407.2,18.92,21.95,3.03,16.65,25.0,0.990,1,1,32.7,0.42,45.18,30.0,0
1779285639733,1192,UAS-01,631.6,18.98,22.07,3.10,17.79,23.9,0.973,1,1,31.0,0.21,45.15,30.0,0
1779285639767,1193,UAS-02,508.2,18.84,21.92,3.08,17.82,25.2,0.990,1,1,31.0,0.10,45.00,30.0,0
1779285639800,1194,GND-VEH-01,430.7,19.10,22.29,3.18,17.95,25.0,0.990,1,1,31.0,0.08,45.25,30.1,0
1779285639833,1195,PERSON-01,515.6,19.08,22.40,3.32,18.26,24.8,0.990,1,1,31.0,0.22,45.03,30.0,0
1779285639867,1196,UAS-01,708.2,19.03,22.38,3.35,18.76,24.8,0.990,1,1,31.2,0.28,45.29,30.1,0
1779285639900,1197,UAS-02,567.6,18.77,21.99,3.22,18.41,25.0,0.990,1,1,31.0,0.42,45.12,30.1,0
1779285639933,1198,GND-VEH-01,371.6,19.09,22.18,3.09,18.11,23.4,0.990,1,1,31.0,0.33,45.09,30.0,0
1779285639967,1199,PERSON-01,497.6,18.86,22.05,3.18,17.95,23.5,0.990,1,1,31.8,0.05,45.44,30.1,0
1779285640000,1200,UAS-01,611.5,19.12,22.13,3.01,18.35,23.8,0.990,1,1,31.0,0.02,45.49,30.0,0
1779285640033,1201,UAS-02,676.6,19.00,22.09,3.09,18.19,23.4,0.990,1,1,31.8,0.09,45.25,30.0,0
1779285640067,1202,GND-VEH-01,570.6,19.03,22.01,2.98,16.64,24.4,0.990,1,1,31.9,0.18,45.13,29.9,0
1779285640100,1203,PERSON-01,432.0,19.16,22.46,3.30,18.85,25.0,0.990,1,1,31.0,0.25,45.41,30.0,0
1779285640133,1204,UAS-01,310.7,18.97,22.36,3.39,18.30,24.1,0.990,1,1,31.4,0.05,45.19,29.9,0
1779285640167,1205,UAS-02,455.3,18.82,22.18,3.36,18.00,25.2,0.981,1,1,34.7,0.08,45.11,30.0,0
1779285640200,1206,GND-VEH-01,655.6,18.80,22.10,3.30,18.24,23.0,0.990,1,1,31.0,0.47,45.17,30.0,0
1779285640233,1207,PERSON-01,384.8,19.20,22.19,2.99,17.15,25.5,0.990,1,1,31.0,0.17,45.77,29.9,0
1779285640267,1208,UAS-01,372.5,19.32,22.65,3.33,18.18,25.0,0.969,1,1,31.0,0.17,45.54,29.9,0
1779285640300,1209,UAS-02,670.6,18.95,21.84,2.89,16.88,24.7,0.990,1,1,31.3,0.22,45.27,30.0,0
1779285640333,1210,GND-VEH-01,546.0,18.67,21.97,3.30,17.67,25.3,0.990,1,1,31.0,0.14,45.20,30.1,0
1779285640367,1211,PERSON-01,385.0,18.91,22.04,3.13,17.37,25.0,0.990,1,1,31.0,0.22,45.41,30.0,0
1779285640400,1212,UAS-01,551.3,18.86,21.68,2.83,17.38,24.1,0.990,1,1,32.8,0.12,45.23,29.9,0
1779285640433,1213,UAS-02,530.4,18.92,22.18,3.26,17.28,25.0,0.990,1,1,34.7,0.12,45.80,30.0,0
1779285640467,1214,GND-VEH-01,495.8,18.79,21.83,3.05,17.26,25.7,0.985,1,1,31.0,0.33,45.55,30.1,0
1779285640500,1215,PERSON-01,364.5,18.99,22.11,3.12,17.74,24.5,0.985,1,1,33.6,0.11,45.70,30.0,0
1779285640533,1216,UAS-01,904.8,19.03,22.22,3.19,18.11,23.3,0.990,1,1,31.0,0.45,45.08,29.9,0
1779285640567,1217,UAS-02,399.5,19.13,22.17,3.04,17.15,24.7,0.990,1,1,31.0,0.14,45.63,30.1,0
1779285640600,1218,GND-VEH-01,610.8,19.02,21.87,2.85,17.78,23.4,0.990,1,1,31.5,0.07,45.81,30.0,0
1779285640633,1219,PERSON-01,398.3,19.01,22.05,3.04,17.99,23.5,0.964,1,1,31.9,0.11,45.33,30.0,0
1779285640667,1220,UAS-01,647.0,19.07,22.51,3.45,18.15,24.9,0.990,1,1,31.6,0.03,45.85,30.2,0
1779285640700,1221,UAS-02,463.9,19.15,22.58,3.43,18.49,25.3,0.972,1,1,31.0,0.01,45.34,30.0,0
1779285640733,1222,GND-VEH-01,712.8,19.44,22.72,3.28,17.71,25.4,0.990,1,1,31.0,0.12,45.90,30.0,0
1779285640767,1223,PERSON-01,430.1,19.10,22.23,3.12,17.90,24.7,0.990,1,1,32.3,0.01,45.66,29.8,0
1779285640800,1224,UAS-01,704.4,19.19,22.48,3.29,17.97,26.7,0.990,1,1,32.1,0.16,45.86,30.0,0
1779285640833,1225,UAS-02,370.4,18.77,21.65,2.89,17.78,25.2,0.985,1,1,33.8,0.43,45.53,30.1,0
1779285640867,1226,GND-VEH-01,862.1,18.98,22.16,3.18,17.69,24.2,0.990,1,1,31.0,0.28,45.50,29.9,0
1779285640900,1227,PERSON-01,464.5,19.06,22.34,3.28,18.12,24.5,0.990,1,1,32.0,0.06,45.75,29.8,0
1779285640933,1228,UAS-01,813.1,18.83,21.91,3.07,17.92,26.6,0.990,1,1,32.3,0.20,45.21,30.0,0
1779285640967,1229,UAS-02,580.7,18.96,22.18,3.21,17.68,24.8,0.977,1,1,32.8,0.02,46.07,30.0,0
1779285641000,1230,GND-VEH-01,422.8,19.06,22.30,3.24,18.54,25.2,0.990,1,1,31.0,0.04,46.12,29.9,0
1779285641033,1231,PERSON-01,345.7,19.14,22.40,3.26,17.89,25.9,0.990,1,1,31.0,0.47,45.88,30.0,0
1779285641067,1232,UAS-01,555.3,18.91,22.26,3.35,18.66,25.6,0.990,1,1,31.0,0.06,45.75,29.9,0
1779285641100,1233,UAS-02,342.3,18.96,22.23,3.27,17.56,26.3,0.990,1,1,35.1,0.23,45.89,30.1,0
1779285641133,1234,GND-VEH-01,430.1,19.01,22.21,3.20,17.73,26.4,0.990,1,1,31.0,0.18,45.73,29.9,0
1779285641167,1235,PERSON-01,438.8,18.81,21.98,3.18,18.52,24.7,0.990,1,1,31.0,0.11,45.66,30.0,0
1779285641200,1236,UAS-01,533.7,18.82,21.93,3.11,18.20,25.6,0.971,1,1,31.0,0.53,45.68,30.1,0
1779285641233,1237,UAS-02,444.2,18.94,22.30,3.36,18.46,26.3,0.990,1,1,31.0,0.52,45.94,30.1,0
1779285641267,1238,GND-VEH-01,323.5,18.80,21.86,3.06,17.50,25.1,0.985,1,1,31.2,0.11,46.07,30.0,0
1779285641300,1239,PERSON-01,465.7,18.99,22.15,3.16,18.33,24.4,0.966,1,1,34.1,0.18,45.85,30.0,0
1779285641333,1240,UAS-01,615.7,19.23,22.14,2.91,17.74,25.2,0.985,1,1,31.0,0.29,45.87,30.0,0
1779285641367,1241,UAS-02,874.9,19.04,21.92,2.87,17.27,26.9,0.979,1,1,32.5,0.28,45.76,29.9,0
1779285641400,1242,GND-VEH-01,446.7,19.13,22.79,3.65,18.21,27.5,0.985,1,1,33.6,0.42,46.06,29.9,0
1779285641433,1243,PERSON-01,650.3,18.79,21.93,3.14,17.44,25.8,0.990,1,1,31.5,0.35,46.19,29.9,0
1779285641467,1244,UAS-01,644.7,18.94,21.93,2.99,17.20,26.4,0.990,1,1,31.0,0.11,45.68,29.9,0
1779285641500,1245,UAS-02,621.8,18.84,21.87,3.03,16.75,28.0,0.990,1,1,31.0,0.21,46.40,29.9,0
1779285641533,1246,GND-VEH-01,680.9,18.86,22.24,3.38,18.67,24.6,0.983,1,1,31.0,0.30,46.34,30.2,0
1779285641567,1247,PERSON-01,504.6,19.34,22.48,3.15,17.78,25.1,0.990,1,1,32.4,0.35,46.57,30.0,0
1779285641600,1248,UAS-01,326.2,19.24,22.27,3.03,16.84,25.3,0.990,1,1,32.2,0.26,46.08,29.9,0
1779285641633,1249,UAS-02,454.5,19.12,22.23,3.12,18.35,24.9,0.970,1,1,31.0,0.23,46.24,29.9,0
1779285641667,1250,GND-VEH-01,717.6,19.03,22.02,3.00,17.22,25.8,0.990,1,1,32.9,0.45,45.89,30.0,0
1779285641700,1251,PERSON-01,415.3,19.10,22.47,3.37,18.43,25.3,0.990,1,1,31.0,0.46,45.87,30.0,0
1779285641733,1252,UAS-01,370.1,19.17,22.20,3.03,17.74,26.3,0.990,1,1,31.0,0.37,46.25,29.9,0
1779285641767,1253,UAS-02,323.1,19.13,22.39,3.26,18.16,25.9,0.990,1,1,33.7,0.38,46.08,30.0,0
1779285641800,1254,GND-VEH-01,378.9,18.80,22.09,3.28,18.01,24.8,0.990,1,1,32.0,0.45,46.14,29.9,0
1779285641833,1255,PERSON-01,1071.0,19.17,21.82,2.64,16.53,26.4,0.990,1,1,32.6,0.19,46.18,30.0,0
1779285641867,1256,UAS-01,476.7,18.94,22.11,3.17,17.89,28.0,0.990,1,1,31.5,0.33,46.49,30.0,0
1779285641900,1257,UAS-02,508.1,18.78,21.78,3.01,17.79,25.7,0.990,1,1,33.5,0.08,46.76,30.2,0
1779285641933,1258,GND-VEH-01,601.7,18.96,21.83,2.88,16.94,27.3,0.977,1,1,31.9,0.14,46.26,29.8,0
1779285641967,1259,PERSON-01,678.8,18.70,21.66,2.96,16.64,24.4,0.990,1,1,31.0,0.33,46.00,30.0,0
1779285642000,1260,UAS-01,443.0,18.95,22.36,3.41,18.04,25.7,0.990,1,1,31.0,0.18,46.20,29.9,0
1779285642033,1261,UAS-02,511.4,18.77,21.89,3.12,17.88,27.4,0.990,1,1,31.0,0.24,46.29,30.0,0
1779285642067,1262,GND-VEH-01,551.0,18.99,22.25,3.26,18.53,25.2,0.990,1,1,31.9,0.36,46.06,30.1,0
1779285642100,1263,PERSON-01,351.4,19.08,21.93,2.86,17.05,26.0,0.990,1,1,31.0,0.51,46.22,30.0,0
1779285642133,1264,UAS-01,346.6,18.93,22.12,3.18,17.99,26.1,0.990,1,1,31.0,0.18,46.66,30.1,0
1779285642167,1265,UAS-02,344.7,19.15,22.29,3.14,17.92,25.4,0.990,1,1,31.4,0.11,46.30,30.0,0
1779285642200,1266,GND-VEH-01,354.5,19.04,22.30,3.26,18.22,25.9,0.985,1,1,34.6,0.27,46.46,30.1,0
1779285642233,1267,PERSON-01,532.7,18.98,21.99,3.02,17.76,26.1,0.990,1,1,31.0,0.24,46.54,29.9,0
1779285642267,1268,UAS-01,499.4,18.97,21.83,2.86,16.57,27.2,0.990,1,1,32.3,0.41,46.40,29.9,0
1779285642300,1269,UAS-02,351.0,18.91,21.86,2.95,18.05,26.2,0.990,1,1,31.0,0.37,46.65,29.9,0
1779285642333,1270,GND-VEH-01,762.0,18.82,21.65,2.83,17.64,25.6,0.990,1,1,31.1,0.11,46.24,30.0,0
1779285642367,1271,PERSON-01,485.5,19.02,22.14,3.12,17.42,26.0,0.990,1,1,32.4,0.22,46.22,30.0,0
1779285642400,1272,UAS-01,336.7,19.11,22.70,3.59,17.99,27.0,0.990,1,1,32.1,0.02,46.51,30.0,0
1779285642433,1273,UAS-02,549.8,19.16,22.36,3.20,17.63,27.0,0.990,1,1,31.3,0.17,46.52,30.1,0
1779285642467,1274,GND-VEH-01,324.4,18.92,22.00,3.08,18.13,24.8,0.990,1,1,31.1,0.39,46.28,30.0,0
1779285642500,1275,PERSON-01,385.1,19.00,22.06,3.06,17.21,25.4,0.965,1,1,31.7,0.13,45.96,30.0,0
1779285642533,1276,UAS-01,906.3,18.86,21.71,2.85,17.86,26.7,0.990,1,1,32.2,0.03,46.44,29.9,0
1779285642567,1277,UAS-02,588.8,18.98,22.02,3.04,16.91,27.4,0.990,1,1,32.2,0.08,46.49,30.1,0
1779285642600,1278,GND-VEH-01,451.2,19.01,22.33,3.32,18.67,24.8,0.990,1,1,31.8,0.10,46.18,29.9,0
1779285642633,1279,PERSON-01,342.9,19.15,22.34,3.19,17.67,28.4,0.990,1,1,31.0,0.04,46.94,30.0,0
1779285642667,1280,UAS-01,592.9,18.84,21.93,3.09,17.44,26.5,0.990,1,1,31.6,0.28,46.25,29.9,0
1779285642700,1281,UAS-02,563.9,19.06,21.82,2.76,16.87,28.0,0.990,1,1,31.0,0.37,47.03,29.8,0
1779285642733,1282,GND-VEH-01,481.8,19.14,22.07,2.93,16.61,26.9,0.990,1,1,33.0,0.19,46.27,30.1,0
1779285642767,1283,PERSON-01,609.7,19.09,22.21,3.12,17.92,25.8,0.981,1,1,31.0,0.01,46.41,30.0,0
1779285642800,1284,UAS-01,683.5,18.74,21.81,3.08,17.72,27.2,0.990,1,1,31.0,0.28,46.56,29.9,0
1779285642833,1285,UAS-02,858.1,18.79,21.81,3.03,17.33,27.1,0.990,1,1,31.0,0.12,46.63,30.1,0
1779285642867,1286,GND-VEH-01,724.6,18.87,22.30,3.43,17.70,27.3,0.990,1,1,31.0,0.17,47.12,30.0,0
1779285642900,1287,PERSON-01,382.5,19.05,22.49,3.44,17.96,24.7,0.988,1,1,33.3,0.20,46.80,30.0,0
1779285642933,1288,UAS-01,637.5,18.97,22.06,3.09,17.44,27.8,0.990,1,1,31.2,0.05,47.08,30.0,0
1779285642967,1289,UAS-02,441.7,19.04,22.24,3.20,17.53,26.9,0.990,1,1,34.4,0.54,46.37,29.9,0
1779285643000,1290,GND-VEH-01,304.5,19.09,22.67,3.58,17.99,27.4,0.982,1,1,31.6,0.19,46.67,30.1,0
1779285643033,1291,PERSON-01,598.8,19.02,21.99,2.96,17.61,27.9,0.975,1,1,32.7,0.48,46.80,29.9,0
1779285643067,1292,UAS-01,420.7,19.05,22.40,3.35,18.09,26.0,0.990,1,1,31.0,0.17,46.82,30.0,0
1779285643100,1293,UAS-02,520.7,18.89,22.09,3.20,17.55,27.4,0.989,1,1,31.1,0.11,46.92,30.0,0
1779285643133,1294,GND-VEH-01,603.1,19.02,22.12,3.10,17.18,25.8,0.990,1,1,31.2,0.01,46.81,30.0,0
1779285643167,1295,PERSON-01,431.6,18.99,22.11,3.12,17.97,26.1,0.990,1,1,31.0,0.02,46.75,30.1,0
1779285643200,1296,UAS-01,574.1,18.75,21.65,2.89,16.69,28.0,0.990,1,1,31.0,0.23,46.79,30.0,0
1779285643233,1297,UAS-02,359.0,19.05,22.24,3.19,17.63,27.1,0.990,1,1,31.0,0.41,47.02,30.1,0
1779285643267,1298,GND-VEH-01,322.8,18.99,21.92,2.93,16.94,26.4,0.990,1,1,31.0,0.04,46.80,30.1,0
1779285643300,1299,PERSON-01,574.5,18.94,21.79,2.85,17.23,27.8,0.990,1,1,31.4,0.30,46.33,29.8,0
1779285643333,1300,UAS-01,447.0,18.97,22.55,3.59,18.60,26.4,0.986,1,1,33.2,0.29,46.66,30.1,0
1779285643367,1301,UAS-02,403.3,18.81,21.57,2.76,17.11,25.6,0.990,1,1,31.0,0.33,46.48,30.1,0
1779285643400,1302,GND-VEH-01,346.4,18.91,22.26,3.35,17.16,27.8,0.990,1,1,31.0,0.30,46.95,30.1,0
1779285643433,1303,PERSON-01,822.2,18.63,21.76,3.13,18.15,26.7,0.990,1,1,31.0,0.01,46.52,30.1,0
1779285643467,1304,UAS-01,404.3,19.18,22.59,3.41,17.59,26.5,0.990,1,1,31.2,0.18,46.73,29.8,0
1779285643500,1305,UAS-02,574.0,18.86,21.78,2.92,17.67,26.7,0.990,1,1,31.4,0.01,46.37,30.0,0
1779285643533,1306,GND-VEH-01,345.2,18.90,22.14,3.24,18.05,26.7,0.990,1,1,31.0,0.49,46.85,30.1,0
1779285643567,1307,PERSON-01,367.3,19.06,22.32,3.26,17.60,26.7,0.990,1,1,32.8,0.57,47.29,30.0,0
1779285643600,1308,UAS-01,562.2,19.01,22.10,3.09,17.49,27.9,0.990,1,1,31.0,0.13,47.15,30.1,0
1779285643633,1309,UAS-02,745.2,19.03,21.93,2.89,16.96,27.5,0.990,1,1,34.4,0.06,46.25,30.0,0
1779285643667,1310,GND-VEH-01,509.6,18.99,22.15,3.16,18.20,26.3,0.990,1,1,31.0,0.06,46.48,30.1,0
1779285643700,1311,PERSON-01,392.1,18.94,22.25,3.31,17.86,27.2,0.990,1,1,31.0,0.26,46.82,30.0,0
1779285643733,1312,UAS-01,585.2,19.02,22.06,3.04,17.43,28.5,0.990,1,1,33.8,0.40,46.98,30.1,0
1779285643767,1313,UAS-02,547.4,19.02,21.89,2.87,16.91,27.6,0.990,1,1,31.0,0.08,47.37,29.9,0
1779285643800,1314,GND-VEH-01,539.1,19.04,22.14,3.11,17.57,26.2,0.990,1,1,31.9,0.13,46.83,30.0,0
1779285643833,1315,PERSON-01,379.3,18.90,22.02,3.12,17.53,26.6,0.969,1,1,31.2,0.19,47.19,30.1,0
1779285643867,1316,UAS-01,836.3,18.92,21.64,2.72,17.43,26.3,0.990,1,1,31.0,0.06,46.81,30.0,0
1779285643900,1317,UAS-02,548.7,19.35,22.57,3.22,16.67,27.5,0.990,1,1,31.8,0.09,47.66,30.0,0
1779285643933,1318,GND-VEH-01,832.8,19.06,22.16,3.10,17.95,29.0,0.990,1,1,34.5,0.42,47.24,29.9,0
1779285643967,1319,PERSON-01,841.7,18.90,21.88,2.99,17.33,27.3,0.990,1,1,32.2,0.04,46.96,30.1,0
1779285644000,1320,UAS-01,445.4,19.18,22.32,3.13,17.10,28.5,0.977,1,1,34.6,0.17,46.58,29.9,0
1779285644033,1321,UAS-02,705.0,19.07,21.95,2.88,16.77,27.3,0.990,1,1,33.5,0.01,47.01,30.0,0
1779285644067,1322,GND-VEH-01,460.5,19.09,22.08,2.99,17.52,25.9,0.990,1,1,31.0,0.14,47.26,29.9,0
1779285644100,1323,PERSON-01,348.9,19.08,22.20,3.12,17.45,25.9,0.990,1,1,33.1,0.37,46.64,30.1,0
1779285644133,1324,UAS-01,461.6,18.97,22.21,3.23,18.66,26.4,0.990,1,1,35.1,0.43,47.14,29.9,0
1779285644167,1325,UAS-02,399.3,18.90,21.71,2.81,17.02,29.1,0.990,1,1,31.0,0.34,46.89,29.9,0
1779285644200,1326,GND-VEH-01,448.8,18.92,22.02,3.10,17.78,26.3,0.990,1,1,31.0,0.33,47.54,29.8,0
1779285644233,1327,PERSON-01,860.0,18.95,21.84,2.89,17.39,28.3,0.990,1,1,32.6,0.10,47.28,30.1,0
1779285644267,1328,UAS-01,373.5,18.86,22.23,3.37,17.59,28.7,0.990,1,1,31.0,0.19,47.34,30.0,0
1779285644300,1329,UAS-02,319.8,18.91,22.33,3.41,18.01,27.2,0.990,1,1,32.7,0.19,47.09,30.0,0
1779285644333,1330,GND-VEH-01,535.7,18.99,22.19,3.21,18.09,27.3,0.990,1,1,32.9,0.19,47.13,29.9,0
1779285644367,1331,PERSON-01,385.6,19.07,22.36,3.29,18.49,27.6,0.990,1,1,31.0,0.37,47.18,29.9,0
1779285644400,1332,UAS-01,444.9,18.93,22.05,3.12,17.51,27.1,0.990,1,1,33.8,0.19,47.54,30.1,0
1779285644433,1333,UAS-02,648.3,18.74,21.60,2.86,16.98,27.2,0.978,1,1,31.0,0.12,47.40,30.1,0
1779285644467,1334,GND-VEH-01,311.7,19.20,22.21,3.01,16.79,29.2,0.990,1,1,31.8,0.10,47.33,30.1,0
1779285644500,1335,PERSON-01,523.8,19.08,22.11,3.03,17.41,27.0,0.990,1,1,31.0,0.15,47.01,29.9,0
1779285644533,1336,UAS-01,520.5,18.91,21.91,3.00,17.96,26.8,0.990,1,1,32.6,0.03,47.54,22.6,1
1779285644567,1337,UAS-02,422.2,18.92,22.19,3.27,17.92,26.5,0.990,1,1,32.6,0.24,47.16,30.2,0
1779285644600,1338,GND-VEH-01,518.2,19.08,22.55,3.46,18.37,28.2,0.990,1,1,31.5,0.06,47.17,30.1,0
1779285644633,1339,PERSON-01,908.9,19.10,22.19,3.08,17.19,27.2,0.990,1,1,31.6,0.55,47.64,29.9,0
1779285644667,1340,UAS-01,352.2,19.35,22.44,3.09,17.50,27.3,0.972,1,1,31.0,0.54,47.02,30.0,0
1779285644700,1341,UAS-02,523.0,19.02,21.93,2.90,17.66,27.2,0.990,1,1,31.0,0.01,47.84,30.1,0
1779285644733,1342,GND-VEH-01,575.7,19.29,22.52,3.23,17.67,26.9,0.990,1,1,31.0,0.43,47.08,30.0,0
1779285644767,1343,PERSON-01,395.8,19.12,22.39,3.27,18.45,26.1,0.990,1,1,31.0,0.26,47.19,30.1,0
1779285644800,1344,UAS-01,358.6,19.05,22.40,3.35,17.64,26.1,0.990,1,1,31.0,0.40,47.07,30.1,0
1779285644833,1345,UAS-02,350.4,18.95,22.16,3.21,17.59,28.0,0.990,1,1,31.0,0.54,47.30,29.8,0
1779285644867,1346,GND-VEH-01,517.1,19.06,22.27,3.21,17.72,26.8,0.990,1,1,33.2,0.17,47.42,30.0,0
1779285644900,1347,PERSON-01,440.0,19.10,22.07,2.98,17.25,27.6,0.987,1,1,31.0,0.34,47.77,29.9,0
1779285644933,1348,UAS-01,615.2,18.92,21.92,3.01,17.20,27.4,0.983,1,1,31.7,0.30,47.03,30.0,0
1779285644967,1349,UAS-02,554.6,18.88,21.89,3.01,17.21,27.0,0.990,1,1,31.0,0.08,47.48,30.0,0
1779285645000,1350,GND-VEH-01,519.5,19.36,22.75,3.39,17.99,27.5,0.990,1,1,34.7,0.03,47.65,29.9,0
1779285645033,1351,PERSON-01,321.1,19.16,22.30,3.14,16.55,29.5,0.990,1,1,31.6,0.25,47.51,29.9,0
1779285645067,1352,UAS-01,593.5,19.10,22.32,3.22,17.36,28.4,0.990,1,1,32.6,0.10,47.56,29.8,0
1779285645100,1353,UAS-02,436.1,18.93,22.17,3.24,16.80,30.1,0.990,1,1,33.3,0.10,47.85,29.8,0
1779285645133,1354,GND-VEH-01,505.8,19.15,22.25,3.10,17.26,30.0,0.990,1,1,31.0,0.23,47.48,30.1,0
1779285645167,1355,PERSON-01,312.5,18.94,22.16,3.22,18.22,28.8,0.986,1,1,31.0,0.07,47.70,30.1,0
1779285645200,1356,UAS-01,447.9,19.06,22.17,3.11,17.32,29.4,0.990,1,1,31.0,0.12,47.82,29.9,0
1779285645233,1357,UAS-02,685.2,18.98,21.86,2.88,16.72,27.9,0.981,1,1,31.0,0.26,47.57,30.0,0
1779285645267,1358,GND-VEH-01,500.1,18.86,22.24,3.38,17.33,28.5,0.982,1,1,31.0,0.45,47.50,30.0,0
1779285645300,1359,PERSON-01,789.7,18.79,22.06,3.28,18.14,26.9,0.990,1,1,32.3,0.13,47.24,29.9,0
1779285645333,1360,UAS-01,501.7,18.83,21.79,2.96,17.61,26.9,0.990,1,1,31.1,0.23,47.16,30.2,0
1779285645367,1361,UAS-02,755.1,18.90,22.00,3.10,17.44,28.9,0.990,1,1,31.0,0.35,47.64,30.1,0
1779285645400,1362,GND-VEH-01,588.1,19.09,22.11,3.02,17.23,29.8,0.990,1,1,31.0,0.20,47.63,30.1,0
1779285645433,1363,PERSON-01,337.4,19.03,21.98,2.94,16.86,29.9,0.990,1,1,31.0,0.29,47.76,30.0,0
1779285645467,1364,UAS-01,311.9,18.93,22.10,3.18,17.72,28.6,0.980,1,1,31.0,0.00,47.82,30.1,0
1779285645500,1365,UAS-02,317.3,18.78,21.86,3.07,17.11,27.4,0.990,1,1,31.6,0.28,47.63,30.0,0
1779285645533,1366,GND-VEH-01,310.8,19.16,22.44,3.28,17.88,27.0,0.987,1,1,32.6,0.08,47.67,29.9,0
1779285645567,1367,PERSON-01,702.1,18.91,22.14,3.23,17.28,28.1,0.990,1,1,31.9,0.05,47.80,30.1,0
1779285645600,1368,UAS-01,774.4,18.92,21.61,2.68,17.07,27.4,0.990,1,1,31.0,0.00,47.99,29.9,0
1779285645633,1369,UAS-02,604.5,19.01,22.01,3.00,16.28,30.8,0.990,1,1,31.0,0.21,48.37,30.0,0
1779285645667,1370,GND-VEH-01,849.7,19.03,21.73,2.71,17.05,27.8,0.990,1,1,31.0,0.15,47.43,30.0,0
1779285645700,1371,PERSON-01,458.8,19.09,22.26,3.17,17.08,28.3,0.990,1,1,31.0,0.18,47.86,30.0,0
1779285645733,1372,UAS-01,325.9,18.88,21.85,2.97,16.76,29.7,0.976,1,1,33.0,0.16,47.79,30.1,0
1779285645767,1373,UAS-02,550.5,18.83,22.08,3.25,17.54,27.8,0.990,1,1,31.0,0.53,47.69,30.1,0
1779285645800,1374,GND-VEH-01,738.0,19.10,21.96,2.86,17.61,28.6,0.990,1,1,32.1,0.14,47.89,30.1,0
1779285645833,1375,PERSON-01,396.3,19.21,22.44,3.23,17.81,28.0,0.990,1,1,31.0,0.12,47.91,30.0,0
1779285645867,1376,UAS-01,464.4,18.82,22.18,3.36,17.20,29.1,0.983,1,1,32.3,0.36,47.98,30.1,0
1779285645900,1377,UAS-02,721.2,19.27,22.18,2.92,17.04,28.6,0.990,1,1,31.0,0.37,47.88,30.0,0
1779285645933,1378,GND-VEH-01,653.9,19.15,21.96,2.81,17.12,26.8,0.990,1,1,32.0,0.09,47.82,29.9,0
1779285645967,1379,PERSON-01,505.3,19.01,22.27,3.25,18.34,26.9,0.977,1,1,31.5,0.01,47.95,29.9,0
1779285646000,1380,UAS-01,767.2,19.02,22.21,3.20,18.21,27.3,0.990,1,1,31.0,0.29,48.09,29.9,0
1779285646033,1381,UAS-02,550.2,19.20,22.55,3.35,17.77,29.3,0.990,1,1,31.0,0.33,48.11,30.0,0
1779285646067,1382,GND-VEH-01,558.2,19.17,21.97,2.80,16.98,29.9,0.990,1,1,34.6,0.22,47.85,30.1,0
1779285646100,1383,PERSON-01,650.4,19.15,22.38,3.23,17.60,28.1,0.990,1,1,32.0,0.24,47.55,29.9,0
1779285646133,1384,UAS-01,579.1,18.99,22.06,3.07,17.91,27.9,0.990,1,1,31.0,0.39,47.64,29.9,0
1779285646167,1385,UAS-02,523.3,18.99,22.24,3.26,18.10,28.2,0.990,1,1,31.5,0.38,48.12,30.1,0
1779285646200,1386,GND-VEH-01,537.5,18.87,21.98,3.11,17.20,28.9,0.990,1,1,31.0,0.36,48.01,29.9,0
1779285646233,1387,PERSON-01,438.2,19.20,22.21,3.01,17.84,28.0,0.990,1,1,31.0,0.40,47.82,29.9,0
1779285646267,1388,UAS-01,762.7,18.93,22.11,3.17,17.55,29.1,0.990,1,1,32.7,0.00,48.37,30.1,0
1779285646300,1389,UAS-02,410.7,19.17,22.33,3.15,17.40,28.9,0.990,1,1,33.1,0.18,48.45,29.9,0
1779285646333,1390,GND-VEH-01,535.1,19.07,22.18,3.10,17.43,27.7,0.990,1,1,31.0,0.05,48.10,30.0,0
1779285646367,1391,PERSON-01,616.2,19.04,22.29,3.25,17.33,28.9,0.990,1,1,33.3,0.01,47.92,29.9,0
1779285646400,1392,UAS-01,444.9,18.97,22.51,3.54,17.80,28.6,0.990,1,1,32.5,0.51,48.19,30.1,0
1779285646433,1393,UAS-02,428.2,18.93,22.15,3.21,17.35,29.2,0.990,1,1,32.9,0.21,48.15,30.1,0
1779285646467,1394,GND-VEH-01,421.2,19.17,22.06,2.89,16.75,30.1,0.990,1,1,31.0,0.03,48.16,29.8,0
1779285646500,1395,PERSON-01,434.8,19.23,22.18,2.94,16.76,28.5,0.990,1,1,31.2,0.19,48.18,30.2,0
1779285646533,1396,UAS-01,739.8,18.97,22.19,3.22,17.96,27.7,0.990,1,1,31.3,0.48,47.97,30.2,0
1779285646567,1397,UAS-02,837.8,18.84,21.78,2.94,16.90,30.5,0.990,1,1,32.6,0.26,48.71,30.0,0
1779285646600,1398,GND-VEH-01,572.4,19.05,22.02,2.97,17.17,28.7,0.990,1,1,31.0,0.09,48.29,30.0,0
1779285646633,1399,PERSON-01,352.3,18.80,21.88,3.08,16.96,27.3,0.990,1,1,33.0,0.18,47.82,30.1,0
1779285646667,1400,UAS-01,422.3,18.92,22.02,3.10,17.49,27.5,0.985,1,1,33.0,0.05,48.10,30.0,0
1779285646700,1401,UAS-02,379.8,19.01,21.70,2.69,16.99,28.8,0.990,1,1,31.0,0.29,48.12,30.1,0
1779285646733,1402,GND-VEH-01,407.8,19.08,22.70,3.63,17.79,29.2,0.990,1,1,31.0,0.41,48.16,29.9,0
1779285646767,1403,PERSON-01,413.9,19.13,22.18,3.05,16.99,29.2,0.990,1,1,31.1,0.12,48.25,30.1,0
1779285646800,1404,UAS-01,535.5,18.81,22.00,3.19,17.14,30.1,0.990,1,1,31.0,0.01,48.38,30.1,0
1779285646833,1405,UAS-02,514.3,18.90,21.88,2.97,16.92,29.9,0.990,1,1,31.0,0.10,48.34,30.1,0
1779285646867,1406,GND-VEH-01,319.3,19.05,21.97,2.92,16.74,29.4,0.990,1,1,31.0,0.12,48.24,30.1,0
1779285646900,1407,PERSON-01,514.5,18.86,22.12,3.26,17.92,28.3,0.990,1,1,32.1,0.24,48.62,30.1,0
1779285646933,1408,UAS-01,416.9,19.11,22.06,2.95,17.03,29.6,0.990,1,1,31.1,0.35,48.39,29.8,0
1779285646967,1409,UAS-02,305.8,19.07,22.11,3.04,16.83,27.9,0.990,1,1,31.0,0.24,48.29,29.9,0
1779285647000,1410,GND-VEH-01,380.3,18.84,22.38,3.54,18.01,29.7,0.990,1,1,31.6,0.29,48.12,29.9,0
1779285647033,1411,PERSON-01,352.0,19.06,22.27,3.21,17.49,29.3,0.990,1,1,31.0,0.09,48.38,30.0,0
1779285647067,1412,UAS-01,392.0,18.93,22.41,3.48,17.76,28.7,0.990,1,1,32.3,0.02,48.31,30.0,0
1779285647100,1413,UAS-02,304.5,19.00,22.36,3.36,18.22,30.1,0.990,1,1,32.9,0.37,48.01,29.9,0
1779285647133,1414,GND-VEH-01,609.8,19.05,22.19,3.14,17.24,29.6,0.990,1,1,32.4,0.07,47.96,30.0,0
1779285647167,1415,PERSON-01,366.3,18.86,21.96,3.11,17.74,27.9,0.990,1,1,32.5,0.11,48.16,30.0,0
1779285647200,1416,UAS-01,539.1,19.03,22.52,3.50,17.89,31.4,0.990,1,1,31.3,0.05,48.66,30.0,0
1779285647233,1417,UAS-02,673.7,19.16,22.15,2.99,17.30,30.5,0.990,1,1,34.8,0.13,48.75,30.0,0
1779285647267,1418,GND-VEH-01,323.3,18.72,21.89,3.17,17.54,29.9,0.990,1,1,31.0,0.31,48.30,30.0,0
1779285647300,1419,PERSON-01,308.4,18.93,22.24,3.31,17.99,28.9,0.971,1,1,31.3,0.00,48.34,30.1,0
1779285647333,1420,UAS-01,588.0,18.99,22.25,3.25,17.70,29.4,0.990,1,1,31.9,0.58,48.31,30.0,0
1779285647367,1421,UAS-02,561.0,18.85,21.78,2.93,17.28,30.2,0.990,1,1,33.4,0.15,48.56,29.9,0
1779285647400,1422,GND-VEH-01,309.0,18.87,22.52,3.65,17.98,28.7,0.974,1,1,31.0,0.14,48.50,29.9,0
1779285647433,1423,PERSON-01,399.2,19.35,22.64,3.29,18.36,28.9,0.990,1,1,31.0,0.43,48.51,29.9,0
1779285647467,1424,UAS-01,464.2,19.13,22.73,3.60,17.36,31.1,0.990,1,1,31.0,0.01,48.42,30.0,0
1779285647500,1425,UAS-02,685.3,18.92,22.10,3.18,17.18,30.1,0.990,1,1,31.0,0.01,48.45,30.0,0
1779285647533,1426,GND-VEH-01,959.8,18.93,21.88,2.95,16.57,31.8,0.990,1,1,31.6,0.16,48.44,30.0,0
1779285647567,1427,PERSON-01,479.2,19.01,22.26,3.25,17.70,28.9,0.990,1,1,31.0,0.43,48.60,30.0,0
1779285647600,1428,UAS-01,821.4,18.82,21.52,2.69,16.46,29.6,0.990,1,1,31.8,0.20,48.54,30.0,0
1779285647633,1429,UAS-02,478.2,18.91,21.90,2.99,17.36,28.9,0.990,1,1,31.0,0.11,48.60,30.1,0
1779285647667,1430,GND-VEH-01,589.5,18.99,22.13,3.14,16.78,30.3,0.990,1,1,31.0,0.29,48.58,30.1,0
1779285647700,1431,PERSON-01,344.3,19.05,22.38,3.34,17.17,30.2,0.990,1,1,31.0,0.01,48.49,30.1,0
1779285647733,1432,UAS-01,300.1,18.87,21.99,3.11,17.69,29.4,0.982,1,1,34.1,0.20,48.85,30.1,0
1779285647767,1433,UAS-02,303.6,18.91,22.00,3.09,16.74,30.9,0.990,1,1,34.5,0.43,48.87,30.0,0
1779285647800,1434,GND-VEH-01,639.5,19.02,22.48,3.45,17.65,30.7,0.990,1,1,34.4,0.35,48.91,29.9,0
1779285647833,1435,PERSON-01,458.4,18.99,22.17,3.19,17.81,29.4,0.987,1,1,31.1,0.19,48.90,30.0,0
1779285647867,1436,UAS-01,591.3,19.08,22.61,3.52,17.70,30.0,0.990,1,1,32.3,0.19,48.54,30.1,0
1779285647900,1437,UAS-02,326.1,19.14,22.53,3.38,17.42,28.8,0.990,1,1,31.0,0.12,48.81,30.0,0
1779285647933,1438,GND-VEH-01,442.2,19.03,22.23,3.19,16.87,30.5,0.990,1,1,33.1,0.12,48.80,29.9,0
1779285647967,1439,PERSON-01,730.7,19.04,22.25,3.21,17.05,29.1,0.990,1,1,33.7,0.03,49.13,30.1,0
1779285648000,1440,UAS-01,343.9,18.97,22.29,3.32,17.89,29.2,0.988,1,1,32.2,0.12,48.71,30.1,0
1779285648033,1441,UAS-02,390.9,19.35,22.73,3.38,17.53,31.1,0.981,1,1,35.0,0.08,49.04,30.0,0
1779285648067,1442,GND-VEH-01,307.9,18.92,22.14,3.22,17.29,31.1,0.990,1,1,31.0,0.17,49.29,30.0,0
1779285648100,1443,PERSON-01,335.8,18.92,21.96,3.04,17.54,29.5,0.990,1,1,31.0,0.46,48.48,30.1,0
1779285648133,1444,UAS-01,314.0,19.00,22.51,3.51,18.20,30.4,0.990,1,1,31.0,0.34,48.70,29.9,0
1779285648167,1445,UAS-02,402.5,19.15,22.30,3.15,16.98,31.8,0.989,1,1,32.0,0.79,48.79,29.9,0
1779285648200,1446,GND-VEH-01,370.3,19.13,22.64,3.51,17.66,28.6,0.990,1,1,32.2,0.16,48.47,29.8,0
1779285648233,1447,PERSON-01,480.6,18.93,22.03,3.09,16.61,29.3,0.990,1,1,34.1,0.09,48.82,30.0,0
1779285648267,1448,UAS-01,542.9,19.07,22.00,2.93,17.18,31.1,0.990,1,1,31.6,0.00,48.88,29.9,0
1779285648300,1449,UAS-02,552.9,19.01,22.25,3.24,17.37,30.4,0.990,1,1,32.0,0.32,48.97,30.1,0
1779285648333,1450,GND-VEH-01,528.9,19.04,22.01,2.97,17.03,29.5,0.990,1,1,31.0,0.28,48.65,30.0,0
1779285648367,1451,PERSON-01,534.3,18.92,21.78,2.86,16.74,30.6,0.990,1,1,31.0,0.60,48.88,29.9,0
1779285648400,1452,UAS-01,312.1,19.14,22.44,3.31,17.23,30.1,0.990,1,1,31.0,0.08,49.14,30.1,0
1779285648433,1453,UAS-02,714.8,19.11,22.33,3.22,17.82,29.0,0.990,1,1,31.0,0.09,48.53,29.9,0
1779285648467,1454,GND-VEH-01,320.3,18.90,21.88,2.98,16.68,30.9,0.975,1,1,31.0,0.41,49.01,29.9,0
1779285648500,1455,PERSON-01,591.8,19.13,22.21,3.09,17.71,29.8,0.990,1,1,31.0,0.03,48.67,30.0,0
1779285648533,1456,UAS-01,418.3,18.96,22.09,3.14,17.00,30.7,0.990,1,1,32.3,0.06,49.07,29.9,0
1779285648567,1457,UAS-02,572.7,18.96,22.29,3.33,17.60,32.2,0.974,1,1,33.1,0.04,49.52,30.0,0
1779285648600,1458,GND-VEH-01,349.4,19.10,22.28,3.18,17.32,32.1,0.990,1,1,31.0,0.34,49.30,29.8,0
1779285648633,1459,PERSON-01,632.2,18.96,22.05,3.10,16.71,30.3,0.986,1,1,31.0,0.25,48.96,30.0,0
1779285648667,1460,UAS-01,686.3,19.15,22.24,3.09,17.56,29.1,0.990,1,1,31.0,0.05,48.64,30.0,0
1779285648700,1461,UAS-02,387.0,19.07,22.58,3.50,18.07,29.5,0.990,1,1,31.0,0.15,48.94,29.9,0
1779285648733,1462,GND-VEH-01,375.5,18.92,22.13,3.21,16.78,30.0,0.990,1,1,31.0,0.10,49.31,30.0,0
1779285648767,1463,PERSON-01,482.0,19.15,22.33,3.18,17.67,28.5,0.990,1,1,31.0,0.13,49.06,30.0,0
1779285648800,1464,UAS-01,504.8,19.15,22.50,3.35,17.56,31.8,0.990,1,1,31.8,0.03,49.43,29.9,0
1779285648833,1465,UAS-02,830.9,18.99,22.18,3.19,16.84,30.3,0.990,1,1,31.0,0.33,48.78,30.0,0
1779285648867,1466,GND-VEH-01,690.1,19.10,22.21,3.12,17.77,30.5,0.990,1,1,31.1,0.21,48.93,29.8,0
1779285648900,1467,PERSON-01,591.3,18.80,21.88,3.08,17.34,31.5,0.990,1,1,32.0,0.23,49.46,30.0,0
1779285648933,1468,UAS-01,374.1,18.83,21.64,2.81,17.11,30.6,0.990,1,1,33.6,0.20,49.28,30.0,0
1779285648967,1469,UAS-02,310.0,18.82,22.31,3.49,17.71,30.2,0.986,1,1,31.0,0.08,48.98,29.9,0
1779285649000,1470,GND-VEH-01,518.5,18.85,21.80,2.95,16.36,30.7,0.990,1,1,31.0,0.60,48.62,30.0,0
1779285649033,1471,PERSON-01,479.2,19.11,22.41,3.29,17.35,30.3,0.990,1,1,34.4,0.47,49.11,29.9,0
1779285649067,1472,UAS-01,443.9,18.87,21.69,2.82,16.24,30.8,0.990,1,1,31.0,0.14,49.30,30.0,0
1779285649100,1473,UAS-02,480.1,18.84,22.19,3.35,17.51,31.8,0.983,1,1,31.0,0.37,49.34,30.0,0
1779285649133,1474,GND-VEH-01,494.8,19.11,22.20,3.09,16.44,32.2,0.990,1,1,31.7,0.02,49.49,30.0,0
1779285649167,1475,PERSON-01,334.6,19.25,22.90,3.66,18.38,30.5,0.990,1,1,31.0,0.24,49.23,29.9,0
1779285649200,1476,UAS-01,369.3,18.86,22.09,3.23,17.11,32.3,0.990,1,1,31.0,0.24,49.40,30.0,0
1779285649233,1477,UAS-02,625.9,18.78,21.94,3.16,17.24,28.3,0.983,1,1,31.0,0.18,49.05,29.8,0
1779285649267,1478,GND-VEH-01,501.2,18.90,22.25,3.35,17.50,31.1,0.985,1,1,31.0,0.17,49.17,29.9,0
1779285649300,1479,PERSON-01,663.3,19.07,22.37,3.29,17.57,32.0,0.990,1,1,33.3,0.57,49.20,30.0,0
1779285649333,1480,UAS-01,733.7,18.96,22.06,3.10,17.34,30.9,0.990,1,1,33.0,0.35,49.05,30.0,0
1779285649367,1481,UAS-02,487.8,18.95,21.99,3.04,16.55,30.7,0.990,1,1,31.0,0.09,49.44,30.1,0
1779285649400,1482,GND-VEH-01,402.9,19.16,22.41,3.25,17.85,31.8,0.990,1,1,31.0,0.19,49.15,29.9,0
1779285649433,1483,PERSON-01,537.0,18.91,21.94,3.03,17.57,29.3,0.990,1,1,31.0,0.50,49.23,30.1,0
1779285649467,1484,UAS-01,682.1,18.95,22.15,3.20,17.87,31.7,0.990,1,1,32.5,0.32,49.78,30.2,0
1779285649500,1485,UAS-02,635.4,18.87,21.83,2.96,17.13,32.2,0.990,1,1,31.0,0.22,49.66,29.8,0
1779285649533,1486,GND-VEH-01,425.0,19.11,22.23,3.12,16.89,31.2,0.980,1,1,32.4,0.17,49.35,30.1,0
1779285649567,1487,PERSON-01,579.1,19.16,22.09,2.93,16.89,30.3,0.990,1,1,31.4,0.35,49.84,30.1,0
1779285649600,1488,UAS-01,308.2,18.84,21.69,2.85,16.24,30.1,0.977,1,1,34.2,0.26,49.42,30.0,0
1779285649633,1489,UAS-02,705.8,19.00,22.15,3.15,17.20,30.9,0.990,1,1,31.7,0.11,49.49,30.1,0
1779285649667,1490,GND-VEH-01,434.1,18.99,22.38,3.39,17.71,32.2,0.990,1,1,31.0,0.06,49.26,29.9,0
1779285649700,1491,PERSON-01,469.3,18.90,21.96,3.06,17.38,32.0,0.990,1,1,31.9,0.12,49.30,30.0,0
1779285649733,1492,UAS-01,447.3,18.67,22.18,3.51,17.90,30.2,0.990,1,1,32.7,0.06,49.71,30.0,0
1779285649767,1493,UAS-02,592.6,18.91,21.92,3.01,16.76,32.3,0.990,1,1,31.0,0.03,50.02,30.1,0
1779285649800,1494,GND-VEH-01,593.9,18.93,22.19,3.26,17.62,31.8,0.990,1,1,31.3,0.23,49.64,30.1,0
1779285649833,1495,PERSON-01,516.2,18.92,22.18,3.26,17.13,31.5,0.990,1,1,31.2,0.21,50.02,30.0,0
1779285649867,1496,UAS-01,676.5,19.16,22.42,3.25,17.28,32.0,0.990,1,1,33.7,0.10,49.34,30.1,0
1779285649900,1497,UAS-02,368.7,19.10,22.00,2.90,17.23,31.1,0.990,1,1,31.1,0.23,49.80,30.0,0
1779285649933,1498,GND-VEH-01,541.9,18.96,22.23,3.26,17.30,32.5,0.990,1,1,31.0,0.10,50.12,30.0,0
1779285649967,1499,PERSON-01,707.6,19.02,22.33,3.31,17.35,31.6,0.990,1,1,34.5,0.20,49.80,29.9,0
1779285650000,1500,UAS-01,375.3,19.13,22.33,3.20,17.33,32.5,0.990,1,1,32.6,0.41,49.73,30.0,0
1779285650033,1501,UAS-02,528.9,19.02,22.31,3.28,16.90,32.1,0.990,1,1,33.2,0.14,49.54,30.1,0
1779285650067,1502,GND-VEH-01,642.1,19.09,22.35,3.26,17.94,32.0,0.988,1,1,31.0,0.29,49.81,29.9,0
1779285650100,1503,PERSON-01,329.2,18.99,22.22,3.22,17.67,31.6,0.987,1,1,31.2,0.33,49.62,30.0,0
1779285650133,1504,UAS-01,331.2,19.01,21.92,2.91,16.92,32.5,0.985,1,1,32.2,0.18,49.65,30.1,0
1779285650167,1505,UAS-02,352.7,18.98,22.32,3.34,17.57,30.7,0.990,1,1,32.5,0.13,49.60,30.0,0
1779285650200,1506,GND-VEH-01,309.9,18.78,22.14,3.36,16.77,32.0,0.990,1,1,31.0,0.42,50.03,30.0,0
1779285650233,1507,PERSON-01,636.9,18.94,21.72,2.78,16.53,30.5,0.982,1,1,31.6,0.06,49.61,29.9,0
1779285650267,1508,UAS-01,556.6,19.13,22.38,3.25,16.37,33.0,0.985,1,1,31.0,0.07,49.90,30.0,0
1779285650300,1509,UAS-02,590.7,18.62,21.68,3.05,17.03,31.9,0.990,1,1,31.3,0.23,50.09,29.9,0
1779285650333,1510,GND-VEH-01,355.5,19.00,22.30,3.30,17.57,31.2,0.990,1,1,31.0,0.10,49.95,30.1,0
1779285650367,1511,PERSON-01,323.8,18.92,22.09,3.17,16.95,32.2,0.972,1,1,31.0,0.24,49.68,30.0,0
1779285650400,1512,UAS-01,568.7,19.07,21.91,2.84,16.07,33.1,0.990,1,1,31.0,0.05,50.22,30.0,0
1779285650433,1513,UAS-02,634.1,19.30,22.22,2.92,16.20,32.1,0.990,1,1,31.0,0.25,49.80,29.9,0
1779285650467,1514,GND-VEH-01,430.2,18.87,22.25,3.38,17.04,31.5,0.990,1,1,35.8,0.17,50.11,30.1,0
1779285650500,1515,PERSON-01,577.8,19.03,22.05,3.01,17.19,31.5,0.990,1,1,31.0,0.20,50.23,30.1,0
1779285650533,1516,UAS-01,350.7,18.89,22.17,3.28,17.63,31.4,0.986,1,1,31.0,0.53,49.51,30.0,0
1779285650567,1517,UAS-02,366.2,19.11,22.48,3.37,17.35,30.3,0.990,1,1,31.0,0.07,49.63,29.8,0
1779285650600,1518,GND-VEH-01,461.4,19.15,22.42,3.27,17.73,31.6,0.990,1,1,31.8,0.28,49.80,30.0,0
1779285650633,1519,PERSON-01,558.8,19.04,22.11,3.07,16.58,33.3,0.990,1,1,31.0,0.19,50.31,30.2,0
1779285650667,1520,UAS-01,390.4,19.00,22.25,3.24,16.71,32.5,0.990,1,1,31.0,0.01,50.38,29.9,0
1779285650700,1521,UAS-02,401.4,18.91,22.28,3.37,17.90,32.2,0.990,1,1,31.0,0.60,49.53,30.0,0
1779285650733,1522,GND-VEH-01,308.0,18.79,22.00,3.21,17.47,31.1,0.983,1,1,31.0,0.33,49.89,30.0,0
1779285650767,1523,PERSON-01,709.2,19.06,22.12,3.06,15.95,32.7,0.985,1,1,31.0,0.19,50.35,30.0,0
1779285650800,1524,UAS-01,371.4,19.07,22.30,3.24,17.11,32.1,0.990,1,1,33.8,0.21,49.57,30.0,0
1779285650833,1525,UAS-02,664.0,18.98,22.00,3.02,16.54,33.1,0.990,1,1,31.0,0.14,50.35,29.9,0
1779285650867,1526,GND-VEH-01,950.8,19.10,22.07,2.97,17.46,32.2,0.990,1,1,31.0,0.16,50.07,29.9,0
1779285650900,1527,PERSON-01,491.9,18.85,21.83,2.98,16.41,33.5,0.990,1,1,31.0,0.22,50.22,30.2,0
1779285650933,1528,UAS-01,494.4,19.22,22.29,3.07,17.37,29.6,0.990,1,1,31.0,0.32,49.75,30.0,0
1779285650967,1529,UAS-02,384.5,19.17,22.37,3.20,17.86,31.9,0.990,1,1,31.8,0.17,50.19,30.1,0
1779285651000,1530,GND-VEH-01,514.5,19.17,22.57,3.41,17.83,31.9,0.990,1,1,32.1,0.04,50.05,30.0,0
1779285651033,1531,PERSON-01,736.8,19.02,22.40,3.38,17.72,30.9,0.988,1,1,31.0,0.46,50.12,29.8,0
1779285651067,1532,UAS-01,500.5,18.80,22.08,3.29,16.58,31.9,0.989,1,1,31.0,0.37,50.28,30.2,0
1779285651100,1533,UAS-02,692.0,19.17,22.13,2.96,17.13,32.6,0.990,1,1,32.3,0.06,50.26,30.0,0
1779285651133,1534,GND-VEH-01,667.3,18.99,22.10,3.11,16.58,32.2,0.985,1,1,31.2,0.14,50.24,29.9,0
1779285651167,1535,PERSON-01,687.8,19.22,22.57,3.35,17.39,31.2,0.990,1,1,31.0,0.15,50.23,30.1,0
1779285651200,1536,UAS-01,701.0,18.97,22.18,3.20,17.38,30.1,0.989,1,1,31.1,0.05,49.94,30.2,0
1779285651233,1537,UAS-02,514.9,18.69,22.01,3.31,17.15,31.1,0.990,1,1,31.0,0.09,50.04,30.0,0
1779285651267,1538,GND-VEH-01,827.3,19.07,21.93,2.85,15.76,33.2,0.985,1,1,31.0,0.14,50.66,30.1,0
1779285651300,1539,PERSON-01,437.9,19.06,22.47,3.41,18.19,30.6,0.990,1,1,32.5,0.08,50.04,30.1,0
1779285651333,1540,UAS-01,495.4,18.96,22.52,3.56,17.21,32.4,0.990,1,1,31.4,0.16,50.52,30.0,0
1779285651367,1541,UAS-02,473.1,19.10,22.14,3.04,17.47,31.4,0.990,1,1,31.0,0.07,49.96,30.0,0
1779285651400,1542,GND-VEH-01,638.7,18.95,21.91,2.96,16.54,32.8,0.969,1,1,31.0,0.33,50.17,29.9,0
1779285651433,1543,PERSON-01,320.2,18.95,21.92,2.97,16.45,33.3,0.982,1,1,31.0,0.19,50.16,30.1,0
1779285651467,1544,UAS-01,899.3,18.84,21.74,2.89,16.55,31.9,0.990,1,1,31.0,0.00,50.20,30.1,0
1779285651500,1545,UAS-02,600.4,18.93,22.03,3.10,16.99,33.4,0.975,1,1,31.0,0.41,50.50,29.9,0
1779285651533,1546,GND-VEH-01,743.3,18.86,22.20,3.34,16.43,32.6,0.990,1,1,32.7,0.34,50.30,30.0,0
1779285651567,1547,PERSON-01,507.9,18.98,22.11,3.14,17.05,33.0,0.989,1,1,31.0,0.46,50.45,30.0,0
1779285651600,1548,UAS-01,303.5,18.99,22.51,3.53,17.39,32.2,0.990,1,1,31.0,0.45,50.15,29.8,0
1779285651633,1549,UAS-02,445.1,19.18,22.47,3.30,16.54,34.2,0.972,1,1,33.2,0.42,50.60,29.9,0
1779285651667,1550,GND-VEH-01,973.7,19.28,22.18,2.91,16.83,32.9,0.990,1,1,33.2,0.14,50.18,29.8,0
1779285651700,1551,PERSON-01,439.7,19.03,22.27,3.24,17.32,32.2,0.990,1,1,31.3,0.04,50.48,30.1,0
1779285651733,1552,UAS-01,881.6,19.06,21.89,2.83,16.57,32.4,0.990,1,1,31.9,0.11,50.41,30.0,0
1779285651767,1553,UAS-02,377.6,18.98,22.17,3.19,17.31,31.6,0.979,1,1,33.1,0.01,50.12,29.9,0
1779285651800,1554,GND-VEH-01,412.5,18.82,22.30,3.48,17.71,32.3,0.990,1,1,31.0,0.41,50.16,30.1,0
1779285651833,1555,PERSON-01,413.9,19.19,22.50,3.31,16.99,31.7,0.990,1,1,31.1,0.46,50.60,29.9,0
1779285651867,1556,UAS-01,862.7,18.97,22.06,3.10,17.20,31.3,0.990,1,1,31.7,0.39,50.78,29.8,0
1779285651900,1557,UAS-02,465.6,18.78,21.83,3.05,17.51,31.0,0.987,1,1,31.5,0.38,50.62,30.2,0
1779285651933,1558,GND-VEH-01,680.6,19.20,22.26,3.07,17.07,32.1,0.990,1,1,31.0,0.01,50.27,29.8,0
1779285651967,1559,PERSON-01,363.6,18.98,22.10,3.12,16.82,33.2,0.990,1,1,31.8,0.16,50.36,30.0,0
1779285652000,1560,UAS-01,511.6,18.89,21.92,3.04,16.54,34.1,0.990,1,1,31.9,0.03,50.90,29.9,0
1779285652033,1561,UAS-02,781.7,19.05,22.13,3.08,16.30,34.1,0.990,1,1,31.0,0.15,50.63,30.0,0
1779285652067,1562,GND-VEH-01,462.5,19.20,22.29,3.09,17.00,33.3,0.990,1,1,32.7,0.40,50.80,30.1,0
1779285652100,1563,PERSON-01,471.3,18.94,22.24,3.30,16.64,32.9,0.990,1,1,32.5,0.36,50.44,30.1,0
1779285652133,1564,UAS-01,709.5,19.05,22.28,3.22,17.95,31.9,0.990,1,1,32.1,0.14,50.34,30.1,0
1779285652167,1565,UAS-02,599.0,19.31,22.51,3.20,16.85,32.4,0.990,1,1,31.0,0.28,50.39,30.0,0
1779285652200,1566,GND-VEH-01,318.6,18.78,21.92,3.14,17.77,33.5,0.981,1,1,32.9,0.15,50.48,29.9,0
1779285652233,1567,PERSON-01,753.3,18.97,22.18,3.21,17.47,33.3,0.990,1,1,31.6,0.04,51.02,30.1,0
1779285652267,1568,UAS-01,407.9,18.82,21.97,3.16,16.52,33.8,0.990,1,1,31.0,0.29,50.86,30.0,0
1779285652300,1569,UAS-02,811.3,18.99,22.07,3.08,17.20,31.6,0.989,1,1,32.9,0.30,50.22,30.1,0
1779285652333,1570,GND-VEH-01,563.9,18.86,22.03,3.17,17.23,32.5,0.986,1,1,31.0,0.16,50.64,29.8,0
1779285652367,1571,PERSON-01,323.0,18.93,21.95,3.02,16.65,33.1,0.990,1,1,34.2,0.03,50.68,30.0,0
1779285652400,1572,UAS-01,580.0,18.89,22.22,3.34,16.84,33.3,0.990,1,1,31.0,0.07,50.46,30.0,0
1779285652433,1573,UAS-02,496.7,18.94,22.11,3.17,17.48,33.8,0.981,1,1,31.0,0.05,50.86,30.1,0
1779285652467,1574,GND-VEH-01,300.6,18.89,22.23,3.33,17.55,32.8,0.990,1,1,31.0,0.24,50.80,30.0,0
1779285652500,1575,PERSON-01,526.2,19.28,22.05,2.77,15.85,34.5,0.984,1,1,31.0,0.07,50.59,30.0,0
1779285652533,1576,UAS-01,559.0,18.72,21.93,3.21,17.04,33.0,0.974,1,1,31.0,0.11,50.59,29.9,0
1779285652567,1577,UAS-02,522.2,19.32,22.58,3.26,17.32,34.9,0.990,1,1,31.3,0.08,50.62,30.0,0
1779285652600,1578,GND-VEH-01,455.7,18.84,22.18,3.34,16.69,34.1,0.990,1,1,31.0,0.24,50.94,30.0,0
1779285652633,1579,PERSON-01,830.6,19.03,21.65,2.62,15.29,33.9,0.990,1,1,31.0,0.01,50.86,29.9,0
1779285652667,1580,UAS-01,985.0,18.96,21.88,2.93,16.73,31.9,0.990,1,1,32.3,0.09,50.56,30.1,0
1779285652700,1581,UAS-02,581.5,19.22,22.14,2.92,16.81,33.4,0.990,1,1,31.0,0.18,51.00,30.0,0
1779285652733,1582,GND-VEH-01,321.8,19.05,22.25,3.20,16.75,33.4,0.981,1,1,31.0,0.35,51.19,30.0,0
1779285652767,1583,PERSON-01,799.0,19.05,22.09,3.03,16.96,33.2,0.990,1,1,31.0,0.35,50.93,30.1,0
1779285652800,1584,UAS-01,351.7,18.92,22.18,3.26,17.45,33.2,0.980,1,1,31.0,0.40,51.08,29.8,0
1779285652833,1585,UAS-02,370.7,19.01,22.23,3.22,17.64,33.8,0.990,1,1,31.0,0.27,50.72,20.2,1
1779285652867,1586,GND-VEH-01,556.6,19.04,22.23,3.19,17.23,32.7,0.990,1,1,33.4,0.03,50.93,30.1,0
1779285652900,1587,PERSON-01,317.4,19.08,22.26,3.18,16.95,34.6,0.990,1,1,34.4,0.11,51.13,29.9,0
1779285652933,1588,UAS-01,353.9,18.76,21.77,3.01,17.21,32.8,0.990,1,1,31.0,0.09,51.28,30.1,0
1779285652967,1589,UAS-02,593.2,19.05,21.92,2.87,16.16,34.6,0.990,1,1,32.9,0.37,50.88,30.0,0
1779285653000,1590,GND-VEH-01,682.5,18.97,22.18,3.22,17.22,35.1,0.990,1,1,32.7,0.03,51.52,30.0,0
1779285653033,1591,PERSON-01,708.0,19.13,21.90,2.77,16.24,33.4,0.973,1,1,31.0,0.05,50.91,29.9,0
1779285653067,1592,UAS-01,533.0,19.09,22.07,2.98,16.52,34.9,0.990,1,1,31.4,0.08,50.89,29.9,0
1779285653100,1593,UAS-02,464.5,19.00,22.23,3.23,16.51,33.7,0.990,1,1,32.8,0.10,51.08,29.9,0
1779285653133,1594,GND-VEH-01,445.2,19.10,22.13,3.03,16.33,32.7,0.990,1,1,33.0,0.22,51.23,29.9,0
1779285653167,1595,PERSON-01,413.8,19.25,22.63,3.39,17.65,33.5,0.990,1,1,31.0,0.28,51.03,30.0,0
1779285653200,1596,UAS-01,400.8,19.04,22.06,3.02,16.56,35.1,0.990,1,1,31.0,0.08,51.48,30.0,0
1779285653233,1597,UAS-02,418.9,18.96,21.92,2.96,16.92,34.8,0.990,1,1,31.0,0.36,51.04,30.1,0
1779285653267,1598,GND-VEH-01,614.9,19.20,22.40,3.20,16.95,33.0,0.988,1,1,31.0,0.09,50.84,30.1,0
1779285653300,1599,PERSON-01,735.5,18.88,21.68,2.80,16.19,33.1,0.977,1,1,31.0,0.13,50.85,30.1,0
1779285653333,1600,UAS-01,589.1,18.87,22.07,3.20,16.98,33.5,0.990,1,1,33.0,0.27,50.84,29.9,0
1779285653367,1601,UAS-02,660.0,19.18,22.20,3.02,16.75,34.2,0.982,1,1,31.0,0.16,51.47,30.0,0
1779285653400,1602,GND-VEH-01,414.7,18.87,21.96,3.09,16.92,33.6,0.990,1,1,31.0,0.04,50.76,30.1,0
1779285653433,1603,PERSON-01,512.5,19.13,22.18,3.05,16.89,32.9,0.963,1,1,32.8,0.08,50.73,30.0,0
1779285653467,1604,UAS-01,391.2,18.91,21.92,3.02,16.69,34.3,0.990,1,1,31.0,0.09,51.16,29.9,0
1779285653500,1605,UAS-02,359.5,19.00,22.34,3.34,17.00,35.1,0.985,1,1,31.0,0.05,51.45,29.9,0
1779285653533,1606,GND-VEH-01,441.9,18.88,22.14,3.27,16.92,35.0,0.990,1,1,32.7,0.12,51.46,30.1,0
1779285653567,1607,PERSON-01,341.7,18.84,22.16,3.32,17.11,32.4,0.990,1,1,31.0,0.28,51.03,30.0,0
1779285653600,1608,UAS-01,404.8,18.92,22.21,3.29,16.73,34.2,0.990,1,1,31.0,0.08,51.42,30.1,0
1779285653633,1609,UAS-02,322.2,18.95,22.09,3.14,17.01,32.6,0.990,1,1,31.0,0.12,51.00,30.0,0
1779285653667,1610,GND-VEH-01,579.6,18.99,21.93,2.94,16.09,35.4,0.986,1,1,32.0,0.21,51.72,29.9,0
1779285653700,1611,PERSON-01,651.7,18.75,21.94,3.20,16.26,33.4,0.990,1,1,31.0,0.26,51.30,30.0,0
1779285653733,1612,UAS-01,409.6,19.00,21.83,2.82,15.92,33.9,0.990,1,1,31.0,0.67,51.57,30.1,0
1779285653767,1613,UAS-02,640.9,18.88,21.93,3.05,16.46,33.5,0.979,1,1,31.4,0.33,51.31,30.0,0
1779285653800,1614,GND-VEH-01,809.5,18.95,21.95,3.00,16.47,34.9,0.978,1,1,31.0,0.30,51.36,29.9,0
1779285653833,1615,PERSON-01,728.8,19.01,22.05,3.04,16.34,33.6,0.990,1,1,31.6,0.11,51.12,30.0,0
1779285653867,1616,UAS-01,491.8,19.17,22.44,3.27,17.27,34.7,0.990,1,1,31.0,0.13,51.58,30.1,0
1779285653900,1617,UAS-02,411.9,18.79,22.25,3.46,17.17,33.1,0.990,1,1,31.0,0.31,51.40,29.7,0
1779285653933,1618,GND-VEH-01,948.0,18.87,22.17,3.30,16.93,34.2,0.990,1,1,31.0,0.37,51.51,30.0,0
1779285653967,1619,PERSON-01,441.9,18.71,22.01,3.30,17.23,33.7,0.990,1,1,32.9,0.24,51.42,30.0,0
1779285654000,1620,UAS-01,525.8,18.83,21.61,2.78,16.25,33.2,0.990,1,1,31.3,0.15,51.24,29.9,0
1779285654033,1621,UAS-02,491.0,18.93,21.89,2.97,17.07,33.8,0.990,1,1,31.0,0.22,51.38,30.0,0
1779285654067,1622,GND-VEH-01,410.5,19.18,21.99,2.81,16.04,34.6,0.990,1,1,31.0,0.55,51.37,30.0,0
1779285654100,1623,PERSON-01,306.7,18.83,22.05,3.22,16.80,34.9,0.990,1,1,31.8,0.14,51.50,29.9,0
1779285654133,1624,UAS-01,354.7,19.29,22.47,3.18,17.30,35.0,0.988,1,1,31.0,0.19,51.69,29.9,0
1779285654167,1625,UAS-02,659.0,19.10,22.20,3.09,16.71,35.8,0.976,1,1,31.0,0.19,51.81,30.1,0
1779285654200,1626,GND-VEH-01,471.9,18.94,22.10,3.15,17.31,34.4,0.976,1,1,34.9,0.20,51.50,30.0,0
1779285654233,1627,PERSON-01,396.7,19.01,22.38,3.36,16.84,35.4,0.989,1,1,31.0,0.00,51.52,30.0,0
1779285654267,1628,UAS-01,486.0,19.09,22.39,3.30,16.96,33.5,0.990,1,1,35.8,0.35,51.24,30.1,0
1779285654300,1629,UAS-02,396.3,18.80,21.97,3.18,16.48,36.1,0.990,1,1,31.0,0.15,51.31,30.0,0
1779285654333,1630,GND-VEH-01,710.0,19.08,21.84,2.76,16.39,33.3,0.990,1,1,34.5,0.00,51.53,29.9,0
1779285654367,1631,PERSON-01,502.2,18.74,21.86,3.12,17.05,34.4,0.990,1,1,31.0,0.04,51.24,29.9,0
1779285654400,1632,UAS-01,363.7,18.92,22.10,3.19,16.31,34.9,0.972,1,1,31.0,0.08,51.64,30.1,0
1779285654433,1633,UAS-02,766.3,19.28,22.45,3.17,17.32,33.8,0.990,1,1,31.4,0.10,51.63,30.1,0
1779285654467,1634,GND-VEH-01,363.8,18.75,21.96,3.20,17.18,33.0,0.990,1,1,33.9,0.20,51.44,30.1,0
1779285654500,1635,PERSON-01,370.5,19.08,22.54,3.46,17.29,33.5,0.977,1,1,32.4,0.15,51.59,30.2,0
1779285654533,1636,UAS-01,474.5,19.19,22.38,3.19,17.02,33.1,0.986,1,1,31.0,0.01,51.42,30.0,0
1779285654567,1637,UAS-02,537.0,18.86,21.78,2.92,16.16,35.2,0.990,1,1,31.0,0.11,51.73,30.0,0
1779285654600,1638,GND-VEH-01,374.2,18.95,22.26,3.31,16.61,36.4,0.985,1,1,31.0,0.02,51.71,29.9,0
1779285654633,1639,PERSON-01,700.6,18.87,22.02,3.14,16.72,34.5,0.990,1,1,31.9,0.30,51.53,30.0,0
1779285654667,1640,UAS-01,707.2,18.82,21.75,2.93,16.26,34.1,0.990,1,1,31.0,0.03,51.81,30.0,0
1779285654700,1641,UAS-02,339.2,19.02,22.41,3.39,17.25,33.9,0.990,1,1,31.5,0.22,51.36,30.2,0
1779285654733,1642,GND-VEH-01,573.6,19.22,22.46,3.24,17.85,33.6,0.990,1,1,31.0,0.34,51.85,29.9,0
1779285654767,1643,PERSON-01,387.1,18.63,21.76,3.13,17.00,35.2,0.990,1,1,31.0,0.18,52.08,30.0,0
1779285654800,1644,UAS-01,471.8,18.85,22.08,3.23,16.10,34.8,0.990,1,1,31.0,0.29,52.16,29.8,0
1779285654833,1645,UAS-02,616.3,19.06,22.26,3.20,17.26,33.8,0.990,1,1,33.1,0.19,51.70,30.0,0
1779285654867,1646,GND-VEH-01,578.3,19.02,21.99,2.97,16.39,36.2,0.990,1,1,32.9,0.09,51.94,30.0,0
1779285654900,1647,PERSON-01,789.1,19.04,21.72,2.68,14.99,35.4,0.990,1,1,32.0,0.03,51.77,30.0,0
1779285654933,1648,UAS-01,574.3,19.12,22.33,3.21,15.87,33.8,0.990,1,1,34.1,0.41,51.85,30.0,0
1779285654967,1649,UAS-02,741.3,19.07,22.12,3.05,16.42,34.8,0.990,1,1,31.7,0.54,51.93,30.2,0
1779285655000,1650,GND-VEH-01,642.7,19.02,22.04,3.02,16.51,35.1,0.961,1,1,31.5,0.06,52.16,30.1,0
1779285655033,1651,PERSON-01,428.6,19.02,22.17,3.15,16.70,34.5,0.990,1,1,31.0,0.04,52.02,29.9,0
1779285655067,1652,UAS-01,411.7,18.86,21.95,3.09,17.27,34.5,0.990,1,1,33.0,0.10,51.76,30.2,0
1779285655100,1653,UAS-02,353.0,18.70,21.73,3.03,16.61,36.3,0.990,1,1,31.2,0.12,52.17,30.0,0
1779285655133,1654,GND-VEH-01,597.4,18.84,22.01,3.17,16.23,34.9,0.990,1,1,31.4,0.52,51.97,30.0,0
1779285655167,1655,PERSON-01,359.1,18.84,22.25,3.41,17.34,36.7,0.990,1,1,31.0,0.51,52.00,30.1,0
1779285655200,1656,UAS-01,410.5,18.89,22.03,3.14,16.73,34.7,0.984,1,1,31.0,0.17,52.05,30.0,0
1779285655233,1657,UAS-02,456.3,19.12,22.27,3.15,17.15,35.5,0.982,1,1,31.0,0.40,52.27,29.9,0
1779285655267,1658,GND-VEH-01,462.6,19.07,21.99,2.92,15.91,36.3,0.970,1,1,31.0,0.09,52.23,30.0,0
1779285655300,1659,PERSON-01,483.7,19.03,22.09,3.06,16.78,36.5,0.985,1,1,32.2,0.24,52.02,29.9,0
1779285655333,1660,UAS-01,645.5,18.80,21.64,2.84,16.16,33.5,0.990,1,1,31.0,0.12,52.09,29.9,0
1779285655367,1661,UAS-02,363.5,18.91,22.26,3.36,16.95,35.1,0.990,1,1,31.1,0.20,52.10,30.0,0
1779285655400,1662,GND-VEH-01,556.4,19.04,22.09,3.05,16.51,35.2,0.990,1,1,31.6,0.32,52.16,30.0,0
1779285655433,1663,PERSON-01,372.2,19.14,22.63,3.49,17.49,35.5,0.989,1,1,31.0,0.49,51.98,30.0,0
1779285655467,1664,UAS-01,313.6,19.06,22.25,3.19,16.47,35.3,0.990,1,1,31.4,0.39,51.73,30.2,0
1779285655500,1665,UAS-02,350.3,19.06,21.99,2.93,16.27,34.4,0.990,1,1,32.2,0.05,51.87,29.9,0
1779285655533,1666,GND-VEH-01,610.7,18.83,21.81,2.98,15.66,37.7,0.988,1,1,34.2,0.56,52.16,30.0,0
1779285655567,1667,PERSON-01,384.8,18.65,21.99,3.34,17.23,36.8,0.990,1,1,31.0,0.15,52.03,30.1,0
1779285655600,1668,UAS-01,473.4,18.98,22.23,3.25,16.45,34.5,0.990,1,1,34.2,0.59,52.35,30.0,0
1779285655633,1669,UAS-02,342.2,18.90,22.02,3.12,17.18,33.7,0.988,1,1,31.0,0.33,51.67,30.0,0
1779285655667,1670,GND-VEH-01,492.3,18.97,22.07,3.10,15.78,35.3,0.990,1,1,32.4,0.22,52.03,30.0,0
1779285655700,1671,PERSON-01,539.1,18.92,21.70,2.78,15.31,37.6,0.990,1,1,33.4,0.20,52.73,30.0,0
1779285655733,1672,UAS-01,484.8,19.02,22.33,3.32,16.86,35.7,0.990,1,1,31.5,0.52,52.40,30.1,0
1779285655767,1673,UAS-02,331.7,19.14,22.60,3.46,16.92,35.9,0.990,1,1,32.1,0.16,52.14,30.1,0
1779285655800,1674,GND-VEH-01,400.2,18.95,22.37,3.43,16.91,35.4,0.990,1,1,33.1,0.30,52.32,29.9,0
1779285655833,1675,PERSON-01,788.9,18.85,21.87,3.01,16.94,34.5,0.990,1,1,34.2,0.09,51.86,30.0,0
1779285655867,1676,UAS-01,427.6,19.07,22.05,2.98,16.29,33.6,0.990,1,1,34.7,0.05,52.06,30.0,0
1779285655900,1677,UAS-02,680.7,19.16,22.14,2.97,16.06,34.4,0.990,1,1,31.4,0.08,52.11,30.0,0
1779285655933,1678,GND-VEH-01,547.1,18.94,22.26,3.33,16.91,36.2,0.990,1,1,31.0,0.04,52.00,29.9,0
1779285655967,1679,PERSON-01,360.1,18.91,22.27,3.37,16.49,37.0,0.990,1,1,32.2,0.01,52.53,29.9,0
1779285656000,1680,UAS-01,1089.1,19.05,22.07,3.03,16.20,36.2,0.990,1,1,32.6,0.18,52.38,30.1,0
1779285656033,1681,UAS-02,599.8,19.23,22.21,2.98,16.28,36.5,0.990,1,1,33.6,0.10,51.82,30.0,0
1779285656067,1682,GND-VEH-01,406.8,19.24,22.42,3.18,16.74,35.4,0.966,1,1,31.0,0.49,52.35,30.0,0
1779285656100,1683,PERSON-01,613.5,19.11,22.14,3.02,16.69,34.1,0.974,1,1,31.0,0.47,52.37,30.0,0
1779285656133,1684,UAS-01,565.0,19.26,22.63,3.37,17.31,35.8,0.977,1,1,31.0,0.28,52.29,29.9,0
1779285656167,1685,UAS-02,391.2,18.89,22.09,3.20,15.90,36.3,0.980,1,1,32.3,0.05,52.25,29.9,0
1779285656200,1686,GND-VEH-01,567.0,19.22,22.10,2.88,15.73,35.9,0.990,1,1,32.5,0.13,52.27,30.1,0
1779285656233,1687,PERSON-01,303.5,18.92,22.34,3.42,17.07,36.1,0.990,1,1,34.5,0.34,52.14,30.2,0
1779285656267,1688,UAS-01,546.7,19.01,22.13,3.12,16.91,34.6,0.982,1,1,31.0,0.25,52.66,30.0,0
1779285656300,1689,UAS-02,310.1,18.88,22.18,3.30,17.22,35.6,0.987,1,1,31.6,0.36,52.07,30.0,0
1779285656333,1690,GND-VEH-01,341.3,19.04,22.46,3.43,17.44,33.9,0.984,1,1,32.6,0.20,52.43,30.0,0
1779285656367,1691,PERSON-01,559.6,19.11,22.38,3.27,16.41,35.2,0.990,1,1,31.1,0.16,52.07,30.0,0
1779285656400,1692,UAS-01,977.3,19.32,22.26,2.94,15.61,37.7,0.981,1,1,31.0,0.38,52.22,30.0,0
1779285656433,1693,UAS-02,550.8,19.03,22.35,3.32,16.92,34.7,0.982,1,1,31.4,0.13,52.25,30.0,0
1779285656467,1694,GND-VEH-01,340.7,18.83,22.17,3.34,16.93,36.1,0.990,1,1,31.0,0.07,52.06,29.9,0
1779285656500,1695,PERSON-01,689.2,19.11,22.21,3.10,16.08,35.3,0.985,1,1,32.7,0.03,52.52,29.9,0
1779285656533,1696,UAS-01,377.8,19.14,22.27,3.13,16.34,36.7,0.990,1,1,31.9,0.13,52.48,30.1,0
1779285656567,1697,UAS-02,662.3,19.11,22.23,3.12,16.35,35.7,0.990,1,1,32.6,0.41,52.50,30.0,0
1779285656600,1698,GND-VEH-01,622.5,18.85,22.11,3.25,16.85,36.2,0.974,1,1,31.0,0.09,52.56,30.1,0
1779285656633,1699,PERSON-01,365.7,18.80,22.05,3.24,16.28,38.4,0.990,1,1,31.8,0.23,52.84,29.9,0
1779285656667,1700,UAS-01,550.8,19.04,22.33,3.28,16.71,35.7,0.990,1,1,31.9,0.15,52.26,29.9,0
1779285656700,1701,UAS-02,326.4,19.00,22.52,3.52,17.16,34.7,0.990,1,1,31.0,0.01,52.63,30.2,0
1779285656733,1702,GND-VEH-01,384.5,19.06,22.24,3.18,16.06,38.1,0.990,1,1,31.0,0.54,52.62,30.0,0
1779285656767,1703,PERSON-01,334.5,19.13,22.61,3.47,16.38,37.4,0.990,1,1,31.0,0.35,52.65,30.1,0
1779285656800,1704,UAS-01,718.9,18.94,22.10,3.16,16.35,35.5,0.990,1,1,31.1,0.20,52.76,30.2,0
1779285656833,1705,UAS-02,735.5,19.07,22.08,3.01,16.25,36.0,0.979,1,1,31.0,0.45,52.70,30.2,0
1779285656867,1706,GND-VEH-01,322.6,19.09,22.46,3.37,16.42,35.6,0.989,1,1,31.0,0.11,52.80,30.0,0
1779285656900,1707,PERSON-01,476.5,19.04,21.95,2.91,16.39,37.1,0.990,1,1,31.0,0.17,52.80,30.0,0
1779285656933,1708,UAS-01,340.0,19.04,22.45,3.41,16.54,36.8,0.990,1,1,31.0,0.52,52.50,30.0,0
1779285656967,1709,UAS-02,495.1,18.78,21.88,3.10,16.56,36.8,0.986,1,1,32.8,0.52,52.50,29.9,0
1779285657000,1710,GND-VEH-01,313.6,19.19,22.68,3.49,17.40,36.8,0.976,1,1,33.5,0.18,52.54,30.0,0
1779285657033,1711,PERSON-01,900.2,18.80,21.98,3.18,16.94,35.0,0.990,1,1,31.0,0.11,52.83,30.1,0
1779285657067,1712,UAS-01,482.8,19.12,21.91,2.79,16.18,36.3,0.987,1,1,32.5,0.23,52.51,30.1,0
1779285657100,1713,UAS-02,505.5,19.14,22.45,3.31,16.55,36.2,0.990,1,1,31.0,0.09,52.62,30.0,0
1779285657133,1714,GND-VEH-01,641.0,19.15,22.49,3.34,16.79,36.7,0.990,1,1,32.1,0.45,52.51,30.2,0
1779285657167,1715,PERSON-01,427.3,19.15,22.53,3.38,17.02,35.8,0.990,1,1,33.1,0.00,53.30,30.0,0
1779285657200,1716,UAS-01,548.5,19.04,22.21,3.17,16.69,37.4,0.990,1,1,31.9,0.04,53.02,29.9,0
1779285657233,1717,UAS-02,529.8,18.88,22.10,3.22,16.63,35.3,0.990,1,1,33.8,0.22,52.87,29.9,0
1779285657267,1718,GND-VEH-01,406.7,19.01,21.94,2.93,16.11,36.0,0.990,1,1,31.5,0.10,52.74,30.1,0
1779285657300,1719,PERSON-01,564.7,18.95,22.48,3.53,16.81,35.8,0.990,1,1,31.0,0.27,52.88,29.9,0
1779285657333,1720,UAS-01,470.3,18.92,22.01,3.10,16.10,37.0,0.988,1,1,31.0,0.14,53.29,29.9,0
1779285657367,1721,UAS-02,364.1,19.20,22.21,3.01,16.88,37.3,0.980,1,1,31.6,0.43,53.03,30.0,0
1779285657400,1722,GND-VEH-01,492.0,18.80,22.01,3.21,16.45,37.4,0.972,1,1,34.9,0.20,52.82,29.9,0
1779285657433,1723,PERSON-01,351.7,18.86,22.07,3.21,16.60,34.9,0.990,1,1,31.0,0.29,52.64,30.0,0
1779285657467,1724,UAS-01,325.7,19.07,22.28,3.21,16.70,36.7,0.990,1,1,31.0,0.42,52.68,30.1,0
1779285657500,1725,UAS-02,328.8,18.80,22.07,3.26,16.56,36.2,0.990,1,1,31.0,0.09,52.84,30.2,0
1779285657533,1726,GND-VEH-01,1036.9,18.96,21.80,2.84,15.51,38.0,0.987,1,1,33.8,0.29,53.02,29.9,0
1779285657567,1727,PERSON-01,409.3,18.99,22.02,3.03,15.75,36.5,0.988,1,1,31.0,0.06,53.02,30.0,0
1779285657600,1728,UAS-01,395.5,18.97,21.99,3.02,16.75,37.6,0.981,1,1,31.0,0.02,53.40,30.1,0
1779285657633,1729,UAS-02,962.5,19.07,21.92,2.85,16.40,35.7,0.990,1,1,33.2,0.00,53.05,29.9,0
1779285657667,1730,GND-VEH-01,653.3,19.25,22.43,3.18,16.79,36.6,0.990,1,1,31.6,0.02,52.88,30.2,0
1779285657700,1731,PERSON-01,350.7,19.11,22.41,3.30,16.47,35.9,0.990,1,1,31.0,0.49,52.71,30.0,0
1779285657733,1732,UAS-01,300.7,18.92,22.41,3.49,16.88,38.0,0.988,1,1,32.7,0.09,53.02,30.0,0
1779285657767,1733,UAS-02,339.2,18.91,22.06,3.15,16.74,36.1,0.990,1,1,31.0,0.06,53.01,30.1,0
1779285657800,1734,GND-VEH-01,648.9,19.14,22.34,3.19,15.95,35.9,0.990,1,1,31.0,0.08,52.94,30.1,0
1779285657833,1735,PERSON-01,709.7,18.97,22.06,3.09,16.01,35.8,0.990,1,1,32.5,0.08,53.03,30.0,0
1779285657867,1736,UAS-01,646.3,19.36,22.39,3.03,15.79,37.3,0.984,1,1,31.2,0.36,52.69,29.8,0
1779285657900,1737,UAS-02,543.4,18.86,22.33,3.47,16.46,36.1,0.990,1,1,31.0,0.03,52.74,29.9,0
1779285657933,1738,GND-VEH-01,386.7,18.89,21.98,3.09,16.25,35.5,0.985,1,1,32.3,0.24,53.21,30.1,0
1779285657967,1739,PERSON-01,490.6,19.11,22.17,3.05,16.29,35.5,0.990,1,1,31.0,0.01,53.11,29.9,0
1779285658000,1740,UAS-01,642.3,19.14,21.97,2.83,16.61,35.9,0.990,1,1,31.0,0.03,53.05,29.9,0
1779285658033,1741,UAS-02,783.8,18.60,21.54,2.94,15.92,36.5,0.984,1,1,31.0,0.19,52.79,30.0,0
1779285658067,1742,GND-VEH-01,319.1,18.68,22.15,3.47,16.67,36.8,0.989,1,1,31.0,0.44,53.13,29.9,0
1779285658100,1743,PERSON-01,658.9,18.71,21.84,3.12,16.42,37.9,0.990,1,1,33.5,0.34,52.91,30.1,0
1779285658133,1744,UAS-01,325.0,18.68,21.70,3.02,16.19,38.2,0.990,1,1,31.5,0.13,53.07,30.0,0
1779285658167,1745,UAS-02,369.0,18.93,21.86,2.93,15.70,36.6,0.990,1,1,31.0,0.28,53.18,29.9,0
1779285658200,1746,GND-VEH-01,564.3,18.88,22.12,3.24,16.51,36.3,0.990,1,1,31.0,0.15,53.27,30.0,0
1779285658233,1747,PERSON-01,314.8,18.77,22.27,3.50,16.55,36.8,0.982,1,1,31.0,0.02,53.37,30.1,0
1779285658267,1748,UAS-01,433.2,19.24,22.22,2.98,16.57,35.1,0.984,1,1,33.3,0.26,53.14,30.0,0
1779285658300,1749,UAS-02,508.8,19.11,22.43,3.32,16.69,35.7,0.990,1,1,32.2,0.04,53.42,30.0,0
1779285658333,1750,GND-VEH-01,374.4,18.91,22.23,3.32,17.17,36.3,0.990,1,1,31.8,0.28,53.18,30.1,0
1779285658367,1751,PERSON-01,428.9,18.99,22.07,3.08,15.99,36.5,0.990,1,1,31.0,0.25,53.35,29.9,0
1779285658400,1752,UAS-01,564.5,19.39,22.74,3.35,15.98,38.0,0.990,1,1,32.3,0.20,53.57,30.1,0
1779285658433,1753,UAS-02,558.1,19.12,22.48,3.37,16.55,37.3,0.990,1,1,31.9,0.09,53.07,30.0,0
1779285658467,1754,GND-VEH-01,407.1,19.25,22.54,3.28,17.14,37.9,0.978,1,1,31.0,0.17,53.46,30.0,0
1779285658500,1755,PERSON-01,389.8,18.83,22.02,3.19,16.09,37.1,0.985,1,1,31.0,0.19,53.05,29.9,0
1779285658533,1756,UAS-01,311.3,19.00,22.12,3.12,16.75,36.3,0.990,1,1,31.0,0.25,53.36,30.1,0
1779285658567,1757,UAS-02,686.2,19.02,22.26,3.24,17.11,37.0,0.990,1,1,31.0,0.43,53.05,29.9,0
1779285658600,1758,GND-VEH-01,310.4,18.96,22.27,3.31,16.61,36.6,0.990,1,1,31.0,0.05,53.22,30.1,0
1779285658633,1759,PERSON-01,552.1,19.14,22.29,3.15,15.92,38.4,0.990,1,1,32.3,0.02,53.58,30.0,0
1779285658667,1760,UAS-01,480.0,18.61,21.72,3.11,15.90,38.6,0.990,1,1,32.5,0.13,53.34,30.1,0
1779285658700,1761,UAS-02,310.1,19.08,22.10,3.03,15.62,37.1,0.990,1,1,31.0,0.56,53.07,29.9,0
1779285658733,1762,GND-VEH-01,466.6,19.11,22.54,3.43,16.63,37.0,0.990,1,1,31.2,0.12,53.84,30.0,0
1779285658767,1763,PERSON-01,536.3,18.96,21.78,2.82,15.74,37.7,0.990,1,1,31.0,0.15,53.48,30.0,0
1779285658800,1764,UAS-01,482.4,19.22,22.44,3.22,16.47,39.0,0.990,1,1,31.0,0.24,53.59,30.0,0
1779285658833,1765,UAS-02,368.8,19.20,22.42,3.22,16.15,37.2,0.990,1,1,31.8,0.43,53.34,30.0,0
1779285658867,1766,GND-VEH-01,699.2,18.93,21.88,2.95,15.96,37.3,0.990,1,1,33.1,0.07,53.11,29.8,0
1779285658900,1767,PERSON-01,619.6,19.11,22.22,3.11,17.23,36.7,0.978,1,1,32.3,0.39,53.65,30.0,0
1779285658933,1768,UAS-01,374.1,19.16,22.47,3.31,16.44,36.7,0.984,1,1,31.0,0.05,53.55,30.0,0
1779285658967,1769,UAS-02,785.4,18.79,21.90,3.12,16.07,37.3,0.988,1,1,31.0,0.24,53.35,29.9,0
1779285659000,1770,GND-VEH-01,515.2,18.85,22.22,3.37,17.34,38.4,0.990,1,1,31.0,0.03,53.48,30.0,0
1779285659033,1771,PERSON-01,351.2,19.07,22.45,3.38,16.74,37.9,0.990,1,1,31.0,0.06,53.27,30.1,0
1779285659067,1772,UAS-01,457.1,18.73,21.81,3.08,16.52,40.0,0.990,1,1,31.0,0.47,53.75,29.9,0
1779285659100,1773,UAS-02,505.6,18.99,22.20,3.21,17.20,36.0,0.990,1,1,31.7,0.46,53.31,29.9,0
1779285659133,1774,GND-VEH-01,581.4,19.05,21.90,2.85,15.15,37.0,0.990,1,1,31.0,0.04,53.19,30.0,0
1779285659167,1775,PERSON-01,317.6,19.06,21.93,2.87,16.06,38.1,0.990,1,1,33.4,0.40,53.64,30.1,0
1779285659200,1776,UAS-01,788.7,18.72,21.78,3.06,16.75,36.1,0.990,1,1,33.0,0.05,53.28,30.0,0
1779285659233,1777,UAS-02,432.0,19.12,22.50,3.39,16.42,38.7,0.990,1,1,31.0,0.44,53.85,30.0,0
1779285659267,1778,GND-VEH-01,708.2,19.16,22.37,3.21,16.74,37.7,0.990,1,1,31.0,0.42,53.89,29.9,0
1779285659300,1779,PERSON-01,317.7,19.08,21.87,2.79,15.21,38.7,0.990,1,1,31.0,0.71,53.75,30.0,0
1779285659333,1780,UAS-01,721.7,18.93,21.80,2.87,15.87,37.9,0.990,1,1,31.0,0.18,53.72,30.1,0
1779285659367,1781,UAS-02,451.4,19.02,22.02,3.00,15.86,39.4,0.990,1,1,31.0,0.26,53.82,30.0,0
1779285659400,1782,GND-VEH-01,396.2,18.98,22.27,3.29,16.17,39.2,0.973,1,1,31.0,0.43,53.61,30.0,0
1779285659433,1783,PERSON-01,609.5,19.15,22.37,3.22,17.10,37.7,0.980,1,1,31.0,0.15,53.57,30.1,0
1779285659467,1784,UAS-01,438.7,19.14,22.36,3.22,16.04,37.5,0.990,1,1,31.0,0.08,53.41,30.0,0
1779285659500,1785,UAS-02,438.3,19.16,22.41,3.25,17.26,37.3,0.990,1,1,32.3,0.15,53.57,30.2,0
1779285659533,1786,GND-VEH-01,482.4,19.07,22.47,3.41,16.65,38.4,0.990,1,1,31.0,0.13,53.86,30.1,0
1779285659567,1787,PERSON-01,502.0,18.88,22.10,3.22,16.30,38.5,0.988,1,1,31.4,0.01,53.75,29.9,0
1779285659600,1788,UAS-01,321.6,19.04,22.24,3.19,16.10,38.8,0.988,1,1,31.0,0.09,53.84,29.9,0
1779285659633,1789,UAS-02,347.6,18.98,22.26,3.29,15.97,38.1,0.990,1,1,31.0,0.07,53.80,30.0,0
1779285659667,1790,GND-VEH-01,441.0,19.09,22.22,3.13,15.52,37.8,0.990,1,1,31.0,0.05,53.80,30.2,0
1779285659700,1791,PERSON-01,635.0,18.95,21.84,2.89,16.02,37.8,0.990,1,1,31.0,0.57,53.75,30.0,0
1779285659733,1792,UAS-01,898.3,19.07,22.24,3.17,16.10,36.6,0.986,1,1,31.0,0.40,53.64,30.1,0
1779285659767,1793,UAS-02,429.9,18.67,21.99,3.32,16.57,38.7,0.990,1,1,31.0,0.05,53.48,30.0,0
1779285659800,1794,GND-VEH-01,442.5,18.90,22.32,3.42,16.78,39.8,0.985,1,1,31.0,0.10,54.10,29.9,0
1779285659833,1795,PERSON-01,495.6,18.89,22.30,3.40,16.68,39.2,0.990,1,1,31.0,0.03,54.12,30.1,0
1779285659867,1796,UAS-01,308.6,19.18,22.53,3.35,16.39,37.7,0.990,1,1,32.0,0.06,53.82,29.9,0
1779285659900,1797,UAS-02,460.9,18.87,21.99,3.13,16.62,38.0,0.990,1,1,32.0,0.43,53.97,29.9,0
1779285659933,1798,GND-VEH-01,630.4,19.05,21.98,2.93,15.74,37.0,0.990,1,1,31.5,0.09,54.11,29.9,0
1779285659967,1799,PERSON-01,790.5,19.10,22.07,2.97,16.48,38.4,0.990,1,1,31.0,0.07,54.31,29.9,0
