timestamp,frame_id,target_id,range_m,ambient_temp_c,target_temp_c,delta_t_c,snr_db,netd_mk,detection_confidence,detected,classified,classification_latency_ms,track_error_m,sensor_temp_c,frame_rate_hz,dropped_frame
1779285600000,0,UAS-01,417.6,18.97,21.96,2.99,18.41,21.6,0.990,1,1,42.3,0.33,28.22,30.1,0
1779285600033,1,UAS-02,387.4,19.01,22.12,3.11,18.42,22.0,0.973,1,1,40.0,0.04,27.85,30.0,0
1779285600067,2,GND-VEH-01,733.6,19.08,22.03,2.95,17.86,23.6,0.990,1,1,40.0,0.14,28.06,30.0,0
1779285600100,3,PERSON-01,747.9,18.84,21.84,3.00,17.43,23.6,0.990,1,1,40.0,0.14,28.35,30.0,0
1779285600133,4,UAS-01,348.6,19.11,22.48,3.36,18.93,21.5,0.987,1,1,41.2,0.00,27.70,30.1,0
1779285600167,5,UAS-02,424.9,18.81,21.69,2.88,17.70,21.5,0.972,1,1,42.0,0.14,28.31,30.0,0
1779285600200,6,GND-VEH-01,498.8,19.13,22.43,3.31,18.31,23.7,0.990,1,1,40.3,0.15,28.25,30.0,0
1779285600233,7,PERSON-01,791.4,18.66,21.58,2.92,17.42,22.8,0.990,1,1,42.5,0.46,27.95,30.1,0
1779285600267,8,UAS-01,420.0,19.09,22.08,2.99,18.06,22.1,0.990,1,1,40.0,0.39,28.07,30.0,0
1779285600300,9,UAS-02,759.8,18.91,22.18,3.27,18.45,23.3,0.990,1,1,177.8,0.23,27.81,29.9,0
1779285600333,10,GND-VEH-01,742.9,18.94,21.90,2.96,17.88,21.0,0.990,1,1,40.0,0.15,27.99,29.9,0
1779285600367,11,PERSON-01,426.4,19.05,22.27,3.21,18.63,21.0,0.990,1,1,40.4,0.13,27.69,30.2,0
1779285600400,12,UAS-01,831.9,18.98,21.90,2.92,17.61,21.7,0.990,1,1,41.1,0.21,27.85,29.9,0
1779285600433,13,UAS-02,539.6,19.33,22.58,3.24,17.34,22.5,0.990,1,1,40.0,0.00,27.89,30.0,0
1779285600467,14,GND-VEH-01,437.4,18.96,21.74,2.79,17.10,21.4,0.990,1,1,41.3,0.20,28.08,29.8,0
1779285600500,15,PERSON-01,495.4,19.04,21.96,2.92,17.98,22.1,0.990,1,1,118.0,0.21,27.74,30.0,0
1779285600533,16,UAS-01,443.2,19.25,22.28,3.03,18.01,20.3,0.990,1,1,163.5,0.21,28.06,30.1,0
1779285600567,17,UAS-02,720.6,19.12,22.57,3.45,19.12,19.9,0.977,1,1,153.6,0.17,28.17,30.0,0
1779285600600,18,GND-VEH-01,465.0,18.86,21.70,2.84,18.22,21.3,0.990,1,1,41.8,0.29,27.99,29.9,0
1779285600633,19,PERSON-01,414.0,18.89,22.11,3.22,18.05,23.0,0.990,1,1,40.0,0.36,28.07,30.0,0
1779285600667,20,UAS-01,502.2,19.03,22.44,3.41,18.78,21.5,0.990,1,1,40.0,0.05,27.94,30.0,0
1779285600700,21,UAS-02,537.0,19.04,22.31,3.26,18.35,21.0,0.990,1,1,40.5,0.27,27.78,29.9,0
1779285600733,22,GND-VEH-01,422.1,18.69,21.56,2.87,17.96,23.2,0.990,1,1,40.0,0.57,28.18,30.0,0
1779285600767,23,PERSON-01,341.4,19.01,22.24,3.23,18.01,23.4,0.990,1,1,182.6,0.02,28.08,30.0,0
1779285600800,24,UAS-01,580.2,18.74,21.68,2.93,18.53,21.9,0.990,1,1,41.2,0.09,27.94,30.0,0
1779285600833,25,UAS-02,805.2,19.21,22.49,3.27,18.49,22.5,0.975,1,1,41.9,0.08,28.52,30.0,0
1779285600867,26,GND-VEH-01,450.2,19.10,22.18,3.08,18.39,21.7,0.990,1,1,40.2,0.18,28.05,29.9,0
1779285600900,27,PERSON-01,353.6,19.15,22.32,3.16,18.49,21.5,0.990,1,1,40.0,0.71,27.81,29.9,0
1779285600933,28,UAS-01,324.7,18.68,22.01,3.33,18.38,22.5,0.990,1,1,40.0,0.07,28.10,29.9,0
1779285600967,29,UAS-02,622.4,19.14,22.10,2.95,18.25,20.8,0.990,1,1,41.6,0.05,28.04,30.0,0
1779285601000,30,GND-VEH-01,595.9,18.91,22.02,3.11,18.50,22.7,0.990,1,1,40.7,0.37,28.25,29.9,0
1779285601033,31,PERSON-01,816.0,18.87,21.86,2.99,18.36,23.5,0.974,1,1,40.0,0.05,28.33,29.9,0
1779285601067,32,UAS-01,515.1,18.73,22.11,3.38,18.44,20.3,0.989,1,1,41.8,0.15,27.83,30.0,0
1779285601100,33,UAS-02,413.5,19.15,22.44,3.28,18.88,21.3,0.990,1,1,40.5,0.64,28.30,30.0,0
1779285601133,34,GND-VEH-01,304.4,18.90,22.29,3.39,18.52,21.9,0.990,1,1,40.0,0.51,28.44,29.8,0
1779285601167,35,PERSON-01,643.5,19.13,22.23,3.11,17.80,21.6,0.990,1,1,40.0,0.10,27.96,30.0,0
1779285601200,36,UAS-01,665.3,18.94,21.97,3.03,17.48,21.9,0.990,1,1,40.0,0.29,27.69,29.9,0
1779285601233,37,UAS-02,446.0,18.92,22.15,3.22,18.50,22.3,0.989,1,1,42.8,0.06,28.11,30.1,0
1779285601267,38,GND-VEH-01,384.2,19.16,22.41,3.25,18.45,22.4,0.990,1,1,40.0,0.15,27.68,30.0,0
1779285601300,39,PERSON-01,356.5,18.87,22.27,3.39,18.23,22.5,0.990,1,1,40.0,0.01,28.32,29.9,0
1779285601333,40,UAS-01,351.8,18.78,21.92,3.14,18.56,20.8,0.990,1,1,40.0,0.02,27.93,30.0,0
1779285601367,41,UAS-02,693.5,18.77,21.87,3.10,17.69,22.7,0.990,1,1,41.4,0.09,28.24,30.0,0
1779285601400,42,GND-VEH-01,631.7,19.12,21.98,2.86,17.59,21.7,0.985,1,1,40.0,0.04,28.52,30.0,0
1779285601433,43,PERSON-01,771.4,18.91,22.02,3.10,17.98,22.8,0.990,1,1,43.3,0.02,27.88,30.0,0
1779285601467,44,UAS-01,487.1,19.12,22.18,3.06,18.26,20.9,0.990,1,1,40.0,0.05,27.87,30.0,0
1779285601500,45,UAS-02,674.7,18.92,21.84,2.92,17.70,22.2,0.961,1,1,40.0,0.00,28.17,29.9,0
1779285601533,46,GND-VEH-01,887.4,18.94,21.99,3.05,18.07,22.1,0.990,1,1,40.0,0.04,28.16,30.0,0
1779285601567,47,PERSON-01,676.9,19.12,22.38,3.26,18.70,21.6,0.973,1,1,40.0,0.43,28.29,30.0,0
1779285601600,48,UAS-01,790.7,18.67,21.55,2.88,18.18,20.8,0.990,1,1,43.5,0.06,28.27,29.9,0
1779285601633,49,UAS-02,567.2,19.16,22.15,2.99,18.03,21.4,0.990,1,1,40.0,0.24,27.95,29.9,0
1779285601667,50,GND-VEH-01,525.1,19.19,22.49,3.30,18.37,20.9,0.984,1,1,40.7,0.16,27.98,30.0,0
1779285601700,51,PERSON-01,762.5,18.77,21.80,3.03,17.18,21.4,0.990,1,1,165.8,0.17,28.17,30.0,0
1779285601733,52,UAS-01,337.3,19.14,22.51,3.36,18.34,23.4,0.984,1,1,40.9,0.22,28.61,30.1,0
1779285601767,53,UAS-02,497.3,18.84,21.59,2.75,17.25,23.1,0.990,1,1,40.0,0.32,28.58,30.2,0
1779285601800,54,GND-VEH-01,678.6,19.13,22.50,3.36,18.67,21.9,0.990,1,1,40.1,0.20,28.41,30.1,0
1779285601833,55,PERSON-01,532.1,19.31,22.43,3.12,17.86,21.9,0.990,1,1,110.1,0.16,28.00,30.0,0
1779285601867,56,UAS-01,562.0,18.99,22.03,3.04,18.41,22.2,0.990,1,1,40.0,0.70,28.04,29.9,0
1779285601900,57,UAS-02,361.2,18.98,22.04,3.06,18.40,23.3,0.990,1,1,100.8,0.06,28.57,30.0,0
1779285601933,58,GND-VEH-01,889.0,18.85,21.86,3.01,17.48,21.0,0.990,1,1,40.0,0.03,28.28,29.9,0
1779285601967,59,PERSON-01,524.0,18.70,21.98,3.28,18.65,21.8,0.990,1,1,40.0,0.20,28.40,30.1,0
1779285602000,60,UAS-01,552.8,19.03,22.04,3.01,17.86,21.6,0.990,1,1,44.4,0.19,28.28,29.9,0
1779285602033,61,UAS-02,543.1,18.97,22.04,3.07,18.18,19.9,0.972,1,1,41.8,0.20,28.31,30.0,0
1779285602067,62,GND-VEH-01,811.4,19.06,22.07,3.01,18.12,21.6,0.990,1,1,40.0,0.22,28.25,30.1,0
1779285602100,63,PERSON-01,380.4,18.81,21.86,3.05,18.09,22.3,0.978,1,1,41.3,0.18,28.31,30.0,0
1779285602133,64,UAS-01,867.9,18.96,22.09,3.13,18.18,21.4,0.971,1,1,40.0,0.10,28.02,29.9,0
1779285602167,65,UAS-02,300.2,18.99,22.14,3.15,18.32,21.8,0.990,1,1,40.6,0.20,28.69,30.0,0
1779285602200,66,GND-VEH-01,759.0,19.15,22.38,3.23,17.70,23.4,0.990,1,1,40.3,0.09,28.47,30.0,0
1779285602233,67,PERSON-01,456.8,19.06,22.01,2.95,18.04,22.1,0.990,1,1,40.6,0.36,28.03,30.1,0
1779285602267,68,UAS-01,568.9,19.19,22.23,3.04,18.37,21.7,0.990,1,1,40.0,0.15,28.44,30.0,0
1779285602300,69,UAS-02,493.8,19.20,22.30,3.11,17.93,22.8,0.986,1,1,40.0,0.16,28.38,30.0,0
1779285602333,70,GND-VEH-01,404.8,19.28,22.19,2.90,17.86,22.0,0.990,1,1,40.9,0.45,28.26,30.0,0
1779285602367,71,PERSON-01,781.9,19.04,22.23,3.19,18.29,21.5,0.990,1,1,40.0,0.01,28.32,30.0,0
1779285602400,72,UAS-01,800.1,18.92,21.68,2.77,17.29,22.2,0.990,1,1,42.3,0.04,28.29,30.1,0
1779285602433,73,UAS-02,759.3,18.90,22.28,3.38,18.56,21.3,0.990,1,1,42.6,0.04,27.85,29.9,0
1779285602467,74,GND-VEH-01,330.3,18.80,21.96,3.16,17.44,22.0,0.990,1,1,40.0,0.10,28.41,30.1,0
1779285602500,75,PERSON-01,318.8,19.24,22.29,3.05,18.13,20.5,0.990,1,1,40.0,0.37,28.06,30.0,0
1779285602533,76,UAS-01,397.4,19.04,22.51,3.47,19.08,22.5,0.990,1,1,40.3,0.16,28.70,30.2,0
1779285602567,77,UAS-02,461.5,18.99,22.16,3.17,17.59,21.2,0.990,1,1,40.0,0.50,27.92,29.9,0
1779285602600,78,GND-VEH-01,620.0,19.06,22.25,3.19,18.39,22.5,0.990,1,1,40.9,0.16,28.32,29.9,0
1779285602633,79,PERSON-01,691.2,19.29,22.19,2.90,18.90,22.1,0.990,1,1,40.0,0.38,28.40,30.0,0
1779285602667,80,UAS-01,581.8,19.12,22.27,3.15,17.87,23.3,0.990,1,1,40.0,0.26,28.01,29.9,0
1779285602700,81,UAS-02,345.5,18.90,22.04,3.15,18.23,20.9,0.985,1,1,40.0,0.29,28.35,30.0,0
1779285602733,82,GND-VEH-01,638.1,19.17,22.47,3.30,17.87,22.8,0.990,1,1,40.0,0.35,28.19,30.1,0
1779285602767,83,PERSON-01,503.8,19.29,22.44,3.15,18.37,22.9,0.990,1,1,40.2,0.16,28.52,29.9,0
1779285602800,84,UAS-01,508.8,19.03,22.29,3.25,18.28,22.4,0.978,1,1,42.9,0.08,28.47,30.0,0
1779285602833,85,UAS-02,303.3,19.19,22.37,3.17,19.04,22.2,0.990,1,1,42.1,0.07,28.09,29.9,0
1779285602867,86,GND-VEH-01,314.8,19.05,22.41,3.36,18.12,22.5,0.972,1,1,131.1,0.63,28.49,30.1,0
1779285602900,87,PERSON-01,341.9,19.06,22.25,3.19,17.41,22.9,0.990,1,1,43.2,0.17,28.33,29.9,0
1779285602933,88,UAS-01,395.5,18.93,22.15,3.22,17.83,23.9,0.970,1,1,42.0,0.31,28.53,30.1,0
1779285602967,89,UAS-02,435.4,18.89,22.09,3.20,18.48,22.1,0.990,1,1,41.3,0.42,28.11,30.1,0
1779285603000,90,GND-VEH-01,461.3,18.95,21.83,2.88,17.78,22.2,0.990,1,1,41.2,0.35,28.62,29.9,0
1779285603033,91,PERSON-01,377.2,19.11,22.43,3.32,18.67,21.3,0.990,1,1,40.0,0.37,28.15,30.0,0
1779285603067,92,UAS-01,333.2,18.98,22.16,3.18,18.60,21.9,0.985,1,1,40.0,0.29,28.27,29.9,0
1779285603100,93,UAS-02,409.1,18.93,22.32,3.39,18.69,22.7,0.990,1,1,40.8,0.34,28.24,29.9,0
1779285603133,94,GND-VEH-01,405.4,18.85,22.15,3.31,19.03,20.0,0.990,1,1,40.0,0.40,27.97,29.9,0
1779285603167,95,PERSON-01,590.7,19.06,22.01,2.95,18.15,21.3,0.984,1,1,41.3,0.26,28.31,30.1,0
1779285603200,96,UAS-01,486.0,19.18,22.43,3.25,18.13,22.1,0.987,1,1,41.1,0.02,28.25,30.1,0
1779285603233,97,UAS-02,306.4,19.18,22.21,3.03,17.91,22.9,0.990,1,1,43.3,0.39,28.05,30.1,0
1779285603267,98,GND-VEH-01,749.2,18.89,22.00,3.11,18.71,21.2,0.990,1,1,40.0,0.18,27.87,30.0,0
1779285603300,99,PERSON-01,384.7,18.98,22.12,3.14,17.65,22.3,0.990,1,1,42.6,0.18,28.00,30.0,0
1779285603333,100,UAS-01,545.0,18.94,21.84,2.89,17.24,23.3,0.990,1,1,40.0,0.33,28.75,20.7,1
1779285603367,101,UAS-02,467.6,19.19,22.30,3.11,18.30,22.3,0.990,1,1,40.4,0.18,28.65,29.9,0
1779285603400,102,GND-VEH-01,580.0,18.86,22.10,3.25,18.81,21.7,0.990,1,1,40.0,0.27,28.53,29.9,0
1779285603433,103,PERSON-01,766.4,19.09,22.07,2.98,17.62,22.3,0.980,1,1,41.9,0.20,28.46,30.1,0
1779285603467,104,UAS-01,431.5,18.77,21.87,3.09,18.93,22.7,0.990,1,1,40.0,0.02,28.30,30.1,0
1779285603500,105,UAS-02,408.7,19.05,22.28,3.23,17.86,23.7,0.985,1,1,40.0,0.16,28.15,30.1,0
1779285603533,106,GND-VEH-01,661.5,18.80,21.83,3.02,17.58,22.8,0.990,1,1,176.3,0.08,28.28,29.8,0
1779285603567,107,PERSON-01,635.7,18.91,22.38,3.47,18.39,23.5,0.990,1,1,43.7,0.18,28.52,30.0,0
1779285603600,108,UAS-01,455.1,19.04,21.89,2.85,17.75,22.8,0.990,1,1,43.9,0.24,28.15,30.1,0
1779285603633,109,UAS-02,311.1,18.88,21.82,2.94,17.60,20.7,0.990,1,1,42.4,0.08,28.54,29.9,0
1779285603667,110,GND-VEH-01,476.9,18.74,21.77,3.02,18.29,22.8,0.990,1,1,40.0,0.18,28.13,30.0,0
1779285603700,111,PERSON-01,563.0,19.08,22.17,3.09,18.21,21.7,0.990,1,1,40.0,0.23,28.41,30.0,0
1779285603733,112,UAS-01,684.7,19.00,22.23,3.23,18.36,22.6,0.990,1,1,168.5,0.48,28.67,30.0,0
1779285603767,113,UAS-02,671.9,18.94,21.77,2.83,17.85,21.5,0.990,1,1,108.2,0.04,28.43,30.1,0
1779285603800,114,GND-VEH-01,375.2,19.10,22.56,3.46,19.77,20.7,0.986,1,1,40.0,0.33,28.47,29.9,0
1779285603833,115,PERSON-01,442.8,18.93,22.11,3.19,18.51,21.0,0.988,1,1,40.0,0.09,28.50,29.9,0
1779285603867,116,UAS-01,300.8,19.14,22.41,3.27,18.30,21.0,0.986,1,1,40.9,0.26,28.35,29.9,0
1779285603900,117,UAS-02,507.6,19.04,22.52,3.48,19.18,20.2,0.990,1,1,173.2,0.30,28.10,29.8,0
1779285603933,118,GND-VEH-01,505.6,18.90,22.31,3.41,18.64,22.0,0.985,1,1,43.5,0.25,28.63,30.1,0
1779285603967,119,PERSON-01,306.2,19.16,22.59,3.43,18.80,22.0,0.990,1,1,42.0,0.08,28.19,29.9,0
1779285604000,120,UAS-01,475.7,18.61,21.79,3.18,18.22,22.5,0.990,1,1,42.2,0.01,28.44,30.1,0
1779285604033,121,UAS-02,375.2,18.88,21.81,2.93,18.07,20.4,0.990,1,1,40.0,0.13,28.47,30.0,0
1779285604067,122,GND-VEH-01,307.2,19.10,22.07,2.98,18.50,22.1,0.990,1,1,42.1,0.07,28.29,30.1,0
1779285604100,123,PERSON-01,423.2,19.22,22.52,3.29,17.88,22.9,0.987,1,1,43.2,0.04,28.05,30.1,0
1779285604133,124,UAS-01,410.2,18.90,22.22,3.31,18.26,21.8,0.989,1,1,40.0,0.24,28.66,30.1,0
1779285604167,125,UAS-02,369.7,18.84,21.99,3.15,17.65,22.1,0.989,1,1,167.7,0.27,28.46,30.2,0
1779285604200,126,GND-VEH-01,733.7,19.26,22.19,2.93,17.29,21.2,0.990,1,1,41.4,0.52,28.69,30.0,0
1779285604233,127,PERSON-01,629.4,18.87,22.21,3.34,18.16,22.2,0.978,1,1,40.0,0.19,28.37,30.1,0
1779285604267,128,UAS-01,512.4,19.05,22.09,3.04,18.02,21.6,0.990,1,1,41.4,0.56,28.94,30.0,0
1779285604300,129,UAS-02,431.6,19.15,22.13,2.98,17.88,20.3,0.990,1,1,40.6,0.23,28.39,30.1,0
1779285604333,130,GND-VEH-01,416.5,18.84,21.88,3.03,18.15,22.8,0.990,1,1,40.0,0.14,28.09,30.0,0
1779285604367,131,PERSON-01,674.7,19.04,21.92,2.88,18.23,21.9,0.987,1,1,40.0,0.03,28.57,30.0,0
1779285604400,132,UAS-01,426.7,19.00,22.21,3.21,17.76,22.3,0.990,1,1,40.0,0.06,28.97,30.1,0
1779285604433,133,UAS-02,801.8,18.87,21.38,2.52,17.33,23.7,0.987,1,1,40.0,0.03,27.98,29.9,0
1779285604467,134,GND-VEH-01,586.8,18.95,22.25,3.30,19.45,21.3,0.990,1,1,40.9,0.35,28.94,30.0,0
1779285604500,135,PERSON-01,674.5,19.19,22.28,3.09,18.88,22.0,0.962,1,1,41.9,0.05,28.56,29.9,0
1779285604533,136,UAS-01,433.2,19.01,22.23,3.22,18.92,20.6,0.980,1,1,40.6,0.45,28.50,30.0,0
1779285604567,137,UAS-02,702.6,19.07,22.07,3.00,17.41,22.4,0.990,1,1,40.0,0.20,28.30,30.0,0
1779285604600,138,GND-VEH-01,702.8,19.12,22.14,3.03,18.39,21.3,0.981,1,1,40.5,0.05,28.25,30.2,0
1779285604633,139,PERSON-01,553.7,18.94,21.72,2.78,18.31,21.5,0.990,1,1,40.0,0.15,28.74,30.1,0
1779285604667,140,UAS-01,418.9,19.11,22.33,3.23,18.57,21.2,0.990,1,1,40.0,0.09,28.81,29.9,0
1779285604700,141,UAS-02,722.7,19.29,22.29,3.01,18.50,22.0,0.990,1,1,41.4,0.23,28.58,30.1,0
1779285604733,142,GND-VEH-01,322.3,18.72,21.82,3.09,18.46,22.9,0.990,1,1,42.3,0.10,28.52,30.0,0
1779285604767,143,PERSON-01,440.6,18.84,21.87,3.03,18.32,22.4,0.985,1,1,40.0,0.50,28.77,30.1,0
1779285604800,144,UAS-01,636.4,18.90,21.99,3.09,18.91,21.8,0.989,1,1,41.2,0.24,28.23,30.0,0
1779285604833,145,UAS-02,878.4,18.85,21.83,2.98,18.13,20.9,0.990,1,1,40.5,0.30,28.54,30.1,0
1779285604867,146,GND-VEH-01,418.9,19.30,22.39,3.09,18.71,21.5,0.990,1,1,40.6,0.29,28.41,30.0,0
1779285604900,147,PERSON-01,744.3,18.89,22.01,3.13,18.40,21.5,0.990,1,1,40.1,0.24,28.85,30.1,0
1779285604933,148,UAS-01,551.1,18.90,22.08,3.17,18.06,21.5,0.982,1,1,41.0,0.22,28.73,29.8,0
1779285604967,149,UAS-02,845.4,19.02,22.08,3.06,18.01,20.6,0.975,1,1,40.6,0.16,28.87,29.9,0
1779285605000,150,GND-VEH-01,366.9,19.09,22.35,3.26,18.93,21.2,0.990,1,1,40.0,0.07,28.76,30.0,0
1779285605033,151,PERSON-01,392.6,19.01,22.34,3.33,17.57,23.0,0.990,1,1,117.3,0.03,28.54,30.0,0
1779285605067,152,UAS-01,423.9,19.10,21.92,2.82,17.94,21.1,0.990,1,1,40.3,0.56,28.76,30.1,0
1779285605100,153,UAS-02,305.4,19.05,22.27,3.21,18.75,22.9,0.990,1,1,41.2,0.07,28.69,29.9,0
1779285605133,154,GND-VEH-01,769.3,18.96,21.96,3.00,17.94,22.3,0.990,1,1,40.3,0.15,28.65,30.0,0
1779285605167,155,PERSON-01,698.8,18.70,21.84,3.14,18.15,21.6,0.990,1,1,40.0,0.00,28.62,29.9,0
1779285605200,156,UAS-01,790.5,19.06,21.85,2.79,17.62,22.4,0.990,1,1,40.0,0.34,29.02,30.0,0
1779285605233,157,UAS-02,556.8,18.92,22.01,3.09,18.31,22.8,0.990,1,1,40.0,0.17,28.51,30.1,0
1779285605267,158,GND-VEH-01,735.0,18.92,22.05,3.14,18.19,21.2,0.983,1,1,173.9,0.06,28.47,29.9,0
1779285605300,159,PERSON-01,469.0,18.93,22.17,3.24,18.00,22.0,0.990,1,1,44.1,0.13,28.78,30.0,0
1779285605333,160,UAS-01,380.5,18.75,21.69,2.95,17.84,21.8,0.990,1,1,40.0,0.29,28.78,30.0,0
1779285605367,161,UAS-02,425.4,19.18,22.25,3.07,18.17,23.0,0.990,1,1,41.3,0.12,28.54,29.9,0
1779285605400,162,GND-VEH-01,334.0,19.15,22.14,3.00,18.33,22.3,0.990,1,1,40.6,0.60,28.66,30.0,0
1779285605433,163,PERSON-01,552.1,18.99,22.22,3.23,18.03,22.6,0.987,1,1,158.7,0.31,28.11,29.9,0
1779285605467,164,UAS-01,507.0,18.88,22.06,3.18,18.53,21.3,0.990,1,1,40.0,0.04,28.06,30.1,0
1779285605500,165,UAS-02,859.9,19.00,22.03,3.03,18.08,22.5,0.990,1,1,40.0,0.21,29.07,30.1,0
1779285605533,166,GND-VEH-01,388.5,19.17,22.44,3.27,18.33,23.2,0.990,1,1,40.1,0.21,28.61,30.1,0
1779285605567,167,PERSON-01,765.2,19.13,21.94,2.81,18.23,20.6,0.986,1,1,40.0,0.05,28.51,30.1,0
1779285605600,168,UAS-01,406.6,18.76,22.30,3.54,19.37,22.3,0.990,1,1,40.0,0.07,28.44,29.9,0
1779285605633,169,UAS-02,301.6,18.90,22.36,3.46,19.06,22.0,0.990,1,1,40.0,0.22,28.95,30.0,0
1779285605667,170,GND-VEH-01,670.4,19.00,22.28,3.28,18.73,21.3,0.990,1,1,40.0,0.13,28.71,30.1,0
1779285605700,171,PERSON-01,493.0,19.08,22.22,3.14,18.29,21.8,0.990,1,1,40.0,0.06,28.76,30.0,0
1779285605733,172,UAS-01,384.0,19.00,22.09,3.09,18.06,21.8,0.990,1,1,41.7,0.17,28.53,29.9,0
1779285605767,173,UAS-02,819.6,18.82,21.68,2.86,17.96,21.8,0.986,1,1,41.0,0.23,28.64,30.1,0
1779285605800,174,GND-VEH-01,526.7,18.79,21.92,3.13,18.64,21.4,0.990,1,1,40.7,0.10,28.26,29.8,0
1779285605833,175,PERSON-01,316.3,19.19,22.40,3.21,18.52,22.6,0.990,1,1,42.0,0.10,28.54,30.0,0
1779285605867,176,UAS-01,318.8,19.00,22.30,3.30,19.11,21.9,0.990,1,1,40.0,0.03,28.45,30.0,0
1779285605900,177,UAS-02,846.0,19.13,21.98,2.85,17.28,21.1,0.990,1,1,40.6,0.07,28.27,29.9,0
1779285605933,178,GND-VEH-01,361.7,19.02,22.35,3.33,18.73,22.4,0.976,1,1,40.0,0.24,28.52,30.0,0
1779285605967,179,PERSON-01,326.6,18.92,22.01,3.09,17.51,23.2,0.990,1,1,40.0,0.28,28.57,29.9,0
1779285606000,180,UAS-01,727.3,18.74,22.08,3.34,17.89,22.0,0.987,1,1,41.3,0.06,28.70,29.9,0
1779285606033,181,UAS-02,595.1,18.77,21.80,3.03,18.13,21.5,0.987,1,1,40.1,0.36,28.24,29.9,0
1779285606067,182,GND-VEH-01,718.9,19.06,22.55,3.50,19.11,22.0,0.990,1,1,40.0,0.12,28.47,30.1,0
1779285606100,183,PERSON-01,335.8,19.15,22.47,3.32,18.13,22.8,0.990,1,1,40.0,0.08,28.83,30.1,0
1779285606133,184,UAS-01,364.7,18.83,22.10,3.27,19.34,20.6,0.990,1,1,40.0,0.21,28.75,29.9,0
1779285606167,185,UAS-02,337.4,19.11,22.58,3.47,19.62,22.0,0.990,1,1,40.0,0.12,28.44,30.1,0
1779285606200,186,GND-VEH-01,498.5,19.25,22.47,3.23,18.39,23.3,0.990,1,1,40.0,0.28,28.53,30.0,0
1779285606233,187,PERSON-01,605.7,18.95,22.05,3.10,17.76,20.7,0.990,1,1,43.9,0.28,28.63,29.9,0
1779285606267,188,UAS-01,478.7,18.64,21.57,2.92,17.59,22.5,0.990,1,1,42.2,0.26,28.15,30.1,0
1779285606300,189,UAS-02,344.1,19.12,22.22,3.10,18.15,20.1,0.990,1,1,40.0,0.10,28.79,29.9,0
1779285606333,190,GND-VEH-01,381.1,19.18,22.39,3.21,18.83,21.3,0.979,1,1,40.7,0.16,29.26,29.9,0
1779285606367,191,PERSON-01,620.4,19.01,22.33,3.32,18.42,21.8,0.990,1,1,40.0,0.31,28.67,30.1,0
1779285606400,192,UAS-01,617.6,19.12,22.24,3.12,18.46,21.1,0.990,1,1,40.0,0.08,28.84,30.0,0
1779285606433,193,UAS-02,372.3,19.17,22.05,2.89,17.43,21.7,0.990,1,1,41.5,0.05,28.51,30.0,0
1779285606467,194,GND-VEH-01,504.4,18.72,21.90,3.19,18.25,21.3,0.990,1,1,40.0,0.33,28.96,30.0,0
1779285606500,195,PERSON-01,569.8,19.30,22.25,2.95,17.79,22.3,0.987,1,1,171.6,0.31,28.86,30.1,0
1779285606533,196,UAS-01,680.3,18.96,21.99,3.03,18.35,22.3,0.984,1,1,41.8,0.13,28.76,30.0,0
1779285606567,197,UAS-02,486.6,18.97,22.03,3.06,18.30,21.7,0.990,1,1,40.0,0.09,28.98,29.8,0
1779285606600,198,GND-VEH-01,567.7,19.19,22.26,3.07,17.82,22.9,0.990,1,1,40.0,0.20,28.55,29.8,0
1779285606633,199,PERSON-01,467.8,19.04,22.08,3.05,18.06,22.7,0.990,1,1,41.6,0.34,28.51,30.0,0
1779285606667,200,UAS-01,515.0,18.94,21.92,2.98,18.45,21.7,0.972,1,1,40.8,0.34,28.28,30.0,0
1779285606700,201,UAS-02,733.3,19.00,21.91,2.90,18.28,21.2,0.988,1,1,42.3,0.18,28.80,30.1,0
1779285606733,202,GND-VEH-01,349.0,18.67,22.13,3.47,17.93,22.7,0.977,1,1,40.2,0.47,28.81,30.0,0
1779285606767,203,PERSON-01,341.0,19.06,22.35,3.29,18.86,20.8,0.984,1,1,42.0,0.20,28.91,30.1,0
1779285606800,204,UAS-01,376.5,18.96,22.17,3.22,18.08,21.3,0.990,1,1,42.9,0.00,29.03,29.9,0
1779285606833,205,UAS-02,547.9,19.21,22.33,3.13,18.76,22.3,0.990,1,1,40.2,0.21,28.73,30.1,0
1779285606867,206,GND-VEH-01,416.4,18.97,22.14,3.17,17.88,22.4,0.990,1,1,40.0,0.32,28.78,30.0,0
1779285606900,207,PERSON-01,480.7,18.90,22.18,3.28,18.44,21.2,0.982,1,1,117.9,0.08,28.55,30.1,0
1779285606933,208,UAS-01,346.4,19.02,22.45,3.42,18.39,22.6,0.979,1,1,41.8,0.37,28.66,30.1,0
1779285606967,209,UAS-02,683.5,18.88,21.73,2.85,17.35,22.7,0.990,1,1,41.0,0.25,28.35,29.9,0
1779285607000,210,GND-VEH-01,457.6,19.02,22.13,3.10,17.60,21.7,0.990,1,1,40.5,0.19,29.17,29.9,0
1779285607033,211,PERSON-01,409.0,18.88,22.16,3.28,18.35,22.9,0.990,1,1,40.0,0.43,29.07,30.1,0
1779285607067,212,UAS-01,509.7,18.87,22.24,3.37,18.74,20.5,0.990,1,1,40.0,0.15,29.21,30.2,0
1779285607100,213,UAS-02,445.4,18.91,22.04,3.13,18.46,21.3,0.990,1,1,40.0,0.10,29.06,30.0,0
1779285607133,214,GND-VEH-01,926.2,18.79,21.82,3.03,18.08,22.0,0.990,1,1,40.8,0.03,28.49,30.1,0
1779285607167,215,PERSON-01,391.8,18.92,22.39,3.47,18.53,21.1,0.988,1,1,40.3,0.05,28.60,30.0,0
1779285607200,216,UAS-01,458.3,19.00,22.24,3.23,18.83,22.5,0.968,1,1,40.0,0.00,29.09,30.1,0
1779285607233,217,UAS-02,587.9,18.79,22.13,3.34,18.47,22.7,0.990,1,1,40.0,0.15,28.66,30.0,0
1779285607267,218,GND-VEH-01,487.3,19.25,22.49,3.24,18.15,23.1,0.990,1,1,40.0,0.11,28.69,30.1,0
1779285607300,219,PERSON-01,651.1,19.07,21.74,2.67,17.47,21.6,0.990,1,1,40.0,0.20,29.03,30.1,0
1779285607333,220,UAS-01,517.4,19.18,22.08,2.90,17.97,22.7,0.972,1,1,40.0,0.00,28.74,30.0,0
1779285607367,221,UAS-02,393.2,19.20,21.93,2.72,17.56,21.7,0.990,1,1,40.0,0.20,28.99,29.9,0
1779285607400,222,GND-VEH-01,502.7,18.74,21.79,3.04,18.19,21.0,0.990,1,1,41.5,0.08,28.85,30.1,0
1779285607433,223,PERSON-01,538.4,19.10,22.35,3.24,18.35,22.7,0.985,1,1,40.0,0.17,29.21,30.0,0
1779285607467,224,UAS-01,806.7,19.07,22.34,3.27,18.52,22.1,0.987,1,1,40.0,0.04,28.96,29.9,0
1779285607500,225,UAS-02,505.4,19.15,22.28,3.13,18.41,20.9,0.990,1,1,40.0,0.05,28.67,30.0,0
1779285607533,226,GND-VEH-01,805.7,18.86,21.81,2.95,17.73,20.8,0.990,1,1,40.0,0.09,28.83,30.0,0
1779285607567,227,PERSON-01,427.8,19.02,22.30,3.29,18.22,22.0,0.990,1,1,40.0,0.00,28.71,29.9,0
1779285607600,228,UAS-01,610.8,19.10,22.06,2.96,17.49,21.6,0.990,1,1,40.0,0.34,28.87,29.9,0
1779285607633,229,UAS-02,614.6,19.12,22.48,3.36,18.12,22.2,0.990,1,1,151.0,0.11,28.99,30.0,0
1779285607667,230,GND-VEH-01,753.8,19.13,22.15,3.03,17.81,22.7,0.990,1,1,42.4,0.01,28.82,30.0,0
1779285607700,231,PERSON-01,533.5,19.19,22.29,3.10,18.80,20.5,0.990,1,1,40.2,0.39,28.87,30.0,0
1779285607733,232,UAS-01,452.6,18.78,22.15,3.37,19.09,22.5,0.990,1,1,40.0,0.14,29.03,30.2,0
1779285607767,233,UAS-02,665.8,18.95,21.77,2.82,17.80,24.1,0.990,1,1,40.0,0.12,29.25,30.0,0
1779285607800,234,GND-VEH-01,462.0,19.18,22.32,3.14,18.44,22.8,0.977,1,1,40.0,0.02,29.02,29.8,0
1779285607833,235,PERSON-01,453.4,19.11,22.00,2.89,17.78,20.9,0.984,1,1,40.6,0.22,29.41,30.1,0
1779285607867,236,UAS-01,874.8,18.81,21.64,2.82,18.65,20.9,0.990,1,1,40.0,0.07,28.98,29.9,0
1779285607900,237,UAS-02,449.0,19.20,22.58,3.37,18.99,21.8,0.990,1,1,40.2,0.08,28.57,30.1,0
1779285607933,238,GND-VEH-01,380.6,18.77,22.17,3.40,18.97,22.0,0.984,1,1,40.0,0.26,28.92,29.8,0
1779285607967,239,PERSON-01,325.4,19.10,22.15,3.05,18.35,21.1,0.990,1,1,40.0,0.31,29.25,30.0,0
1779285608000,240,UAS-01,308.0,18.99,22.07,3.07,18.27,22.8,0.990,1,1,43.4,0.28,28.96,29.9,0
1779285608033,241,UAS-02,676.6,18.98,22.10,3.12,17.99,21.5,0.990,1,1,40.5,0.42,29.13,30.0,0
1779285608067,242,GND-VEH-01,603.8,18.88,22.03,3.14,18.22,22.0,0.990,1,1,43.1,0.00,28.82,30.1,0
1779285608100,243,PERSON-01,652.9,19.31,22.36,3.05,18.14,21.8,0.990,1,1,40.6,0.26,29.08,29.9,0
1779285608133,244,UAS-01,330.9,19.05,22.17,3.13,18.52,21.1,0.990,1,1,42.2,0.19,29.04,29.9,0
1779285608167,245,UAS-02,354.5,19.09,22.18,3.09,18.04,21.9,0.960,1,1,40.0,0.03,28.99,30.1,0
1779285608200,246,GND-VEH-01,579.5,18.88,22.01,3.13,18.35,21.2,0.990,1,1,108.1,0.01,28.83,30.0,0
1779285608233,247,PERSON-01,365.3,18.90,22.01,3.11,17.95,22.4,0.990,1,1,40.0,0.10,28.73,30.0,0
1779285608267,248,UAS-01,322.6,19.04,22.44,3.40,18.06,22.4,0.990,1,1,40.0,0.43,28.93,30.0,0
1779285608300,249,UAS-02,439.4,19.15,22.43,3.29,18.25,23.5,0.984,1,1,40.4,0.11,28.79,29.9,0
1779285608333,250,GND-VEH-01,359.6,19.25,22.47,3.22,18.10,23.4,0.990,1,1,41.5,0.22,29.18,29.8,0
1779285608367,251,PERSON-01,734.8,19.22,22.05,2.83,18.13,24.2,0.990,1,1,40.1,0.18,28.90,30.1,0
1779285608400,252,UAS-01,450.9,19.05,22.15,3.11,18.37,21.7,0.977,1,1,41.1,0.41,29.12,30.0,0
1779285608433,253,UAS-02,682.5,18.88,21.89,3.01,18.14,21.2,0.988,1,1,40.0,0.14,28.91,30.1,0
1779285608467,254,GND-VEH-01,324.2,19.27,22.76,3.49,18.55,22.5,0.990,1,1,40.0,0.24,28.80,30.1,0
1779285608500,255,PERSON-01,336.9,19.16,22.71,3.55,18.39,22.1,0.990,1,1,41.8,0.09,28.66,30.0,0
1779285608533,256,UAS-01,635.2,19.20,22.34,3.14,17.92,21.7,0.990,1,1,41.3,0.24,28.71,30.0,0
1779285608567,257,UAS-02,669.1,19.05,22.30,3.25,18.20,22.7,0.989,1,1,42.9,0.13,28.95,29.9,0
1779285608600,258,GND-VEH-01,436.5,18.90,22.27,3.37,18.70,23.0,0.982,1,1,40.0,0.36,28.61,21.1,1
1779285608633,259,PERSON-01,401.2,18.98,22.26,3.28,17.77,22.8,0.980,1,1,40.0,0.35,29.25,29.8,0
1779285608667,260,UAS-01,646.8,18.88,21.99,3.11,18.14,23.0,0.980,1,1,40.0,0.06,29.18,30.1,0
1779285608700,261,UAS-02,340.2,18.99,22.15,3.16,18.29,21.6,0.990,1,1,42.8,0.23,28.87,30.1,0
1779285608733,262,GND-VEH-01,668.2,19.24,22.44,3.20,18.10,22.1,0.990,1,1,40.0,0.14,29.06,29.9,0
1779285608767,263,PERSON-01,410.9,19.01,22.20,3.19,18.80,21.3,0.990,1,1,40.0,0.00,28.62,30.1,0
1779285608800,264,UAS-01,302.2,18.70,22.00,3.30,18.58,21.6,0.989,1,1,40.0,0.31,29.11,30.0,0
1779285608833,265,UAS-02,301.4,18.88,22.11,3.23,18.48,22.3,0.990,1,1,40.0,0.23,29.21,30.0,0
1779285608867,266,GND-VEH-01,500.7,19.34,22.47,3.13,17.58,21.8,0.990,1,1,40.0,0.29,28.99,29.9,0
1779285608900,267,PERSON-01,588.3,19.18,22.26,3.08,17.87,22.2,0.990,1,1,40.0,0.37,29.23,30.2,0
1779285608933,268,UAS-01,339.0,18.84,21.93,3.09,17.44,23.7,0.990,1,1,40.0,0.20,29.08,29.9,0
1779285608967,269,UAS-02,392.6,18.94,22.15,3.20,18.38,23.0,0.989,1,1,42.9,0.05,28.66,30.1,0
1779285609000,270,GND-VEH-01,622.5,19.20,22.28,3.08,18.23,22.7,0.990,1,1,140.1,0.01,28.88,30.0,0
1779285609033,271,PERSON-01,546.0,19.06,21.99,2.93,17.61,21.4,0.982,1,1,40.7,0.25,29.45,30.1,0
1779285609067,272,UAS-01,377.5,19.00,22.30,3.30,18.97,20.9,0.990,1,1,40.0,0.35,29.05,30.1,0
1779285609100,273,UAS-02,493.3,18.87,22.14,3.27,18.35,22.2,0.990,1,1,40.0,0.41,29.03,30.1,0
1779285609133,274,GND-VEH-01,464.0,19.01,22.14,3.13,17.85,21.0,0.990,1,1,40.0,0.21,29.17,30.0,0
1779285609167,275,PERSON-01,549.6,18.88,22.14,3.26,18.93,21.8,0.990,1,1,40.0,0.13,28.93,29.8,0
1779285609200,276,UAS-01,403.5,19.13,22.29,3.16,19.25,21.3,0.990,1,1,42.1,0.37,29.00,30.1,0
1779285609233,277,UAS-02,310.8,18.91,22.40,3.49,18.87,23.0,0.990,1,1,40.5,0.33,28.77,30.1,0
1779285609267,278,GND-VEH-01,641.5,19.03,21.78,2.75,18.01,22.7,0.990,1,1,42.1,0.79,29.75,29.9,0
1779285609300,279,PERSON-01,753.8,18.68,21.67,2.98,18.30,21.1,0.990,1,1,40.4,0.04,28.92,30.0,0
1779285609333,280,UAS-01,421.4,18.95,22.24,3.29,19.33,19.7,0.976,1,1,41.2,0.03,29.07,29.9,0
1779285609367,281,UAS-02,432.3,18.94,22.06,3.12,17.99,22.4,0.990,1,1,40.0,0.51,29.01,30.0,0
1779285609400,282,GND-VEH-01,494.0,19.04,22.11,3.07,18.65,21.8,0.990,1,1,40.0,0.49,28.79,29.8,0
1779285609433,283,PERSON-01,411.8,18.86,21.90,3.04,18.30,20.9,0.990,1,1,123.2,0.30,29.39,30.0,0
1779285609467,284,UAS-01,551.2,18.91,21.63,2.72,17.57,22.2,0.990,1,1,40.0,0.21,29.37,30.1,0
1779285609500,285,UAS-02,453.9,18.99,22.25,3.26,18.28,22.2,0.990,1,1,44.5,0.39,29.01,29.9,0
1779285609533,286,GND-VEH-01,312.1,19.17,22.03,2.86,17.23,23.5,0.990,1,1,40.4,0.41,28.96,30.1,0
1779285609567,287,PERSON-01,544.4,18.77,22.10,3.33,18.09,20.7,0.990,1,1,40.8,0.27,29.38,29.9,0
1779285609600,288,UAS-01,704.0,18.84,21.77,2.94,17.82,23.3,0.990,1,1,162.7,0.36,29.31,30.1,0
1779285609633,289,UAS-02,425.6,19.19,22.76,3.58,18.81,22.4,0.962,1,1,40.0,0.09,29.10,29.9,0
1779285609667,290,GND-VEH-01,509.9,19.22,22.46,3.23,18.74,20.2,0.990,1,1,40.2,0.12,28.58,29.9,0
1779285609700,291,PERSON-01,568.8,19.20,22.33,3.13,18.90,21.4,0.980,1,1,40.4,0.33,29.01,30.1,0
1779285609733,292,UAS-01,348.3,19.05,22.38,3.33,18.16,21.8,0.970,1,1,40.1,0.24,29.27,30.0,0
1779285609767,293,UAS-02,375.2,18.76,22.02,3.27,18.02,23.1,0.990,1,1,40.6,0.18,29.06,30.1,0
1779285609800,294,GND-VEH-01,310.0,19.03,21.99,2.95,18.64,21.5,0.990,1,1,40.9,0.05,29.03,30.0,0
1779285609833,295,PERSON-01,611.6,18.92,22.05,3.13,17.87,20.8,0.983,1,1,40.0,0.22,29.45,30.1,0
1779285609867,296,UAS-01,611.3,19.00,22.26,3.25,18.51,21.3,0.990,1,1,40.0,0.22,28.82,29.9,0
1779285609900,297,UAS-02,330.0,19.02,22.15,3.12,18.16,21.5,0.973,1,1,41.4,0.12,28.94,29.8,0
1779285609933,298,GND-VEH-01,486.2,19.14,22.35,3.21,18.13,23.7,0.990,1,1,41.8,0.27,29.05,29.9,0
1779285609967,299,PERSON-01,715.3,18.88,21.86,2.98,18.02,22.7,0.990,1,1,40.0,0.21,29.36,30.0,0
1779285610000,300,UAS-01,536.5,18.85,22.04,3.19,18.46,20.5,0.990,1,1,40.0,0.01,29.08,29.8,0
1779285610033,301,UAS-02,300.3,19.05,22.29,3.24,18.68,22.0,0.990,1,1,40.0,0.35,29.43,30.1,0
1779285610067,302,GND-VEH-01,615.8,18.78,22.06,3.29,19.25,21.2,0.990,1,1,40.4,0.56,29.21,30.0,0
1779285610100,303,PERSON-01,487.7,19.29,22.33,3.04,18.51,21.1,0.990,1,1,41.4,0.16,29.09,30.1,0
1779285610133,304,UAS-01,328.3,19.01,22.10,3.08,17.93,22.0,0.990,1,1,131.9,0.08,29.11,29.9,0
1779285610167,305,UAS-02,614.2,19.43,22.52,3.09,18.35,20.7,0.990,1,1,40.0,0.13,29.24,29.8,0
1779285610200,306,GND-VEH-01,349.6,19.02,22.17,3.15,18.13,21.4,0.981,1,1,40.4,0.11,28.86,30.1,0
1779285610233,307,PERSON-01,982.1,18.78,21.86,3.08,18.02,23.2,0.990,1,1,40.0,0.09,29.04,30.1,0
1779285610267,308,UAS-01,439.7,19.06,22.10,3.04,18.36,21.0,0.983,1,1,40.6,0.19,29.07,30.0,0
1779285610300,309,UAS-02,420.3,19.22,22.49,3.27,18.44,22.5,0.990,1,1,41.7,0.03,29.13,30.1,0
1779285610333,310,GND-VEH-01,456.7,18.99,22.26,3.27,18.32,21.6,0.985,1,1,41.1,0.29,29.21,30.0,0
1779285610367,311,PERSON-01,455.5,19.22,22.31,3.09,18.34,21.6,0.990,1,1,40.2,0.01,29.12,30.1,0
1779285610400,312,UAS-01,375.3,19.08,22.19,3.10,18.14,22.3,0.990,1,1,40.0,0.24,29.16,30.2,0
1779285610433,313,UAS-02,494.4,19.05,22.05,3.00,18.22,21.6,0.990,1,1,40.0,0.18,29.12,30.1,0
1779285610467,314,GND-VEH-01,430.3,19.05,22.29,3.24,18.03,22.8,0.976,1,1,41.8,0.07,29.26,29.9,0
1779285610500,315,PERSON-01,580.2,19.12,22.40,3.28,18.14,22.1,0.990,1,1,42.4,0.42,29.06,29.8,0
1779285610533,316,UAS-01,328.4,19.13,22.39,3.26,18.44,23.3,0.981,1,1,40.6,0.10,28.96,30.0,0
1779285610567,317,UAS-02,630.8,18.93,21.96,3.03,17.37,22.0,0.990,1,1,41.5,0.34,29.31,30.0,0
1779285610600,318,GND-VEH-01,301.4,18.66,21.64,2.97,18.36,20.9,0.990,1,1,40.0,0.31,28.89,29.9,0
1779285610633,319,PERSON-01,419.8,18.95,22.23,3.28,18.28,23.5,0.987,1,1,149.1,0.20,29.31,30.1,0
1779285610667,320,UAS-01,496.6,19.04,22.07,3.03,18.31,20.4,0.990,1,1,40.2,0.14,29.28,30.1,0
1779285610700,321,UAS-02,364.6,18.96,21.95,3.00,18.00,23.4,0.990,1,1,40.0,0.43,28.88,30.1,0
1779285610733,322,GND-VEH-01,375.2,18.96,22.09,3.13,17.77,22.8,0.973,1,1,42.1,0.01,29.27,30.0,0
1779285610767,323,PERSON-01,435.1,18.80,21.85,3.05,18.62,22.5,0.974,1,1,41.2,0.14,28.82,30.1,0
1779285610800,324,UAS-01,459.2,19.24,22.33,3.09,18.36,22.4,0.990,1,1,40.0,0.07,29.48,29.9,0
1779285610833,325,UAS-02,300.1,18.92,22.17,3.25,18.47,20.6,0.990,1,1,40.0,0.05,29.62,30.0,0
1779285610867,326,GND-VEH-01,654.7,19.13,22.51,3.38,18.22,20.8,0.987,1,1,44.1,0.12,29.04,29.8,0
1779285610900,327,PERSON-01,832.9,18.99,21.94,2.95,18.45,21.5,0.990,1,1,40.0,0.53,28.86,30.0,0
1779285610933,328,UAS-01,506.8,18.92,22.02,3.10,17.81,22.9,0.990,1,1,40.0,0.16,29.29,30.0,0
1779285610967,329,UAS-02,500.0,18.84,21.87,3.03,18.27,21.6,0.983,1,1,40.0,0.03,29.16,30.1,0
1779285611000,330,GND-VEH-01,715.9,19.03,21.96,2.92,17.71,21.4,0.990,1,1,40.0,0.39,29.21,30.0,0
1779285611033,331,PERSON-01,561.7,18.88,21.63,2.74,17.95,22.6,0.989,1,1,40.7,0.26,29.18,30.1,0
1779285611067,332,UAS-01,423.3,18.86,21.96,3.09,17.22,23.0,0.990,1,1,40.0,0.23,29.34,29.8,0
1779285611100,333,UAS-02,431.7,19.04,22.38,3.34,18.13,22.9,0.985,1,1,42.1,0.06,29.58,30.0,0
1779285611133,334,GND-VEH-01,323.1,19.24,22.66,3.41,18.62,21.3,0.990,1,1,40.1,0.04,29.25,29.9,0
1779285611167,335,PERSON-01,550.0,19.16,22.45,3.29,18.09,22.5,0.990,1,1,40.0,0.23,29.41,30.1,0
1779285611200,336,UAS-01,449.0,18.96,22.38,3.42,18.43,22.6,0.982,1,1,40.1,0.02,29.26,29.9,0
1779285611233,337,UAS-02,518.7,18.70,21.54,2.84,17.60,20.4,0.988,1,1,40.0,0.31,29.57,29.8,0
1779285611267,338,GND-VEH-01,402.6,19.12,22.49,3.37,18.66,22.2,0.990,1,1,40.0,0.18,29.07,29.8,0
1779285611300,339,PERSON-01,499.1,19.06,21.87,2.81,18.19,22.1,0.990,1,1,40.0,0.00,29.46,30.0,0
1779285611333,340,UAS-01,796.8,18.85,22.11,3.26,18.71,22.2,0.990,1,1,40.4,0.08,29.29,29.9,0
1779285611367,341,UAS-02,531.0,19.25,22.45,3.21,18.39,21.9,0.990,1,1,40.0,0.03,29.59,30.0,0
1779285611400,342,GND-VEH-01,712.6,18.81,22.24,3.42,18.84,22.8,0.990,1,1,40.0,0.08,29.49,30.0,0
1779285611433,343,PERSON-01,464.8,18.95,22.20,3.25,18.52,21.0,0.990,1,1,162.0,0.37,28.83,30.2,0
1779285611467,344,UAS-01,695.9,19.10,22.05,2.95,18.51,21.5,0.990,1,1,40.0,0.44,29.81,29.9,0
1779285611500,345,UAS-02,499.7,19.15,22.21,3.06,17.04,22.8,0.990,1,1,40.0,0.28,29.80,29.8,0
1779285611533,346,GND-VEH-01,591.5,19.24,22.50,3.25,18.51,22.0,0.990,1,1,40.0,0.36,29.77,30.0,0
1779285611567,347,PERSON-01,783.0,18.98,22.06,3.08,18.29,23.2,0.973,1,1,40.0,0.23,29.28,30.0,0
1779285611600,348,UAS-01,525.7,18.93,22.16,3.23,18.21,24.0,0.990,1,1,40.0,0.28,29.92,30.1,0
1779285611633,349,UAS-02,348.3,19.03,22.24,3.21,18.28,21.3,0.986,1,1,40.0,0.06,29.40,30.0,0
1779285611667,350,GND-VEH-01,874.6,18.89,21.33,2.44,17.40,21.8,0.990,1,1,40.0,0.37,28.95,30.1,0
1779285611700,351,PERSON-01,524.3,19.11,22.19,3.08,18.50,22.4,0.990,1,1,40.0,0.38,29.58,30.0,0
1779285611733,352,UAS-01,602.3,18.82,21.97,3.15,18.18,20.6,0.990,1,1,40.0,0.14,29.23,30.0,0
1779285611767,353,UAS-02,463.5,18.90,22.02,3.12,17.80,21.6,0.990,1,1,41.9,0.28,28.83,29.9,0
1779285611800,354,GND-VEH-01,383.8,19.06,22.08,3.03,18.51,22.2,0.990,1,1,40.0,0.08,29.37,30.0,0
1779285611833,355,PERSON-01,541.9,19.11,21.83,2.72,17.47,20.9,0.990,1,1,40.0,0.42,29.73,30.1,0
1779285611867,356,UAS-01,468.0,19.30,22.86,3.56,18.91,22.0,0.990,1,1,40.0,0.34,29.40,29.9,0
1779285611900,357,UAS-02,456.4,19.21,22.18,2.97,18.16,21.8,0.990,1,1,40.0,0.41,29.29,30.0,0
1779285611933,358,GND-VEH-01,906.0,19.20,21.85,2.64,17.83,23.1,0.990,1,1,40.0,0.21,29.29,30.1,0
1779285611967,359,PERSON-01,439.8,18.85,22.12,3.27,18.74,22.7,0.990,1,1,41.2,0.13,29.53,30.0,0
1779285612000,360,UAS-01,408.8,18.93,21.79,2.86,17.65,22.5,0.990,1,1,40.0,0.17,29.52,29.9,0
1779285612033,361,UAS-02,392.6,18.81,22.12,3.32,18.43,22.0,0.981,1,1,40.0,0.04,29.58,30.1,0
1779285612067,362,GND-VEH-01,536.0,19.17,22.37,3.19,18.50,22.1,0.990,1,1,41.7,0.01,29.26,29.9,0
1779285612100,363,PERSON-01,410.1,19.17,22.42,3.25,18.01,22.2,0.990,1,1,41.0,0.49,29.44,30.1,0
1779285612133,364,UAS-01,674.0,18.96,22.34,3.38,18.77,22.1,0.985,1,1,40.0,0.17,29.40,29.9,0
1779285612167,365,UAS-02,620.7,18.73,21.86,3.13,17.88,22.3,0.990,1,1,42.9,0.44,29.51,30.0,0
1779285612200,366,GND-VEH-01,635.7,18.75,22.14,3.40,18.43,22.7,0.990,1,1,42.2,0.05,29.12,30.0,0
1779285612233,367,PERSON-01,354.1,18.96,21.95,2.99,18.42,22.3,0.990,1,1,40.5,0.29,29.21,29.9,0
1779285612267,368,UAS-01,356.3,19.22,22.28,3.06,18.03,21.4,0.990,1,1,40.0,0.45,29.19,30.1,0
1779285612300,369,UAS-02,623.3,19.02,22.12,3.10,17.93,21.5,0.990,1,1,41.1,0.09,29.69,29.8,0
1779285612333,370,GND-VEH-01,488.3,19.14,22.18,3.04,17.60,22.2,0.990,1,1,40.0,0.15,29.30,30.0,0
1779285612367,371,PERSON-01,576.7,18.93,22.10,3.17,19.19,20.9,0.969,1,1,40.0,0.08,29.07,30.0,0
1779285612400,372,UAS-01,338.5,19.14,22.57,3.43,19.19,20.7,0.990,1,1,40.0,0.16,29.94,30.1,0
1779285612433,373,UAS-02,423.6,19.13,22.55,3.42,18.32,20.7,0.990,1,1,40.0,0.22,29.52,29.9,0
1779285612467,374,GND-VEH-01,361.3,18.91,22.34,3.42,18.50,22.6,0.974,1,1,40.4,0.03,28.98,30.0,0
1779285612500,375,PERSON-01,420.0,18.88,22.23,3.34,18.28,23.1,0.990,1,1,41.3,0.00,29.49,30.1,0
1779285612533,376,UAS-01,466.5,19.04,21.95,2.91,17.92,21.8,0.990,1,1,41.4,0.17,29.62,30.0,0
1779285612567,377,UAS-02,345.3,18.89,22.19,3.30,18.05,21.2,0.990,1,1,40.0,0.03,29.90,30.1,0
1779285612600,378,GND-VEH-01,485.7,18.78,21.72,2.94,17.57,23.7,0.990,1,1,40.0,0.34,29.25,30.2,0
1779285612633,379,PERSON-01,451.0,19.19,22.34,3.15,18.68,21.1,0.990,1,1,42.5,0.01,29.62,29.9,0
1779285612667,380,UAS-01,901.1,18.96,21.76,2.80,17.58,22.8,0.990,1,1,40.1,0.07,29.83,30.0,0
1779285612700,381,UAS-02,638.8,18.89,21.71,2.82,17.91,20.9,0.983,1,1,40.0,0.17,29.64,30.1,0
1779285612733,382,GND-VEH-01,526.8,19.17,22.35,3.19,18.94,21.6,0.990,1,1,40.0,0.06,29.62,29.9,0
1779285612767,383,PERSON-01,327.9,19.15,22.40,3.25,18.47,22.5,0.980,1,1,41.9,0.13,29.25,30.2,0
1779285612800,384,UAS-01,417.7,18.81,22.03,3.22,18.35,22.4,0.990,1,1,40.0,0.47,29.72,29.8,0
1779285612833,385,UAS-02,315.7,18.69,22.31,3.62,18.55,21.0,0.990,1,1,40.0,0.06,29.62,30.0,0
1779285612867,386,GND-VEH-01,452.6,19.11,22.12,3.01,18.43,23.2,0.990,1,1,40.6,0.21,29.74,30.2,0
1779285612900,387,PERSON-01,401.0,18.82,22.11,3.29,19.01,21.6,0.990,1,1,41.5,0.54,29.31,30.0,0
1779285612933,388,UAS-01,855.1,19.11,22.19,3.08,18.74,22.4,0.976,1,1,40.4,0.38,29.85,30.1,0
1779285612967,389,UAS-02,658.7,18.86,22.25,3.39,18.09,22.2,0.990,1,1,40.3,0.41,29.62,30.1,0
1779285613000,390,GND-VEH-01,525.0,18.97,21.93,2.95,18.02,22.0,0.990,1,1,40.0,0.33,29.84,30.1,0
1779285613033,391,PERSON-01,585.8,18.82,22.12,3.30,18.31,22.5,0.984,1,1,40.0,0.09,29.45,30.0,0
1779285613067,392,UAS-01,304.8,18.92,22.39,3.47,19.26,20.8,0.990,1,1,40.0,0.14,29.82,30.0,0
1779285613100,393,UAS-02,384.5,19.04,22.11,3.07,17.43,23.0,0.990,1,1,42.0,0.32,29.91,29.9,0
1779285613133,394,GND-VEH-01,727.8,18.91,22.11,3.20,18.51,22.5,0.990,1,1,41.5,0.24,29.41,30.0,0
1779285613167,395,PERSON-01,643.3,19.08,22.27,3.20,18.36,21.5,0.990,1,1,40.5,0.08,29.47,30.1,0
1779285613200,396,UAS-01,733.3,18.77,21.43,2.66,17.59,20.5,0.990,1,1,40.0,0.22,29.37,29.9,0
1779285613233,397,UAS-02,413.9,19.08,22.55,3.47,19.35,22.1,0.990,1,1,40.0,0.05,29.43,30.0,0
1779285613267,398,GND-VEH-01,592.1,18.97,22.19,3.22,18.87,22.9,0.990,1,1,40.0,0.05,29.77,30.0,0
1779285613300,399,PERSON-01,353.5,18.76,21.88,3.12,18.34,22.0,0.984,1,1,40.0,0.00,29.80,30.0,0
1779285613333,400,UAS-01,813.7,19.13,21.98,2.86,17.64,23.8,0.980,1,1,40.0,0.14,29.90,30.1,0
1779285613367,401,UAS-02,405.9,18.92,22.26,3.33,18.45,22.5,0.990,1,1,40.0,0.41,29.54,30.0,0
1779285613400,402,GND-VEH-01,533.1,18.75,21.53,2.78,17.48,21.9,0.986,1,1,40.0,0.23,29.36,30.0,0
1779285613433,403,PERSON-01,429.8,18.74,21.47,2.73,16.88,22.5,0.990,1,1,40.4,0.20,29.28,30.2,0
1779285613467,404,UAS-01,386.9,18.99,22.45,3.46,18.72,20.9,0.987,1,1,40.7,0.38,29.46,30.0,0
1779285613500,405,UAS-02,338.3,19.02,22.15,3.12,17.87,20.8,0.990,1,1,43.3,0.26,29.75,30.0,0
1779285613533,406,GND-VEH-01,433.0,19.16,22.12,2.96,18.70,21.0,0.988,1,1,41.9,0.14,29.65,30.1,0
1779285613567,407,PERSON-01,945.6,18.95,21.96,3.01,17.54,20.9,0.982,1,1,150.9,0.19,29.70,30.2,0
1779285613600,408,UAS-01,571.2,18.85,21.95,3.09,18.54,20.9,0.990,1,1,40.0,0.07,29.78,30.0,0
1779285613633,409,UAS-02,673.5,18.93,22.39,3.46,19.40,22.0,0.990,1,1,42.8,0.31,29.35,29.9,0
1779285613667,410,GND-VEH-01,742.0,19.02,22.03,3.01,18.33,22.6,0.990,1,1,40.0,0.30,29.05,30.0,0
1779285613700,411,PERSON-01,448.5,18.88,22.09,3.21,18.56,21.3,0.990,1,1,135.5,0.19,29.66,29.9,0
1779285613733,412,UAS-01,442.3,19.15,22.16,3.01,17.58,22.0,0.990,1,1,40.0,0.11,29.85,30.1,0
1779285613767,413,UAS-02,651.1,19.20,22.30,3.10,18.29,22.5,0.990,1,1,40.0,0.70,29.48,30.0,0
1779285613800,414,GND-VEH-01,415.2,18.95,21.88,2.92,18.30,21.9,0.990,1,1,40.4,0.30,29.59,30.1,0
1779285613833,415,PERSON-01,442.4,19.24,22.35,3.11,19.02,21.8,0.985,1,1,40.7,0.12,29.77,30.1,0
1779285613867,416,UAS-01,393.7,19.15,22.19,3.03,18.39,21.8,0.990,1,1,42.2,0.26,29.28,29.9,0
1779285613900,417,UAS-02,306.1,19.25,22.21,2.96,17.80,21.0,0.990,1,1,40.0,0.02,30.09,30.0,0
1779285613933,418,GND-VEH-01,381.0,19.11,22.19,3.08,18.11,22.1,0.990,1,1,43.6,0.12,29.37,30.1,0
1779285613967,419,PERSON-01,458.5,18.85,21.94,3.08,18.34,22.2,0.990,1,1,40.0,0.21,29.48,30.0,0
1779285614000,420,UAS-01,771.5,18.82,21.78,2.97,17.51,21.6,0.990,1,1,40.0,0.08,29.00,29.9,0
1779285614033,421,UAS-02,307.4,18.98,22.46,3.48,18.72,23.0,0.990,1,1,40.0,0.58,29.69,30.1,0
1779285614067,422,GND-VEH-01,382.2,19.01,22.29,3.29,18.67,21.6,0.990,1,1,41.5,0.01,29.44,30.0,0
1779285614100,423,PERSON-01,599.0,19.20,22.14,2.94,18.37,21.3,0.983,1,1,40.0,0.25,29.68,30.1,0
1779285614133,424,UAS-01,712.4,19.03,22.43,3.41,19.08,21.9,0.990,1,1,40.6,0.17,29.82,30.0,0
1779285614167,425,UAS-02,417.4,18.92,22.36,3.45,19.38,22.0,0.990,1,1,41.0,0.05,29.86,30.0,0
1779285614200,426,GND-VEH-01,695.3,18.92,21.85,2.93,17.63,21.2,0.990,1,1,40.0,0.29,29.76,29.8,0
1779285614233,427,PERSON-01,758.2,18.95,21.67,2.72,16.91,21.8,0.990,1,1,45.1,0.01,29.95,29.9,0
1779285614267,428,UAS-01,452.7,18.79,21.90,3.11,18.04,21.9,0.990,1,1,40.6,0.20,29.93,30.0,0
1779285614300,429,UAS-02,331.1,18.98,22.06,3.09,18.16,21.9,0.990,1,1,41.1,0.25,29.99,30.0,0
1779285614333,430,GND-VEH-01,435.0,18.98,22.17,3.19,18.26,22.7,0.990,1,1,40.0,0.46,29.42,30.1,0
1779285614367,431,PERSON-01,324.1,18.96,21.83,2.87,17.68,21.2,0.990,1,1,147.7,0.25,29.77,30.2,0
1779285614400,432,UAS-01,309.2,19.00,22.13,3.13,17.83,22.7,0.990,1,1,42.2,0.33,29.41,29.9,0
1779285614433,433,UAS-02,520.9,19.11,22.30,3.19,18.42,22.4,0.990,1,1,40.0,0.30,29.75,29.9,0
1779285614467,434,GND-VEH-01,368.4,18.89,22.09,3.20,17.65,20.3,0.990,1,1,40.0,0.19,30.12,29.9,0
1779285614500,435,PERSON-01,510.4,19.06,22.03,2.97,18.25,23.1,0.990,1,1,40.0,0.08,29.64,29.9,0
1779285614533,436,UAS-01,451.2,19.02,22.43,3.41,18.40,22.1,0.990,1,1,40.0,0.07,29.73,30.0,0
1779285614567,437,UAS-02,373.8,19.15,22.23,3.08,18.49,21.7,0.982,1,1,40.0,0.15,30.02,30.0,0
1779285614600,438,GND-VEH-01,804.8,19.26,22.41,3.14,18.22,21.7,0.990,1,1,159.0,0.19,29.52,30.0,0
1779285614633,439,PERSON-01,532.3,18.94,22.07,3.13,18.55,21.2,0.990,1,1,41.7,0.00,29.48,30.1,0
1779285614667,440,UAS-01,325.6,18.91,21.85,2.94,17.47,21.8,0.990,1,1,40.0,0.17,29.83,29.9,0
1779285614700,441,UAS-02,488.3,18.89,22.18,3.29,18.90,22.1,0.984,1,1,43.1,0.06,30.17,29.9,0
1779285614733,442,GND-VEH-01,328.8,18.88,22.28,3.40,18.43,22.4,0.990,1,1,41.6,0.16,29.45,30.1,0
1779285614767,443,PERSON-01,689.5,18.96,22.39,3.42,18.61,21.0,0.984,1,1,40.0,0.27,29.28,30.0,0
1779285614800,444,UAS-01,546.0,19.12,22.07,2.95,17.79,21.2,0.990,1,1,40.0,0.33,29.47,30.1,0
1779285614833,445,UAS-02,418.1,19.07,22.22,3.16,18.31,21.1,0.990,1,1,41.4,0.09,29.87,30.0,0
1779285614867,446,GND-VEH-01,558.0,18.82,21.91,3.09,18.10,19.9,0.990,1,1,40.0,0.29,29.63,30.1,0
1779285614900,447,PERSON-01,553.3,18.93,22.02,3.09,18.10,23.0,0.990,1,1,42.7,0.29,29.48,30.1,0
1779285614933,448,UAS-01,628.8,19.24,22.40,3.16,18.42,21.3,0.990,1,1,40.6,0.17,29.58,30.0,0
1779285614967,449,UAS-02,359.1,18.96,22.34,3.38,18.46,22.2,0.990,1,1,40.8,0.06,29.97,30.0,0
1779285615000,450,GND-VEH-01,685.5,18.77,21.51,2.74,18.16,20.4,0.974,1,1,40.0,0.29,29.55,30.0,0
1779285615033,451,PERSON-01,374.0,19.07,22.26,3.19,18.18,22.5,0.990,1,1,40.7,0.07,29.89,30.1,0
1779285615067,452,UAS-01,630.8,18.88,22.21,3.33,17.97,21.3,0.990,1,1,40.0,0.11,29.48,30.0,0
1779285615100,453,UAS-02,468.7,19.33,22.25,2.92,17.85,20.1,0.990,1,1,160.9,0.32,29.65,29.9,0
1779285615133,454,GND-VEH-01,534.8,18.75,21.98,3.23,17.96,22.7,0.984,1,1,40.0,0.28,29.63,30.0,0
1779285615167,455,PERSON-01,588.4,19.16,22.38,3.23,19.00,21.8,0.990,1,1,40.6,0.11,29.81,30.1,0
1779285615200,456,UAS-01,417.7,19.03,22.40,3.37,18.79,21.9,0.990,1,1,40.8,0.54,29.97,29.9,0
1779285615233,457,UAS-02,772.1,19.15,22.07,2.92,17.45,21.4,0.973,1,1,40.0,0.37,29.95,30.1,0
1779285615267,458,GND-VEH-01,828.8,19.00,21.94,2.94,18.03,22.2,0.984,1,1,40.0,0.25,29.97,30.0,0
1779285615300,459,PERSON-01,686.7,18.98,21.86,2.88,17.48,22.2,0.990,1,1,40.0,0.13,29.79,30.0,0
1779285615333,460,UAS-01,393.5,19.04,22.21,3.17,18.53,21.1,0.990,1,1,40.0,0.17,29.88,30.0,0
1779285615367,461,UAS-02,643.0,19.03,21.87,2.84,18.05,20.7,0.990,1,1,43.0,0.68,30.11,30.1,0
1779285615400,462,GND-VEH-01,499.5,19.05,22.14,3.10,17.51,23.0,0.990,1,1,40.0,0.16,29.76,30.1,0
1779285615433,463,PERSON-01,383.8,19.06,22.31,3.25,18.20,21.9,0.990,1,1,181.4,0.05,30.03,30.1,0
1779285615467,464,UAS-01,610.0,18.79,21.81,3.02,18.59,22.2,0.990,1,1,43.0,0.52,29.74,30.0,0
1779285615500,465,UAS-02,482.5,18.95,21.98,3.03,18.06,22.6,0.971,1,1,40.6,0.08,29.70,30.1,0
1779285615533,466,GND-VEH-01,375.4,18.99,21.96,2.97,17.29,23.2,0.984,1,1,40.0,0.28,29.65,30.0,0
1779285615567,467,PERSON-01,317.4,19.00,22.37,3.37,18.28,22.0,0.988,1,1,40.6,0.33,29.64,30.0,0
1779285615600,468,UAS-01,337.5,18.86,22.30,3.45,18.37,21.8,0.990,1,1,41.6,0.19,29.79,29.9,0
1779285615633,469,UAS-02,703.0,18.91,21.78,2.88,17.84,22.2,0.990,1,1,40.0,0.43,29.71,30.1,0
1779285615667,470,GND-VEH-01,300.0,19.20,22.57,3.37,18.90,20.7,0.976,1,1,40.0,0.11,30.50,29.7,0
1779285615700,471,PERSON-01,451.3,18.73,21.89,3.16,17.43,22.8,0.990,1,1,40.0,0.32,30.26,29.9,0
1779285615733,472,UAS-01,655.7,18.95,22.16,3.20,19.12,21.5,0.984,1,1,40.0,0.03,29.89,30.1,0
1779285615767,473,UAS-02,642.3,18.76,21.87,3.10,17.87,20.6,0.975,1,1,40.0,0.05,29.76,30.1,0
1779285615800,474,GND-VEH-01,592.8,18.77,22.03,3.26,17.91,21.2,0.990,1,1,40.0,0.03,29.66,29.8,0
1779285615833,475,PERSON-01,592.1,19.22,22.18,2.97,17.81,21.5,0.981,1,1,40.0,0.31,29.83,30.2,0
1779285615867,476,UAS-01,302.2,19.15,22.55,3.40,19.39,21.5,0.975,1,1,40.0,0.22,30.03,29.9,0
1779285615900,477,UAS-02,491.2,18.96,22.46,3.50,18.92,22.3,0.990,1,1,40.8,0.16,30.05,29.8,0
1779285615933,478,GND-VEH-01,672.3,18.91,22.01,3.10,17.43,22.4,0.990,1,1,40.0,0.42,29.61,29.8,0
1779285615967,479,PERSON-01,564.7,19.08,22.02,2.94,17.64,22.4,0.990,1,1,40.0,0.27,30.30,30.1,0
1779285616000,480,UAS-01,416.6,19.17,22.08,2.91,17.60,21.7,0.990,1,1,40.0,0.04,29.91,29.9,0
1779285616033,481,UAS-02,303.5,19.14,22.38,3.24,18.57,20.9,0.990,1,1,40.7,0.44,29.57,30.0,0
1779285616067,482,GND-VEH-01,470.6,19.01,22.38,3.37,18.25,23.0,0.989,1,1,41.3,0.66,29.59,30.2,0
1779285616100,483,PERSON-01,394.0,19.18,22.04,2.86,17.56,21.4,0.990,1,1,40.0,0.15,30.00,30.1,0
1779285616133,484,UAS-01,419.2,19.03,22.22,3.20,18.21,21.5,0.990,1,1,40.0,0.16,30.13,30.0,0
1779285616167,485,UAS-02,954.0,19.10,22.14,3.04,17.68,20.6,0.990,1,1,42.5,0.33,29.56,30.0,0
1779285616200,486,GND-VEH-01,304.4,18.85,21.78,2.94,17.94,22.5,0.990,1,1,41.0,0.36,30.06,30.0,0
1779285616233,487,PERSON-01,301.7,18.75,22.38,3.63,18.38,22.6,0.990,1,1,131.4,0.35,29.96,30.1,0
1779285616267,488,UAS-01,332.2,18.89,22.06,3.18,18.12,22.3,0.990,1,1,40.0,0.32,29.72,30.1,0
1779285616300,489,UAS-02,751.1,19.08,21.75,2.67,17.53,21.9,0.985,1,1,40.0,0.13,29.86,30.1,0
1779285616333,490,GND-VEH-01,544.0,18.92,21.82,2.90,18.48,21.5,0.990,1,1,40.0,0.07,30.02,30.1,0
1779285616367,491,PERSON-01,592.8,19.01,22.07,3.06,18.82,21.7,0.990,1,1,40.0,0.17,29.65,30.0,0
1779285616400,492,UAS-01,410.1,19.02,22.07,3.05,18.16,22.4,0.990,1,1,41.5,0.53,29.80,30.0,0
1779285616433,493,UAS-02,505.9,18.87,21.84,2.97,17.67,23.3,0.990,1,1,40.0,0.05,29.85,29.9,0
1779285616467,494,GND-VEH-01,443.8,18.85,22.15,3.31,18.58,22.1,0.984,1,1,43.5,0.55,30.18,29.9,0
1779285616500,495,PERSON-01,665.3,18.89,22.12,3.23,18.32,22.0,0.990,1,1,40.0,0.06,30.14,30.1,0
1779285616533,496,UAS-01,691.1,18.61,21.66,3.05,17.98,21.2,0.990,1,1,41.4,0.10,29.87,30.1,0
1779285616567,497,UAS-02,412.1,18.89,22.25,3.35,18.82,20.2,0.990,1,1,41.0,0.22,29.74,30.2,0
1779285616600,498,GND-VEH-01,512.9,18.97,22.11,3.14,18.23,20.8,0.987,1,1,40.0,0.09,29.72,30.0,0
1779285616633,499,PERSON-01,469.7,19.03,22.18,3.14,17.23,23.2,0.990,1,1,40.1,0.40,29.92,30.0,0
1779285616667,500,UAS-01,718.6,18.80,21.92,3.12,18.42,20.5,0.990,1,1,40.4,0.33,30.03,30.1,0
1779285616700,501,UAS-02,806.4,18.83,21.84,3.01,17.36,22.7,0.990,1,1,40.3,0.35,30.14,30.1,0
1779285616733,502,GND-VEH-01,660.3,19.03,22.13,3.09,18.87,21.1,0.990,1,1,126.4,0.63,29.90,29.8,0
1779285616767,503,PERSON-01,384.6,18.99,21.84,2.85,17.13,22.5,0.990,1,1,116.2,0.32,30.12,30.0,0
1779285616800,504,UAS-01,921.5,18.86,21.78,2.92,17.85,21.6,0.990,1,1,40.1,0.24,30.14,30.0,0
1779285616833,505,UAS-02,500.7,19.02,22.04,3.02,18.10,22.8,0.990,1,1,41.5,0.13,29.80,30.0,0
1779285616867,506,GND-VEH-01,300.3,18.93,22.18,3.25,18.67,23.0,0.970,1,1,42.6,0.20,29.92,30.1,0
1779285616900,507,PERSON-01,482.8,18.92,22.09,3.17,18.31,20.7,0.990,1,1,40.9,0.24,29.71,30.1,0
1779285616933,508,UAS-01,430.3,18.95,22.31,3.36,18.91,22.6,0.990,1,1,43.1,0.14,29.85,30.1,0
1779285616967,509,UAS-02,459.1,18.98,22.27,3.29,18.30,22.6,0.990,1,1,43.0,0.26,30.14,30.0,0
1779285617000,510,GND-VEH-01,711.4,18.90,22.01,3.11,18.38,23.2,0.990,1,1,40.0,0.12,29.78,30.0,0
1779285617033,511,PERSON-01,584.6,18.97,22.19,3.22,17.97,22.5,0.990,1,1,40.0,0.28,29.59,29.9,0
1779285617067,512,UAS-01,358.6,19.19,22.35,3.16,18.23,21.6,0.990,1,1,41.7,0.39,29.76,30.0,0
1779285617100,513,UAS-02,334.8,18.85,22.25,3.40,19.05,20.4,0.990,1,1,140.4,0.29,29.47,30.0,0
1779285617133,514,GND-VEH-01,421.1,18.76,22.02,3.26,17.69,21.9,0.990,1,1,40.2,0.07,29.83,29.9,0
1779285617167,515,PERSON-01,415.6,19.17,22.09,2.92,16.78,23.0,0.990,1,1,175.1,0.37,30.21,30.0,0
1779285617200,516,UAS-01,392.4,19.13,22.02,2.89,17.34,21.5,0.984,1,1,40.1,0.35,29.90,29.9,0
1779285617233,517,UAS-02,438.6,19.30,22.59,3.28,18.05,22.0,0.990,1,1,40.0,0.11,30.09,30.2,0
1779285617267,518,GND-VEH-01,813.6,18.87,21.77,2.90,17.98,22.2,0.984,1,1,40.0,0.32,29.82,30.1,0
1779285617300,519,PERSON-01,501.7,18.93,22.33,3.40,18.54,21.8,0.990,1,1,40.0,0.06,30.08,30.1,0
1779285617333,520,UAS-01,347.7,18.77,21.83,3.06,18.68,22.0,0.987,1,1,40.2,0.30,30.16,29.8,0
1779285617367,521,UAS-02,849.7,19.18,22.11,2.93,17.55,21.5,0.990,1,1,40.0,0.13,29.83,29.9,0
1779285617400,522,GND-VEH-01,359.3,18.79,22.10,3.31,18.22,22.5,0.990,1,1,40.0,0.32,29.96,29.9,0
1779285617433,523,PERSON-01,348.1,19.09,22.28,3.18,17.59,23.1,0.990,1,1,41.5,0.41,30.16,30.0,0
1779285617467,524,UAS-01,601.6,18.96,21.99,3.02,18.55,21.0,0.990,1,1,40.0,0.07,29.67,30.1,0
1779285617500,525,UAS-02,760.7,19.04,22.13,3.09,17.98,22.2,0.989,1,1,40.0,0.00,30.11,30.0,0
1779285617533,526,GND-VEH-01,543.2,18.96,22.02,3.05,17.83,21.3,0.990,1,1,40.0,0.08,30.30,29.9,0
1779285617567,527,PERSON-01,336.5,19.02,22.37,3.35,18.51,20.6,0.990,1,1,40.3,0.01,30.07,29.8,0
1779285617600,528,UAS-01,369.7,19.05,22.15,3.10,18.77,21.1,0.990,1,1,40.0,0.20,30.19,29.9,0
1779285617633,529,UAS-02,594.7,19.06,22.09,3.03,17.47,21.2,0.990,1,1,40.0,0.39,30.16,30.1,0
1779285617667,530,GND-VEH-01,709.0,18.70,21.84,3.14,17.74,22.9,0.990,1,1,41.0,0.52,29.65,30.0,0
1779285617700,531,PERSON-01,321.5,19.02,22.50,3.48,18.74,22.3,0.990,1,1,40.0,0.01,29.79,30.0,0
1779285617733,532,UAS-01,519.4,19.19,22.55,3.36,19.38,21.5,0.990,1,1,40.0,0.03,30.48,30.0,0
1779285617767,533,UAS-02,497.1,18.78,22.41,3.63,19.30,23.0,0.990,1,1,40.0,0.08,30.26,30.0,0
1779285617800,534,GND-VEH-01,717.7,19.02,22.04,3.02,18.31,20.8,0.990,1,1,40.0,0.27,30.06,30.0,0
1779285617833,535,PERSON-01,574.4,18.81,21.78,2.97,18.51,21.2,0.990,1,1,42.3,0.36,30.24,30.1,0
1779285617867,536,UAS-01,441.0,19.16,22.33,3.17,17.91,22.3,0.990,1,1,40.0,0.46,29.88,30.0,0
1779285617900,537,UAS-02,354.8,19.04,22.39,3.35,18.76,22.4,0.990,1,1,40.5,0.07,30.08,30.0,0
1779285617933,538,GND-VEH-01,550.7,18.93,21.81,2.89,18.20,21.2,0.990,1,1,40.0,0.37,30.07,30.1,0
1779285617967,539,PERSON-01,502.0,18.89,21.92,3.03,18.78,21.0,0.990,1,1,40.0,0.10,30.27,30.0,0
1779285618000,540,UAS-01,590.8,19.39,22.40,3.01,17.32,23.3,0.990,1,1,40.0,0.21,29.61,30.0,0
1779285618033,541,UAS-02,519.8,18.96,22.31,3.35,18.10,22.1,0.982,1,1,40.1,0.48,30.24,30.0,0
1779285618067,542,GND-VEH-01,933.3,18.97,21.57,2.60,17.24,21.2,0.990,1,1,40.1,0.06,30.17,29.9,0
1779285618100,543,PERSON-01,614.8,18.68,21.71,3.03,17.95,21.5,0.988,1,1,178.3,0.34,30.26,30.0,0
1779285618133,544,UAS-01,468.6,19.14,22.12,2.99,17.24,21.7,0.990,1,1,41.5,0.20,30.30,30.0,0
1779285618167,545,UAS-02,462.2,19.24,22.25,3.01,18.46,22.0,0.990,1,1,133.7,0.06,29.95,29.9,0
1779285618200,546,GND-VEH-01,453.7,18.98,22.40,3.42,18.17,22.2,0.989,1,1,43.6,0.38,30.27,29.9,0
1779285618233,547,PERSON-01,728.1,18.96,22.27,3.32,17.91,23.0,0.979,1,1,40.4,0.05,30.12,30.1,0
1779285618267,548,UAS-01,525.6,19.03,22.33,3.30,18.56,22.3,0.986,1,1,41.9,0.30,30.22,30.2,0
1779285618300,549,UAS-02,301.4,19.04,22.02,2.98,18.68,21.0,0.990,1,1,43.1,0.08,29.92,30.2,0
1779285618333,550,GND-VEH-01,504.4,19.24,22.30,3.06,17.98,22.5,0.964,1,1,41.7,0.24,30.10,30.0,0
1779285618367,551,PERSON-01,619.8,18.80,22.14,3.34,18.90,22.3,0.990,1,1,40.0,0.04,30.48,30.1,0
1779285618400,552,UAS-01,714.2,19.04,21.96,2.91,18.78,21.4,0.990,1,1,41.6,0.18,30.29,30.0,0
1779285618433,553,UAS-02,823.1,19.18,22.17,2.99,18.07,23.0,0.990,1,1,40.0,0.36,30.16,30.1,0
1779285618467,554,GND-VEH-01,581.2,18.94,22.11,3.18,18.18,22.7,0.990,1,1,40.0,0.03,30.11,30.0,0
1779285618500,555,PERSON-01,443.4,19.02,22.20,3.18,17.88,21.6,0.990,1,1,166.1,0.25,29.97,30.1,0
1779285618533,556,UAS-01,472.5,19.13,22.29,3.16,18.50,20.7,0.990,1,1,40.4,0.52,29.96,29.9,0
1779285618567,557,UAS-02,527.8,18.95,21.89,2.94,17.83,20.6,0.990,1,1,40.9,0.02,30.55,30.0,0
1779285618600,558,GND-VEH-01,396.1,19.01,22.17,3.16,18.39,21.3,0.985,1,1,40.4,0.13,30.53,30.1,0
1779285618633,559,PERSON-01,532.8,18.86,21.88,3.02,18.96,21.1,0.990,1,1,40.0,0.07,30.05,30.2,0
1779285618667,560,UAS-01,338.1,19.08,22.48,3.39,18.32,20.9,0.976,1,1,43.0,0.08,30.18,30.0,0
1779285618700,561,UAS-02,375.3,18.88,22.05,3.17,18.46,21.3,0.990,1,1,40.2,0.39,30.14,29.9,0
1779285618733,562,GND-VEH-01,393.8,19.04,22.27,3.23,18.24,20.7,0.990,1,1,133.6,0.19,30.07,30.1,0
1779285618767,563,PERSON-01,829.0,18.92,21.80,2.89,17.56,20.9,0.990,1,1,40.0,0.50,30.40,30.1,0
1779285618800,564,UAS-01,522.6,19.21,22.20,2.99,18.69,20.8,0.990,1,1,43.2,0.02,29.85,30.0,0
1779285618833,565,UAS-02,506.6,18.91,22.45,3.54,19.36,21.3,0.990,1,1,40.0,0.19,29.59,30.2,0
1779285618867,566,GND-VEH-01,771.0,18.86,21.85,2.99,18.05,20.9,0.990,1,1,40.0,0.64,30.24,30.1,0
1779285618900,567,PERSON-01,826.8,19.32,22.22,2.90,17.42,21.5,0.978,1,1,40.0,0.15,30.29,30.1,0
1779285618933,568,UAS-01,880.7,18.96,21.86,2.90,18.74,21.0,0.987,1,1,41.0,0.42,30.38,30.1,0
1779285618967,569,UAS-02,449.1,18.65,22.08,3.43,18.88,21.7,0.990,1,1,40.0,0.32,30.18,29.9,0
1779285619000,570,GND-VEH-01,689.5,19.24,22.27,3.03,18.42,21.5,0.978,1,1,40.8,0.22,30.24,29.9,0
1779285619033,571,PERSON-01,380.8,19.15,22.41,3.26,18.69,23.4,0.990,1,1,41.3,0.16,29.66,30.1,0
1779285619067,572,UAS-01,423.6,19.02,21.96,2.94,17.67,20.4,0.990,1,1,40.0,0.19,30.30,29.9,0
1779285619100,573,UAS-02,401.2,18.91,21.87,2.96,17.54,21.9,0.973,1,1,40.0,0.03,30.14,29.8,0
1779285619133,574,GND-VEH-01,483.3,18.81,22.15,3.34,18.97,22.4,0.990,1,1,154.4,0.33,29.94,30.0,0
1779285619167,575,PERSON-01,330.4,18.96,21.90,2.94,17.82,21.6,0.990,1,1,40.0,0.42,30.47,29.9,0
1779285619200,576,UAS-01,773.0,19.02,21.95,2.93,17.66,22.4,0.990,1,1,40.0,0.24,30.06,30.0,0
1779285619233,577,UAS-02,439.4,18.94,22.33,3.39,18.33,20.4,0.985,1,1,45.0,0.73,30.68,29.9,0
1779285619267,578,GND-VEH-01,328.6,19.14,22.34,3.20,18.18,22.8,0.983,1,1,42.3,0.73,30.19,29.9,0
1779285619300,579,PERSON-01,411.8,19.02,22.07,3.05,17.89,22.0,0.990,1,1,40.6,0.34,30.44,29.9,0
1779285619333,580,UAS-01,805.6,18.91,21.84,2.92,17.71,23.0,0.990,1,1,170.8,0.27,30.32,30.1,0
1779285619367,581,UAS-02,547.4,19.14,22.31,3.18,18.76,21.4,0.990,1,1,40.0,0.11,30.27,29.9,0
1779285619400,582,GND-VEH-01,437.7,19.13,22.07,2.93,18.26,20.8,0.990,1,1,41.0,0.06,30.37,30.2,0
1779285619433,583,PERSON-01,640.0,18.76,21.54,2.79,17.37,22.6,0.990,1,1,40.0,0.38,29.97,29.9,0
1779285619467,584,UAS-01,629.1,18.85,21.95,3.10,17.09,22.4,0.990,1,1,40.0,0.33,30.19,29.9,0
1779285619500,585,UAS-02,466.6,19.23,22.40,3.17,19.03,21.8,0.990,1,1,40.0,0.23,30.23,30.0,0
1779285619533,586,GND-VEH-01,563.3,19.00,22.00,3.00,17.43,22.2,0.990,1,1,40.0,0.07,29.90,30.0,0
1779285619567,587,PERSON-01,686.8,19.29,22.32,3.03,18.53,20.7,0.977,1,1,40.0,0.38,30.27,30.0,0
1779285619600,588,UAS-01,477.9,19.05,22.15,3.10,17.65,21.0,0.990,1,1,40.0,0.04,30.61,30.1,0
1779285619633,589,UAS-02,408.3,19.10,22.33,3.23,18.52,22.3,0.990,1,1,41.8,0.52,30.84,30.0,0
1779285619667,590,GND-VEH-01,676.2,18.95,21.61,2.66,17.03,22.4,0.989,1,1,40.0,0.19,30.44,30.0,0
1779285619700,591,PERSON-01,407.9,18.87,21.95,3.08,17.45,23.4,0.990,1,1,40.3,0.55,30.22,30.1,0
1779285619733,592,UAS-01,435.3,18.98,22.35,3.37,18.48,23.6,0.990,1,1,41.3,0.03,30.15,30.0,0
1779285619767,593,UAS-02,448.8,19.26,22.21,2.96,18.24,23.5,0.978,1,1,40.0,0.07,30.72,30.0,0
1779285619800,594,GND-VEH-01,443.7,19.03,22.23,3.20,18.77,20.1,0.968,1,1,40.0,0.30,30.20,30.0,0
1779285619833,595,PERSON-01,474.6,18.83,21.87,3.04,18.76,22.1,0.988,1,1,40.3,0.10,30.55,30.1,0
1779285619867,596,UAS-01,425.9,19.05,22.50,3.46,18.57,21.6,0.990,1,1,42.5,0.13,30.33,30.2,0
1779285619900,597,UAS-02,478.0,19.13,22.35,3.23,18.53,20.7,0.990,1,1,40.0,0.33,30.34,29.9,0
1779285619933,598,GND-VEH-01,381.1,19.16,22.45,3.29,18.26,22.0,0.990,1,1,40.0,0.37,30.29,30.0,0
1779285619967,599,PERSON-01,652.2,19.28,22.17,2.88,18.27,21.8,0.990,1,1,41.3,0.35,29.80,29.9,0
1779285620000,600,UAS-01,558.8,19.06,22.25,3.19,17.91,21.4,0.990,1,1,40.1,0.39,30.17,30.1,0
1779285620033,601,UAS-02,354.6,18.87,21.85,2.97,18.51,21.3,0.990,1,1,103.2,0.09,30.72,30.1,0
1779285620067,602,GND-VEH-01,324.0,18.91,22.32,3.42,18.16,23.9,0.990,1,1,40.0,0.31,30.52,30.1,0
1779285620100,603,PERSON-01,946.0,19.09,22.17,3.08,17.99,22.7,0.990,1,1,42.0,0.02,30.20,30.0,0
1779285620133,604,UAS-01,473.6,18.83,21.96,3.13,17.95,21.7,0.990,1,1,40.0,0.31,29.87,30.0,0
1779285620167,605,UAS-02,526.3,19.19,22.40,3.21,17.74,22.9,0.990,1,1,40.0,0.49,30.41,30.1,0
1779285620200,606,GND-VEH-01,310.9,19.17,22.82,3.65,18.97,22.0,0.962,1,1,40.0,0.02,30.14,30.0,0
1779285620233,607,PERSON-01,313.8,18.92,22.26,3.34,18.31,22.2,0.990,1,1,40.7,0.39,30.29,30.1,0
1779285620267,608,UAS-01,371.0,18.85,22.05,3.20,18.37,21.8,0.990,1,1,40.0,0.33,30.31,30.0,0
1779285620300,609,UAS-02,615.4,19.07,22.34,3.26,18.37,22.7,0.987,1,1,40.7,0.16,30.42,30.1,0
1779285620333,610,GND-VEH-01,392.4,18.92,22.26,3.34,18.12,22.0,0.980,1,1,40.0,0.34,30.40,30.1,0
1779285620367,611,PERSON-01,475.6,18.99,22.04,3.05,18.61,22.8,0.990,1,1,40.0,0.43,30.33,29.9,0
1779285620400,612,UAS-01,302.7,19.05,22.17,3.12,18.57,21.6,0.990,1,1,40.0,0.40,30.52,30.1,0
1779285620433,613,UAS-02,560.2,19.20,22.44,3.24,18.05,21.8,0.990,1,1,42.1,0.07,30.50,30.0,0
1779285620467,614,GND-VEH-01,467.5,19.06,22.32,3.26,18.75,24.2,0.990,1,1,40.6,0.54,30.30,30.1,0
1779285620500,615,PERSON-01,556.6,19.14,22.31,3.16,17.25,22.0,0.990,1,1,40.0,0.20,30.38,30.0,0
1779285620533,616,UAS-01,782.1,18.85,21.95,3.11,17.87,23.7,0.990,1,1,40.0,0.29,30.38,30.0,0
1779285620567,617,UAS-02,747.6,18.87,21.96,3.10,17.87,21.6,0.985,1,1,40.0,0.05,30.48,29.8,0
1779285620600,618,GND-VEH-01,439.6,18.96,22.10,3.14,18.33,20.5,0.990,1,1,40.0,0.13,30.52,30.1,0
1779285620633,619,PERSON-01,591.2,18.94,21.96,3.03,17.83,22.5,0.990,1,1,40.4,0.26,30.94,29.9,0
1779285620667,620,UAS-01,412.8,19.03,22.07,3.04,18.20,23.4,0.990,1,1,40.0,0.28,30.34,29.9,0
1779285620700,621,UAS-02,342.8,18.95,22.03,3.09,18.30,22.1,0.971,1,1,40.1,0.35,30.63,30.0,0
1779285620733,622,GND-VEH-01,461.1,19.07,22.26,3.19,19.10,22.1,0.990,1,1,40.3,0.20,30.07,30.0,0
1779285620767,623,PERSON-01,350.0,18.58,22.05,3.46,17.73,21.5,0.988,1,1,41.8,0.15,30.63,29.8,0
1779285620800,624,UAS-01,333.5,18.87,21.82,2.95,18.39,22.1,0.990,1,1,44.0,0.16,30.63,29.9,0
1779285620833,625,UAS-02,448.8,19.06,22.05,3.00,17.51,22.8,0.990,1,1,40.0,0.02,30.30,30.0,0
1779285620867,626,GND-VEH-01,499.1,19.05,22.10,3.05,17.59,22.2,0.990,1,1,40.0,0.55,30.63,30.2,0
1779285620900,627,PERSON-01,319.2,18.77,21.95,3.18,18.49,21.0,0.985,1,1,42.8,0.26,30.75,29.9,0
1779285620933,628,UAS-01,436.8,19.10,22.36,3.25,18.03,22.6,0.990,1,1,40.0,0.15,30.37,29.8,0
1779285620967,629,UAS-02,613.1,18.76,21.89,3.13,18.31,22.1,0.990,1,1,137.7,0.04,30.38,30.1,0
1779285621000,630,GND-VEH-01,414.7,19.12,22.49,3.37,18.62,22.6,0.987,1,1,40.0,0.19,30.31,30.1,0
1779285621033,631,PERSON-01,485.4,19.12,22.25,3.13,18.32,23.3,0.979,1,1,40.6,0.23,30.47,29.9,0
1779285621067,632,UAS-01,548.8,18.86,22.10,3.24,17.72,22.4,0.990,1,1,40.0,0.42,30.18,30.0,0
1779285621100,633,UAS-02,320.3,19.11,22.21,3.10,17.67,23.4,0.981,1,1,40.9,0.20,30.63,30.0,0
1779285621133,634,GND-VEH-01,344.2,19.02,22.46,3.44,18.46,20.8,0.985,1,1,40.2,0.01,30.25,29.9,0
1779285621167,635,PERSON-01,372.9,18.93,22.34,3.41,18.59,22.2,0.990,1,1,40.0,0.24,30.39,30.0,0
1779285621200,636,UAS-01,301.9,18.81,22.01,3.20,18.48,23.5,0.980,1,1,40.0,0.25,30.64,30.0,0
1779285621233,637,UAS-02,411.9,18.78,21.93,3.14,18.88,21.1,0.990,1,1,173.3,0.09,30.61,30.0,0
1779285621267,638,GND-VEH-01,504.6,18.94,22.21,3.28,17.73,23.5,0.990,1,1,40.0,0.53,30.74,30.1,0
1779285621300,639,PERSON-01,683.9,19.02,22.17,3.15,19.05,22.1,0.990,1,1,40.0,0.24,30.25,29.9,0
1779285621333,640,UAS-01,679.4,19.02,22.25,3.22,18.47,22.6,0.978,1,1,42.6,0.33,30.31,30.1,0
1779285621367,641,UAS-02,446.8,18.69,21.96,3.27,18.33,22.1,0.987,1,1,40.0,0.09,30.49,30.0,0
1779285621400,642,GND-VEH-01,616.2,18.85,21.92,3.06,18.28,22.1,0.990,1,1,40.0,0.42,30.17,30.1,0
1779285621433,643,PERSON-01,350.1,19.02,22.14,3.12,17.95,22.9,0.990,1,1,40.0,0.31,30.87,30.0,0
1779285621467,644,UAS-01,582.0,19.03,22.09,3.06,18.12,23.5,0.990,1,1,43.1,0.40,30.76,30.1,0
1779285621500,645,UAS-02,427.0,18.91,21.90,2.99,17.39,21.1,0.990,1,1,40.0,0.14,30.37,30.0,0
1779285621533,646,GND-VEH-01,383.7,19.02,22.40,3.38,19.06,20.8,0.990,1,1,41.0,0.21,30.45,30.0,0
1779285621567,647,PERSON-01,354.3,18.75,21.82,3.07,17.69,23.9,0.990,1,1,42.2,0.41,30.85,30.0,0
1779285621600,648,UAS-01,333.3,19.16,22.18,3.02,18.07,21.4,0.990,1,1,40.0,0.49,30.58,29.8,0
1779285621633,649,UAS-02,486.5,19.00,22.25,3.25,18.75,21.1,0.980,1,1,40.0,0.22,30.58,29.9,0
1779285621667,650,GND-VEH-01,476.9,19.04,22.23,3.19,18.06,22.5,0.990,1,1,41.1,0.18,30.55,29.9,0
1779285621700,651,PERSON-01,499.8,19.03,22.11,3.08,18.51,22.9,0.990,1,1,40.0,0.00,30.39,30.0,0
1779285621733,652,UAS-01,408.1,18.92,21.81,2.89,17.96,22.4,0.990,1,1,40.7,0.20,30.70,30.1,0
1779285621767,653,UAS-02,317.9,18.90,22.26,3.35,18.36,21.9,0.990,1,1,40.0,0.14,30.39,30.0,0
1779285621800,654,GND-VEH-01,982.4,19.26,22.29,3.04,18.36,20.3,0.990,1,1,42.1,0.21,30.42,29.9,0
1779285621833,655,PERSON-01,370.8,19.09,22.37,3.28,18.46,22.3,0.990,1,1,40.0,0.27,30.82,30.0,0
1779285621867,656,UAS-01,373.7,18.87,22.23,3.36,18.49,20.8,0.987,1,1,40.5,0.09,30.69,30.0,0
1779285621900,657,UAS-02,549.0,18.94,22.07,3.13,18.24,21.3,0.990,1,1,40.0,0.10,30.52,30.0,0
1779285621933,658,GND-VEH-01,415.1,19.13,22.18,3.05,18.15,23.2,0.973,1,1,40.1,0.20,30.27,29.9,0
1779285621967,659,PERSON-01,310.9,18.79,22.29,3.50,18.09,22.6,0.990,1,1,40.0,0.06,30.53,29.9,0
1779285622000,660,UAS-01,806.1,19.26,22.44,3.17,17.79,22.9,0.983,1,1,171.2,0.14,30.46,30.2,0
1779285622033,661,UAS-02,404.3,18.94,22.00,3.06,18.50,21.9,0.990,1,1,40.0,0.06,30.50,30.0,0
1779285622067,662,GND-VEH-01,349.8,18.96,22.02,3.06,17.67,20.2,0.990,1,1,40.0,0.32,30.76,30.0,0
1779285622100,663,PERSON-01,657.0,18.94,22.22,3.27,19.38,21.5,0.990,1,1,40.0,0.14,30.70,30.0,0
1779285622133,664,UAS-01,421.9,19.04,22.43,3.39,18.45,20.4,0.986,1,1,42.3,0.05,30.68,30.1,0
1779285622167,665,UAS-02,452.5,18.74,21.88,3.14,17.79,23.3,0.973,1,1,40.0,0.09,30.40,29.9,0
1779285622200,666,GND-VEH-01,687.3,18.78,21.68,2.90,17.98,22.3,0.990,1,1,40.0,0.26,30.34,30.1,0
1779285622233,667,PERSON-01,573.7,19.09,22.07,2.98,17.85,20.5,0.961,1,1,40.0,0.38,30.43,30.1,0
1779285622267,668,UAS-01,439.7,19.09,22.27,3.18,17.82,21.5,0.990,1,1,162.1,0.01,30.52,30.0,0
1779285622300,669,UAS-02,368.5,19.25,22.60,3.35,18.51,22.3,0.990,1,1,40.0,0.19,30.68,29.9,0
1779285622333,670,GND-VEH-01,569.7,19.02,22.01,2.99,17.86,23.1,0.990,1,1,40.4,0.32,30.43,30.0,0
1779285622367,671,PERSON-01,377.6,19.24,22.25,3.02,18.87,21.8,0.990,1,1,40.0,0.28,30.40,30.0,0
1779285622400,672,UAS-01,733.9,18.96,22.15,3.19,18.44,21.7,0.990,1,1,41.8,0.02,30.25,30.0,0
1779285622433,673,UAS-02,423.3,19.02,22.21,3.19,19.30,21.1,0.990,1,1,40.0,0.12,30.97,30.0,0
1779285622467,674,GND-VEH-01,615.0,19.14,22.18,3.04,18.34,21.8,0.989,1,1,40.0,0.54,30.41,30.1,0
1779285622500,675,PERSON-01,480.8,19.00,22.02,3.02,17.76,22.9,0.990,1,1,40.0,0.06,30.42,29.9,0
1779285622533,676,UAS-01,536.0,18.95,21.87,2.92,17.83,22.3,0.960,1,1,41.1,0.04,30.80,30.0,0
1779285622567,677,UAS-02,655.6,18.91,22.09,3.18,18.29,22.7,0.990,1,1,40.0,0.02,30.79,29.9,0
1779285622600,678,GND-VEH-01,333.4,19.05,22.21,3.16,18.57,21.4,0.990,1,1,178.6,0.24,30.47,29.9,0
1779285622633,679,PERSON-01,352.2,19.11,22.67,3.56,19.53,22.9,0.986,1,1,40.0,0.51,30.89,29.8,0
1779285622667,680,UAS-01,684.6,19.14,22.01,2.87,18.26,21.2,0.990,1,1,40.0,0.52,30.60,30.0,0
1779285622700,681,UAS-02,335.4,18.98,21.95,2.97,17.24,22.2,0.973,1,1,40.0,0.15,30.54,30.1,0
1779285622733,682,GND-VEH-01,389.0,19.11,22.23,3.12,18.34,21.2,0.990,1,1,40.5,0.08,30.56,30.0,0
1779285622767,683,PERSON-01,432.8,18.80,22.09,3.30,18.34,21.8,0.976,1,1,40.7,0.16,30.77,30.1,0
1779285622800,684,UAS-01,400.3,18.90,22.31,3.41,19.51,22.9,0.987,1,1,40.3,0.52,31.11,30.0,0
1779285622833,685,UAS-02,428.8,18.96,22.10,3.14,17.83,22.5,0.990,1,1,40.4,0.28,30.65,30.0,0
1779285622867,686,GND-VEH-01,727.2,18.77,21.78,3.01,18.32,21.9,0.990,1,1,41.4,0.17,30.90,30.0,0
1779285622900,687,PERSON-01,360.1,18.63,21.56,2.93,17.52,22.5,0.990,1,1,41.1,0.24,30.82,29.9,0
1779285622933,688,UAS-01,354.2,19.04,22.18,3.14,18.42,21.3,0.990,1,1,40.0,0.75,30.87,30.1,0
1779285622967,689,UAS-02,357.3,18.95,22.02,3.07,19.05,20.8,0.987,1,1,40.5,0.19,30.48,29.9,0
1779285623000,690,GND-VEH-01,445.5,19.12,21.89,2.77,17.30,21.1,0.990,1,1,40.0,0.51,30.53,30.0,0
1779285623033,691,PERSON-01,511.8,18.88,22.32,3.44,19.66,21.3,0.990,1,1,174.2,0.41,30.55,29.8,0
1779285623067,692,UAS-01,458.3,19.12,22.22,3.10,18.13,22.6,0.990,1,1,40.0,0.58,31.03,29.9,0
1779285623100,693,UAS-02,468.0,18.99,22.08,3.09,18.38,21.8,0.990,1,1,40.7,0.07,30.98,30.0,0
1779285623133,694,GND-VEH-01,534.3,18.76,21.92,3.15,17.68,22.7,0.990,1,1,40.7,0.05,30.10,29.9,0
1779285623167,695,PERSON-01,552.9,18.83,22.08,3.25,18.17,21.5,0.990,1,1,40.0,0.36,30.75,30.1,0
1779285623200,696,UAS-01,522.3,19.05,22.29,3.24,18.10,22.3,0.990,1,1,41.7,0.04,30.99,29.9,0
1779285623233,697,UAS-02,520.7,19.09,21.85,2.76,18.32,21.1,0.977,1,1,40.0,0.46,31.13,30.1,0
1779285623267,698,GND-VEH-01,646.1,18.97,21.84,2.88,17.33,21.8,0.984,1,1,40.3,0.13,30.42,30.0,0
1779285623300,699,PERSON-01,760.9,18.83,21.90,3.07,18.50,21.8,0.990,1,1,40.0,0.05,30.95,30.0,0
1779285623333,700,UAS-01,650.7,18.73,21.99,3.26,18.24,22.4,0.990,1,1,41.2,0.16,31.18,30.1,0
1779285623367,701,UAS-02,338.7,18.85,22.35,3.50,18.76,22.2,0.983,1,1,40.0,0.40,30.72,30.0,0
1779285623400,702,GND-VEH-01,403.0,18.95,21.98,3.03,18.29,22.2,0.990,1,1,40.0,0.29,30.60,30.0,0
1779285623433,703,PERSON-01,321.0,18.91,22.22,3.31,18.28,20.3,0.990,1,1,41.3,0.25,30.74,30.0,0
1779285623467,704,UAS-01,647.2,18.55,21.52,2.97,18.07,22.1,0.990,1,1,40.8,0.07,30.89,30.0,0
1779285623500,705,UAS-02,642.1,18.87,21.62,2.75,17.80,23.5,0.990,1,1,40.4,0.39,30.75,29.9,0
1779285623533,706,GND-VEH-01,364.0,19.02,22.49,3.47,18.99,20.1,0.990,1,1,41.3,0.11,30.44,30.0,0
1779285623567,707,PERSON-01,360.7,18.94,21.92,2.98,18.18,22.8,0.990,1,1,40.0,0.15,30.62,29.9,0
1779285623600,708,UAS-01,615.0,18.97,21.81,2.84,17.95,20.2,0.990,1,1,40.0,0.14,30.37,30.0,0
1779285623633,709,UAS-02,933.3,18.80,22.17,3.37,18.35,21.4,0.990,1,1,41.7,0.28,30.74,30.1,0
1779285623667,710,GND-VEH-01,598.7,19.09,22.06,2.98,17.12,20.8,0.990,1,1,41.5,0.08,30.60,30.0,0
1779285623700,711,PERSON-01,414.5,19.11,22.44,3.33,18.81,21.9,0.978,1,1,42.4,0.34,30.92,29.9,0
1779285623733,712,UAS-01,374.6,19.03,22.44,3.41,18.66,21.0,0.982,1,1,42.1,0.06,31.02,30.1,0
1779285623767,713,UAS-02,357.4,19.21,22.48,3.27,18.64,20.8,0.990,1,1,40.0,0.16,30.82,29.8,0
1779285623800,714,GND-VEH-01,469.7,19.15,22.14,2.99,17.89,22.7,0.990,1,1,40.0,0.38,31.20,30.1,0
1779285623833,715,PERSON-01,591.6,19.00,21.70,2.71,17.96,23.1,0.988,1,1,41.4,0.66,30.40,30.1,0
1779285623867,716,UAS-01,496.1,18.93,21.74,2.81,17.80,22.4,0.973,1,1,40.0,0.36,30.95,30.1,0
1779285623900,717,UAS-02,378.0,18.72,21.81,3.08,17.80,21.0,0.990,1,1,41.0,0.35,30.34,30.0,0
1779285623933,718,GND-VEH-01,430.0,18.67,21.75,3.08,18.37,22.9,0.987,1,1,40.0,0.43,31.04,30.0,0
1779285623967,719,PERSON-01,497.2,19.02,22.21,3.19,18.12,22.6,0.973,1,1,40.0,0.03,31.18,30.0,0
1779285624000,720,UAS-01,442.7,18.76,21.94,3.18,18.01,21.0,0.990,1,1,40.4,0.19,31.18,30.2,0
1779285624033,721,UAS-02,632.1,19.08,22.22,3.14,18.10,22.8,0.990,1,1,43.3,0.05,30.93,30.0,0
1779285624067,722,GND-VEH-01,380.1,18.76,22.05,3.29,18.11,21.4,0.990,1,1,40.0,0.19,30.90,29.9,0
1779285624100,723,PERSON-01,709.8,18.95,21.82,2.87,18.48,20.1,0.990,1,1,42.9,0.14,30.80,30.0,0
1779285624133,724,UAS-01,623.2,19.29,22.24,2.95,18.22,22.0,0.990,1,1,40.0,0.56,30.50,29.9,0
1779285624167,725,UAS-02,426.4,19.07,22.04,2.97,18.30,22.3,0.990,1,1,40.0,0.34,30.90,30.1,0
1779285624200,726,GND-VEH-01,544.0,18.94,22.00,3.06,18.01,21.8,0.964,1,1,40.0,0.01,30.27,30.0,0
1779285624233,727,PERSON-01,469.6,18.89,22.07,3.18,18.74,20.7,0.984,1,1,40.0,0.72,30.80,29.9,0
1779285624267,728,UAS-01,510.9,19.08,22.43,3.36,18.70,21.2,0.990,1,1,40.0,0.11,30.91,30.0,0
1779285624300,729,UAS-02,327.0,18.90,21.97,3.07,18.24,21.9,0.987,1,1,41.5,0.16,30.65,30.1,0
1779285624333,730,GND-VEH-01,662.6,18.93,22.20,3.27,18.57,22.7,0.990,1,1,109.3,0.03,30.90,30.0,0
1779285624367,731,PERSON-01,664.1,19.02,21.70,2.69,17.20,23.8,0.990,1,1,40.0,0.60,30.84,30.0,0
1779285624400,732,UAS-01,311.0,19.11,22.50,3.39,17.86,22.3,0.990,1,1,40.0,0.13,30.59,30.0,0
1779285624433,733,UAS-02,503.1,18.83,22.13,3.30,18.62,21.3,0.990,1,1,42.7,0.32,30.43,30.1,0
1779285624467,734,GND-VEH-01,486.1,18.96,21.99,3.03,18.92,21.3,0.990,1,1,40.8,0.10,30.86,30.0,0
1779285624500,735,PERSON-01,369.7,18.95,22.22,3.26,18.65,20.8,0.981,1,1,41.9,0.22,30.89,30.1,0
1779285624533,736,UAS-01,349.5,18.96,22.36,3.40,18.39,22.0,0.988,1,1,41.6,0.28,30.72,30.0,0
1779285624567,737,UAS-02,300.8,19.26,22.40,3.14,17.68,23.1,0.990,1,1,40.0,0.17,30.74,30.0,0
1779285624600,738,GND-VEH-01,462.6,19.07,22.25,3.18,18.13,21.3,0.990,1,1,40.0,0.34,30.78,29.9,0
1779285624633,739,PERSON-01,376.4,18.93,22.26,3.33,17.81,20.5,0.977,1,1,40.0,0.12,30.99,30.0,0
1779285624667,740,UAS-01,732.3,18.79,21.46,2.67,17.45,21.8,0.988,1,1,40.0,0.13,30.66,30.0,0
1779285624700,741,UAS-02,420.7,19.22,22.23,3.01,17.71,23.6,0.987,1,1,42.4,0.29,30.95,29.9,0
1779285624733,742,GND-VEH-01,420.1,18.94,22.01,3.07,17.85,20.6,0.988,1,1,40.0,0.06,30.98,30.1,0
1779285624767,743,PERSON-01,706.4,18.99,21.93,2.94,18.01,20.6,0.990,1,1,40.0,0.19,31.00,29.9,0
1779285624800,744,UAS-01,474.0,18.93,22.38,3.45,19.54,21.1,0.990,1,1,40.2,0.18,30.89,30.1,0
1779285624833,745,UAS-02,532.5,19.10,22.03,2.93,17.84,22.3,0.990,1,1,40.0,0.20,31.29,29.9,0
1779285624867,746,GND-VEH-01,692.6,18.95,21.81,2.86,17.96,22.8,0.990,1,1,40.4,0.25,31.11,30.0,0
1779285624900,747,PERSON-01,677.9,18.93,21.78,2.85,17.84,23.0,0.990,1,1,40.0,0.30,30.96,30.0,0
1779285624933,748,UAS-01,368.0,19.08,22.26,3.18,17.87,22.9,0.990,1,1,40.0,0.01,30.94,30.0,0
1779285624967,749,UAS-02,303.8,19.15,22.54,3.39,18.06,23.0,0.971,1,1,40.2,0.12,30.98,30.0,0
1779285625000,750,GND-VEH-01,486.0,18.96,22.45,3.49,18.60,20.6,0.990,1,1,40.3,0.40,31.35,29.9,0
1779285625033,751,PERSON-01,353.6,18.84,22.07,3.23,18.22,23.7,0.990,1,1,40.0,0.34,31.24,30.1,0
1779285625067,752,UAS-01,440.7,18.97,22.28,3.31,18.29,19.9,0.990,1,1,41.1,0.47,30.97,30.1,0
1779285625100,753,UAS-02,507.2,18.86,22.21,3.35,18.52,22.6,0.990,1,1,41.9,0.35,31.36,29.9,0
1779285625133,754,GND-VEH-01,331.9,19.02,22.50,3.48,18.22,20.6,0.990,1,1,40.0,0.42,30.94,29.9,0
1779285625167,755,PERSON-01,404.3,19.26,22.75,3.49,18.36,24.0,0.990,1,1,40.0,0.29,31.06,30.2,0
1779285625200,756,UAS-01,666.8,18.95,22.07,3.12,17.68,21.7,0.990,1,1,40.0,0.19,31.08,29.9,0
1779285625233,757,UAS-02,684.5,19.01,22.41,3.41,18.32,22.7,0.983,1,1,41.9,0.38,30.98,30.0,0
1779285625267,758,GND-VEH-01,356.7,18.89,22.37,3.49,18.97,22.7,0.990,1,1,40.0,0.43,31.18,29.9,0
1779285625300,759,PERSON-01,486.6,18.96,22.31,3.35,19.20,21.7,0.990,1,1,40.0,0.22,31.03,30.0,0
1779285625333,760,UAS-01,458.1,18.65,22.10,3.45,18.51,22.3,0.990,1,1,40.8,0.04,30.99,30.1,0
1779285625367,761,UAS-02,867.5,19.09,22.12,3.03,17.79,23.3,0.990,1,1,151.5,0.20,31.22,30.0,0
1779285625400,762,GND-VEH-01,516.9,18.83,21.98,3.15,18.79,22.5,0.990,1,1,40.0,0.01,30.65,30.1,0
1779285625433,763,PERSON-01,618.0,18.96,21.74,2.78,17.40,22.1,0.990,1,1,41.0,0.09,30.71,30.0,0
1779285625467,764,UAS-01,388.6,19.10,22.54,3.44,19.05,21.6,0.990,1,1,40.0,0.21,31.35,30.0,0
1779285625500,765,UAS-02,556.7,18.95,21.89,2.94,17.66,22.5,0.990,1,1,40.6,0.11,30.72,29.8,0
1779285625533,766,GND-VEH-01,350.0,18.93,22.29,3.36,18.10,22.4,0.990,1,1,41.1,0.06,31.13,30.2,0
1779285625567,767,PERSON-01,387.9,18.92,22.17,3.26,18.12,21.4,0.987,1,1,41.1,0.50,30.90,30.0,0
1779285625600,768,UAS-01,736.8,19.04,22.04,2.99,17.69,23.2,0.990,1,1,40.0,0.56,31.27,30.0,0
1779285625633,769,UAS-02,575.8,19.00,22.19,3.19,18.81,20.8,0.990,1,1,40.0,0.20,31.17,30.0,0
1779285625667,770,GND-VEH-01,337.3,19.25,22.25,3.00,18.74,21.4,0.990,1,1,40.0,0.49,30.87,30.1,0
1779285625700,771,PERSON-01,431.9,19.15,22.66,3.50,18.22,22.7,0.990,1,1,41.5,0.19,31.11,30.1,0
1779285625733,772,UAS-01,587.5,19.19,22.09,2.90,17.00,22.9,0.990,1,1,42.2,0.24,31.27,29.9,0
1779285625767,773,UAS-02,428.0,19.17,22.20,3.03,18.16,22.8,0.990,1,1,138.3,0.05,31.16,30.0,0
1779285625800,774,GND-VEH-01,572.0,18.73,22.01,3.29,18.88,21.1,0.990,1,1,43.1,0.03,31.11,29.9,0
1779285625833,775,PERSON-01,722.0,19.18,21.82,2.65,17.62,22.0,0.990,1,1,43.1,0.24,31.17,29.9,0
1779285625867,776,UAS-01,605.4,18.94,21.79,2.85,17.75,22.7,0.990,1,1,40.0,0.19,30.92,29.9,0
1779285625900,777,UAS-02,858.1,18.88,21.99,3.11,18.44,21.3,0.975,1,1,40.0,0.22,30.67,30.0,0
1779285625933,778,GND-VEH-01,558.1,19.03,22.12,3.09,17.64,20.7,0.990,1,1,42.7,0.10,30.96,30.0,0
1779285625967,779,PERSON-01,599.6,18.79,22.24,3.45,19.22,21.6,0.990,1,1,40.2,0.14,31.13,29.9,0
1779285626000,780,UAS-01,650.6,18.81,21.97,3.16,17.35,21.1,0.990,1,1,40.0,0.24,31.18,29.8,0
1779285626033,781,UAS-02,426.9,19.05,22.17,3.12,18.15,22.2,0.981,1,1,41.9,0.38,31.08,29.9,0
1779285626067,782,GND-VEH-01,484.0,18.84,22.07,3.23,18.87,23.3,0.968,1,1,40.0,0.17,31.64,29.9,0
1779285626100,783,PERSON-01,465.7,19.13,22.29,3.15,18.31,22.9,0.990,1,1,40.5,0.42,31.20,30.2,0
1779285626133,784,UAS-01,335.9,19.00,22.38,3.38,18.05,22.6,0.990,1,1,143.8,0.01,31.02,29.9,0
1779285626167,785,UAS-02,322.3,18.98,21.96,2.98,18.50,22.2,0.979,1,1,40.0,0.05,31.13,30.1,0
1779285626200,786,GND-VEH-01,758.7,18.97,22.42,3.45,18.51,21.5,0.990,1,1,40.0,0.30,30.94,30.0,0
1779285626233,787,PERSON-01,360.9,18.88,22.26,3.38,18.47,23.6,0.990,1,1,41.6,0.30,31.23,30.2,0
1779285626267,788,UAS-01,476.5,18.85,21.99,3.14,18.40,21.2,0.990,1,1,40.0,0.29,30.99,29.8,0
1779285626300,789,UAS-02,345.4,19.12,22.42,3.30,18.83,22.1,0.990,1,1,40.0,0.28,31.30,29.9,0
1779285626333,790,GND-VEH-01,516.4,19.07,22.24,3.17,17.93,21.3,0.990,1,1,40.2,0.23,30.91,30.0,0
1779285626367,791,PERSON-01,792.3,18.88,22.21,3.33,18.43,20.5,0.990,1,1,40.0,0.41,31.03,30.0,0
1779285626400,792,UAS-01,552.6,18.77,22.09,3.33,18.47,21.1,0.990,1,1,40.0,0.02,30.91,30.0,0
1779285626433,793,UAS-02,505.8,19.00,22.04,3.04,18.13,21.8,0.990,1,1,40.0,0.05,30.88,29.9,0
1779285626467,794,GND-VEH-01,658.6,18.76,21.59,2.83,16.98,21.9,0.990,1,1,40.0,0.35,30.87,29.9,0
1779285626500,795,PERSON-01,733.4,19.04,22.11,3.07,17.22,22.1,0.990,1,1,179.1,0.24,31.58,30.1,0
1779285626533,796,UAS-01,494.8,18.98,21.81,2.83,17.82,20.7,0.974,1,1,157.8,0.15,30.96,30.0,0
1779285626567,797,UAS-02,673.8,18.76,21.94,3.18,18.76,22.2,0.986,1,1,40.0,0.01,31.26,30.0,0
1779285626600,798,GND-VEH-01,384.8,19.05,22.43,3.38,18.13,23.0,0.989,1,1,42.8,0.15,31.10,30.0,0
1779285626633,799,PERSON-01,407.8,18.94,21.87,2.93,18.66,20.7,0.990,1,1,40.0,0.10,31.10,30.1,0
1779285626667,800,UAS-01,485.4,19.35,22.42,3.07,17.54,22.7,0.972,1,1,42.5,0.41,31.32,29.9,0
1779285626700,801,UAS-02,713.3,18.83,21.81,2.98,18.17,21.6,0.990,1,1,40.0,0.47,30.90,30.0,0
1779285626733,802,GND-VEH-01,304.2,18.83,22.34,3.51,19.03,21.1,0.990,1,1,40.0,0.05,30.94,29.9,0
1779285626767,803,PERSON-01,396.5,19.02,21.87,2.85,17.86,22.5,0.990,1,1,40.0,0.45,31.49,30.0,0
1779285626800,804,UAS-01,573.4,18.85,22.04,3.19,18.51,21.2,0.990,1,1,41.8,0.30,30.60,29.8,0
1779285626833,805,UAS-02,360.5,18.90,21.81,2.90,17.81,20.8,0.990,1,1,40.0,0.03,31.42,29.9,0
1779285626867,806,GND-VEH-01,457.3,18.80,22.01,3.22,18.53,22.5,0.990,1,1,41.8,0.02,30.67,30.0,0
1779285626900,807,PERSON-01,351.6,18.97,22.40,3.43,18.74,23.3,0.990,1,1,41.5,0.15,31.11,30.0,0
1779285626933,808,UAS-01,361.2,19.09,22.42,3.33,18.51,22.1,0.990,1,1,41.0,0.09,31.42,30.0,0
1779285626967,809,UAS-02,442.4,18.98,22.10,3.12,17.82,23.1,0.990,1,1,40.0,0.33,30.84,30.0,0
1779285627000,810,GND-VEH-01,484.2,18.78,22.27,3.49,18.96,22.0,0.990,1,1,40.0,0.05,31.23,30.0,0
1779285627033,811,PERSON-01,430.1,18.96,22.14,3.18,18.37,22.7,0.990,1,1,40.0,0.09,30.81,29.9,0
1779285627067,812,UAS-01,484.9,18.91,22.23,3.32,18.89,22.6,0.990,1,1,40.0,0.22,31.41,30.0,0
1779285627100,813,UAS-02,597.5,19.04,22.41,3.37,18.51,22.8,0.990,1,1,40.0,0.01,30.80,30.1,0
1779285627133,814,GND-VEH-01,544.4,19.03,21.88,2.85,17.18,22.8,0.982,1,1,41.0,0.14,30.99,29.8,0
1779285627167,815,PERSON-01,402.0,19.00,22.47,3.47,18.12,21.5,0.990,1,1,157.0,0.04,31.42,29.9,0
1779285627200,816,UAS-01,568.4,18.89,21.95,3.07,18.52,21.3,0.990,1,1,129.8,0.09,31.09,30.1,0
1779285627233,817,UAS-02,470.2,18.70,21.82,3.12,17.93,22.1,0.987,1,1,40.0,0.03,31.58,30.1,0
1779285627267,818,GND-VEH-01,818.4,19.00,21.85,2.85,18.33,23.0,0.986,1,1,40.0,0.44,31.52,29.9,0
1779285627300,819,PERSON-01,392.7,18.95,21.85,2.90,18.00,21.7,0.990,1,1,40.0,0.10,31.07,29.8,0
1779285627333,820,UAS-01,397.8,19.04,22.18,3.14,18.21,20.1,0.990,1,1,40.0,0.03,31.15,30.0,0
1779285627367,821,UAS-02,840.5,19.18,22.30,3.12,17.76,23.5,0.990,1,1,42.6,0.19,31.04,30.0,0
1779285627400,822,GND-VEH-01,302.9,18.70,22.10,3.40,18.83,22.1,0.990,1,1,40.0,0.17,30.89,29.9,0
1779285627433,823,PERSON-01,334.2,18.92,22.26,3.33,18.48,22.2,0.990,1,1,42.3,0.15,31.31,30.1,0
1779285627467,824,UAS-01,424.4,19.05,22.30,3.24,17.95,21.8,0.990,1,1,40.0,0.01,30.88,29.8,0
1779285627500,825,UAS-02,373.2,18.73,21.59,2.86,17.71,21.7,0.990,1,1,40.0,0.48,31.22,29.8,0
1779285627533,826,GND-VEH-01,495.5,19.28,22.63,3.35,17.53,23.8,0.990,1,1,41.3,0.39,31.48,30.0,0
1779285627567,827,PERSON-01,364.0,18.69,21.65,2.96,17.54,21.9,0.990,1,1,40.0,0.12,31.21,29.9,0
1779285627600,828,UAS-01,626.9,18.81,21.82,3.01,17.81,21.5,0.990,1,1,42.8,0.01,31.26,29.9,0
1779285627633,829,UAS-02,472.9,19.02,22.13,3.11,17.76,21.7,0.990,1,1,42.3,0.37,31.17,30.1,0
1779285627667,830,GND-VEH-01,579.5,19.29,22.30,3.01,17.86,20.4,0.990,1,1,40.0,0.24,31.30,30.0,0
1779285627700,831,PERSON-01,323.8,18.75,21.85,3.10,18.54,22.7,0.990,1,1,41.9,0.19,31.26,30.0,0
1779285627733,832,UAS-01,607.5,18.90,21.94,3.04,18.21,23.3,0.990,1,1,40.0,0.05,30.87,30.0,0
1779285627767,833,UAS-02,343.7,19.17,22.27,3.10,18.83,22.1,0.990,1,1,40.0,0.18,31.50,30.0,0
1779285627800,834,GND-VEH-01,323.4,19.24,22.59,3.34,18.44,23.9,0.990,1,1,40.3,0.22,31.26,30.1,0
1779285627833,835,PERSON-01,601.3,18.91,21.94,3.03,17.87,22.2,0.990,1,1,40.5,0.29,31.36,30.0,0
1779285627867,836,UAS-01,405.8,18.92,22.55,3.63,18.49,22.8,0.966,1,1,40.2,0.34,31.08,29.9,0
1779285627900,837,UAS-02,604.7,18.85,22.03,3.17,18.86,21.4,0.970,1,1,40.7,0.01,31.55,29.9,0
1779285627933,838,GND-VEH-01,537.4,18.98,22.23,3.25,18.78,22.5,0.990,1,1,40.4,0.14,31.04,29.9,0
1779285627967,839,PERSON-01,746.4,19.24,22.39,3.15,18.39,21.4,0.990,1,1,40.0,0.42,31.45,29.9,0
1779285628000,840,UAS-01,337.1,18.78,21.69,2.90,17.74,22.0,0.990,1,1,40.0,0.18,31.29,29.9,0
1779285628033,841,UAS-02,717.6,19.22,22.41,3.19,18.65,21.2,0.990,1,1,41.2,0.40,31.12,30.2,0
1779285628067,842,GND-VEH-01,789.7,18.92,21.93,3.01,17.76,21.8,0.980,1,1,40.0,0.09,31.14,29.9,0
1779285628100,843,PERSON-01,626.7,19.23,22.40,3.17,18.34,20.4,0.990,1,1,40.0,0.20,31.50,30.0,0
1779285628133,844,UAS-01,580.1,18.89,21.93,3.03,18.76,21.4,0.990,1,1,40.9,0.05,31.18,29.9,0
1779285628167,845,UAS-02,402.7,18.78,21.88,3.09,17.67,23.1,0.990,1,1,41.6,0.42,31.39,30.0,0
1779285628200,846,GND-VEH-01,307.5,18.85,22.13,3.28,17.79,23.9,0.990,1,1,40.8,0.14,31.71,29.9,0
1779285628233,847,PERSON-01,620.9,18.95,22.09,3.14,18.08,21.4,0.990,1,1,146.0,0.25,31.30,30.0,0
1779285628267,848,UAS-01,492.0,18.74,21.71,2.96,17.00,23.0,0.990,1,1,40.5,0.25,31.34,30.0,0
1779285628300,849,UAS-02,543.1,19.14,22.34,3.20,18.84,22.3,0.990,1,1,40.3,0.11,31.19,29.9,0
1779285628333,850,GND-VEH-01,415.7,19.08,22.06,2.97,18.33,21.1,0.990,1,1,40.0,0.25,31.62,30.0,0
1779285628367,851,PERSON-01,563.4,19.01,22.06,3.05,17.96,23.1,0.986,1,1,40.9,0.11,31.15,30.1,0
1779285628400,852,UAS-01,327.4,18.79,22.29,3.49,18.61,22.1,0.975,1,1,102.1,0.06,31.28,30.2,0
1779285628433,853,UAS-02,470.2,19.11,22.39,3.28,18.27,23.7,0.990,1,1,40.3,0.05,31.42,30.0,0
1779285628467,854,GND-VEH-01,505.0,19.08,22.59,3.51,18.02,22.5,0.985,1,1,43.0,0.12,31.46,30.0,0
1779285628500,855,PERSON-01,508.6,19.08,22.37,3.29,18.63,23.3,0.990,1,1,153.3,0.11,31.41,30.2,0
1779285628533,856,UAS-01,381.1,19.23,22.33,3.09,18.76,22.6,0.990,1,1,40.0,0.05,31.43,30.2,0
1779285628567,857,UAS-02,525.3,18.80,21.77,2.97,17.81,22.5,0.990,1,1,40.0,0.16,30.99,29.8,0
1779285628600,858,GND-VEH-01,495.0,18.84,22.15,3.30,18.31,22.1,0.990,1,1,42.0,0.40,31.61,30.0,0
1779285628633,859,PERSON-01,582.1,18.87,22.07,3.20,18.48,21.0,0.990,1,1,40.0,0.13,31.67,30.1,0
1779285628667,860,UAS-01,843.4,18.73,21.72,2.99,18.10,22.8,0.990,1,1,40.0,0.23,31.30,30.0,0
1779285628700,861,UAS-02,313.7,19.02,22.02,3.00,17.49,22.0,0.990,1,1,166.3,0.06,31.37,30.0,0
1779285628733,862,GND-VEH-01,422.8,19.12,22.22,3.10,17.89,22.1,0.990,1,1,41.9,0.28,31.04,29.9,0
1779285628767,863,PERSON-01,773.6,18.98,22.23,3.26,17.89,23.0,0.990,1,1,40.0,0.69,31.34,30.0,0
1779285628800,864,UAS-01,430.7,19.01,22.03,3.02,19.02,21.9,0.990,1,1,40.1,0.09,31.54,30.0,0
1779285628833,865,UAS-02,333.1,19.17,21.97,2.80,17.57,22.7,0.977,1,1,40.0,0.03,31.09,29.9,0
1779285628867,866,GND-VEH-01,383.8,19.12,22.50,3.38,18.04,22.7,0.990,1,1,40.0,0.32,31.72,30.0,0
1779285628900,867,PERSON-01,579.9,19.19,22.59,3.40,18.42,22.5,0.988,1,1,40.0,0.46,31.16,29.8,0
1779285628933,868,UAS-01,332.5,18.89,22.31,3.42,18.55,21.5,0.980,1,1,41.2,0.25,31.46,30.0,0
1779285628967,869,UAS-02,330.9,19.28,22.62,3.34,18.63,23.5,0.990,1,1,41.3,0.08,31.32,29.8,0
1779285629000,870,GND-VEH-01,714.0,19.08,22.34,3.26,18.68,22.3,0.990,1,1,40.0,0.23,31.65,30.0,0
1779285629033,871,PERSON-01,713.5,18.82,21.88,3.06,19.17,20.9,0.988,1,1,40.0,0.13,31.00,29.9,0
1779285629067,872,UAS-01,323.5,18.90,22.26,3.36,17.95,21.3,0.984,1,1,41.5,0.31,30.80,30.0,0
1779285629100,873,UAS-02,487.3,18.95,22.25,3.31,18.73,22.4,0.990,1,1,41.5,0.29,31.71,29.9,0
1779285629133,874,GND-VEH-01,482.3,18.95,22.24,3.29,18.00,22.0,0.990,1,1,40.0,0.05,31.45,30.1,0
1779285629167,875,PERSON-01,307.9,18.91,21.99,3.08,17.74,23.1,0.990,1,1,40.0,0.50,31.32,30.0,0
1779285629200,876,UAS-01,335.2,19.16,22.50,3.34,18.35,21.8,0.990,1,1,40.0,0.49,31.54,30.0,0
1779285629233,877,UAS-02,339.0,18.71,21.96,3.25,18.36,20.9,0.990,1,1,40.0,0.35,31.50,30.0,0
1779285629267,878,GND-VEH-01,436.4,19.04,21.87,2.82,18.53,21.1,0.981,1,1,40.1,0.33,31.45,30.0,0
1779285629300,879,PERSON-01,407.0,19.03,22.33,3.31,17.92,21.5,0.984,1,1,42.4,0.45,31.21,30.0,0
1779285629333,880,UAS-01,639.0,19.04,22.08,3.04,17.64,22.2,0.990,1,1,40.0,0.14,31.47,29.9,0
1779285629367,881,UAS-02,556.4,19.11,22.17,3.06,18.33,20.6,0.980,1,1,40.0,0.09,31.35,30.1,0
1779285629400,882,GND-VEH-01,650.6,19.21,22.28,3.07,18.13,22.4,0.990,1,1,40.0,0.19,31.60,30.1,0
1779285629433,883,PERSON-01,313.7,18.89,22.10,3.21,18.87,23.2,0.990,1,1,40.0,0.53,31.44,30.1,0
1779285629467,884,UAS-01,410.9,18.94,21.85,2.90,16.83,22.8,0.990,1,1,40.0,0.18,31.38,30.0,0
1779285629500,885,UAS-02,716.6,19.00,22.22,3.22,18.70,22.0,0.990,1,1,41.6,0.13,31.70,30.0,0
1779285629533,886,GND-VEH-01,984.0,18.98,22.00,3.02,17.47,23.8,0.990,1,1,40.9,0.03,31.51,30.0,0
1779285629567,887,PERSON-01,362.9,19.04,22.19,3.15,17.90,22.5,0.985,1,1,40.0,0.11,31.03,29.8,0
1779285629600,888,UAS-01,502.4,18.89,22.01,3.11,18.43,21.3,0.990,1,1,41.4,0.22,31.81,30.0,0
1779285629633,889,UAS-02,709.4,19.10,21.97,2.87,17.89,22.0,0.990,1,1,40.0,0.17,31.70,30.0,0
1779285629667,890,GND-VEH-01,631.6,19.06,22.33,3.27,18.57,23.3,0.990,1,1,40.0,0.19,31.51,30.2,0
1779285629700,891,PERSON-01,625.3,19.04,22.05,3.01,18.06,22.2,0.990,1,1,40.0,0.16,30.99,30.0,0
1779285629733,892,UAS-01,362.3,18.90,21.93,3.04,17.70,20.6,0.990,1,1,40.0,0.14,31.62,30.0,0
1779285629767,893,UAS-02,472.8,18.99,22.06,3.07,17.72,21.8,0.990,1,1,40.0,0.20,31.40,30.1,0
1779285629800,894,GND-VEH-01,309.7,19.30,22.66,3.36,18.51,22.1,0.990,1,1,150.1,0.09,31.44,30.1,0
1779285629833,895,PERSON-01,304.2,18.89,22.06,3.17,17.57,22.0,0.990,1,1,41.1,0.10,31.63,30.1,0
1779285629867,896,UAS-01,426.2,18.96,22.17,3.21,18.71,20.8,0.985,1,1,40.0,0.23,31.51,29.9,0
1779285629900,897,UAS-02,599.0,18.96,22.23,3.27,18.79,21.0,0.990,1,1,40.0,0.30,31.98,30.0,0
1779285629933,898,GND-VEH-01,622.7,18.81,21.91,3.11,18.19,22.3,0.990,1,1,40.0,0.55,31.60,30.0,0
1779285629967,899,PERSON-01,321.9,18.85,22.03,3.17,18.16,22.9,0.990,1,1,41.3,0.35,31.34,29.9,0
1779285630000,900,UAS-01,491.3,18.82,21.94,3.12,17.12,23.2,0.990,1,1,41.2,0.09,31.15,30.1,0
1779285630033,901,UAS-02,645.2,18.81,21.92,3.11,18.36,20.9,0.990,1,1,42.2,0.30,31.57,29.9,0
1779285630067,902,GND-VEH-01,449.9,19.19,22.45,3.25,17.98,20.3,0.988,1,1,40.0,0.05,31.49,29.9,0
1779285630100,903,PERSON-01,463.3,19.00,22.34,3.34,19.00,22.5,0.990,1,1,40.0,0.11,31.32,30.0,0
1779285630133,904,UAS-01,516.5,19.02,21.85,2.83,17.69,21.3,0.990,1,1,40.0,0.26,31.84,30.0,0
1779285630167,905,UAS-02,518.7,18.97,22.22,3.24,18.23,22.4,0.990,1,1,40.0,0.20,31.07,29.8,0
1779285630200,906,GND-VEH-01,855.8,18.91,21.72,2.81,17.48,21.7,0.987,1,1,41.5,0.12,31.73,29.9,0
1779285630233,907,PERSON-01,319.0,18.86,22.00,3.14,18.11,21.9,0.990,1,1,40.0,0.21,31.45,30.1,0
1779285630267,908,UAS-01,320.3,19.08,22.37,3.29,18.68,21.2,0.989,1,1,40.4,0.02,31.92,30.0,0
1779285630300,909,UAS-02,530.1,18.93,22.04,3.10,18.68,20.3,0.985,1,1,42.4,0.08,31.62,29.9,0
1779285630333,910,GND-VEH-01,375.5,19.08,22.57,3.49,18.56,21.3,0.990,1,1,40.0,0.03,31.33,29.9,0
1779285630367,911,PERSON-01,689.6,18.81,21.85,3.04,18.39,21.4,0.990,1,1,40.0,0.17,31.65,30.2,0
1779285630400,912,UAS-01,339.7,19.00,22.33,3.34,18.77,20.9,0.982,1,1,40.0,0.62,31.40,30.0,0
1779285630433,913,UAS-02,470.3,19.01,22.26,3.25,17.86,22.2,0.990,1,1,42.2,0.22,31.50,30.0,0
1779285630467,914,GND-VEH-01,373.4,19.05,22.20,3.15,18.30,23.6,0.990,1,1,40.0,0.16,31.52,30.0,0
1779285630500,915,PERSON-01,932.1,19.14,21.98,2.84,17.03,22.3,0.990,1,1,41.0,0.28,31.51,30.1,0
1779285630533,916,UAS-01,526.2,19.07,22.25,3.18,18.20,23.5,0.990,1,1,40.0,0.27,31.54,30.0,0
1779285630567,917,UAS-02,712.5,18.75,21.72,2.97,18.01,23.4,0.990,1,1,40.0,0.06,31.37,29.9,0
1779285630600,918,GND-VEH-01,322.5,18.96,22.22,3.26,18.89,21.7,0.990,1,1,40.0,0.23,31.70,30.0,0
1779285630633,919,PERSON-01,506.3,18.92,22.17,3.25,18.42,22.2,0.990,1,1,40.0,0.14,31.55,30.1,0
1779285630667,920,UAS-01,364.8,19.00,22.47,3.47,19.03,21.9,0.990,1,1,40.0,0.16,31.54,30.0,0
1779285630700,921,UAS-02,424.0,19.10,21.88,2.78,17.80,21.2,0.977,1,1,40.2,0.52,31.78,30.2,0
1779285630733,922,GND-VEH-01,453.0,18.77,21.82,3.05,18.28,22.4,0.985,1,1,44.8,0.17,31.21,29.9,0
1779285630767,923,PERSON-01,342.4,19.06,22.27,3.21,19.14,20.7,0.990,1,1,41.4,0.38,31.56,30.2,0
1779285630800,924,UAS-01,427.7,19.04,22.37,3.32,18.68,21.9,0.988,1,1,41.5,0.13,31.58,30.0,0
1779285630833,925,UAS-02,520.2,18.82,21.92,3.10,18.71,22.9,0.990,1,1,40.1,0.05,31.90,30.0,0
1779285630867,926,GND-VEH-01,404.8,18.81,22.10,3.29,18.46,23.2,0.990,1,1,40.0,0.17,31.84,30.0,0
1779285630900,927,PERSON-01,303.8,18.81,22.22,3.41,18.63,21.2,0.990,1,1,40.0,0.21,31.48,30.1,0
1779285630933,928,UAS-01,813.6,18.97,22.12,3.15,18.58,22.2,0.990,1,1,40.0,0.18,31.79,30.1,0
1779285630967,929,UAS-02,376.7,19.17,22.45,3.28,17.84,22.1,0.990,1,1,42.8,0.30,31.69,30.2,0
1779285631000,930,GND-VEH-01,326.4,19.12,21.98,2.86,17.04,21.7,0.990,1,1,40.7,0.04,31.88,30.1,0
1779285631033,931,PERSON-01,465.2,18.94,22.13,3.19,18.04,21.6,0.990,1,1,159.9,0.23,31.54,30.1,0
1779285631067,932,UAS-01,743.5,18.83,21.52,2.69,17.30,21.8,0.978,1,1,40.0,0.23,31.67,29.8,0
1779285631100,933,UAS-02,726.4,18.82,21.73,2.91,17.91,20.2,0.990,1,1,42.8,0.13,31.38,29.9,0
1779285631133,934,GND-VEH-01,511.4,18.91,21.92,3.00,17.94,22.0,0.978,1,1,40.0,0.02,31.76,30.0,0
1779285631167,935,PERSON-01,738.7,18.94,21.88,2.94,18.54,21.8,0.990,1,1,40.0,0.24,31.37,30.0,0
1779285631200,936,UAS-01,612.2,18.87,21.82,2.96,17.80,22.0,0.983,1,1,40.0,0.65,31.58,30.0,0
1779285631233,937,UAS-02,519.7,18.93,21.99,3.06,18.30,20.4,0.990,1,1,42.2,0.08,31.37,30.2,0
1779285631267,938,GND-VEH-01,302.5,18.80,22.54,3.75,19.90,22.0,0.975,1,1,40.0,0.15,31.34,30.1,0
1779285631300,939,PERSON-01,381.6,18.86,22.04,3.18,17.61,23.8,0.990,1,1,40.7,0.21,31.71,29.9,0
1779285631333,940,UAS-01,406.6,19.14,22.55,3.41,18.93,22.0,0.990,1,1,40.0,0.23,31.25,30.1,0
1779285631367,941,UAS-02,778.3,19.36,22.58,3.22,18.32,21.8,0.990,1,1,40.0,0.03,32.09,30.1,0
1779285631400,942,GND-VEH-01,448.0,19.08,22.25,3.17,18.18,21.5,0.990,1,1,42.4,0.09,31.59,30.1,0
1779285631433,943,PERSON-01,342.4,19.08,22.32,3.24,18.61,23.0,0.990,1,1,155.3,0.12,31.80,30.0,0
1779285631467,944,UAS-01,560.0,18.99,22.41,3.42,19.13,22.8,0.990,1,1,42.1,0.18,31.36,30.0,0
1779285631500,945,UAS-02,352.6,19.12,22.32,3.20,17.88,23.7,0.990,1,1,41.4,0.09,31.94,29.9,0
1779285631533,946,GND-VEH-01,341.5,19.08,22.24,3.16,18.17,21.4,0.974,1,1,40.1,0.12,31.88,30.0,0
1779285631567,947,PERSON-01,630.7,19.05,21.93,2.88,17.73,22.0,0.987,1,1,40.0,0.26,31.47,30.0,0
1779285631600,948,UAS-01,403.4,19.11,22.39,3.28,18.32,22.7,0.987,1,1,40.0,0.31,32.18,29.9,0
1779285631633,949,UAS-02,732.9,18.93,22.00,3.07,17.87,22.3,0.990,1,1,40.2,0.05,31.81,30.0,0
1779285631667,950,GND-VEH-01,378.6,18.87,22.49,3.62,18.12,22.6,0.990,1,1,40.3,0.22,31.54,29.9,0
1779285631700,951,PERSON-01,637.4,19.09,22.29,3.20,18.09,20.7,0.990,1,1,43.0,0.04,31.55,30.0,0
1779285631733,952,UAS-01,779.0,18.98,22.11,3.14,17.68,21.2,0.990,1,1,40.0,0.42,31.22,30.0,0
1779285631767,953,UAS-02,314.3,19.13,22.56,3.44,19.11,21.6,0.990,1,1,40.0,0.42,31.72,30.1,0
1779285631800,954,GND-VEH-01,389.5,18.99,22.26,3.28,18.60,21.0,0.990,1,1,40.0,0.01,31.68,29.9,0
1779285631833,955,PERSON-01,396.3,19.02,22.51,3.48,18.19,22.4,0.990,1,1,41.4,0.11,31.98,30.0,0
1779285631867,956,UAS-01,347.3,18.97,22.29,3.32,18.93,21.8,0.990,1,1,41.3,0.07,31.40,30.0,0
1779285631900,957,UAS-02,399.9,18.88,22.00,3.12,18.27,22.1,0.986,1,1,40.0,0.17,31.91,30.1,0
1779285631933,958,GND-VEH-01,365.8,19.14,22.70,3.55,18.80,20.3,0.990,1,1,40.0,0.39,31.69,30.1,0
1779285631967,959,PERSON-01,536.3,18.92,22.08,3.16,18.29,21.8,0.990,1,1,40.0,0.17,31.83,30.0,0
1779285632000,960,UAS-01,619.6,18.68,21.62,2.94,17.83,21.8,0.990,1,1,40.0,0.02,31.56,29.9,0
1779285632033,961,UAS-02,593.0,18.88,21.87,3.00,18.41,22.5,0.990,1,1,40.5,0.12,31.79,29.9,0
1779285632067,962,GND-VEH-01,532.7,19.22,22.38,3.15,18.53,22.4,0.990,1,1,41.9,0.47,31.32,29.9,0
1779285632100,963,PERSON-01,666.6,18.91,22.09,3.18,18.57,21.2,0.976,1,1,41.2,0.13,31.76,30.1,0
1779285632133,964,UAS-01,530.2,18.90,21.99,3.09,17.90,21.1,0.990,1,1,40.0,0.09,31.90,30.0,0
1779285632167,965,UAS-02,683.5,19.00,22.43,3.42,18.55,22.6,0.990,1,1,40.0,0.01,31.57,29.9,0
1779285632200,966,GND-VEH-01,308.2,18.95,22.37,3.42,18.84,22.8,0.990,1,1,40.0,0.30,32.01,30.0,0
1779285632233,967,PERSON-01,510.8,18.94,22.08,3.14,17.97,23.2,0.990,1,1,40.0,0.04,31.70,30.1,0
1779285632267,968,UAS-01,425.3,18.79,22.03,3.24,19.39,22.3,0.990,1,1,40.6,0.23,31.87,30.0,0
1779285632300,969,UAS-02,549.8,18.99,21.82,2.84,17.35,21.7,0.983,1,1,40.0,0.06,31.73,29.9,0
1779285632333,970,GND-VEH-01,430.1,18.96,21.76,2.80,18.00,22.7,0.968,1,1,40.0,0.03,31.66,30.1,0
1779285632367,971,PERSON-01,531.1,19.01,22.11,3.10,17.73,22.3,0.990,1,1,40.0,0.40,31.43,30.0,0
1779285632400,972,UAS-01,493.1,19.08,22.09,3.02,17.50,22.1,0.990,1,1,160.2,0.14,31.90,29.9,0
1779285632433,973,UAS-02,405.0,18.72,21.55,2.83,17.49,22.3,0.989,1,1,40.0,0.12,32.24,29.9,0
1779285632467,974,GND-VEH-01,386.0,19.09,21.86,2.77,17.68,22.0,0.990,1,1,40.0,0.12,31.93,30.0,0
1779285632500,975,PERSON-01,573.8,18.80,22.23,3.44,18.69,21.0,0.990,1,1,40.0,0.38,32.06,30.1,0
1779285632533,976,UAS-01,427.6,19.00,21.82,2.82,17.72,22.3,0.990,1,1,40.0,0.07,31.85,29.9,0
1779285632567,977,UAS-02,469.0,18.89,21.81,2.91,18.39,20.8,0.985,1,1,40.9,0.08,32.17,29.9,0
1779285632600,978,GND-VEH-01,538.1,19.03,22.19,3.16,18.14,20.6,0.990,1,1,40.0,0.06,31.70,30.1,0
1779285632633,979,PERSON-01,639.3,19.08,22.21,3.12,18.31,22.6,0.990,1,1,40.0,0.13,31.54,29.9,0
1779285632667,980,UAS-01,513.0,19.04,22.44,3.40,18.38,23.2,0.990,1,1,43.0,0.17,31.78,30.0,0
1779285632700,981,UAS-02,590.5,18.82,21.82,3.00,18.18,22.1,0.990,1,1,41.7,0.16,31.95,30.2,0
1779285632733,982,GND-VEH-01,629.4,18.80,21.54,2.75,17.57,23.0,0.990,1,1,40.0,0.20,31.83,30.0,0
1779285632767,983,PERSON-01,300.5,18.95,22.10,3.16,17.86,23.6,0.990,1,1,40.1,0.30,32.12,30.1,0
1779285632800,984,UAS-01,320.9,18.67,22.10,3.43,18.67,21.6,0.990,1,1,40.0,0.05,32.01,30.2,0
1779285632833,985,UAS-02,359.0,19.01,22.42,3.41,18.63,21.2,0.989,1,1,40.0,0.24,31.84,30.0,0
1779285632867,986,GND-VEH-01,434.3,18.80,21.92,3.11,18.37,22.5,0.990,1,1,40.0,0.31,32.14,30.1,0
1779285632900,987,PERSON-01,420.9,19.14,22.03,2.89,17.81,21.5,0.987,1,1,40.0,0.13,32.06,30.0,0
1779285632933,988,UAS-01,607.2,19.25,22.49,3.24,17.93,22.2,0.990,1,1,40.0,0.21,31.95,30.2,0
1779285632967,989,UAS-02,384.5,19.12,22.43,3.31,17.97,22.0,0.990,1,1,40.0,0.57,31.81,30.1,0
1779285633000,990,GND-VEH-01,651.3,18.90,21.76,2.86,17.89,22.4,0.990,1,1,41.7,0.03,31.92,30.0,0
1779285633033,991,PERSON-01,446.4,19.14,22.51,3.37,18.16,20.6,0.990,1,1,40.0,0.00,31.68,30.1,0
1779285633067,992,UAS-01,353.3,19.20,22.12,2.92,18.02,21.2,0.990,1,1,40.2,0.29,31.85,29.8,0
1779285633100,993,UAS-02,660.5,19.10,22.58,3.49,18.86,21.3,0.990,1,1,40.0,0.53,31.86,30.0,0
1779285633133,994,GND-VEH-01,314.6,18.92,22.10,3.18,18.09,23.0,0.990,1,1,40.4,0.01,31.68,30.0,0
1779285633167,995,PERSON-01,377.0,19.15,22.32,3.18,18.41,21.2,0.990,1,1,40.0,0.28,31.66,29.9,0
1779285633200,996,UAS-01,628.5,18.90,21.61,2.71,17.55,20.7,0.990,1,1,42.8,0.54,31.69,30.0,0
1779285633233,997,UAS-02,324.4,18.88,22.23,3.35,17.88,21.8,0.990,1,1,43.5,0.28,31.93,29.9,0
1779285633267,998,GND-VEH-01,461.7,19.00,22.40,3.40,19.35,20.6,0.990,1,1,40.0,0.19,31.87,30.0,0
1779285633300,999,PERSON-01,489.1,19.05,22.20,3.15,18.65,22.3,0.990,1,1,40.0,0.04,32.12,29.9,0
1779285633333,1000,UAS-01,473.0,19.12,22.25,3.13,18.56,21.9,0.990,1,1,40.0,0.08,31.66,29.9,0
1779285633367,1001,UAS-02,504.4,18.78,21.89,3.11,18.51,21.6,0.990,1,1,40.0,0.14,31.50,30.1,0
1779285633400,1002,GND-VEH-01,809.9,18.98,22.02,3.04,18.20,22.7,0.990,1,1,41.4,0.00,32.07,30.1,0
1779285633433,1003,PERSON-01,311.2,19.32,22.43,3.11,18.27,22.9,0.990,1,1,40.0,0.27,31.87,30.0,0
1779285633467,1004,UAS-01,334.5,19.09,22.40,3.31,18.71,21.6,0.986,1,1,40.0,0.13,32.00,30.2,0
1779285633500,1005,UAS-02,571.3,19.12,22.37,3.25,18.47,21.0,0.990,1,1,41.1,0.62,31.93,30.0,0
1779285633533,1006,GND-VEH-01,351.1,18.98,22.09,3.11,18.03,21.9,0.990,1,1,145.1,0.06,32.15,29.9,0
1779285633567,1007,PERSON-01,509.4,18.85,21.93,3.08,18.90,21.5,0.990,1,1,41.0,0.32,32.07,29.9,0
1779285633600,1008,UAS-01,579.0,18.85,21.91,3.07,18.29,21.7,0.986,1,1,40.5,0.66,31.94,30.1,0
1779285633633,1009,UAS-02,380.5,18.89,22.33,3.44,18.06,22.9,0.990,1,1,40.6,0.03,31.91,30.1,0
1779285633667,1010,GND-VEH-01,310.1,19.03,22.40,3.36,18.40,22.1,0.990,1,1,40.0,0.62,32.39,30.1,0
1779285633700,1011,PERSON-01,705.1,19.04,22.00,2.96,17.76,21.6,0.990,1,1,40.0,0.35,31.91,29.9,0
1779285633733,1012,UAS-01,487.5,18.95,22.15,3.20,17.80,21.9,0.990,1,1,40.0,0.07,31.97,29.9,0
1779285633767,1013,UAS-02,362.2,19.02,22.40,3.38,18.14,21.1,0.990,1,1,40.0,0.73,32.39,30.1,0
1779285633800,1014,GND-VEH-01,620.4,19.01,22.18,3.18,18.13,22.1,0.990,1,1,42.6,0.09,32.08,30.0,0
1779285633833,1015,PERSON-01,532.4,18.82,22.00,3.18,17.98,21.9,0.990,1,1,40.6,0.08,31.80,29.9,0
1779285633867,1016,UAS-01,330.5,18.87,21.95,3.08,18.44,21.7,0.204,0,0,41.0,0.00,31.58,29.8,0
1779285633900,1017,UAS-02,644.8,18.72,21.95,3.23,18.00,23.6,0.990,1,1,41.1,0.21,31.83,29.9,0
1779285633933,1018,GND-VEH-01,406.4,18.88,21.92,3.04,18.41,20.7,0.990,1,1,40.0,0.10,31.97,29.8,0
1779285633967,1019,PERSON-01,566.3,18.70,22.22,3.52,19.26,22.5,0.990,1,1,40.0,0.05,32.25,30.1,0
1779285634000,1020,UAS-01,927.0,19.29,22.19,2.90,18.16,21.8,0.988,1,1,40.0,0.42,32.05,30.0,0
1779285634033,1021,UAS-02,460.8,18.93,22.13,3.19,18.33,22.0,0.990,1,1,41.2,0.28,32.40,29.9,0
1779285634067,1022,GND-VEH-01,446.7,19.21,22.26,3.05,18.30,22.7,0.990,1,1,40.0,0.42,31.87,29.9,0
1779285634100,1023,PERSON-01,396.2,19.16,22.45,3.30,18.59,22.4,0.990,1,1,40.0,0.31,31.51,29.9,0
1779285634133,1024,UAS-01,431.0,19.00,22.19,3.19,18.28,21.4,0.990,1,1,40.0,0.03,32.22,30.0,0
1779285634167,1025,UAS-02,380.3,18.79,21.92,3.14,18.25,22.2,0.978,1,1,40.0,0.06,32.21,30.0,0
1779285634200,1026,GND-VEH-01,345.8,19.04,22.27,3.23,18.38,22.5,0.990,1,1,40.0,0.58,31.43,30.0,0
1779285634233,1027,PERSON-01,329.6,18.89,22.06,3.17,18.76,21.5,0.988,1,1,40.0,0.13,32.18,30.0,0
1779285634267,1028,UAS-01,469.8,19.18,22.30,3.11,18.34,22.4,0.990,1,1,40.4,0.37,31.85,30.1,0
1779285634300,1029,UAS-02,366.5,18.79,22.10,3.31,19.20,20.7,0.990,1,1,41.2,0.07,31.59,30.0,0
1779285634333,1030,GND-VEH-01,627.7,19.09,22.03,2.94,18.12,23.1,0.990,1,1,172.8,0.21,31.63,29.9,0
1779285634367,1031,PERSON-01,413.1,18.93,21.86,2.92,17.87,22.8,0.973,1,1,40.1,0.42,32.23,29.8,0
1779285634400,1032,UAS-01,342.8,18.95,22.18,3.22,18.40,20.9,0.990,1,1,40.8,0.05,32.27,30.2,0
1779285634433,1033,UAS-02,386.2,19.07,22.58,3.51,17.97,22.2,0.990,1,1,179.0,0.63,32.15,30.0,0
1779285634467,1034,GND-VEH-01,347.7,19.19,22.42,3.23,18.11,23.1,0.990,1,1,42.3,0.02,31.97,30.0,0
1779285634500,1035,PERSON-01,778.9,19.02,22.07,3.05,18.76,20.2,0.990,1,1,40.0,0.11,32.02,29.9,0
1779285634533,1036,UAS-01,533.1,18.91,22.38,3.47,18.57,20.8,0.990,1,1,40.0,0.36,31.97,29.9,0
1779285634567,1037,UAS-02,419.7,18.89,21.69,2.80,17.46,22.3,0.990,1,1,40.0,0.02,31.81,30.0,0
1779285634600,1038,GND-VEH-01,652.5,18.95,22.25,3.30,18.41,21.9,0.990,1,1,40.2,0.33,32.03,30.1,0
1779285634633,1039,PERSON-01,457.9,18.97,22.36,3.40,18.85,21.8,0.990,1,1,41.1,0.17,31.78,30.0,0
1779285634667,1040,UAS-01,517.8,19.01,22.07,3.06,18.02,21.3,0.990,1,1,40.0,0.12,32.24,30.0,0
1779285634700,1041,UAS-02,524.8,18.91,22.43,3.52,19.09,20.2,0.990,1,1,40.6,0.31,32.19,29.9,0
1779285634733,1042,GND-VEH-01,621.3,19.14,22.07,2.93,17.70,23.5,0.990,1,1,40.0,0.42,32.43,30.1,0
1779285634767,1043,PERSON-01,371.8,18.97,21.97,3.00,17.97,21.7,0.989,1,1,40.0,0.36,31.63,30.0,0
1779285634800,1044,UAS-01,613.4,18.99,22.17,3.18,17.90,21.8,0.990,1,1,40.9,0.19,31.79,30.0,0
1779285634833,1045,UAS-02,388.7,18.83,22.04,3.21,18.71,20.2,0.990,1,1,40.9,0.17,31.98,30.0,0
1779285634867,1046,GND-VEH-01,671.5,19.06,22.03,2.97,17.79,23.1,0.990,1,1,40.0,0.13,32.12,30.0,0
1779285634900,1047,PERSON-01,601.1,19.20,22.28,3.08,17.92,22.1,0.990,1,1,40.0,0.05,32.29,30.0,0
1779285634933,1048,UAS-01,430.1,19.12,22.50,3.38,18.29,21.9,0.990,1,1,42.8,0.40,31.97,29.8,0
1779285634967,1049,UAS-02,373.4,18.85,22.11,3.26,18.41,23.2,0.990,1,1,41.6,0.24,32.01,30.0,0
1779285635000,1050,GND-VEH-01,758.9,18.78,21.77,2.99,17.89,22.2,0.985,1,1,40.0,0.03,31.83,30.2,0
1779285635033,1051,PERSON-01,487.5,18.95,22.28,3.32,18.29,22.5,0.976,1,1,41.9,0.08,32.15,29.9,0
1779285635067,1052,UAS-01,632.7,19.00,22.22,3.22,18.58,22.2,0.986,1,1,40.0,0.12,31.94,29.9,0
1779285635100,1053,UAS-02,311.8,18.95,22.23,3.28,17.70,21.5,0.990,1,1,40.4,0.00,31.60,30.0,0
1779285635133,1054,GND-VEH-01,480.0,18.83,21.89,3.06,18.16,22.9,0.990,1,1,42.5,0.06,32.33,29.9,0
1779285635167,1055,PERSON-01,367.7,19.04,22.35,3.31,19.01,20.8,0.978,1,1,43.0,0.29,32.15,30.0,0
1779285635200,1056,UAS-01,788.5,18.91,22.08,3.17,19.00,21.9,0.990,1,1,40.0,0.07,32.48,30.1,0
1779285635233,1057,UAS-02,576.4,19.13,22.27,3.14,18.46,21.4,0.989,1,1,40.0,0.20,32.29,30.0,0
1779285635267,1058,GND-VEH-01,645.6,19.15,22.29,3.14,17.85,22.7,0.990,1,1,42.1,0.22,32.03,29.9,0
1779285635300,1059,PERSON-01,707.3,19.04,22.36,3.32,18.44,22.4,0.990,1,1,40.4,0.28,32.52,29.9,0
1779285635333,1060,UAS-01,541.4,19.20,22.24,3.04,18.25,20.6,0.988,1,1,40.0,0.20,32.20,29.9,0
1779285635367,1061,UAS-02,344.6,18.69,21.64,2.95,17.69,21.8,0.990,1,1,40.0,0.57,31.98,29.9,0
1779285635400,1062,GND-VEH-01,346.0,19.00,22.24,3.24,18.69,21.1,0.990,1,1,43.4,0.11,31.93,30.0,0
1779285635433,1063,PERSON-01,527.5,18.90,22.31,3.41,18.45,22.9,0.987,1,1,40.0,0.76,32.18,30.1,0
1779285635467,1064,UAS-01,310.6,19.00,22.37,3.37,18.92,20.3,0.990,1,1,40.0,0.17,32.32,30.0,0
1779285635500,1065,UAS-02,633.2,18.91,21.92,3.01,18.37,20.7,0.965,1,1,40.2,0.08,32.25,30.0,0
1779285635533,1066,GND-VEH-01,402.8,18.96,22.14,3.18,19.15,20.2,0.975,1,1,41.5,0.34,32.31,29.9,0
1779285635567,1067,PERSON-01,435.1,19.07,22.42,3.35,18.73,22.6,0.990,1,1,41.0,0.63,32.50,30.1,0
1779285635600,1068,UAS-01,431.9,18.97,22.39,3.42,18.59,23.9,0.990,1,1,40.0,0.07,32.29,30.1,0
1779285635633,1069,UAS-02,731.9,18.91,22.05,3.14,18.40,21.2,0.988,1,1,40.0,0.15,32.57,30.0,0
1779285635667,1070,GND-VEH-01,705.3,18.73,21.54,2.81,18.19,21.6,0.990,1,1,42.5,0.07,31.94,29.9,0
1779285635700,1071,PERSON-01,371.6,18.96,22.07,3.11,17.83,23.0,0.990,1,1,40.0,0.13,32.26,29.8,0
1779285635733,1072,UAS-01,751.1,18.70,21.63,2.93,18.19,22.4,0.985,1,1,40.0,0.17,32.27,30.0,0
1779285635767,1073,UAS-02,506.5,18.94,22.11,3.17,18.61,20.9,0.990,1,1,41.6,0.17,32.18,30.0,0
1779285635800,1074,GND-VEH-01,564.0,19.01,22.06,3.06,18.70,21.3,0.983,1,1,40.0,0.24,32.05,30.0,0
1779285635833,1075,PERSON-01,589.0,18.84,21.90,3.06,17.99,23.2,0.982,1,1,43.1,0.19,32.36,30.0,0
1779285635867,1076,UAS-01,674.1,18.90,21.80,2.90,17.49,22.1,0.990,1,1,42.5,0.01,31.90,29.9,0
1779285635900,1077,UAS-02,407.7,18.90,22.15,3.24,18.09,23.2,0.990,1,1,40.0,0.05,32.13,29.8,0
1779285635933,1078,GND-VEH-01,456.7,19.24,22.31,3.07,18.10,22.4,0.990,1,1,42.0,0.18,32.40,29.9,0
1779285635967,1079,PERSON-01,353.7,19.09,22.36,3.27,17.84,21.5,0.990,1,1,40.0,0.45,31.86,29.9,0
1779285636000,1080,UAS-01,704.7,18.83,22.22,3.39,18.88,21.0,0.982,1,1,40.1,0.08,32.15,30.0,0
1779285636033,1081,UAS-02,472.1,18.92,22.25,3.33,18.31,22.5,0.990,1,1,40.0,0.04,32.08,29.8,0
1779285636067,1082,GND-VEH-01,361.4,19.21,22.32,3.11,18.63,22.7,0.961,1,1,40.0,0.17,32.16,30.0,0
1779285636100,1083,PERSON-01,311.6,19.01,22.16,3.14,18.17,20.8,0.990,1,1,40.0,0.10,32.32,29.8,0
1779285636133,1084,UAS-01,712.8,18.99,22.07,3.08,17.91,22.6,0.990,1,1,40.0,0.16,32.37,29.9,0
1779285636167,1085,UAS-02,311.4,19.03,22.07,3.04,17.26,21.8,0.990,1,1,40.0,0.32,32.05,30.1,0
1779285636200,1086,GND-VEH-01,404.0,18.77,22.06,3.29,19.04,22.8,0.990,1,1,40.0,0.56,32.33,30.0,0
1779285636233,1087,PERSON-01,502.7,18.93,22.11,3.18,17.95,22.0,0.990,1,1,40.1,0.17,32.52,30.1,0
1779285636267,1088,UAS-01,605.2,18.82,22.00,3.18,19.02,22.3,0.990,1,1,40.9,0.10,32.05,30.0,0
1779285636300,1089,UAS-02,675.3,19.08,22.21,3.13,18.12,22.0,0.983,1,1,41.3,0.11,32.30,29.9,0
1779285636333,1090,GND-VEH-01,773.5,19.33,22.37,3.05,18.41,20.2,0.990,1,1,40.0,0.17,32.18,30.1,0
1779285636367,1091,PERSON-01,499.0,19.39,22.60,3.20,18.27,22.5,0.990,1,1,40.0,0.28,32.16,30.1,0
1779285636400,1092,UAS-01,493.8,19.26,22.37,3.11,17.82,22.3,0.990,1,1,41.2,0.13,32.40,29.9,0
1779285636433,1093,UAS-02,696.3,19.02,22.36,3.33,18.74,22.2,0.990,1,1,40.0,0.10,32.26,30.0,0
1779285636467,1094,GND-VEH-01,326.0,18.81,22.17,3.36,18.39,22.0,0.990,1,1,40.0,0.42,32.55,30.0,0
1779285636500,1095,PERSON-01,306.7,19.21,22.44,3.24,17.92,22.3,0.975,1,1,40.0,0.09,32.37,29.9,0
1779285636533,1096,UAS-01,327.7,19.32,22.35,3.03,18.04,21.7,0.990,1,1,40.0,0.03,32.58,30.2,0
1779285636567,1097,UAS-02,445.0,18.95,21.97,3.02,18.81,22.7,0.990,1,1,41.0,0.03,31.69,30.0,0
1779285636600,1098,GND-VEH-01,423.9,19.01,22.40,3.39,18.21,22.8,0.990,1,1,40.0,0.32,32.27,30.2,0
1779285636633,1099,PERSON-01,349.7,18.81,22.21,3.40,18.51,22.1,0.989,1,1,40.0,0.70,32.53,30.0,0
1779285636667,1100,UAS-01,345.3,19.12,22.27,3.15,17.91,21.9,0.983,1,1,41.3,0.13,32.06,30.1,0
1779285636700,1101,UAS-02,457.2,18.90,22.24,3.34,18.72,22.9,0.990,1,1,41.5,0.04,31.98,30.0,0
1779285636733,1102,GND-VEH-01,657.0,18.76,21.40,2.65,17.87,20.8,0.990,1,1,40.8,0.16,32.44,29.9,0
1779285636767,1103,PERSON-01,730.2,19.03,21.95,2.92,18.06,21.4,0.990,1,1,40.0,0.06,32.15,30.0,0
1779285636800,1104,UAS-01,369.0,18.99,22.16,3.18,18.51,21.6,0.984,1,1,40.0,0.36,32.26,29.8,0
1779285636833,1105,UAS-02,607.6,19.01,22.16,3.15,19.26,20.7,0.983,1,1,42.5,0.28,31.95,29.9,0
1779285636867,1106,GND-VEH-01,331.9,19.12,22.35,3.23,17.50,22.6,0.990,1,1,41.2,0.05,32.03,30.1,0
1779285636900,1107,PERSON-01,474.3,19.23,22.19,2.96,17.98,22.9,0.989,1,1,40.0,0.37,32.54,30.0,0
1779285636933,1108,UAS-01,620.9,19.10,22.17,3.07,18.49,20.4,0.990,1,1,40.0,0.02,32.39,30.0,0
1779285636967,1109,UAS-02,799.0,19.09,22.29,3.20,18.13,20.6,0.990,1,1,40.0,0.04,32.47,30.1,0
1779285637000,1110,GND-VEH-01,419.5,18.84,22.22,3.38,18.40,22.3,0.990,1,1,41.3,0.14,32.53,30.1,0
1779285637033,1111,PERSON-01,598.8,19.19,22.32,3.13,18.38,21.6,0.984,1,1,43.6,0.38,32.19,30.0,0
1779285637067,1112,UAS-01,608.1,18.86,22.08,3.22,18.34,22.1,0.990,1,1,40.0,0.11,32.63,29.9,0
1779285637100,1113,UAS-02,596.9,18.80,22.10,3.30,18.88,20.7,0.990,1,1,40.0,0.05,32.05,30.1,0
1779285637133,1114,GND-VEH-01,318.3,18.97,22.29,3.32,17.95,22.7,0.968,1,1,42.8,0.28,32.05,30.1,0
1779285637167,1115,PERSON-01,471.4,19.17,22.46,3.29,18.50,21.7,0.990,1,1,40.0,0.05,32.79,30.0,0
1779285637200,1116,UAS-01,476.9,18.97,22.31,3.35,18.91,19.9,0.990,1,1,41.3,0.48,32.45,30.0,0
1779285637233,1117,UAS-02,452.3,18.99,22.44,3.44,19.06,21.0,0.990,1,1,40.7,0.23,32.27,30.0,0
1779285637267,1118,GND-VEH-01,440.0,19.00,22.39,3.38,18.52,22.8,0.990,1,1,40.1,0.17,32.58,29.9,0
1779285637300,1119,PERSON-01,391.2,19.18,22.66,3.49,18.15,23.3,0.990,1,1,41.3,0.13,32.31,30.0,0
1779285637333,1120,UAS-01,502.8,19.21,22.42,3.22,18.13,21.9,0.990,1,1,40.0,0.02,32.05,29.8,0
1779285637367,1121,UAS-02,779.1,18.68,21.55,2.87,17.16,23.6,0.989,1,1,40.0,0.06,32.28,29.9,0
1779285637400,1122,GND-VEH-01,337.6,19.04,22.11,3.08,18.12,20.9,0.979,1,1,115.7,0.03,32.39,29.9,0
1779285637433,1123,PERSON-01,443.3,19.07,21.92,2.84,18.04,22.0,0.983,1,1,40.0,0.18,31.98,30.1,0
1779285637467,1124,UAS-01,342.5,19.08,22.21,3.13,19.19,22.2,0.990,1,1,42.6,0.11,32.25,29.8,0
1779285637500,1125,UAS-02,436.2,19.19,22.02,2.83,17.54,22.4,0.990,1,1,40.0,0.31,32.24,30.0,0
1779285637533,1126,GND-VEH-01,620.4,19.00,21.82,2.81,17.60,21.7,0.984,1,1,40.0,0.48,32.05,30.0,0
1779285637567,1127,PERSON-01,724.7,19.06,21.89,2.83,18.35,21.8,0.990,1,1,40.0,0.14,32.26,30.0,0
1779285637600,1128,UAS-01,338.0,18.82,22.26,3.45,17.56,22.7,0.984,1,1,40.0,0.30,32.09,30.1,0
1779285637633,1129,UAS-02,474.4,18.97,22.37,3.40,18.25,22.2,0.990,1,1,41.7,0.26,32.52,30.0,0
1779285637667,1130,GND-VEH-01,363.2,19.08,22.13,3.04,17.63,20.5,0.990,1,1,41.2,0.02,32.37,30.0,0
1779285637700,1131,PERSON-01,518.2,18.82,22.01,3.19,17.92,23.7,0.990,1,1,40.0,0.10,32.49,30.0,0
1779285637733,1132,UAS-01,505.1,19.05,22.32,3.27,18.45,23.1,0.990,1,1,40.6,0.14,32.33,29.9,0
1779285637767,1133,UAS-02,394.6,18.91,22.18,3.27,18.05,21.4,0.982,1,1,40.0,0.15,32.18,30.1,0
1779285637800,1134,GND-VEH-01,516.8,19.25,21.95,2.70,17.56,21.6,0.990,1,1,40.3,0.33,32.43,30.1,0
1779285637833,1135,PERSON-01,1015.8,18.82,21.90,3.09,18.55,20.7,0.990,1,1,40.5,0.56,32.45,30.0,0
1779285637867,1136,UAS-01,354.0,19.05,22.07,3.02,18.09,21.4,0.990,1,1,40.0,0.10,32.56,30.0,0
1779285637900,1137,UAS-02,339.8,18.86,22.14,3.28,18.21,21.6,0.990,1,1,41.2,0.01,32.23,30.0,0
1779285637933,1138,GND-VEH-01,338.4,19.20,22.50,3.30,18.46,22.2,0.990,1,1,41.8,0.15,32.58,30.1,0
1779285637967,1139,PERSON-01,502.5,18.89,21.91,3.03,17.55,21.2,0.990,1,1,41.6,0.07,32.36,30.0,0
1779285638000,1140,UAS-01,306.1,19.06,22.49,3.42,18.83,20.4,0.990,1,1,40.7,0.04,32.39,30.0,0
1779285638033,1141,UAS-02,339.9,18.85,22.38,3.53,18.60,22.2,0.990,1,1,40.5,0.29,32.09,30.0,0
1779285638067,1142,GND-VEH-01,620.3,18.94,22.28,3.34,18.54,23.1,0.982,1,1,42.5,0.17,32.44,30.1,0
1779285638100,1143,PERSON-01,689.0,19.12,21.93,2.82,17.31,22.4,0.989,1,1,40.4,0.28,32.88,30.1,0
1779285638133,1144,UAS-01,559.4,18.82,22.11,3.29,18.36,20.9,0.990,1,1,42.4,0.10,32.23,30.1,0
1779285638167,1145,UAS-02,315.9,19.09,22.51,3.42,18.20,23.2,0.990,1,1,42.8,0.07,32.67,30.1,0
1779285638200,1146,GND-VEH-01,599.5,19.13,22.11,2.98,18.24,22.6,0.971,1,1,40.0,0.57,33.01,30.0,0
1779285638233,1147,PERSON-01,362.0,18.71,21.69,2.97,17.96,21.4,0.990,1,1,40.0,0.18,32.66,30.0,0
1779285638267,1148,UAS-01,776.1,19.04,21.93,2.89,17.58,23.0,0.990,1,1,40.0,0.37,32.42,29.9,0
1779285638300,1149,UAS-02,519.2,19.10,22.27,3.18,18.16,21.7,0.990,1,1,42.1,0.16,32.58,30.0,0
1779285638333,1150,GND-VEH-01,837.4,18.98,22.05,3.07,18.09,22.3,0.966,1,1,41.3,0.38,32.46,30.0,0
1779285638367,1151,PERSON-01,324.3,19.04,22.15,3.10,18.04,21.5,0.990,1,1,40.0,0.01,32.45,30.1,0
1779285638400,1152,UAS-01,429.1,18.88,22.06,3.18,18.01,22.0,0.990,1,1,40.0,0.17,32.37,30.0,0
1779285638433,1153,UAS-02,402.3,19.02,21.89,2.87,18.00,22.1,0.990,1,1,42.1,0.05,32.47,30.0,0
1779285638467,1154,GND-VEH-01,374.0,18.90,22.24,3.34,17.93,23.0,0.980,1,1,40.0,0.19,32.77,30.1,0
1779285638500,1155,PERSON-01,439.7,18.96,21.99,3.03,18.18,23.4,0.990,1,1,40.0,0.24,32.78,30.0,0
1779285638533,1156,UAS-01,437.3,19.03,22.28,3.25,17.96,21.8,0.990,1,1,40.0,0.04,32.78,30.0,0
1779285638567,1157,UAS-02,432.9,19.37,22.28,2.91,18.11,21.8,0.990,1,1,40.3,0.39,32.59,29.9,0
1779285638600,1158,GND-VEH-01,442.6,18.97,22.27,3.29,18.11,21.0,0.990,1,1,40.0,0.00,32.22,30.1,0
1779285638633,1159,PERSON-01,728.4,19.06,22.10,3.04,17.69,23.4,0.973,1,1,40.0,0.19,32.20,30.0,0
1779285638667,1160,UAS-01,306.4,18.93,22.07,3.14,18.43,23.6,0.990,1,1,40.0,0.06,32.51,30.1,0
1779285638700,1161,UAS-02,349.5,19.05,22.06,3.01,18.61,21.1,0.979,1,1,42.4,0.08,32.66,30.0,0
1779285638733,1162,GND-VEH-01,411.1,18.86,21.96,3.11,17.76,22.3,0.973,1,1,40.3,0.38,32.39,30.0,0
1779285638767,1163,PERSON-01,774.6,19.08,22.15,3.07,17.96,23.0,0.990,1,1,40.4,0.15,32.70,30.1,0
1779285638800,1164,UAS-01,359.1,18.94,22.32,3.38,18.47,21.7,0.990,1,1,40.0,0.05,32.42,30.1,0
1779285638833,1165,UAS-02,358.4,19.05,22.42,3.37,18.67,22.2,0.990,1,1,40.0,0.17,32.58,30.1,0
1779285638867,1166,GND-VEH-01,436.5,18.79,21.81,3.02,18.02,21.0,0.990,1,1,42.6,0.26,32.13,29.9,0
1779285638900,1167,PERSON-01,394.1,19.22,22.36,3.14,18.88,21.0,0.990,1,1,40.1,0.29,32.47,30.1,0
1779285638933,1168,UAS-01,382.0,19.18,22.41,3.22,18.46,21.2,0.981,1,1,40.5,0.01,32.63,30.0,0
1779285638967,1169,UAS-02,783.1,19.08,22.07,2.98,17.62,20.9,0.988,1,1,42.4,0.10,32.87,30.0,0
1779285639000,1170,GND-VEH-01,801.4,19.03,21.89,2.86,17.27,22.1,0.990,1,1,40.0,0.11,32.39,30.0,0
1779285639033,1171,PERSON-01,680.9,18.84,22.11,3.27,17.90,22.3,0.990,1,1,40.0,0.09,32.52,29.9,0
1779285639067,1172,UAS-01,564.1,19.15,22.24,3.10,17.48,22.8,0.990,1,1,40.6,0.07,32.37,29.8,0
1779285639100,1173,UAS-02,590.4,18.99,21.91,2.92,18.43,21.3,0.990,1,1,40.0,0.26,32.68,30.0,0
1779285639133,1174,GND-VEH-01,651.4,19.03,22.24,3.21,18.37,22.0,0.990,1,1,41.0,0.10,32.66,30.0,0
1779285639167,1175,PERSON-01,321.6,18.86,22.32,3.46,18.66,23.5,0.990,1,1,40.0,0.27,32.10,30.1,0
1779285639200,1176,UAS-01,304.5,19.15,22.37,3.22,18.23,22.0,0.990,1,1,40.7,0.06,32.31,30.1,0
1779285639233,1177,UAS-02,743.3,18.90,21.98,3.08,18.27,21.8,0.990,1,1,42.2,0.26,32.62,30.0,0
1779285639267,1178,GND-VEH-01,357.0,18.92,21.85,2.93,17.20,23.3,0.990,1,1,40.0,0.17,32.25,20.0,1
1779285639300,1179,PERSON-01,527.4,19.11,22.17,3.06,17.86,22.1,0.984,1,1,40.0,0.26,32.69,30.0,0
1779285639333,1180,UAS-01,633.3,19.15,22.14,3.00,18.09,20.8,0.990,1,1,40.6,0.05,32.71,30.0,0
1779285639367,1181,UAS-02,807.7,19.13,21.97,2.84,17.66,23.6,0.985,1,1,40.6,0.02,32.24,30.2,0
1779285639400,1182,GND-VEH-01,655.1,19.24,22.20,2.96,18.16,20.6,0.990,1,1,42.2,0.19,32.76,30.0,0
1779285639433,1183,PERSON-01,383.9,18.90,22.22,3.32,18.37,21.8,0.972,1,1,40.0,0.01,32.43,30.0,0
1779285639467,1184,UAS-01,899.5,19.05,21.69,2.64,16.87,21.6,0.990,1,1,143.9,0.00,32.62,30.1,0
1779285639500,1185,UAS-02,433.5,18.60,21.69,3.09,18.62,21.3,0.990,1,1,40.0,0.09,32.21,30.0,0
1779285639533,1186,GND-VEH-01,475.5,18.94,22.29,3.34,18.22,23.5,0.990,1,1,40.0,0.30,32.79,30.1,0
1779285639567,1187,PERSON-01,653.2,18.80,21.49,2.69,16.94,23.1,0.990,1,1,41.3,0.16,33.17,30.0,0
1779285639600,1188,UAS-01,982.0,19.18,21.92,2.73,17.70,20.6,0.990,1,1,40.0,0.02,32.70,30.1,0
1779285639633,1189,UAS-02,387.7,18.94,22.27,3.33,18.54,21.2,0.990,1,1,43.0,0.07,32.52,30.1,0
1779285639667,1190,GND-VEH-01,310.4,18.90,22.01,3.11,18.40,20.7,0.990,1,1,43.9,0.18,32.71,30.1,0
1779285639700,1191,PERSON-01,462.9,19.02,22.30,3.28,18.92,22.8,0.990,1,1,41.2,0.06,32.64,30.1,0
1779285639733,1192,UAS-01,396.0,18.69,21.48,2.79,17.66,21.6,0.990,1,1,40.0,0.07,33.11,29.9,0
1779285639767,1193,UAS-02,796.0,19.17,22.03,2.86,17.98,22.1,0.980,1,1,40.0,0.07,32.19,29.9,0
1779285639800,1194,GND-VEH-01,315.9,19.06,22.09,3.03,18.70,22.2,0.990,1,1,40.0,0.22,32.80,29.8,0
1779285639833,1195,PERSON-01,371.6,19.11,22.23,3.12,18.98,20.3,0.989,1,1,40.0,0.43,32.70,30.1,0
1779285639867,1196,UAS-01,806.9,18.81,22.21,3.40,17.91,22.2,0.990,1,1,40.5,0.31,32.61,29.9,0
1779285639900,1197,UAS-02,310.2,18.96,22.01,3.04,17.95,23.2,0.987,1,1,40.0,0.28,32.58,30.0,0
1779285639933,1198,GND-VEH-01,640.1,18.82,22.03,3.21,18.58,23.1,0.990,1,1,40.1,0.06,32.86,30.2,0
1779285639967,1199,PERSON-01,320.7,18.92,22.27,3.35,18.72,23.4,0.988,1,1,40.7,0.01,32.34,30.1,0
1779285640000,1200,UAS-01,722.9,19.10,22.36,3.25,17.93,23.4,0.985,1,1,40.0,0.14,32.77,29.9,0
1779285640033,1201,UAS-02,828.5,19.14,21.97,2.83,17.92,22.7,0.990,1,1,41.0,0.05,32.34,30.1,0
1779285640067,1202,GND-VEH-01,639.0,18.95,21.94,2.99,18.02,21.5,0.990,1,1,42.0,0.54,32.40,30.0,0
1779285640100,1203,PERSON-01,499.8,18.97,22.43,3.46,18.61,21.2,0.990,1,1,40.0,0.02,32.81,30.1,0
1779285640133,1204,UAS-01,605.0,19.15,22.31,3.16,18.72,22.5,0.985,1,1,135.5,0.26,32.90,29.9,0
1779285640167,1205,UAS-02,732.8,18.99,21.97,2.98,17.63,23.3,0.990,1,1,40.0,0.63,32.43,30.0,0
1779285640200,1206,GND-VEH-01,514.4,18.98,22.14,3.16,18.55,22.1,0.990,1,1,40.5,0.01,32.51,29.9,0
1779285640233,1207,PERSON-01,324.0,19.09,22.19,3.10,18.89,22.7,0.981,1,1,40.0,0.19,33.20,30.1,0
1779285640267,1208,UAS-01,397.0,19.03,22.18,3.15,18.27,22.3,0.990,1,1,41.2,0.07,32.71,30.0,0
1779285640300,1209,UAS-02,357.4,19.11,22.64,3.53,19.05,21.2,0.990,1,1,40.0,0.11,32.42,29.9,0
1779285640333,1210,GND-VEH-01,542.1,18.98,22.31,3.33,18.47,22.5,0.990,1,1,40.0,0.22,32.61,30.0,0
1779285640367,1211,PERSON-01,688.2,19.04,21.87,2.83,18.26,23.7,0.990,1,1,40.5,0.14,32.86,30.0,0
1779285640400,1212,UAS-01,449.0,18.90,22.39,3.49,19.03,22.6,0.990,1,1,40.0,0.32,32.87,30.1,0
1779285640433,1213,UAS-02,446.4,18.99,22.18,3.19,17.78,20.8,0.973,1,1,40.4,0.08,33.02,29.9,0
1779285640467,1214,GND-VEH-01,621.3,19.14,22.25,3.11,18.15,22.7,0.972,1,1,40.0,0.08,32.63,29.9,0
1779285640500,1215,PERSON-01,657.2,18.95,22.40,3.45,18.39,21.9,0.986,1,1,40.3,0.04,32.76,30.1,0
1779285640533,1216,UAS-01,391.9,18.89,22.33,3.44,19.12,21.9,0.990,1,1,40.0,0.01,32.47,30.1,0
1779285640567,1217,UAS-02,533.2,18.71,21.82,3.11,19.04,21.5,0.990,1,1,42.5,0.09,32.79,30.1,0
1779285640600,1218,GND-VEH-01,457.8,19.02,21.90,2.88,18.09,21.4,0.984,1,1,40.0,0.37,32.63,29.9,0
1779285640633,1219,PERSON-01,594.8,19.11,21.86,2.75,18.12,20.7,0.990,1,1,41.2,0.20,32.66,30.1,0
1779285640667,1220,UAS-01,503.9,19.40,22.33,2.93,17.97,20.1,0.990,1,1,41.8,0.14,32.69,30.1,0
1779285640700,1221,UAS-02,482.7,18.98,21.69,2.71,16.95,23.4,0.990,1,1,40.0,0.12,32.49,30.1,0
1779285640733,1222,GND-VEH-01,471.2,19.00,22.06,3.06,18.17,22.5,0.990,1,1,40.0,0.75,32.71,30.1,0
1779285640767,1223,PERSON-01,446.3,18.64,21.78,3.14,18.61,21.8,0.990,1,1,40.0,0.49,32.79,30.1,0
1779285640800,1224,UAS-01,550.7,19.13,22.41,3.28,18.51,21.6,0.983,1,1,40.3,0.30,32.87,30.0,0
1779285640833,1225,UAS-02,465.7,18.99,21.89,2.90,18.05,21.7,0.990,1,1,40.0,0.01,32.38,30.0,0
1779285640867,1226,GND-VEH-01,301.7,19.18,22.47,3.29,18.71,21.9,0.979,1,1,40.0,0.10,32.86,29.8,0
1779285640900,1227,PERSON-01,341.1,19.03,22.49,3.46,19.07,21.8,0.990,1,1,40.0,0.14,32.69,29.9,0
1779285640933,1228,UAS-01,600.5,18.85,21.92,3.07,17.87,23.3,0.990,1,1,40.0,0.21,32.88,30.0,0
1779285640967,1229,UAS-02,307.4,19.03,22.25,3.22,19.06,22.0,0.990,1,1,40.0,0.49,32.15,30.1,0
1779285641000,1230,GND-VEH-01,545.6,18.86,21.79,2.93,17.20,22.2,0.981,1,1,40.3,0.29,32.91,29.9,0
1779285641033,1231,PERSON-01,429.7,18.87,22.11,3.24,18.81,22.5,0.988,1,1,40.0,0.32,32.61,30.0,0
1779285641067,1232,UAS-01,349.5,19.27,22.66,3.39,18.48,23.9,0.990,1,1,40.0,0.21,33.20,29.9,0
1779285641100,1233,UAS-02,688.0,19.28,22.54,3.27,17.96,21.8,0.990,1,1,40.6,0.29,32.47,30.1,0
1779285641133,1234,GND-VEH-01,1097.0,18.93,21.78,2.85,17.78,22.4,0.990,1,1,40.0,0.28,32.95,30.1,0
1779285641167,1235,PERSON-01,341.8,19.01,22.28,3.27,18.81,20.3,0.990,1,1,41.2,0.16,33.00,29.9,0
1779285641200,1236,UAS-01,866.1,19.22,22.01,2.79,17.23,23.1,0.990,1,1,40.0,0.09,32.42,30.0,0
1779285641233,1237,UAS-02,500.7,18.94,21.69,2.75,17.69,23.0,0.990,1,1,135.1,0.01,32.73,29.9,0
1779285641267,1238,GND-VEH-01,544.8,18.87,21.95,3.08,17.77,23.1,0.990,1,1,40.0,0.27,32.75,30.0,0
1779285641300,1239,PERSON-01,781.5,18.90,21.78,2.88,17.78,20.4,0.990,1,1,179.0,0.27,32.89,30.0,0
1779285641333,1240,UAS-01,449.2,18.88,21.94,3.06,18.25,22.2,0.990,1,1,41.6,0.06,32.93,30.0,0
1779285641367,1241,UAS-02,517.8,19.03,21.90,2.86,17.40,24.0,0.966,1,1,43.4,0.21,32.74,30.0,0
1779285641400,1242,GND-VEH-01,302.0,19.03,22.18,3.15,18.05,22.3,0.990,1,1,42.1,0.45,33.18,30.0,0
1779285641433,1243,PERSON-01,633.8,19.13,22.39,3.26,18.32,23.0,0.990,1,1,40.5,0.00,32.96,30.1,0
1779285641467,1244,UAS-01,574.1,18.91,22.04,3.13,17.68,21.6,0.990,1,1,40.0,0.08,33.24,30.1,0
1779285641500,1245,UAS-02,367.2,19.31,22.79,3.48,18.63,23.2,0.990,1,1,40.0,0.04,32.69,30.1,0
1779285641533,1246,GND-VEH-01,408.3,18.82,22.27,3.45,18.87,22.4,0.976,1,1,40.0,0.53,32.93,30.1,0
1779285641567,1247,PERSON-01,676.2,18.86,21.59,2.73,17.88,22.9,0.990,1,1,40.0,0.08,33.00,30.0,0
1779285641600,1248,UAS-01,448.8,18.93,22.05,3.12,18.39,23.0,0.990,1,1,41.7,0.17,32.83,30.0,0
1779285641633,1249,UAS-02,351.5,18.85,22.01,3.15,17.39,22.4,0.990,1,1,43.7,0.32,33.01,30.0,0
1779285641667,1250,GND-VEH-01,563.0,19.09,22.49,3.40,18.50,22.9,0.983,1,1,41.8,0.12,32.51,30.1,0
1779285641700,1251,PERSON-01,831.2,19.01,22.36,3.35,18.93,23.0,0.979,1,1,41.1,0.59,32.63,29.8,0
1779285641733,1252,UAS-01,538.9,19.01,22.14,3.13,18.34,21.3,0.990,1,1,40.4,0.15,32.38,30.0,0
1779285641767,1253,UAS-02,403.4,18.80,21.84,3.04,18.48,22.2,0.990,1,1,40.0,0.17,33.16,29.9,0
1779285641800,1254,GND-VEH-01,427.0,19.09,22.23,3.14,18.32,22.1,0.990,1,1,40.2,0.09,32.56,29.9,0
1779285641833,1255,PERSON-01,581.2,18.88,21.76,2.88,17.93,23.4,0.990,1,1,40.0,0.22,32.91,29.9,0
1779285641867,1256,UAS-01,362.9,19.03,22.22,3.20,18.53,21.2,0.990,1,1,40.2,0.18,32.47,30.0,0
1779285641900,1257,UAS-02,613.6,18.82,21.95,3.13,17.99,21.3,0.990,1,1,40.3,0.10,32.81,29.9,0
1779285641933,1258,GND-VEH-01,339.5,19.06,22.33,3.27,18.07,21.2,0.990,1,1,40.2,0.25,32.50,30.0,0
1779285641967,1259,PERSON-01,322.0,19.13,22.81,3.68,19.34,22.7,0.990,1,1,41.0,0.16,32.45,30.1,0
1779285642000,1260,UAS-01,481.0,19.05,22.24,3.19,18.18,21.8,0.990,1,1,40.7,0.19,32.53,30.0,0
1779285642033,1261,UAS-02,306.8,18.90,22.06,3.15,19.03,22.3,0.990,1,1,44.1,0.07,32.76,29.9,0
1779285642067,1262,GND-VEH-01,584.0,19.00,21.93,2.93,17.64,22.1,0.990,1,1,40.0,0.23,32.87,29.9,0
1779285642100,1263,PERSON-01,497.0,19.12,22.03,2.92,17.85,21.5,0.990,1,1,41.1,0.37,32.74,30.0,0
1779285642133,1264,UAS-01,324.0,19.23,22.55,3.32,18.97,21.9,0.990,1,1,40.0,0.01,33.03,30.1,0
1779285642167,1265,UAS-02,475.9,18.95,22.12,3.17,18.20,23.0,0.982,1,1,40.0,0.23,32.66,30.1,0
1779285642200,1266,GND-VEH-01,442.7,19.15,22.59,3.43,18.57,21.6,0.966,1,1,42.6,0.15,32.75,30.0,0
1779285642233,1267,PERSON-01,378.9,18.84,22.02,3.18,17.62,22.3,0.990,1,1,44.0,0.21,33.02,29.9,0
1779285642267,1268,UAS-01,625.3,19.12,22.19,3.08,18.88,21.4,0.989,1,1,40.0,0.03,33.13,29.9,0
1779285642300,1269,UAS-02,378.6,19.23,22.34,3.11,18.13,21.2,0.973,1,1,40.0,0.36,32.68,30.1,0
1779285642333,1270,GND-VEH-01,434.2,18.95,22.03,3.08,18.79,21.3,0.973,1,1,40.0,0.31,33.50,29.9,0
1779285642367,1271,PERSON-01,466.6,19.26,22.50,3.24,18.08,22.7,0.990,1,1,40.9,0.08,32.94,29.9,0
1779285642400,1272,UAS-01,612.2,18.94,21.99,3.05,18.26,22.2,0.990,1,1,40.0,0.15,33.44,29.9,0
1779285642433,1273,UAS-02,413.2,18.93,22.07,3.13,18.19,22.0,0.975,1,1,106.4,0.14,32.57,30.1,0
1779285642467,1274,GND-VEH-01,507.9,19.08,22.10,3.03,18.27,22.5,0.990,1,1,44.1,0.15,32.61,29.9,0
1779285642500,1275,PERSON-01,602.1,18.89,22.01,3.12,17.82,22.3,0.990,1,1,40.4,0.17,33.12,29.9,0
1779285642533,1276,UAS-01,362.0,18.92,22.20,3.29,18.59,21.6,0.990,1,1,40.0,0.16,32.87,29.9,0
1779285642567,1277,UAS-02,658.4,19.41,22.63,3.21,18.21,21.5,0.990,1,1,43.0,0.29,33.19,30.0,0
1779285642600,1278,GND-VEH-01,396.3,18.85,22.12,3.26,18.29,21.6,0.990,1,1,40.0,0.45,32.69,30.0,0
1779285642633,1279,PERSON-01,560.1,19.22,22.38,3.16,18.44,22.0,0.990,1,1,40.7,0.16,32.90,30.0,0
1779285642667,1280,UAS-01,712.1,18.97,21.93,2.96,18.07,21.0,0.990,1,1,40.0,0.09,32.83,29.9,0
1779285642700,1281,UAS-02,477.6,19.14,22.14,2.99,18.61,22.8,0.990,1,1,40.2,0.20,33.11,30.0,0
1779285642733,1282,GND-VEH-01,912.1,19.14,22.15,3.01,17.64,22.0,0.986,1,1,40.5,0.15,32.95,30.0,0
1779285642767,1283,PERSON-01,502.3,18.86,21.77,2.91,18.35,22.8,0.990,1,1,40.0,0.22,33.28,30.0,0
1779285642800,1284,UAS-01,592.8,18.81,21.75,2.94,17.69,19.8,0.990,1,1,40.0,0.27,33.20,30.0,0
1779285642833,1285,UAS-02,565.9,19.03,22.49,3.46,19.61,21.4,0.968,1,1,41.0,0.18,32.95,30.1,0
1779285642867,1286,GND-VEH-01,741.0,18.96,21.81,2.85,17.99,20.9,0.990,1,1,40.0,0.31,33.29,29.9,0
1779285642900,1287,PERSON-01,520.1,18.96,21.89,2.93,17.68,22.4,0.990,1,1,40.0,0.45,32.88,30.2,0
1779285642933,1288,UAS-01,432.4,19.17,22.00,2.83,17.56,21.7,0.990,1,1,40.0,0.08,32.72,30.0,0
1779285642967,1289,UAS-02,810.7,19.11,22.32,3.21,17.61,21.0,0.990,1,1,122.1,0.03,32.96,30.0,0
1779285643000,1290,GND-VEH-01,413.6,18.83,22.26,3.43,18.75,23.3,0.990,1,1,40.0,0.04,32.78,29.9,0
1779285643033,1291,PERSON-01,438.6,19.08,22.09,3.00,18.04,23.5,0.990,1,1,40.0,0.19,33.03,30.0,0
1779285643067,1292,UAS-01,423.8,18.86,22.00,3.14,18.45,21.6,0.990,1,1,42.2,0.30,33.18,29.9,0
1779285643100,1293,UAS-02,545.4,19.21,21.94,2.73,17.84,21.5,0.990,1,1,43.6,0.39,33.00,30.1,0
1779285643133,1294,GND-VEH-01,814.3,18.92,22.30,3.38,18.32,22.3,0.990,1,1,40.0,0.42,33.26,30.0,0
1779285643167,1295,PERSON-01,348.9,19.26,22.42,3.16,18.35,20.3,0.979,1,1,41.4,0.38,32.99,29.8,0
1779285643200,1296,UAS-01,1004.3,18.75,21.96,3.21,17.92,23.4,0.990,1,1,43.7,0.35,33.13,30.0,0
1779285643233,1297,UAS-02,318.4,18.82,21.95,3.13,18.64,21.1,0.988,1,1,43.6,0.15,33.49,29.9,0
1779285643267,1298,GND-VEH-01,672.9,19.18,22.05,2.87,17.84,22.3,0.990,1,1,42.7,0.09,32.96,29.9,0
1779285643300,1299,PERSON-01,565.7,19.10,22.49,3.39,18.46,21.7,0.990,1,1,170.4,0.16,32.77,29.9,0
1779285643333,1300,UAS-01,399.9,18.85,22.25,3.40,18.11,21.3,0.990,1,1,40.3,0.08,32.74,30.0,0
1779285643367,1301,UAS-02,366.0,18.97,22.24,3.27,18.91,21.3,0.990,1,1,40.8,0.04,33.09,30.0,0
1779285643400,1302,GND-VEH-01,327.8,18.97,21.96,2.99,17.65,22.4,0.977,1,1,43.4,0.04,33.22,29.9,0
1779285643433,1303,PERSON-01,593.4,19.11,21.90,2.79,17.07,23.1,0.989,1,1,40.0,0.22,33.05,30.0,0
1779285643467,1304,UAS-01,314.5,19.13,22.22,3.09,18.41,23.1,0.990,1,1,40.5,0.01,33.23,30.1,0
1779285643500,1305,UAS-02,308.5,19.10,22.69,3.59,18.63,22.8,0.982,1,1,40.0,0.36,33.54,30.0,0
1779285643533,1306,GND-VEH-01,363.0,19.05,22.17,3.12,18.28,21.2,0.990,1,1,40.2,0.37,33.05,30.1,0
1779285643567,1307,PERSON-01,446.2,19.04,22.25,3.21,18.51,21.4,0.990,1,1,40.0,0.41,32.71,30.1,0
1779285643600,1308,UAS-01,439.4,18.97,22.18,3.21,18.92,21.6,0.990,1,1,153.8,0.10,33.16,29.9,0
1779285643633,1309,UAS-02,357.3,19.05,22.48,3.43,18.98,22.6,0.990,1,1,138.7,0.31,33.43,30.0,0
1779285643667,1310,GND-VEH-01,902.6,18.93,21.49,2.56,17.21,20.6,0.990,1,1,41.1,0.13,33.45,30.0,0
1779285643700,1311,PERSON-01,540.0,19.11,21.85,2.74,17.21,22.0,0.990,1,1,41.0,0.21,32.92,29.9,0
1779285643733,1312,UAS-01,519.5,19.05,21.94,2.89,17.37,24.0,0.976,1,1,40.0,0.33,33.10,30.1,0
1779285643767,1313,UAS-02,650.3,18.77,21.73,2.96,18.44,21.3,0.990,1,1,43.7,0.03,33.31,30.0,0
1779285643800,1314,GND-VEH-01,486.8,19.13,22.31,3.18,17.68,22.2,0.980,1,1,42.7,0.32,33.38,30.0,0
1779285643833,1315,PERSON-01,382.8,19.02,22.12,3.10,18.11,21.0,0.984,1,1,40.0,0.11,33.06,30.2,0
1779285643867,1316,UAS-01,512.6,18.99,22.20,3.21,18.37,22.1,0.990,1,1,40.0,0.51,33.34,30.1,0
1779285643900,1317,UAS-02,737.7,18.81,21.88,3.07,17.72,21.6,0.964,1,1,42.8,0.15,33.18,30.0,0
1779285643933,1318,GND-VEH-01,328.9,19.01,22.41,3.39,18.85,21.7,0.990,1,1,43.1,0.20,33.33,29.9,0
1779285643967,1319,PERSON-01,303.0,18.88,22.34,3.46,18.92,21.4,0.990,1,1,40.0,0.09,33.31,29.9,0
1779285644000,1320,UAS-01,558.6,18.94,21.87,2.93,18.15,20.9,0.990,1,1,40.0,0.20,33.55,30.0,0
1779285644033,1321,UAS-02,706.8,19.33,22.27,2.94,18.11,23.4,0.990,1,1,40.0,0.41,32.94,30.1,0
1779285644067,1322,GND-VEH-01,471.2,18.94,21.87,2.93,17.33,22.0,0.990,1,1,40.0,0.01,33.48,30.0,0
1779285644100,1323,PERSON-01,564.0,19.07,22.20,3.13,18.14,24.0,0.980,1,1,40.2,0.19,33.33,29.9,0
1779285644133,1324,UAS-01,302.8,19.04,22.76,3.72,18.88,20.0,0.990,1,1,40.0,0.40,32.80,30.0,0
1779285644167,1325,UAS-02,453.1,18.92,22.07,3.14,18.09,22.5,0.990,1,1,40.0,0.20,33.55,29.9,0
1779285644200,1326,GND-VEH-01,821.3,19.37,22.46,3.09,18.25,22.7,0.990,1,1,134.0,0.03,33.23,30.0,0
1779285644233,1327,PERSON-01,617.1,18.87,22.13,3.26,18.64,22.2,0.990,1,1,139.1,0.03,33.41,30.1,0
1779285644267,1328,UAS-01,477.3,18.97,21.89,2.92,18.03,21.5,0.990,1,1,40.0,0.25,32.91,30.1,0
1779285644300,1329,UAS-02,686.9,19.20,22.35,3.15,18.46,21.8,0.990,1,1,40.6,0.21,33.00,29.9,0
1779285644333,1330,GND-VEH-01,452.4,18.95,22.10,3.15,18.46,21.1,0.990,1,1,40.0,0.32,33.58,29.9,0
1779285644367,1331,PERSON-01,477.5,18.76,22.03,3.27,18.61,22.1,0.990,1,1,40.0,0.24,33.16,29.9,0
1779285644400,1332,UAS-01,300.6,18.90,22.27,3.38,18.60,21.8,0.990,1,1,43.0,0.14,33.33,30.0,0
1779285644433,1333,UAS-02,687.9,19.24,22.19,2.95,17.71,21.6,0.990,1,1,40.0,0.23,33.21,30.1,0
1779285644467,1334,GND-VEH-01,344.1,18.76,22.00,3.24,18.04,20.3,0.990,1,1,42.2,0.23,33.42,29.9,0
1779285644500,1335,PERSON-01,327.4,19.18,22.57,3.39,18.74,21.9,0.990,1,1,40.7,0.22,33.11,29.9,0
1779285644533,1336,UAS-01,367.1,18.99,22.46,3.47,19.37,22.4,0.990,1,1,40.1,0.09,32.81,29.9,0
1779285644567,1337,UAS-02,716.2,19.11,22.18,3.07,17.77,22.4,0.990,1,1,40.0,0.16,33.46,30.0,0
1779285644600,1338,GND-VEH-01,371.6,19.17,22.59,3.42,19.04,23.1,0.978,1,1,40.0,0.21,32.99,29.9,0
1779285644633,1339,PERSON-01,310.7,19.04,22.36,3.33,18.61,21.9,0.990,1,1,144.0,0.31,33.14,30.1,0
1779285644667,1340,UAS-01,309.1,18.94,22.15,3.21,18.48,21.5,0.990,1,1,40.0,0.04,33.38,30.0,0
1779285644700,1341,UAS-02,312.1,19.17,22.39,3.22,18.38,22.5,0.990,1,1,40.6,0.31,33.42,30.0,0
1779285644733,1342,GND-VEH-01,415.6,18.87,22.19,3.31,18.99,21.5,0.990,1,1,41.7,0.14,33.08,30.1,0
1779285644767,1343,PERSON-01,308.6,19.14,22.25,3.10,17.76,21.8,0.990,1,1,40.0,0.05,33.27,29.9,0
1779285644800,1344,UAS-01,458.7,19.02,22.13,3.12,18.15,23.6,0.990,1,1,40.2,0.02,33.51,30.0,0
1779285644833,1345,UAS-02,575.0,19.02,22.14,3.12,17.75,22.6,0.986,1,1,41.6,0.04,33.65,30.0,0
1779285644867,1346,GND-VEH-01,614.3,18.98,22.18,3.20,18.15,21.9,0.990,1,1,40.0,0.13,33.00,29.9,0
1779285644900,1347,PERSON-01,572.2,18.91,22.07,3.16,18.17,21.5,0.990,1,1,41.3,0.44,32.93,29.9,0
1779285644933,1348,UAS-01,375.9,19.07,22.28,3.21,18.04,22.7,0.990,1,1,114.9,0.35,32.95,30.1,0
1779285644967,1349,UAS-02,362.8,18.83,22.24,3.41,19.26,22.2,0.990,1,1,41.5,0.51,33.11,30.0,0
1779285645000,1350,GND-VEH-01,428.9,18.90,21.90,3.00,17.49,21.6,0.990,1,1,42.4,0.22,33.43,30.1,0
1779285645033,1351,PERSON-01,510.4,18.86,21.83,2.96,17.70,23.5,0.990,1,1,40.1,0.39,33.05,30.0,0
1779285645067,1352,UAS-01,510.7,18.90,22.01,3.11,18.60,21.7,0.990,1,1,40.0,0.06,33.55,30.0,0
1779285645100,1353,UAS-02,443.3,18.97,21.87,2.90,18.44,22.7,0.990,1,1,41.2,0.12,33.41,29.8,0
1779285645133,1354,GND-VEH-01,687.6,19.16,22.54,3.37,19.25,21.9,0.987,1,1,41.4,0.12,33.25,30.1,0
1779285645167,1355,PERSON-01,580.7,19.10,21.99,2.89,18.14,19.9,0.990,1,1,40.7,0.13,33.11,30.0,0
1779285645200,1356,UAS-01,625.7,18.96,22.15,3.19,18.61,21.6,0.990,1,1,146.6,0.38,33.36,29.9,0
1779285645233,1357,UAS-02,399.5,19.09,22.18,3.10,18.59,22.5,0.983,1,1,40.0,0.60,33.13,30.1,0
1779285645267,1358,GND-VEH-01,856.8,19.14,21.97,2.83,17.70,20.9,0.990,1,1,43.1,0.32,33.20,29.9,0
1779285645300,1359,PERSON-01,596.7,19.15,22.16,3.01,18.62,21.9,0.984,1,1,40.0,0.06,33.42,29.9,0
1779285645333,1360,UAS-01,523.2,18.93,22.55,3.62,18.70,22.4,0.990,1,1,42.3,0.10,33.24,30.0,0
1779285645367,1361,UAS-02,342.9,19.02,22.42,3.40,18.36,22.0,0.990,1,1,41.0,0.09,32.99,29.9,0
1779285645400,1362,GND-VEH-01,391.6,19.02,22.60,3.58,19.07,22.2,0.990,1,1,40.0,0.54,33.40,30.1,0
1779285645433,1363,PERSON-01,386.6,18.92,21.85,2.93,17.41,22.3,0.990,1,1,40.0,0.35,33.41,30.0,0
1779285645467,1364,UAS-01,368.3,18.81,21.97,3.16,18.24,20.8,0.974,1,1,40.7,0.19,33.18,29.9,0
1779285645500,1365,UAS-02,663.0,18.93,22.21,3.28,17.83,22.6,0.990,1,1,41.8,0.54,33.35,30.1,0
1779285645533,1366,GND-VEH-01,719.6,19.09,22.20,3.11,18.65,23.3,0.990,1,1,40.0,0.23,33.16,30.0,0
1779285645567,1367,PERSON-01,766.4,19.05,22.28,3.23,18.61,23.0,0.990,1,1,42.2,0.44,33.22,30.0,0
1779285645600,1368,UAS-01,595.1,19.10,22.21,3.11,18.48,21.8,0.990,1,1,41.4,0.15,33.42,30.0,0
1779285645633,1369,UAS-02,559.4,19.21,22.18,2.97,17.69,21.0,0.990,1,1,40.0,0.15,33.50,30.1,0
1779285645667,1370,GND-VEH-01,309.3,18.93,22.10,3.17,18.58,22.4,0.985,1,1,40.9,0.27,33.21,30.0,0
1779285645700,1371,PERSON-01,561.6,19.09,22.11,3.03,18.35,21.6,0.990,1,1,40.7,0.22,33.58,30.1,0
1779285645733,1372,UAS-01,437.9,18.83,22.24,3.41,18.90,21.8,0.990,1,1,41.4,0.06,33.06,29.9,0
1779285645767,1373,UAS-02,351.0,18.97,22.15,3.19,18.30,22.4,0.963,1,1,40.0,0.33,33.35,30.0,0
1779285645800,1374,GND-VEH-01,324.5,18.78,22.12,3.35,19.21,21.9,0.990,1,1,40.0,0.36,33.13,29.9,0
1779285645833,1375,PERSON-01,778.3,19.23,22.43,3.19,18.10,21.8,0.990,1,1,158.9,0.13,33.45,30.0,0
1779285645867,1376,UAS-01,348.8,19.04,22.16,3.11,18.57,21.8,0.990,1,1,40.0,0.38,33.42,29.9,0
1779285645900,1377,UAS-02,372.1,18.89,21.77,2.88,17.41,22.4,0.990,1,1,40.0,0.49,33.79,29.8,0
1779285645933,1378,GND-VEH-01,377.0,19.05,22.31,3.26,17.89,22.2,0.990,1,1,41.8,0.18,33.10,30.1,0
1779285645967,1379,PERSON-01,556.5,19.22,22.42,3.20,17.69,22.1,0.985,1,1,41.4,0.28,33.15,30.1,0
1779285646000,1380,UAS-01,500.2,18.92,22.39,3.48,19.06,21.1,0.990,1,1,40.0,0.39,33.63,29.8,0
1779285646033,1381,UAS-02,347.0,19.03,22.21,3.18,18.55,21.8,0.990,1,1,41.1,0.30,33.00,30.1,0
1779285646067,1382,GND-VEH-01,442.7,19.24,22.20,2.96,18.06,21.2,0.986,1,1,40.6,0.30,33.35,29.9,0
1779285646100,1383,PERSON-01,416.0,19.04,22.45,3.40,19.13,23.1,0.990,1,1,40.7,0.01,33.27,30.0,0
1779285646133,1384,UAS-01,563.7,18.95,21.80,2.85,17.22,21.7,0.990,1,1,40.0,0.51,33.08,30.0,0
1779285646167,1385,UAS-02,430.1,19.23,22.31,3.08,17.86,20.5,0.990,1,1,40.3,0.12,33.30,30.1,0
1779285646200,1386,GND-VEH-01,311.9,19.00,22.37,3.36,18.47,23.3,0.990,1,1,40.0,0.04,32.99,30.0,0
1779285646233,1387,PERSON-01,482.6,19.12,22.10,2.99,17.92,21.1,0.990,1,1,40.0,0.06,33.34,29.9,0
1779285646267,1388,UAS-01,474.0,18.99,21.97,2.98,17.93,22.4,0.990,1,1,40.0,0.09,33.14,30.0,0
1779285646300,1389,UAS-02,693.4,18.85,22.03,3.18,18.55,21.5,0.990,1,1,40.0,0.34,33.30,30.0,0
1779285646333,1390,GND-VEH-01,738.7,19.17,22.33,3.16,18.39,21.3,0.990,1,1,42.7,0.33,33.30,30.1,0
1779285646367,1391,PERSON-01,459.3,19.03,22.28,3.26,18.16,22.4,0.990,1,1,40.2,0.42,33.35,30.1,0
1779285646400,1392,UAS-01,649.8,18.82,21.79,2.98,18.46,21.1,0.990,1,1,40.0,0.05,33.52,30.1,0
1779285646433,1393,UAS-02,342.5,19.10,22.00,2.90,17.85,21.3,0.990,1,1,40.0,0.03,33.53,30.0,0
1779285646467,1394,GND-VEH-01,535.3,18.86,21.93,3.07,18.06,23.3,0.990,1,1,40.0,0.11,33.69,30.1,0
1779285646500,1395,PERSON-01,504.7,19.07,21.87,2.80,17.56,22.0,0.990,1,1,40.1,0.27,33.46,30.1,0
1779285646533,1396,UAS-01,411.3,18.85,21.77,2.91,17.78,22.2,0.990,1,1,174.7,0.40,33.32,29.8,0
1779285646567,1397,UAS-02,403.8,19.13,22.17,3.04,18.66,22.7,0.990,1,1,40.1,0.55,33.12,30.0,0
1779285646600,1398,GND-VEH-01,472.9,18.74,21.67,2.94,18.13,23.2,0.990,1,1,40.0,0.16,33.33,30.0,0
1779285646633,1399,PERSON-01,303.6,19.20,22.40,3.20,17.88,21.8,0.990,1,1,40.2,0.19,33.31,30.0,0
1779285646667,1400,UAS-01,824.3,18.94,22.11,3.17,17.23,21.8,0.990,1,1,40.2,0.06,33.61,30.1,0
1779285646700,1401,UAS-02,371.7,19.07,22.53,3.47,19.02,20.9,0.990,1,1,41.2,0.25,33.47,29.9,0
1779285646733,1402,GND-VEH-01,651.6,18.94,22.11,3.17,17.95,22.0,0.990,1,1,41.5,0.28,33.67,30.0,0
1779285646767,1403,PERSON-01,322.2,19.02,21.96,2.94,17.50,21.4,0.972,1,1,40.0,0.33,33.58,30.1,0
1779285646800,1404,UAS-01,711.1,19.16,22.07,2.91,17.19,22.8,0.990,1,1,40.1,0.23,33.58,29.9,0
1779285646833,1405,UAS-02,400.8,19.22,22.65,3.43,19.03,21.6,0.990,1,1,40.2,0.03,33.73,29.8,0
1779285646867,1406,GND-VEH-01,310.0,19.03,22.37,3.34,18.47,23.2,0.990,1,1,138.9,0.10,33.23,30.1,0
1779285646900,1407,PERSON-01,545.3,18.88,22.03,3.15,18.47,21.5,0.980,1,1,40.7,0.38,33.63,30.1,0
1779285646933,1408,UAS-01,544.3,19.09,22.13,3.04,17.73,20.4,0.987,1,1,42.1,0.33,33.43,30.1,0
1779285646967,1409,UAS-02,528.5,19.18,22.20,3.02,18.36,21.0,0.990,1,1,40.5,0.43,33.30,30.0,0
1779285647000,1410,GND-VEH-01,308.6,19.14,22.43,3.29,18.21,20.6,0.990,1,1,40.0,0.28,33.71,29.9,0
1779285647033,1411,PERSON-01,444.0,19.02,22.26,3.24,18.52,22.1,0.981,1,1,40.0,0.34,33.56,30.1,0
1779285647067,1412,UAS-01,478.7,18.87,22.10,3.23,17.71,22.0,0.990,1,1,40.2,0.06,33.56,29.9,0
1779285647100,1413,UAS-02,526.6,18.87,21.75,2.88,17.88,22.4,0.990,1,1,102.3,0.01,33.44,30.1,0
1779285647133,1414,GND-VEH-01,693.8,18.89,21.88,2.99,17.57,22.0,0.990,1,1,40.5,0.57,33.50,29.9,0
1779285647167,1415,PERSON-01,415.8,18.89,22.47,3.57,18.95,22.0,0.990,1,1,40.0,0.23,33.70,29.9,0
1779285647200,1416,UAS-01,359.5,18.96,22.26,3.31,18.20,22.2,0.990,1,1,40.0,0.15,33.29,30.0,0
1779285647233,1417,UAS-02,383.0,18.90,22.41,3.51,18.04,22.6,0.990,1,1,41.2,0.24,33.59,30.0,0
1779285647267,1418,GND-VEH-01,320.0,19.22,22.27,3.04,17.97,22.4,0.990,1,1,42.2,0.16,33.72,29.9,0
1779285647300,1419,PERSON-01,603.7,19.30,22.49,3.19,17.83,22.5,0.987,1,1,40.0,0.07,33.30,30.0,0
1779285647333,1420,UAS-01,606.7,18.94,22.31,3.37,18.84,21.8,0.990,1,1,42.5,0.05,33.35,29.9,0
1779285647367,1421,UAS-02,711.6,19.16,22.34,3.19,18.46,20.9,0.990,1,1,43.7,0.43,33.46,29.8,0
1779285647400,1422,GND-VEH-01,599.0,18.98,22.16,3.18,17.93,21.3,0.990,1,1,40.4,0.18,33.58,30.0,0
1779285647433,1423,PERSON-01,596.9,19.10,22.34,3.24,18.55,22.4,0.978,1,1,40.0,0.01,33.96,30.1,0
1779285647467,1424,UAS-01,503.1,19.09,22.08,2.99,17.30,22.2,0.990,1,1,40.1,0.10,33.62,29.9,0
1779285647500,1425,UAS-02,300.1,19.02,22.18,3.15,17.93,23.5,0.990,1,1,40.8,0.41,33.60,30.0,0
1779285647533,1426,GND-VEH-01,404.0,19.06,22.61,3.55,18.66,22.6,0.990,1,1,40.4,0.45,33.74,29.9,0
1779285647567,1427,PERSON-01,610.3,19.20,22.11,2.90,18.21,21.4,0.990,1,1,102.9,0.36,33.32,29.8,0
1779285647600,1428,UAS-01,507.5,19.14,22.31,3.17,17.91,22.4,0.990,1,1,40.0,0.15,33.50,30.0,0
1779285647633,1429,UAS-02,482.3,18.86,21.92,3.05,18.31,22.2,0.990,1,1,41.4,0.38,33.45,30.0,0
1779285647667,1430,GND-VEH-01,369.3,18.97,22.30,3.32,18.68,22.6,0.985,1,1,42.4,0.01,33.43,30.0,0
1779285647700,1431,PERSON-01,703.6,18.83,22.20,3.37,18.59,22.3,0.988,1,1,40.0,0.26,33.51,30.0,0
1779285647733,1432,UAS-01,346.9,18.66,22.09,3.42,18.89,20.8,0.990,1,1,40.7,0.17,33.61,30.1,0
1779285647767,1433,UAS-02,649.2,19.03,21.97,2.94,17.69,21.6,0.990,1,1,40.0,0.31,33.87,30.1,0
1779285647800,1434,GND-VEH-01,354.8,18.99,22.04,3.05,18.01,21.6,0.990,1,1,40.0,0.18,33.87,30.0,0
1779285647833,1435,PERSON-01,602.5,18.97,21.90,2.93,17.58,21.1,0.990,1,1,40.0,0.03,33.59,29.9,0
1779285647867,1436,UAS-01,840.2,18.79,21.69,2.91,17.02,23.9,0.987,1,1,40.0,0.31,33.68,30.0,0
1779285647900,1437,UAS-02,381.8,19.09,22.68,3.58,18.24,21.5,0.970,1,1,41.2,0.07,33.55,29.9,0
1779285647933,1438,GND-VEH-01,694.7,18.99,22.35,3.36,18.36,22.7,0.990,1,1,42.0,0.37,33.78,29.8,0
1779285647967,1439,PERSON-01,391.8,18.90,22.11,3.21,17.81,21.8,0.990,1,1,40.0,0.26,33.59,30.0,0
1779285648000,1440,UAS-01,402.4,19.02,22.51,3.50,19.13,21.5,0.990,1,1,40.0,0.26,33.67,29.8,0
1779285648033,1441,UAS-02,484.4,18.94,21.94,3.00,17.85,21.2,0.984,1,1,40.0,0.45,33.72,29.9,0
1779285648067,1442,GND-VEH-01,411.8,18.89,21.75,2.85,18.00,22.1,0.990,1,1,40.0,0.08,32.94,30.2,0
1779285648100,1443,PERSON-01,508.5,19.14,22.11,2.97,17.53,20.9,0.978,1,1,42.4,0.08,33.89,30.0,0
1779285648133,1444,UAS-01,571.6,19.26,22.28,3.02,17.89,22.3,0.990,1,1,42.2,0.08,33.84,30.0,0
1779285648167,1445,UAS-02,411.9,18.93,21.90,2.97,17.83,20.7,0.990,1,1,41.3,0.03,33.90,30.0,0
1779285648200,1446,GND-VEH-01,522.7,19.14,22.23,3.09,18.02,21.7,0.990,1,1,40.0,0.17,33.67,29.9,0
1779285648233,1447,PERSON-01,384.5,19.18,22.06,2.88,17.05,22.5,0.969,1,1,40.1,0.48,33.82,30.0,0
1779285648267,1448,UAS-01,579.3,18.85,22.03,3.18,18.59,21.4,0.990,1,1,41.7,0.47,33.41,30.0,0
1779285648300,1449,UAS-02,565.1,19.02,22.17,3.16,18.30,22.0,0.990,1,1,40.7,0.29,33.61,30.0,0
1779285648333,1450,GND-VEH-01,627.1,18.86,21.90,3.03,18.34,21.2,0.990,1,1,44.8,0.44,33.40,29.9,0
1779285648367,1451,PERSON-01,650.7,18.81,21.57,2.76,17.68,21.3,0.990,1,1,40.0,0.07,33.87,30.2,0
1779285648400,1452,UAS-01,410.7,19.05,22.08,3.03,17.71,22.6,0.990,1,1,106.0,0.13,33.55,29.8,0
1779285648433,1453,UAS-02,432.4,18.80,22.04,3.23,17.98,22.3,0.990,1,1,40.0,0.02,33.42,30.0,0
1779285648467,1454,GND-VEH-01,318.2,18.96,22.09,3.13,17.54,23.3,0.990,1,1,40.0,0.36,33.40,29.9,0
1779285648500,1455,PERSON-01,537.6,19.20,22.25,3.06,18.22,21.2,0.990,1,1,40.0,0.56,34.06,30.0,0
1779285648533,1456,UAS-01,341.9,19.07,22.22,3.15,17.82,22.3,0.990,1,1,40.0,0.08,33.22,30.1,0
1779285648567,1457,UAS-02,515.1,18.97,22.07,3.10,18.21,22.1,0.990,1,1,43.2,0.08,34.05,30.0,0
1779285648600,1458,GND-VEH-01,701.4,18.95,22.27,3.33,18.70,22.5,0.990,1,1,40.0,0.04,33.26,30.0,0
1779285648633,1459,PERSON-01,673.0,19.04,22.05,3.01,18.59,20.6,0.990,1,1,40.0,0.29,33.77,29.8,0
1779285648667,1460,UAS-01,394.4,19.06,22.42,3.36,18.39,22.4,0.990,1,1,40.0,0.27,33.49,30.0,0
1779285648700,1461,UAS-02,311.8,19.22,22.43,3.21,17.83,20.8,0.990,1,1,145.5,0.52,33.36,30.1,0
1779285648733,1462,GND-VEH-01,449.2,19.17,22.55,3.38,19.08,20.6,0.988,1,1,41.8,0.21,33.33,30.0,0
1779285648767,1463,PERSON-01,344.6,19.05,22.19,3.14,18.44,22.3,0.990,1,1,40.0,0.23,33.33,29.9,0
1779285648800,1464,UAS-01,303.3,18.96,22.34,3.38,18.91,22.0,0.981,1,1,40.0,0.30,33.78,30.0,0
1779285648833,1465,UAS-02,758.4,19.20,22.41,3.21,17.76,22.6,0.990,1,1,43.2,0.10,34.04,30.1,0
1779285648867,1466,GND-VEH-01,363.0,18.87,21.77,2.90,17.92,22.9,0.988,1,1,40.0,0.26,33.90,30.0,0
1779285648900,1467,PERSON-01,477.1,18.72,21.78,3.06,18.17,21.3,0.979,1,1,40.0,0.51,33.72,30.0,0
1779285648933,1468,UAS-01,617.7,18.89,21.55,2.65,17.49,20.7,0.990,1,1,40.0,0.20,33.18,30.1,0
1779285648967,1469,UAS-02,398.6,18.98,22.04,3.06,18.27,21.0,0.979,1,1,164.9,0.03,33.91,30.1,0
1779285649000,1470,GND-VEH-01,309.0,18.83,21.83,3.00,17.86,22.6,0.990,1,1,40.1,0.01,33.58,29.8,0
1779285649033,1471,PERSON-01,525.1,19.19,22.24,3.05,18.66,22.8,0.990,1,1,42.4,0.19,33.27,29.9,0
1779285649067,1472,UAS-01,396.5,19.23,22.62,3.39,18.56,21.4,0.981,1,1,40.0,0.36,33.74,29.9,0
1779285649100,1473,UAS-02,410.8,19.21,22.67,3.46,18.35,23.0,0.990,1,1,40.4,0.25,34.25,30.1,0
1779285649133,1474,GND-VEH-01,466.3,18.99,22.04,3.06,18.02,22.4,0.990,1,1,40.0,0.05,33.83,30.0,0
1779285649167,1475,PERSON-01,463.0,18.96,22.19,3.24,18.07,22.6,0.990,1,1,160.7,0.23,33.51,30.0,0
1779285649200,1476,UAS-01,349.5,19.16,22.57,3.40,19.00,22.5,0.990,1,1,41.0,0.12,33.60,30.1,0
1779285649233,1477,UAS-02,951.2,19.09,21.88,2.79,17.86,21.5,0.990,1,1,40.0,0.40,34.03,30.0,0
1779285649267,1478,GND-VEH-01,511.5,19.15,22.22,3.07,17.99,23.3,0.990,1,1,40.0,0.34,33.52,30.1,0
1779285649300,1479,PERSON-01,552.0,19.10,22.31,3.21,18.21,24.2,0.990,1,1,42.4,0.09,33.53,29.8,0
1779285649333,1480,UAS-01,617.1,19.02,22.13,3.11,17.90,22.2,0.990,1,1,40.0,0.41,34.05,30.0,0
1779285649367,1481,UAS-02,414.0,19.06,22.42,3.37,18.55,23.1,0.990,1,1,40.3,0.15,33.82,30.1,0
1779285649400,1482,GND-VEH-01,498.2,18.95,22.01,3.06,17.52,22.8,0.981,1,1,40.0,0.15,34.11,30.0,0
1779285649433,1483,PERSON-01,787.2,19.08,22.12,3.04,17.59,23.5,0.990,1,1,42.4,0.16,33.67,29.9,0
1779285649467,1484,UAS-01,494.9,19.23,22.75,3.51,19.02,22.1,0.983,1,1,42.7,0.01,34.17,29.9,0
1779285649500,1485,UAS-02,971.8,18.94,21.78,2.83,17.64,23.0,0.990,1,1,40.5,0.35,33.91,30.0,0
1779285649533,1486,GND-VEH-01,346.7,18.88,21.87,2.99,17.91,22.6,0.983,1,1,42.2,0.48,33.75,30.0,0
1779285649567,1487,PERSON-01,409.2,19.16,22.31,3.15,17.95,20.7,0.990,1,1,42.7,0.43,34.17,30.0,0
1779285649600,1488,UAS-01,320.5,18.79,21.91,3.12,18.06,21.8,0.976,1,1,42.7,0.10,33.55,29.8,0
1779285649633,1489,UAS-02,333.8,18.69,22.37,3.68,18.93,22.0,0.990,1,1,165.3,0.10,33.80,30.0,0
1779285649667,1490,GND-VEH-01,570.9,19.06,22.04,2.98,17.87,24.1,0.990,1,1,40.0,0.09,33.82,30.1,0
1779285649700,1491,PERSON-01,772.3,18.77,21.86,3.09,18.32,21.6,0.974,1,1,166.4,0.26,33.73,29.9,0
1779285649733,1492,UAS-01,461.7,19.03,22.20,3.17,18.58,21.4,0.990,1,1,40.1,0.07,33.68,29.9,0
1779285649767,1493,UAS-02,888.2,19.07,21.95,2.88,18.18,22.3,0.990,1,1,40.8,0.32,33.78,30.1,0
1779285649800,1494,GND-VEH-01,471.9,18.96,22.42,3.45,18.40,21.9,0.990,1,1,148.6,0.08,33.80,29.9,0
1779285649833,1495,PERSON-01,361.3,18.95,22.14,3.19,18.55,22.5,0.990,1,1,40.0,0.09,33.95,30.1,0
1779285649867,1496,UAS-01,513.6,18.81,21.74,2.93,16.77,22.5,0.990,1,1,40.3,0.05,33.49,30.0,0
1779285649900,1497,UAS-02,466.9,18.83,21.72,2.89,18.40,22.5,0.977,1,1,40.6,0.01,33.81,30.0,0
1779285649933,1498,GND-VEH-01,303.4,19.06,22.44,3.38,18.63,21.7,0.990,1,1,40.0,0.40,33.73,30.0,0
1779285649967,1499,PERSON-01,369.5,18.96,22.14,3.18,17.85,23.4,0.978,1,1,40.0,0.28,33.93,30.0,0
1779285650000,1500,UAS-01,423.6,19.16,22.27,3.10,18.00,22.0,0.990,1,1,43.7,0.10,33.78,30.0,0
1779285650033,1501,UAS-02,421.7,19.12,22.68,3.56,18.36,21.6,0.990,1,1,41.4,0.05,33.95,30.0,0
1779285650067,1502,GND-VEH-01,492.3,18.83,22.25,3.42,18.61,22.2,0.990,1,1,40.0,0.09,33.83,30.2,0
1779285650100,1503,PERSON-01,624.5,19.02,22.36,3.34,17.70,22.9,0.989,1,1,40.0,0.01,33.72,30.0,0
1779285650133,1504,UAS-01,359.8,18.89,21.97,3.09,17.97,22.4,0.990,1,1,40.0,0.18,33.91,30.1,0
1779285650167,1505,UAS-02,351.4,18.94,22.04,3.10,17.79,22.8,0.990,1,1,40.5,0.44,33.67,29.9,0
1779285650200,1506,GND-VEH-01,737.3,19.33,22.75,3.42,18.16,22.4,0.990,1,1,40.0,0.48,34.17,30.1,0
1779285650233,1507,PERSON-01,614.3,18.99,22.40,3.41,17.77,21.6,0.990,1,1,40.0,0.00,33.52,30.0,0
1779285650267,1508,UAS-01,618.8,19.07,22.20,3.14,18.44,21.6,0.990,1,1,42.1,0.11,33.87,29.9,0
1779285650300,1509,UAS-02,491.9,19.05,22.00,2.94,17.55,22.3,0.989,1,1,40.0,0.61,33.85,30.1,0
1779285650333,1510,GND-VEH-01,512.5,19.04,22.42,3.38,18.68,22.6,0.972,1,1,40.9,0.21,33.93,30.2,0
1779285650367,1511,PERSON-01,339.1,18.99,22.23,3.24,18.79,22.7,0.990,1,1,40.6,0.05,33.53,30.0,0
1779285650400,1512,UAS-01,445.6,18.83,21.80,2.98,17.85,21.7,0.990,1,1,40.0,0.03,34.19,30.0,0
1779285650433,1513,UAS-02,694.5,18.95,21.77,2.82,17.95,21.8,0.990,1,1,40.0,0.35,33.69,30.0,0
1779285650467,1514,GND-VEH-01,353.9,19.16,22.40,3.24,17.84,22.8,0.990,1,1,40.0,0.34,33.61,29.8,0
1779285650500,1515,PERSON-01,630.3,19.25,21.95,2.70,16.98,22.8,0.981,1,1,40.8,0.13,34.07,30.0,0
1779285650533,1516,UAS-01,473.8,19.18,22.32,3.14,18.25,20.3,0.987,1,1,40.0,0.48,33.80,30.1,0
1779285650567,1517,UAS-02,482.0,19.10,22.02,2.92,17.83,22.2,0.989,1,1,40.1,0.17,33.91,30.1,0
1779285650600,1518,GND-VEH-01,508.4,18.94,22.01,3.07,17.54,24.0,0.990,1,1,41.3,0.35,34.21,30.0,0
1779285650633,1519,PERSON-01,410.1,18.93,22.20,3.27,18.70,21.4,0.990,1,1,40.0,0.04,33.83,30.0,0
1779285650667,1520,UAS-01,375.9,18.96,22.03,3.08,18.10,20.3,0.990,1,1,41.9,0.24,34.15,30.0,0
1779285650700,1521,UAS-02,499.9,19.09,22.20,3.11,17.94,21.5,0.987,1,1,40.0,0.14,34.21,30.1,0
1779285650733,1522,GND-VEH-01,604.8,18.82,21.90,3.07,17.36,22.5,0.990,1,1,40.0,0.19,34.37,29.9,0
1779285650767,1523,PERSON-01,445.9,18.90,22.09,3.19,18.25,21.9,0.982,1,1,40.0,0.38,34.03,30.0,0
1779285650800,1524,UAS-01,428.7,18.96,22.27,3.31,18.21,21.7,0.975,1,1,40.9,0.20,33.82,30.1,0
1779285650833,1525,UAS-02,341.5,18.87,21.86,2.99,18.02,22.4,0.976,1,1,41.0,0.02,33.79,30.0,0
1779285650867,1526,GND-VEH-01,537.8,19.23,22.15,2.92,17.75,21.0,0.972,1,1,41.4,0.06,34.18,30.0,0
1779285650900,1527,PERSON-01,462.5,19.05,22.39,3.34,18.32,22.3,0.990,1,1,40.0,0.42,33.69,30.0,0
1779285650933,1528,UAS-01,300.6,19.00,22.30,3.30,18.35,21.6,0.988,1,1,42.0,0.27,33.67,30.0,0
1779285650967,1529,UAS-02,530.4,18.77,21.76,3.00,17.82,22.4,0.990,1,1,41.0,0.38,33.78,30.0,0
1779285651000,1530,GND-VEH-01,379.2,19.10,22.12,3.02,17.98,22.1,0.990,1,1,40.0,0.09,33.67,30.1,0
1779285651033,1531,PERSON-01,539.9,18.80,22.10,3.30,18.28,20.3,0.990,1,1,40.0,0.59,33.89,30.2,0
1779285651067,1532,UAS-01,693.7,19.00,21.94,2.94,18.27,22.3,0.990,1,1,42.3,0.20,33.85,30.0,0
1779285651100,1533,UAS-02,538.8,19.00,22.10,3.10,17.79,22.4,0.990,1,1,40.8,0.50,34.07,30.1,0
1779285651133,1534,GND-VEH-01,433.8,18.96,22.24,3.28,18.73,21.1,0.978,1,1,40.0,0.16,33.55,30.0,0
1779285651167,1535,PERSON-01,715.0,18.95,21.98,3.03,18.18,21.9,0.990,1,1,40.0,0.39,33.92,30.0,0
1779285651200,1536,UAS-01,344.5,18.98,22.29,3.31,18.42,23.5,0.990,1,1,40.8,0.07,33.93,29.9,0
1779285651233,1537,UAS-02,381.0,18.94,22.33,3.39,18.62,20.6,0.990,1,1,177.4,0.47,34.10,30.0,0
1779285651267,1538,GND-VEH-01,484.0,18.97,22.19,3.22,18.29,23.2,0.990,1,1,41.3,0.18,34.05,29.9,0
1779285651300,1539,PERSON-01,642.1,19.09,22.39,3.30,18.98,23.2,0.968,1,1,40.0,0.06,33.56,29.9,0
1779285651333,1540,UAS-01,363.7,19.02,22.20,3.18,18.47,21.4,0.986,1,1,40.0,0.02,34.11,30.0,0
1779285651367,1541,UAS-02,383.5,19.07,22.51,3.44,18.85,20.9,0.990,1,1,40.0,0.17,33.69,30.1,0
1779285651400,1542,GND-VEH-01,304.0,18.87,22.15,3.28,18.81,21.4,0.990,1,1,40.2,0.03,34.05,30.1,0
1779285651433,1543,PERSON-01,516.7,19.03,22.32,3.29,18.64,21.8,0.990,1,1,41.7,0.19,34.44,30.1,0
1779285651467,1544,UAS-01,396.8,18.96,22.47,3.51,18.68,22.5,0.990,1,1,40.0,0.14,33.92,30.1,0
1779285651500,1545,UAS-02,788.7,18.99,21.87,2.88,18.15,21.0,0.990,1,1,41.2,0.10,33.99,29.9,0
1779285651533,1546,GND-VEH-01,370.2,18.75,22.06,3.31,18.49,22.4,0.990,1,1,40.0,0.15,34.27,29.9,0
1779285651567,1547,PERSON-01,504.0,18.95,21.98,3.03,17.59,21.8,0.990,1,1,40.0,0.20,33.90,29.9,0
1779285651600,1548,UAS-01,552.5,18.95,21.98,3.02,18.24,20.8,0.990,1,1,40.0,0.13,34.21,30.0,0
1779285651633,1549,UAS-02,564.6,18.94,22.10,3.15,18.57,22.1,0.977,1,1,40.9,0.12,33.86,29.9,0
1779285651667,1550,GND-VEH-01,766.0,18.76,21.77,3.01,17.88,21.6,0.990,1,1,40.0,0.27,34.17,30.1,0
1779285651700,1551,PERSON-01,475.3,19.03,22.10,3.07,18.25,22.5,0.990,1,1,40.0,0.02,34.38,30.1,0
1779285651733,1552,UAS-01,546.3,18.99,22.13,3.13,17.98,23.7,0.990,1,1,42.9,0.31,33.99,30.0,0
1779285651767,1553,UAS-02,382.1,18.93,22.14,3.21,19.59,20.0,0.990,1,1,40.6,0.05,33.64,30.0,0
1779285651800,1554,GND-VEH-01,832.3,18.80,21.98,3.18,18.93,20.5,0.990,1,1,40.6,0.31,33.73,29.9,0
1779285651833,1555,PERSON-01,545.9,18.92,21.92,3.00,18.41,22.2,0.982,1,1,42.1,0.26,34.18,30.0,0
1779285651867,1556,UAS-01,526.9,19.10,22.23,3.13,18.65,21.5,0.990,1,1,40.9,0.05,34.45,30.0,0
1779285651900,1557,UAS-02,412.9,19.07,22.25,3.18,18.51,21.6,0.990,1,1,112.0,0.59,33.87,30.1,0
1779285651933,1558,GND-VEH-01,316.0,18.97,22.34,3.37,18.42,22.8,0.990,1,1,40.0,0.17,34.19,30.0,0
1779285651967,1559,PERSON-01,748.2,18.86,21.95,3.09,17.68,21.5,0.990,1,1,40.0,0.28,34.31,30.1,0
1779285652000,1560,UAS-01,329.1,18.83,22.15,3.32,18.90,24.3,0.988,1,1,40.0,0.01,34.31,29.9,0
1779285652033,1561,UAS-02,490.8,18.99,22.15,3.16,18.75,21.4,0.990,1,1,40.0,0.04,33.91,29.9,0
1779285652067,1562,GND-VEH-01,344.3,18.75,22.18,3.43,18.44,22.6,0.990,1,1,40.0,0.18,34.09,29.9,0
1779285652100,1563,PERSON-01,354.7,18.91,22.21,3.30,18.48,21.6,0.990,1,1,40.0,0.46,33.98,30.1,0
1779285652133,1564,UAS-01,543.4,19.20,22.57,3.37,18.44,21.3,0.990,1,1,40.0,0.31,34.04,30.1,0
1779285652167,1565,UAS-02,508.2,19.02,21.87,2.85,16.94,23.1,0.990,1,1,41.5,0.18,33.94,30.1,0
1779285652200,1566,GND-VEH-01,833.3,19.02,22.18,3.15,17.81,21.1,0.990,1,1,40.0,0.00,34.01,29.9,0
1779285652233,1567,PERSON-01,908.4,18.88,22.06,3.18,17.89,22.1,0.990,1,1,42.9,0.43,34.49,29.9,0
1779285652267,1568,UAS-01,373.0,19.17,22.20,3.02,18.36,22.1,0.980,1,1,40.0,0.14,33.65,30.1,0
1779285652300,1569,UAS-02,453.2,18.78,22.29,3.51,19.11,21.6,0.990,1,1,41.6,0.18,34.20,30.1,0
1779285652333,1570,GND-VEH-01,407.3,19.13,22.30,3.17,18.14,22.1,0.984,1,1,42.0,0.28,34.05,30.0,0
1779285652367,1571,PERSON-01,357.7,19.16,22.64,3.48,18.83,22.0,0.990,1,1,40.2,0.10,34.21,30.0,0
1779285652400,1572,UAS-01,308.9,19.05,22.25,3.20,18.22,20.4,0.990,1,1,40.0,0.34,33.98,30.1,0
1779285652433,1573,UAS-02,661.8,19.06,21.80,2.74,18.12,20.0,0.990,1,1,40.0,0.06,34.53,30.0,0
1779285652467,1574,GND-VEH-01,465.7,19.19,22.47,3.28,18.64,21.5,0.990,1,1,41.9,0.03,33.89,29.9,0
1779285652500,1575,PERSON-01,703.6,19.24,22.50,3.27,18.41,21.3,0.990,1,1,40.8,0.20,34.57,30.1,0
1779285652533,1576,UAS-01,481.3,19.01,22.49,3.49,17.88,23.0,0.983,1,1,43.2,0.18,34.00,29.9,0
1779285652567,1577,UAS-02,304.7,19.02,22.01,2.99,18.34,21.2,0.984,1,1,40.0,0.11,34.01,29.9,0
1779285652600,1578,GND-VEH-01,429.8,18.88,22.12,3.24,18.28,21.1,0.984,1,1,40.0,0.03,34.43,30.1,0
1779285652633,1579,PERSON-01,872.6,19.05,21.78,2.74,17.26,22.9,0.990,1,1,40.0,0.22,34.11,30.0,0
1779285652667,1580,UAS-01,397.5,19.08,22.28,3.20,18.01,21.6,0.990,1,1,41.0,0.42,34.12,30.0,0
1779285652700,1581,UAS-02,438.9,18.95,22.25,3.30,18.49,22.7,0.990,1,1,42.8,0.20,33.91,30.1,0
1779285652733,1582,GND-VEH-01,440.1,19.08,22.16,3.07,18.70,21.3,0.990,1,1,42.4,0.08,34.31,29.9,0
1779285652767,1583,PERSON-01,684.7,18.71,21.93,3.22,18.34,22.8,0.989,1,1,40.5,0.06,34.15,30.0,0
1779285652800,1584,UAS-01,498.3,19.34,22.62,3.28,18.10,20.1,0.990,1,1,40.0,0.16,34.28,30.0,0
1779285652833,1585,UAS-02,423.4,18.89,22.05,3.16,17.93,22.8,0.990,1,1,40.0,0.64,34.17,30.1,0
1779285652867,1586,GND-VEH-01,623.8,19.01,22.13,3.12,17.96,21.2,0.990,1,1,40.0,0.03,33.92,30.1,0
1779285652900,1587,PERSON-01,571.9,18.83,21.92,3.10,18.29,23.9,0.990,1,1,40.7,0.12,33.87,30.0,0
1779285652933,1588,UAS-01,531.0,18.95,22.25,3.30,19.25,22.2,0.984,1,1,40.6,0.69,33.80,30.1,0
1779285652967,1589,UAS-02,325.3,19.23,22.31,3.09,17.19,23.2,0.990,1,1,40.1,0.48,33.83,30.0,0
1779285653000,1590,GND-VEH-01,442.2,19.14,22.08,2.94,18.11,22.1,0.990,1,1,40.0,0.34,34.39,29.9,0
1779285653033,1591,PERSON-01,643.3,18.82,21.85,3.04,18.62,22.1,0.990,1,1,40.0,0.20,34.43,30.1,0
1779285653067,1592,UAS-01,629.2,19.00,22.36,3.36,18.57,22.6,0.990,1,1,40.2,0.19,34.19,30.0,0
1779285653100,1593,UAS-02,503.4,18.99,22.44,3.46,19.20,21.5,0.990,1,1,41.6,0.44,34.34,30.1,0
1779285653133,1594,GND-VEH-01,629.5,19.00,21.99,3.00,17.56,22.1,0.990,1,1,40.0,0.25,34.05,29.9,0
1779285653167,1595,PERSON-01,304.4,18.71,21.85,3.14,18.51,22.5,0.990,1,1,41.9,0.07,33.81,29.9,0
1779285653200,1596,UAS-01,492.0,19.01,22.05,3.05,18.48,20.6,0.990,1,1,40.0,0.36,34.17,30.1,0
1779285653233,1597,UAS-02,389.0,18.88,22.25,3.37,18.39,22.2,0.990,1,1,40.2,0.19,34.37,30.0,0
1779285653267,1598,GND-VEH-01,309.5,19.02,22.39,3.37,18.96,22.0,0.990,1,1,40.0,0.32,33.91,30.0,0
1779285653300,1599,PERSON-01,384.3,19.29,22.36,3.07,18.07,21.9,0.990,1,1,40.9,0.29,34.03,30.0,0
1779285653333,1600,UAS-01,392.4,19.08,22.24,3.17,18.77,20.8,0.990,1,1,40.8,0.37,34.32,30.0,0
1779285653367,1601,UAS-02,406.8,19.07,22.30,3.23,17.92,22.9,0.984,1,1,41.7,0.01,34.83,30.0,0
1779285653400,1602,GND-VEH-01,592.9,19.11,22.09,2.98,17.08,22.6,0.986,1,1,41.5,0.09,34.29,30.1,0
1779285653433,1603,PERSON-01,576.8,19.15,22.61,3.46,19.34,22.2,0.990,1,1,41.6,0.29,34.52,30.0,0
1779285653467,1604,UAS-01,567.1,18.82,22.22,3.39,19.53,21.3,0.990,1,1,41.6,0.02,33.95,30.0,0
1779285653500,1605,UAS-02,484.8,18.96,22.15,3.20,18.29,23.5,0.990,1,1,40.0,0.56,34.20,30.0,0
1779285653533,1606,GND-VEH-01,390.0,19.18,22.68,3.49,18.00,22.9,0.977,1,1,40.5,0.56,34.45,30.1,0
1779285653567,1607,PERSON-01,749.1,18.92,21.89,2.97,17.23,21.1,0.990,1,1,40.0,0.31,34.64,29.8,0
1779285653600,1608,UAS-01,456.2,18.98,22.27,3.29,18.87,23.3,0.990,1,1,40.0,0.08,34.69,30.0,0
1779285653633,1609,UAS-02,474.2,18.76,21.81,3.05,18.36,20.3,0.990,1,1,43.1,0.02,34.50,30.1,0
1779285653667,1610,GND-VEH-01,315.6,19.18,22.36,3.18,17.71,22.3,0.989,1,1,40.0,0.05,33.90,30.0,0
1779285653700,1611,PERSON-01,314.0,18.86,21.88,3.02,17.99,21.9,0.990,1,1,40.9,0.01,33.87,30.0,0
1779285653733,1612,UAS-01,748.6,19.04,21.90,2.86,17.35,20.7,0.990,1,1,40.0,0.23,34.53,30.1,0
1779285653767,1613,UAS-02,327.7,19.05,22.47,3.43,19.23,21.7,0.990,1,1,40.4,0.08,34.32,30.0,0
1779285653800,1614,GND-VEH-01,622.5,19.00,22.06,3.06,18.56,21.4,0.985,1,1,40.0,0.09,34.22,30.1,0
1779285653833,1615,PERSON-01,682.7,18.95,21.94,2.99,17.94,20.9,0.990,1,1,40.0,0.05,34.37,30.0,0
1779285653867,1616,UAS-01,535.2,19.07,22.12,3.05,17.97,21.1,0.972,1,1,40.0,0.17,34.08,30.1,0
1779285653900,1617,UAS-02,534.8,19.28,22.33,3.06,18.12,22.0,0.960,1,1,40.0,0.03,34.24,30.0,0
1779285653933,1618,GND-VEH-01,470.1,18.96,22.14,3.18,18.81,20.6,0.965,1,1,40.0,0.24,34.38,30.1,0
1779285653967,1619,PERSON-01,604.8,18.90,22.07,3.17,17.87,21.4,0.987,1,1,42.2,0.29,34.72,30.0,0
1779285654000,1620,UAS-01,428.7,18.78,21.64,2.86,17.94,21.6,0.990,1,1,40.0,0.04,34.12,30.1,0
1779285654033,1621,UAS-02,805.1,19.06,21.83,2.77,17.50,22.8,0.990,1,1,41.6,0.28,34.29,30.1,0
1779285654067,1622,GND-VEH-01,363.6,18.74,21.95,3.21,18.62,21.4,0.990,1,1,40.0,0.40,34.60,30.1,0
1779285654100,1623,PERSON-01,870.0,19.09,22.20,3.11,17.79,24.0,0.990,1,1,40.0,0.07,34.46,30.0,0
1779285654133,1624,UAS-01,813.1,18.88,22.28,3.40,18.05,22.2,0.977,1,1,41.1,0.16,34.02,29.8,0
1779285654167,1625,UAS-02,322.2,18.99,21.91,2.92,17.96,21.5,0.990,1,1,40.0,0.06,34.92,30.0,0
1779285654200,1626,GND-VEH-01,717.7,18.85,21.86,3.01,18.04,21.5,0.989,1,1,42.3,0.03,34.13,30.0,0
1779285654233,1627,PERSON-01,811.4,19.02,22.20,3.17,18.22,21.4,0.990,1,1,40.0,0.02,34.46,30.0,0
1779285654267,1628,UAS-01,603.5,19.13,21.92,2.79,17.64,22.0,0.990,1,1,40.0,0.07,34.13,29.9,0
1779285654300,1629,UAS-02,401.6,18.92,22.11,3.19,18.07,22.7,0.990,1,1,40.1,0.46,34.04,30.0,0
1779285654333,1630,GND-VEH-01,337.1,18.85,22.15,3.31,18.85,20.5,0.984,1,1,40.0,0.13,34.26,30.0,0
1779285654367,1631,PERSON-01,648.1,19.18,22.31,3.14,18.54,20.4,0.988,1,1,40.0,0.25,34.58,30.1,0
1779285654400,1632,UAS-01,528.4,19.05,22.14,3.09,18.18,22.5,0.990,1,1,40.0,0.16,34.68,30.1,0
1779285654433,1633,UAS-02,401.3,18.90,22.23,3.33,18.55,21.1,0.990,1,1,40.9,0.31,33.73,30.0,0
1779285654467,1634,GND-VEH-01,433.4,19.18,22.37,3.19,17.59,22.7,0.977,1,1,40.0,0.17,34.36,30.0,0
1779285654500,1635,PERSON-01,610.6,19.03,21.90,2.87,17.79,22.3,0.990,1,1,40.0,0.10,33.87,30.0,0
1779285654533,1636,UAS-01,469.6,18.98,21.98,3.00,18.27,21.9,0.990,1,1,40.0,0.22,34.06,30.0,0
1779285654567,1637,UAS-02,552.8,18.88,22.13,3.25,17.27,22.8,0.990,1,1,40.7,0.09,34.11,29.9,0
1779285654600,1638,GND-VEH-01,316.3,18.94,22.18,3.24,17.91,22.5,0.990,1,1,40.9,0.53,33.77,30.1,0
1779285654633,1639,PERSON-01,557.8,18.77,21.67,2.90,17.56,23.0,0.990,1,1,40.0,0.07,34.54,30.0,0
1779285654667,1640,UAS-01,479.9,19.10,22.25,3.15,18.28,20.8,0.990,1,1,41.4,0.28,34.33,19.7,1
1779285654700,1641,UAS-02,435.1,18.97,22.15,3.17,17.79,22.7,0.990,1,1,40.0,0.29,34.38,29.9,0
1779285654733,1642,GND-VEH-01,473.8,19.23,22.32,3.09,18.07,21.9,0.990,1,1,40.0,0.17,34.55,30.0,0
1779285654767,1643,PERSON-01,537.5,19.01,22.34,3.33,18.66,22.5,0.990,1,1,40.8,0.08,34.09,30.0,0
1779285654800,1644,UAS-01,413.8,19.00,22.38,3.38,19.27,22.0,0.990,1,1,40.0,0.14,34.46,30.2,0
1779285654833,1645,UAS-02,511.6,18.82,22.16,3.34,19.24,20.6,0.981,1,1,43.0,0.22,34.12,30.0,0
1779285654867,1646,GND-VEH-01,758.3,19.02,22.31,3.30,18.59,21.7,0.990,1,1,40.0,0.07,34.57,30.1,0
1779285654900,1647,PERSON-01,544.7,19.22,22.42,3.20,18.59,21.7,0.990,1,1,40.7,0.05,34.23,30.0,0
1779285654933,1648,UAS-01,629.1,19.00,22.08,3.08,18.39,22.4,0.990,1,1,40.4,0.10,34.58,30.0,0
1779285654967,1649,UAS-02,493.7,19.15,22.32,3.17,18.58,22.7,0.990,1,1,40.0,0.13,34.40,30.0,0
1779285655000,1650,GND-VEH-01,472.1,19.11,22.61,3.50,19.04,22.9,0.990,1,1,42.0,0.33,34.06,30.1,0
1779285655033,1651,PERSON-01,763.4,18.62,21.62,3.00,18.34,21.2,0.990,1,1,169.1,0.09,34.74,30.0,0
1779285655067,1652,UAS-01,642.2,19.03,21.84,2.81,17.26,22.6,0.990,1,1,40.0,0.32,34.44,30.2,0
1779285655100,1653,UAS-02,677.0,19.04,22.06,3.02,18.80,20.6,0.989,1,1,40.0,0.38,34.44,30.2,0
1779285655133,1654,GND-VEH-01,621.8,18.79,21.68,2.89,17.24,21.1,0.976,1,1,40.6,0.04,34.40,30.0,0
1779285655167,1655,PERSON-01,538.8,19.12,22.20,3.08,17.24,23.1,0.974,1,1,41.1,0.04,34.42,30.1,0
1779285655200,1656,UAS-01,543.8,18.99,22.12,3.14,18.09,21.9,0.990,1,1,40.0,0.22,34.60,29.9,0
1779285655233,1657,UAS-02,455.0,19.18,22.55,3.37,18.79,19.8,0.979,1,1,40.0,0.06,34.63,29.9,0
1779285655267,1658,GND-VEH-01,308.1,19.10,22.32,3.21,17.80,21.8,0.990,1,1,40.5,0.42,34.26,30.0,0
1779285655300,1659,PERSON-01,317.6,19.01,22.36,3.35,18.42,21.4,0.990,1,1,41.0,0.08,34.51,30.0,0
1779285655333,1660,UAS-01,573.6,18.89,22.16,3.27,18.39,21.3,0.988,1,1,41.8,0.10,33.98,30.0,0
1779285655367,1661,UAS-02,611.1,18.97,22.11,3.14,18.51,21.8,0.990,1,1,42.9,0.47,34.36,29.8,0
1779285655400,1662,GND-VEH-01,423.3,19.10,22.38,3.28,18.22,22.9,0.979,1,1,40.0,0.08,34.57,30.1,0
1779285655433,1663,PERSON-01,314.0,18.85,22.00,3.15,18.95,22.0,0.990,1,1,40.0,0.24,34.20,29.9,0
1779285655467,1664,UAS-01,905.4,19.05,21.74,2.69,17.59,24.1,0.990,1,1,42.3,0.09,34.20,30.1,0
1779285655500,1665,UAS-02,411.4,19.10,22.27,3.17,18.72,22.0,0.983,1,1,40.0,0.25,34.78,29.9,0
1779285655533,1666,GND-VEH-01,399.9,18.97,21.99,3.02,17.78,22.7,0.990,1,1,43.6,0.25,34.47,30.0,0
1779285655567,1667,PERSON-01,420.0,19.08,22.46,3.38,19.16,22.9,0.990,1,1,140.5,0.15,34.67,30.0,0
1779285655600,1668,UAS-01,663.4,19.11,22.40,3.29,18.72,22.7,0.990,1,1,40.5,0.09,34.53,30.0,0
1779285655633,1669,UAS-02,314.0,18.87,21.99,3.12,17.99,22.0,0.990,1,1,40.0,0.14,34.66,30.0,0
1779285655667,1670,GND-VEH-01,505.0,18.96,22.24,3.28,17.61,21.8,0.990,1,1,40.0,0.17,34.33,30.1,0
1779285655700,1671,PERSON-01,535.8,19.00,22.06,3.06,17.87,22.2,0.990,1,1,42.4,0.12,34.55,30.2,0
1779285655733,1672,UAS-01,666.5,19.04,22.21,3.17,18.16,21.8,0.990,1,1,42.8,0.54,34.78,29.9,0
1779285655767,1673,UAS-02,356.3,18.89,22.03,3.14,18.42,20.8,0.989,1,1,41.5,0.25,34.16,30.0,0
1779285655800,1674,GND-VEH-01,396.0,18.97,22.32,3.34,18.19,21.0,0.990,1,1,40.4,0.22,34.91,29.9,0
1779285655833,1675,PERSON-01,427.7,18.80,22.08,3.29,18.30,22.5,0.990,1,1,40.0,0.07,34.48,30.0,0
1779285655867,1676,UAS-01,347.6,19.16,22.57,3.40,18.63,21.0,0.990,1,1,161.4,0.47,34.62,30.0,0
1779285655900,1677,UAS-02,375.8,18.83,22.18,3.36,18.47,22.8,0.990,1,1,40.0,0.12,34.44,30.0,0
1779285655933,1678,GND-VEH-01,402.1,18.84,22.33,3.50,18.88,22.6,0.990,1,1,40.0,0.03,34.31,30.0,0
1779285655967,1679,PERSON-01,649.8,18.95,22.31,3.36,18.19,22.5,0.990,1,1,40.0,0.03,34.74,30.0,0
1779285656000,1680,UAS-01,727.4,19.17,22.29,3.12,18.31,22.2,0.990,1,1,41.3,0.56,34.92,30.1,0
1779285656033,1681,UAS-02,453.6,18.93,22.09,3.16,18.24,22.3,0.988,1,1,40.0,0.16,34.96,30.0,0
1779285656067,1682,GND-VEH-01,589.3,18.68,21.78,3.10,18.42,21.5,0.990,1,1,40.0,0.24,34.84,30.0,0
1779285656100,1683,PERSON-01,439.1,19.11,22.04,2.93,17.68,21.0,0.989,1,1,42.3,0.28,34.27,30.0,0
1779285656133,1684,UAS-01,459.4,19.09,22.04,2.95,18.53,21.6,0.990,1,1,40.0,0.04,34.42,30.0,0
1779285656167,1685,UAS-02,534.0,18.98,21.97,3.00,17.57,23.3,0.990,1,1,40.0,0.05,34.83,30.0,0
1779285656200,1686,GND-VEH-01,305.2,18.98,22.07,3.08,18.36,22.7,0.983,1,1,40.3,0.19,34.95,30.0,0
1779285656233,1687,PERSON-01,708.6,18.95,22.19,3.24,17.74,22.1,0.990,1,1,40.4,0.07,34.21,30.1,0
1779285656267,1688,UAS-01,598.3,19.12,21.97,2.85,17.87,20.9,0.990,1,1,40.0,0.28,34.67,30.1,0
1779285656300,1689,UAS-02,423.7,19.17,22.16,3.00,18.00,22.4,0.990,1,1,40.4,0.36,34.29,29.8,0
1779285656333,1690,GND-VEH-01,317.1,19.22,22.45,3.23,18.49,22.0,0.988,1,1,40.7,0.03,34.47,30.1,0
1779285656367,1691,PERSON-01,402.9,19.24,22.48,3.24,17.70,23.1,0.975,1,1,42.8,0.04,34.47,30.0,0
1779285656400,1692,UAS-01,483.1,19.23,22.27,3.05,18.42,21.1,0.976,1,1,40.6,0.16,34.53,30.1,0
1779285656433,1693,UAS-02,642.5,19.26,22.37,3.11,18.14,21.1,0.990,1,1,40.4,0.12,34.52,29.9,0
1779285656467,1694,GND-VEH-01,406.6,19.07,22.19,3.13,18.55,22.5,0.990,1,1,40.5,0.10,34.43,30.0,0
1779285656500,1695,PERSON-01,308.7,19.02,22.31,3.29,18.27,22.7,0.990,1,1,41.2,0.21,34.54,30.1,0
1779285656533,1696,UAS-01,477.6,19.00,22.19,3.19,17.94,23.7,0.990,1,1,41.7,0.26,34.71,30.1,0
1779285656567,1697,UAS-02,500.6,18.92,22.01,3.09,17.89,21.7,0.978,1,1,40.0,0.07,34.34,30.1,0
1779285656600,1698,GND-VEH-01,639.7,18.98,22.12,3.14,18.82,21.4,0.990,1,1,40.0,0.55,34.30,30.0,0
1779285656633,1699,PERSON-01,460.7,19.10,22.45,3.35,19.41,20.6,0.979,1,1,42.5,0.38,34.13,30.0,0
1779285656667,1700,UAS-01,491.0,19.18,22.59,3.41,18.58,22.8,0.990,1,1,40.0,0.33,34.63,30.1,0
1779285656700,1701,UAS-02,302.5,18.97,22.46,3.49,19.40,21.3,0.990,1,1,40.4,0.09,34.51,30.1,0
1779285656733,1702,GND-VEH-01,359.1,18.97,21.97,3.00,18.21,22.9,0.990,1,1,40.0,0.20,34.41,29.9,0
1779285656767,1703,PERSON-01,469.8,18.85,22.05,3.19,18.33,22.1,0.990,1,1,40.0,0.22,34.55,30.0,0
1779285656800,1704,UAS-01,590.2,18.95,22.17,3.22,17.96,22.7,0.990,1,1,40.3,0.21,34.25,30.1,0
1779285656833,1705,UAS-02,332.1,19.02,22.35,3.34,18.57,22.7,0.990,1,1,41.4,0.28,34.63,30.0,0
1779285656867,1706,GND-VEH-01,524.3,18.83,22.22,3.39,18.50,23.8,0.983,1,1,41.5,0.27,34.67,30.0,0
1779285656900,1707,PERSON-01,357.8,19.20,22.51,3.31,18.59,22.9,0.990,1,1,41.7,0.13,34.78,30.0,0
1779285656933,1708,UAS-01,663.3,18.96,22.22,3.26,18.66,21.1,0.990,1,1,40.0,0.04,34.92,30.0,0
1779285656967,1709,UAS-02,543.6,19.05,22.37,3.32,17.90,23.9,0.990,1,1,40.6,0.00,34.42,29.9,0
1779285657000,1710,GND-VEH-01,389.7,18.68,21.62,2.93,17.69,22.5,0.990,1,1,42.2,0.08,34.90,30.1,0
1779285657033,1711,PERSON-01,623.8,19.28,22.60,3.33,18.80,20.8,0.990,1,1,41.7,0.06,34.62,29.9,0
1779285657067,1712,UAS-01,447.2,19.10,22.37,3.26,19.24,21.6,0.990,1,1,42.0,0.00,34.73,30.1,0
1779285657100,1713,UAS-02,453.0,19.12,22.48,3.36,18.10,21.8,0.990,1,1,40.5,0.35,34.68,30.1,0
1779285657133,1714,GND-VEH-01,368.3,18.92,22.06,3.13,17.89,22.6,0.990,1,1,41.5,0.45,34.58,30.1,0
1779285657167,1715,PERSON-01,513.8,18.96,22.10,3.13,18.37,22.7,0.989,1,1,42.5,0.23,34.45,29.9,0
1779285657200,1716,UAS-01,444.1,19.03,22.48,3.45,19.44,21.8,0.966,1,1,40.9,0.45,34.90,29.9,0
1779285657233,1717,UAS-02,716.3,19.09,21.98,2.89,17.39,20.4,0.990,1,1,42.3,0.16,34.75,29.9,0
1779285657267,1718,GND-VEH-01,422.1,18.96,22.14,3.18,18.51,21.0,0.990,1,1,40.5,0.06,34.66,30.0,0
1779285657300,1719,PERSON-01,797.3,18.92,21.84,2.93,18.22,21.8,0.990,1,1,40.0,0.13,34.17,30.0,0
1779285657333,1720,UAS-01,408.2,18.99,22.14,3.15,18.32,22.3,0.980,1,1,40.5,0.34,34.45,29.9,0
1779285657367,1721,UAS-02,712.5,19.12,22.16,3.04,17.74,23.3,0.987,1,1,40.0,0.19,34.68,29.9,0
1779285657400,1722,GND-VEH-01,622.8,19.12,22.30,3.18,17.95,22.0,0.975,1,1,42.0,0.00,34.91,29.9,0
1779285657433,1723,PERSON-01,850.4,19.12,21.90,2.78,17.77,22.9,0.990,1,1,40.5,0.31,34.77,30.1,0
1779285657467,1724,UAS-01,709.8,19.14,22.34,3.19,18.05,22.5,0.990,1,1,40.8,0.03,34.62,21.5,1
1779285657500,1725,UAS-02,378.2,19.08,22.30,3.23,18.60,21.4,0.989,1,1,43.6,0.38,34.85,29.9,0
1779285657533,1726,GND-VEH-01,602.0,18.82,22.09,3.27,17.85,21.3,0.990,1,1,128.5,0.07,34.42,30.0,0
1779285657567,1727,PERSON-01,707.3,19.10,22.17,3.07,18.71,22.6,0.990,1,1,40.7,0.05,34.70,30.1,0
1779285657600,1728,UAS-01,466.5,19.00,22.39,3.39,18.63,22.9,0.990,1,1,40.0,0.28,34.30,30.0,0
1779285657633,1729,UAS-02,659.3,18.81,21.54,2.72,17.46,21.2,0.982,1,1,40.0,0.30,34.74,29.9,0
1779285657667,1730,GND-VEH-01,443.0,19.08,22.72,3.65,19.16,22.8,0.990,1,1,40.0,0.08,34.68,30.0,0
1779285657700,1731,PERSON-01,594.4,19.14,22.03,2.89,17.73,21.9,0.990,1,1,40.0,0.52,35.31,29.9,0
1779285657733,1732,UAS-01,598.8,18.97,22.07,3.10,17.71,22.5,0.990,1,1,40.3,0.07,35.08,29.9,0
1779285657767,1733,UAS-02,414.4,18.85,21.95,3.10,18.65,22.1,0.967,1,1,40.0,0.19,34.57,30.0,0
1779285657800,1734,GND-VEH-01,846.4,19.19,22.11,2.92,17.41,22.5,0.990,1,1,40.0,0.69,34.65,30.1,0
1779285657833,1735,PERSON-01,331.5,18.95,22.25,3.30,18.78,20.8,0.990,1,1,40.0,0.47,34.86,30.1,0
1779285657867,1736,UAS-01,648.7,19.10,22.01,2.91,17.74,22.3,0.990,1,1,40.0,0.16,34.62,30.0,0
1779285657900,1737,UAS-02,464.5,19.05,22.26,3.21,18.11,21.7,0.980,1,1,40.0,0.03,35.06,30.0,0
1779285657933,1738,GND-VEH-01,375.9,19.10,22.44,3.34,18.63,22.4,0.990,1,1,100.8,0.10,34.61,30.0,0
1779285657967,1739,PERSON-01,819.1,19.08,22.14,3.06,17.95,23.3,0.990,1,1,40.0,0.09,34.55,30.1,0
1779285658000,1740,UAS-01,431.2,19.00,22.03,3.02,17.83,22.2,0.985,1,1,40.0,0.19,34.44,30.0,0
1779285658033,1741,UAS-02,974.9,19.11,21.86,2.74,17.59,21.6,0.976,1,1,40.0,0.10,34.56,30.1,0
1779285658067,1742,GND-VEH-01,680.5,19.06,22.22,3.16,17.86,20.6,0.966,1,1,40.0,0.29,34.46,29.9,0
1779285658100,1743,PERSON-01,417.1,19.12,22.06,2.94,17.33,21.7,0.990,1,1,40.1,0.27,34.69,30.1,0
1779285658133,1744,UAS-01,660.0,18.91,21.81,2.90,17.91,22.9,0.990,1,1,41.6,0.12,35.07,29.9,0
1779285658167,1745,UAS-02,404.1,19.02,22.42,3.40,18.58,22.2,0.990,1,1,40.0,0.08,34.66,30.1,0
1779285658200,1746,GND-VEH-01,323.4,19.02,22.36,3.34,18.74,21.3,0.990,1,1,40.5,0.14,34.65,29.9,0
1779285658233,1747,PERSON-01,935.8,19.15,21.92,2.77,17.78,20.3,0.990,1,1,40.0,0.23,35.06,29.9,0
1779285658267,1748,UAS-01,342.3,19.03,22.20,3.17,17.79,21.7,0.990,1,1,40.3,0.07,34.87,30.0,0
1779285658300,1749,UAS-02,462.4,18.93,22.17,3.24,18.32,22.3,0.990,1,1,41.8,0.05,34.52,30.0,0
1779285658333,1750,GND-VEH-01,326.5,19.09,22.39,3.30,18.52,21.1,0.981,1,1,40.0,0.43,34.59,30.1,0
1779285658367,1751,PERSON-01,647.6,19.13,22.36,3.23,19.44,21.5,0.990,1,1,40.0,0.14,34.97,30.0,0
1779285658400,1752,UAS-01,575.1,19.15,22.18,3.03,18.60,21.0,0.990,1,1,40.7,0.14,34.81,30.0,0
1779285658433,1753,UAS-02,471.8,19.10,21.95,2.85,17.48,21.5,0.990,1,1,40.0,0.10,34.68,30.0,0
1779285658467,1754,GND-VEH-01,346.5,18.75,21.90,3.15,17.68,22.4,0.990,1,1,41.9,0.20,34.51,30.0,0
1779285658500,1755,PERSON-01,511.9,19.18,22.73,3.55,18.81,22.8,0.990,1,1,40.0,0.23,34.84,30.0,0
1779285658533,1756,UAS-01,749.5,18.69,21.39,2.70,17.56,22.7,0.977,1,1,159.3,0.57,34.52,30.1,0
1779285658567,1757,UAS-02,579.9,18.77,22.04,3.27,18.74,21.9,0.990,1,1,44.7,0.17,35.15,30.0,0
1779285658600,1758,GND-VEH-01,631.7,18.82,21.71,2.89,17.58,22.4,0.976,1,1,40.0,0.12,35.07,30.1,0
1779285658633,1759,PERSON-01,456.4,19.08,21.98,2.90,17.73,22.8,0.990,1,1,42.6,0.55,34.81,30.0,0
1779285658667,1760,UAS-01,578.8,19.31,22.22,2.90,18.14,21.7,0.990,1,1,40.0,0.04,34.76,30.0,0
1779285658700,1761,UAS-02,623.6,18.90,21.92,3.01,17.88,22.6,0.990,1,1,40.2,0.28,34.81,30.0,0
1779285658733,1762,GND-VEH-01,373.1,19.10,22.35,3.25,18.44,20.8,0.990,1,1,41.0,0.13,34.50,30.1,0
1779285658767,1763,PERSON-01,367.3,19.25,22.40,3.15,18.35,20.8,0.990,1,1,42.9,0.27,34.53,30.1,0
1779285658800,1764,UAS-01,552.4,19.00,22.27,3.27,18.17,22.6,0.990,1,1,42.8,0.35,35.26,19.6,1
1779285658833,1765,UAS-02,571.0,18.91,22.25,3.34,18.51,20.7,0.990,1,1,40.0,0.16,34.49,30.1,0
1779285658867,1766,GND-VEH-01,442.9,19.08,21.92,2.85,17.82,21.2,0.990,1,1,40.7,0.22,34.81,30.0,0
1779285658900,1767,PERSON-01,486.3,18.95,22.52,3.57,18.78,23.7,0.990,1,1,42.3,0.30,34.47,30.1,0
1779285658933,1768,UAS-01,522.1,18.95,21.99,3.04,17.89,22.6,0.990,1,1,40.0,0.48,35.20,30.0,0
1779285658967,1769,UAS-02,417.5,19.08,22.50,3.42,18.44,20.8,0.986,1,1,42.8,0.00,34.64,30.1,0
1779285659000,1770,GND-VEH-01,465.6,19.16,22.16,3.00,17.92,22.2,0.989,1,1,102.2,0.28,34.86,29.9,0
1779285659033,1771,PERSON-01,477.0,18.83,21.93,3.11,17.53,22.5,0.985,1,1,40.7,0.18,35.24,30.1,0
1779285659067,1772,UAS-01,410.3,18.94,22.17,3.23,18.61,20.2,0.990,1,1,40.0,0.14,34.80,30.0,0
1779285659100,1773,UAS-02,392.7,18.93,22.17,3.23,18.21,23.4,0.990,1,1,40.0,0.27,34.75,30.2,0
1779285659133,1774,GND-VEH-01,357.6,18.93,21.87,2.95,18.13,21.6,0.990,1,1,40.0,0.50,34.79,30.0,0
1779285659167,1775,PERSON-01,566.5,19.11,22.51,3.40,18.38,21.4,0.990,1,1,43.5,0.21,34.84,30.2,0
1779285659200,1776,UAS-01,439.4,19.08,22.20,3.12,18.58,20.7,0.990,1,1,40.0,0.26,34.87,29.9,0
1779285659233,1777,UAS-02,577.6,18.86,22.20,3.34,18.65,23.0,0.990,1,1,41.4,0.05,34.58,30.0,0
1779285659267,1778,GND-VEH-01,489.4,19.05,21.95,2.90,17.17,22.8,0.990,1,1,40.0,0.37,34.98,30.1,0
1779285659300,1779,PERSON-01,357.3,18.88,21.92,3.04,18.45,22.5,0.990,1,1,40.0,0.14,35.04,29.9,0
1779285659333,1780,UAS-01,848.4,19.16,22.45,3.29,17.72,23.4,0.986,1,1,41.3,0.15,34.97,29.9,0
1779285659367,1781,UAS-02,752.3,18.80,21.83,3.02,17.26,22.6,0.990,1,1,41.8,0.19,34.89,29.8,0
1779285659400,1782,GND-VEH-01,515.7,18.87,22.22,3.35,19.05,21.5,0.987,1,1,40.0,0.76,35.35,30.0,0
1779285659433,1783,PERSON-01,356.4,19.12,22.32,3.21,18.09,20.3,0.990,1,1,41.1,0.36,34.87,30.0,0
1779285659467,1784,UAS-01,642.3,19.04,21.88,2.84,18.33,22.6,0.990,1,1,40.0,0.21,35.03,30.2,0
1779285659500,1785,UAS-02,719.9,19.19,21.98,2.78,17.95,22.6,0.978,1,1,40.0,0.34,34.73,30.0,0
1779285659533,1786,GND-VEH-01,396.6,19.07,22.25,3.17,17.67,21.6,0.990,1,1,40.0,0.26,34.40,30.0,0
1779285659567,1787,PERSON-01,575.5,19.06,22.33,3.27,18.08,21.2,0.990,1,1,40.3,0.41,34.93,30.0,0
1779285659600,1788,UAS-01,317.8,18.88,22.27,3.40,18.50,22.5,0.990,1,1,40.0,0.00,35.00,30.1,0
1779285659633,1789,UAS-02,383.8,19.14,22.17,3.03,18.31,22.3,0.990,1,1,40.0,0.39,35.12,30.0,0
1779285659667,1790,GND-VEH-01,680.9,19.34,22.85,3.51,18.05,23.1,0.989,1,1,40.0,0.37,35.24,30.0,0
1779285659700,1791,PERSON-01,588.6,19.25,22.39,3.14,18.75,21.2,0.990,1,1,40.0,0.05,34.80,30.0,0
1779285659733,1792,UAS-01,645.7,18.98,22.17,3.19,17.78,23.6,0.990,1,1,40.0,0.05,35.17,30.1,0
1779285659767,1793,UAS-02,579.7,19.01,22.36,3.35,18.67,22.2,0.990,1,1,40.0,0.10,35.23,29.9,0
1779285659800,1794,GND-VEH-01,614.9,18.93,22.27,3.35,18.18,22.8,0.986,1,1,40.0,0.23,35.08,30.0,0
1779285659833,1795,PERSON-01,524.9,19.14,22.59,3.45,18.52,21.6,0.990,1,1,40.0,0.33,34.93,29.9,0
1779285659867,1796,UAS-01,323.2,18.89,22.02,3.13,17.57,21.9,0.990,1,1,40.0,0.28,34.67,30.0,0
1779285659900,1797,UAS-02,510.7,18.77,21.79,3.02,18.29,21.1,0.990,1,1,40.0,0.02,34.64,30.0,0
1779285659933,1798,GND-VEH-01,324.5,19.09,22.52,3.44,17.95,22.1,0.990,1,1,40.0,0.12,34.84,29.9,0
1779285659967,1799,PERSON-01,368.8,19.30,22.59,3.29,17.72,21.6,0.990,1,1,40.3,0.15,34.87,30.0,0
