timestamp,frame_id,target_id,range_m,ambient_temp_c,target_temp_c,delta_t_c,snr_db,netd_mk,detection_confidence,detected,classified,classification_latency_ms,track_error_m,sensor_temp_c,frame_rate_hz,dropped_frame
1779285600000,0,UAS-01,637.6,19.02,22.13,3.11,19.34,20.3,0.990,1,1,29.0,0.10,27.92,30.1,0
1779285600033,1,UAS-02,321.3,19.31,22.73,3.42,20.10,22.2,0.990,1,1,29.0,0.42,27.81,30.1,0
1779285600067,2,GND-VEH-01,488.9,18.87,22.16,3.29,19.37,21.2,0.990,1,1,29.0,0.37,27.69,30.0,0
1779285600100,3,PERSON-01,368.8,19.14,22.61,3.47,19.54,22.5,0.990,1,1,29.0,0.17,28.31,30.0,0
1779285600133,4,UAS-01,308.5,18.96,22.26,3.31,20.03,21.6,0.990,1,1,30.0,0.67,27.99,30.0,0
1779285600167,5,UAS-02,316.2,19.04,22.38,3.34,19.32,20.7,0.990,1,1,30.1,0.14,28.21,30.0,0
1779285600200,6,GND-VEH-01,942.2,19.01,21.92,2.91,19.09,20.2,0.990,1,1,29.0,0.10,27.86,30.0,0
1779285600233,7,PERSON-01,462.7,18.79,22.00,3.21,19.19,20.1,0.990,1,1,30.4,0.04,27.70,30.1,0
1779285600267,8,UAS-01,450.6,19.40,22.84,3.44,19.20,20.4,0.983,1,1,29.0,0.53,27.67,29.9,0
1779285600300,9,UAS-02,736.3,19.04,22.17,3.13,19.58,20.5,0.982,1,1,29.4,0.21,28.07,30.0,0
1779285600333,10,GND-VEH-01,609.9,18.98,22.19,3.21,19.57,20.8,0.990,1,1,31.5,0.16,27.83,30.1,0
1779285600367,11,PERSON-01,710.3,19.13,22.29,3.16,19.62,21.2,0.990,1,1,29.0,0.27,28.15,29.9,0
1779285600400,12,UAS-01,638.3,19.24,22.57,3.33,19.74,20.5,0.990,1,1,29.0,0.34,28.23,30.0,0
1779285600433,13,UAS-02,743.9,18.98,22.24,3.26,19.29,22.6,0.976,1,1,30.3,0.00,28.06,30.1,0
1779285600467,14,GND-VEH-01,443.0,18.89,22.19,3.31,19.52,19.8,0.990,1,1,29.0,0.09,28.01,29.9,0
1779285600500,15,PERSON-01,305.2,19.19,22.22,3.04,19.08,21.5,0.990,1,1,29.0,0.16,27.70,30.1,0
1779285600533,16,UAS-01,561.7,19.01,22.06,3.04,19.08,21.4,0.988,1,1,29.0,0.08,28.18,30.2,0
1779285600567,17,UAS-02,708.4,18.88,22.13,3.25,19.21,21.2,0.990,1,1,29.0,0.29,28.08,30.0,0
1779285600600,18,GND-VEH-01,406.5,18.94,22.52,3.58,20.68,19.8,0.987,1,1,29.6,0.47,28.21,30.0,0
1779285600633,19,PERSON-01,393.4,18.97,22.07,3.10,19.85,21.4,0.990,1,1,29.0,0.19,27.94,30.0,0
1779285600667,20,UAS-01,665.3,18.91,22.48,3.56,19.54,20.7,0.990,1,1,29.0,0.08,28.19,30.0,0
1779285600700,21,UAS-02,789.7,19.06,22.11,3.05,19.52,21.1,0.969,1,1,31.9,0.00,28.43,29.9,0
1779285600733,22,GND-VEH-01,379.4,19.10,22.29,3.19,18.89,21.3,0.990,1,1,30.5,0.30,27.97,30.0,0
1779285600767,23,PERSON-01,669.9,18.90,21.99,3.09,19.50,21.0,0.990,1,1,29.5,0.37,28.41,30.0,0
1779285600800,24,UAS-01,625.6,18.82,22.24,3.42,19.95,21.5,0.990,1,1,29.0,0.13,28.03,29.8,0
1779285600833,25,UAS-02,566.8,18.97,22.07,3.10,19.85,20.5,0.990,1,1,31.1,0.59,27.73,30.0,0
1779285600867,26,GND-VEH-01,1033.6,18.90,21.95,3.05,19.35,20.1,0.967,1,1,29.0,0.00,27.88,30.1,0
1779285600900,27,PERSON-01,539.7,18.93,22.22,3.29,19.48,22.2,0.990,1,1,31.8,0.45,27.98,30.0,0
1779285600933,28,UAS-01,508.6,19.08,22.19,3.10,19.76,21.2,0.990,1,1,29.0,0.13,28.34,30.1,0
1779285600967,29,UAS-02,444.7,18.97,22.15,3.18,19.59,21.0,0.984,1,1,29.0,0.21,27.73,29.9,0
1779285601000,30,GND-VEH-01,464.4,19.12,22.42,3.30,20.33,20.4,0.988,1,1,29.0,0.07,28.29,30.0,0
1779285601033,31,PERSON-01,459.0,19.01,22.23,3.23,19.78,20.7,0.990,1,1,31.9,0.54,28.27,29.9,0
1779285601067,32,UAS-01,417.7,19.12,22.53,3.40,19.96,20.5,0.975,1,1,29.0,0.00,27.93,30.0,0
1779285601100,33,UAS-02,418.4,18.74,21.99,3.25,19.45,20.0,0.990,1,1,29.0,0.04,27.86,30.0,0
1779285601133,34,GND-VEH-01,319.2,18.92,22.37,3.45,19.85,20.8,0.990,1,1,29.0,0.04,28.31,30.1,0
1779285601167,35,PERSON-01,333.7,19.18,22.61,3.43,19.75,21.4,0.981,1,1,31.9,0.14,28.10,30.0,0
1779285601200,36,UAS-01,593.5,19.06,22.23,3.18,19.26,19.8,0.990,1,1,29.3,0.38,27.86,29.9,0
1779285601233,37,UAS-02,525.1,18.88,22.16,3.29,19.66,19.8,0.990,1,1,29.0,0.08,28.09,30.0,0
1779285601267,38,GND-VEH-01,387.1,19.00,22.64,3.65,19.68,19.9,0.990,1,1,30.4,0.31,28.23,23.9,1
1779285601300,39,PERSON-01,586.8,18.93,22.15,3.22,19.49,20.7,0.990,1,1,29.0,0.24,27.92,29.9,0
1779285601333,40,UAS-01,300.9,18.87,22.11,3.24,19.41,21.0,0.968,1,1,29.0,0.12,28.19,30.1,0
1779285601367,41,UAS-02,489.1,19.06,22.23,3.16,18.81,20.5,0.990,1,1,29.0,0.03,28.07,29.9,0
1779285601400,42,GND-VEH-01,303.8,18.88,22.52,3.64,20.10,21.0,0.990,1,1,29.0,0.18,28.27,29.8,0
1779285601433,43,PERSON-01,453.2,18.95,22.16,3.21,19.26,21.8,0.970,1,1,29.0,0.01,28.18,29.8,0
1779285601467,44,UAS-01,316.3,19.14,22.24,3.10,19.46,20.6,0.990,1,1,29.0,0.31,28.03,30.0,0
1779285601500,45,UAS-02,487.4,19.02,22.37,3.36,19.99,19.8,0.990,1,1,30.4,0.29,27.86,30.0,0
1779285601533,46,GND-VEH-01,403.7,19.08,22.45,3.37,19.94,19.8,0.990,1,1,29.3,0.40,28.05,30.2,0
1779285601567,47,PERSON-01,668.0,18.86,22.36,3.50,20.11,20.4,0.990,1,1,30.5,0.12,28.13,30.0,0
1779285601600,48,UAS-01,365.8,18.80,21.87,3.07,19.40,21.4,0.976,1,1,29.0,0.21,28.04,30.0,0
1779285601633,49,UAS-02,316.4,19.07,22.37,3.30,19.21,22.6,0.982,1,1,29.0,0.00,28.25,29.9,0
1779285601667,50,GND-VEH-01,623.0,18.82,21.93,3.11,19.75,20.6,0.990,1,1,29.4,0.26,28.16,29.9,0
1779285601700,51,PERSON-01,316.6,18.96,22.56,3.60,20.38,20.7,0.990,1,1,29.0,0.30,28.04,30.0,0
1779285601733,52,UAS-01,677.1,18.74,21.74,3.00,19.45,21.3,0.990,1,1,29.0,0.26,27.84,29.9,0
1779285601767,53,UAS-02,512.6,19.09,22.35,3.26,19.35,20.9,0.990,1,1,29.1,0.00,27.96,29.9,0
1779285601800,54,GND-VEH-01,580.7,18.99,22.34,3.35,20.22,20.8,0.990,1,1,29.0,0.12,27.85,30.1,0
1779285601833,55,PERSON-01,397.6,18.91,22.48,3.57,20.65,20.8,0.990,1,1,29.0,0.39,28.28,30.0,0
1779285601867,56,UAS-01,659.4,19.09,22.20,3.11,20.17,21.0,0.990,1,1,29.0,0.25,28.04,29.9,0
1779285601900,57,UAS-02,618.1,19.17,22.24,3.07,19.07,21.1,0.990,1,1,30.0,0.11,28.31,30.1,0
1779285601933,58,GND-VEH-01,417.5,19.04,22.47,3.43,20.10,22.3,0.990,1,1,29.6,0.30,28.10,29.9,0
1779285601967,59,PERSON-01,383.3,18.94,22.06,3.12,19.23,20.7,0.990,1,1,29.0,0.02,27.78,30.1,0
1779285602000,60,UAS-01,722.1,18.72,21.96,3.25,19.80,21.2,0.990,1,1,30.7,0.08,27.87,30.0,0
1779285602033,61,UAS-02,507.7,18.80,21.89,3.09,18.93,21.5,0.990,1,1,29.0,0.25,28.69,29.8,0
1779285602067,62,GND-VEH-01,694.1,19.00,22.26,3.26,19.49,21.3,0.990,1,1,29.0,0.24,27.59,30.0,0
1779285602100,63,PERSON-01,621.0,18.90,22.22,3.32,20.02,20.3,0.989,1,1,29.0,0.21,28.20,30.0,0
1779285602133,64,UAS-01,618.0,18.84,21.89,3.05,19.23,21.0,0.990,1,1,29.0,0.31,28.45,30.0,0
1779285602167,65,UAS-02,327.6,19.07,22.36,3.29,19.58,21.5,0.990,1,1,29.9,0.11,28.16,30.0,0
1779285602200,66,GND-VEH-01,474.9,19.13,22.62,3.49,19.73,22.0,0.990,1,1,30.4,0.06,28.22,29.9,0
1779285602233,67,PERSON-01,522.9,18.84,22.17,3.33,19.17,22.1,0.990,1,1,29.5,0.08,28.19,30.0,0
1779285602267,68,UAS-01,559.5,19.00,22.01,3.01,19.37,18.6,0.990,1,1,29.0,0.24,28.21,29.8,0
1779285602300,69,UAS-02,637.6,19.01,22.05,3.04,18.72,23.3,0.990,1,1,29.0,0.34,28.14,30.1,0
1779285602333,70,GND-VEH-01,551.4,19.28,22.34,3.06,19.52,22.1,0.990,1,1,29.0,0.02,28.44,30.0,0
1779285602367,71,PERSON-01,445.2,18.93,22.14,3.21,19.38,21.6,0.990,1,1,29.0,0.27,28.15,30.0,0
1779285602400,72,UAS-01,301.4,18.77,22.08,3.31,19.72,20.6,0.990,1,1,29.0,0.09,28.32,29.9,0
1779285602433,73,UAS-02,478.8,19.33,22.59,3.25,19.77,20.9,0.990,1,1,29.0,0.21,27.86,29.9,0
1779285602467,74,GND-VEH-01,405.2,18.90,22.17,3.27,19.29,21.9,0.990,1,1,30.4,0.27,28.09,29.9,0
1779285602500,75,PERSON-01,421.0,18.97,22.46,3.50,19.52,21.5,0.990,1,1,29.0,0.20,28.16,30.1,0
1779285602533,76,UAS-01,346.6,18.90,22.14,3.24,19.79,20.9,0.988,1,1,29.0,0.34,27.98,30.2,0
1779285602567,77,UAS-02,741.0,18.94,22.01,3.07,19.63,21.9,0.990,1,1,29.0,0.13,28.23,30.0,0
1779285602600,78,GND-VEH-01,551.4,19.18,22.48,3.31,19.96,20.6,0.990,1,1,30.8,0.09,27.95,30.0,0
1779285602633,79,PERSON-01,447.7,19.04,22.48,3.44,19.40,22.5,0.975,1,1,29.0,0.63,28.12,29.9,0
1779285602667,80,UAS-01,490.4,19.34,22.64,3.30,19.89,21.1,0.990,1,1,30.6,0.16,28.47,30.0,0
1779285602700,81,UAS-02,522.6,18.97,22.08,3.11,19.02,21.5,0.990,1,1,29.6,0.28,28.24,30.0,0
1779285602733,82,GND-VEH-01,650.4,18.95,21.92,2.96,18.95,20.9,0.963,1,1,29.2,0.10,28.65,30.0,0
1779285602767,83,PERSON-01,478.7,19.02,22.26,3.25,20.22,21.5,0.980,1,1,31.1,0.18,28.14,30.2,0
1779285602800,84,UAS-01,333.4,19.22,22.37,3.15,19.26,20.5,0.989,1,1,32.8,0.23,28.14,30.0,0
1779285602833,85,UAS-02,730.8,19.11,22.10,3.00,19.39,21.6,0.990,1,1,31.1,0.02,28.24,30.0,0
1779285602867,86,GND-VEH-01,564.1,18.91,22.00,3.10,19.66,20.8,0.990,1,1,29.1,0.21,27.98,30.0,0
1779285602900,87,PERSON-01,373.8,18.84,22.22,3.38,19.24,21.9,0.981,1,1,29.0,0.39,28.11,30.0,0
1779285602933,88,UAS-01,878.3,18.78,22.11,3.33,19.78,21.2,0.989,1,1,32.3,0.58,28.53,30.0,0
1779285602967,89,UAS-02,316.7,19.05,22.38,3.34,19.57,21.7,0.990,1,1,29.3,0.40,28.41,30.1,0
1779285603000,90,GND-VEH-01,344.2,19.00,22.26,3.25,20.31,20.4,0.990,1,1,29.0,0.16,28.19,30.0,0
1779285603033,91,PERSON-01,913.1,18.85,21.74,2.90,18.88,20.0,0.990,1,1,31.4,0.48,28.19,30.1,0
1779285603067,92,UAS-01,678.8,18.98,22.32,3.34,19.65,20.7,0.990,1,1,29.0,0.09,27.92,29.9,0
1779285603100,93,UAS-02,392.2,19.03,22.63,3.60,20.67,21.9,0.990,1,1,29.0,0.30,28.13,30.0,0
1779285603133,94,GND-VEH-01,463.9,18.87,22.20,3.32,19.92,20.8,0.978,1,1,32.0,0.24,28.26,30.1,0
1779285603167,95,PERSON-01,580.6,19.00,22.42,3.42,20.59,21.3,0.985,1,1,29.1,0.50,28.36,30.1,0
1779285603200,96,UAS-01,697.9,19.08,22.16,3.08,18.75,20.1,0.990,1,1,29.1,0.23,28.12,29.9,0
1779285603233,97,UAS-02,674.3,19.14,22.12,2.98,19.65,20.4,0.990,1,1,31.8,0.54,28.40,29.9,0
1779285603267,98,GND-VEH-01,651.2,19.09,22.30,3.21,19.03,21.5,0.990,1,1,30.9,0.10,28.08,30.2,0
1779285603300,99,PERSON-01,1020.0,18.89,21.89,3.00,18.79,21.1,0.990,1,1,29.0,0.19,28.14,29.8,0
1779285603333,100,UAS-01,632.6,18.92,22.15,3.23,19.84,21.6,0.989,1,1,31.1,0.59,28.31,30.1,0
1779285603367,101,UAS-02,422.5,19.08,22.40,3.32,19.34,23.0,0.990,1,1,29.0,0.05,28.37,30.0,0
1779285603400,102,GND-VEH-01,426.4,19.20,22.58,3.38,19.81,22.8,0.990,1,1,30.6,0.40,28.32,30.0,0
1779285603433,103,PERSON-01,616.9,18.73,21.90,3.17,18.49,20.9,0.990,1,1,30.3,0.42,28.48,30.0,0
1779285603467,104,UAS-01,456.2,18.99,22.29,3.31,19.95,19.3,0.990,1,1,29.0,0.29,28.14,29.9,0
1779285603500,105,UAS-02,336.1,19.15,22.71,3.56,20.00,20.0,0.979,1,1,29.0,0.17,28.46,30.2,0
1779285603533,106,GND-VEH-01,312.7,18.84,22.12,3.27,18.93,22.1,0.990,1,1,30.1,0.09,28.51,30.1,0
1779285603567,107,PERSON-01,572.5,19.16,22.39,3.23,19.57,20.3,0.990,1,1,29.0,0.27,28.83,30.0,0
1779285603600,108,UAS-01,416.3,18.91,22.34,3.43,19.99,21.4,0.990,1,1,29.0,0.00,28.35,29.8,0
1779285603633,109,UAS-02,469.8,18.97,22.17,3.21,19.50,21.1,0.990,1,1,29.6,0.28,28.25,30.1,0
1779285603667,110,GND-VEH-01,538.8,19.10,22.11,3.01,19.41,21.7,0.990,1,1,29.2,0.12,28.61,30.0,0
1779285603700,111,PERSON-01,875.2,18.62,21.57,2.95,19.88,20.5,0.990,1,1,31.8,0.30,28.46,29.9,0
1779285603733,112,UAS-01,348.2,19.17,22.30,3.13,19.03,21.0,0.990,1,1,29.0,0.06,28.18,30.1,0
1779285603767,113,UAS-02,552.2,18.76,22.04,3.28,19.93,21.9,0.990,1,1,29.0,0.16,28.24,30.0,0
1779285603800,114,GND-VEH-01,561.7,19.04,22.13,3.09,19.74,20.5,0.990,1,1,32.1,0.10,28.30,29.9,0
1779285603833,115,PERSON-01,645.7,19.07,22.16,3.09,19.33,21.0,0.990,1,1,30.5,0.37,28.38,30.2,0
1779285603867,116,UAS-01,416.6,18.63,21.87,3.24,19.97,19.7,0.976,1,1,30.0,0.19,28.01,30.1,0
1779285603900,117,UAS-02,316.7,19.14,22.56,3.43,19.50,19.5,0.990,1,1,29.0,0.04,28.02,29.9,0
1779285603933,118,GND-VEH-01,688.9,18.97,22.20,3.22,19.81,21.2,0.990,1,1,29.0,0.15,28.07,29.9,0
1779285603967,119,PERSON-01,329.0,18.91,22.17,3.26,19.52,21.2,0.990,1,1,29.0,0.13,28.20,30.0,0
1779285604000,120,UAS-01,423.0,18.96,22.47,3.51,19.43,20.3,0.990,1,1,29.6,0.05,28.71,30.0,0
1779285604033,121,UAS-02,400.8,18.92,22.05,3.13,19.47,21.3,0.990,1,1,29.0,0.22,28.54,30.0,0
1779285604067,122,GND-VEH-01,580.6,19.07,22.24,3.17,18.73,20.0,0.990,1,1,29.0,0.00,28.79,30.0,0
1779285604100,123,PERSON-01,429.8,18.86,22.34,3.48,20.04,21.2,0.978,1,1,31.3,0.46,28.66,30.0,0
1779285604133,124,UAS-01,305.1,18.90,22.44,3.54,19.60,20.7,0.990,1,1,29.6,0.20,28.45,30.0,0
1779285604167,125,UAS-02,477.5,18.89,22.07,3.18,19.54,20.7,0.990,1,1,29.0,0.04,28.77,30.2,0
1779285604200,126,GND-VEH-01,362.7,19.08,22.45,3.37,19.17,22.0,0.990,1,1,29.4,0.16,28.05,29.9,0
1779285604233,127,PERSON-01,362.1,19.06,22.49,3.43,20.49,22.1,0.989,1,1,29.0,0.29,28.22,30.0,0
1779285604267,128,UAS-01,827.7,19.06,22.48,3.42,19.28,22.6,0.990,1,1,29.0,0.09,28.57,30.0,0
1779285604300,129,UAS-02,601.2,19.31,22.67,3.36,20.13,20.3,0.990,1,1,31.3,0.04,28.57,29.9,0
1779285604333,130,GND-VEH-01,720.5,18.57,22.06,3.48,19.80,21.7,0.990,1,1,29.0,0.22,28.24,30.0,0
1779285604367,131,PERSON-01,394.1,19.01,22.24,3.23,19.32,22.8,0.990,1,1,30.7,0.10,28.56,23.3,1
1779285604400,132,UAS-01,689.3,19.06,22.40,3.34,20.29,20.9,0.990,1,1,29.0,0.23,28.94,30.1,0
1779285604433,133,UAS-02,336.8,19.13,22.63,3.50,19.58,21.0,0.984,1,1,29.0,0.35,28.60,29.9,0
1779285604467,134,GND-VEH-01,420.4,19.00,22.53,3.53,19.99,20.9,0.987,1,1,31.9,0.25,28.04,30.0,0
1779285604500,135,PERSON-01,551.9,19.06,22.41,3.35,19.30,21.1,0.990,1,1,29.0,0.01,28.69,30.0,0
1779285604533,136,UAS-01,378.1,18.96,22.29,3.33,20.07,20.8,0.990,1,1,29.0,0.19,28.63,29.9,0
1779285604567,137,UAS-02,350.3,18.67,22.07,3.40,19.70,20.5,0.990,1,1,30.6,0.06,28.93,30.0,0
1779285604600,138,GND-VEH-01,658.6,19.16,22.32,3.16,19.44,20.2,0.990,1,1,29.0,0.07,28.67,29.9,0
1779285604633,139,PERSON-01,630.8,19.08,22.33,3.25,19.28,22.2,0.987,1,1,29.0,0.12,28.58,29.9,0
1779285604667,140,UAS-01,984.1,19.10,22.12,3.02,19.30,20.9,0.990,1,1,30.0,0.44,28.84,30.1,0
1779285604700,141,UAS-02,716.0,19.01,22.27,3.26,19.13,22.4,0.988,1,1,29.0,0.45,28.50,29.9,0
1779285604733,142,GND-VEH-01,696.9,18.99,22.42,3.43,20.15,20.2,0.985,1,1,31.2,0.34,28.49,30.0,0
1779285604767,143,PERSON-01,417.5,19.00,22.28,3.28,19.02,20.3,0.990,1,1,29.0,0.06,28.06,29.9,0
1779285604800,144,UAS-01,392.6,18.82,22.45,3.63,20.44,21.0,0.990,1,1,29.0,0.26,28.61,30.0,0
1779285604833,145,UAS-02,437.5,19.27,22.59,3.31,20.02,21.4,0.990,1,1,30.5,0.16,28.49,29.9,0
1779285604867,146,GND-VEH-01,507.1,18.97,22.11,3.14,19.98,20.7,0.990,1,1,29.0,0.15,28.43,30.0,0
1779285604900,147,PERSON-01,684.3,18.89,21.93,3.04,19.55,19.9,0.990,1,1,29.0,0.08,28.24,30.1,0
1779285604933,148,UAS-01,420.7,19.06,22.23,3.17,19.99,20.7,0.990,1,1,30.5,0.61,28.60,29.9,0
1779285604967,149,UAS-02,415.4,19.26,22.64,3.38,19.25,20.9,0.980,1,1,30.1,0.27,28.82,30.2,0
1779285605000,150,GND-VEH-01,521.4,18.89,22.15,3.26,18.92,19.8,0.971,1,1,30.9,0.32,28.47,30.0,0
1779285605033,151,PERSON-01,392.8,18.91,22.16,3.24,19.13,20.3,0.984,1,1,29.0,0.26,28.54,29.9,0
1779285605067,152,UAS-01,435.5,18.84,22.47,3.63,20.16,19.7,0.990,1,1,29.0,0.02,28.35,30.0,0
1779285605100,153,UAS-02,363.7,18.99,22.26,3.27,19.84,20.9,0.990,1,1,29.0,0.11,28.36,30.0,0
1779285605133,154,GND-VEH-01,300.6,18.74,22.31,3.57,19.81,22.4,0.990,1,1,29.0,0.17,28.63,29.9,0
1779285605167,155,PERSON-01,381.4,19.02,22.22,3.21,19.18,22.9,0.990,1,1,29.0,0.18,28.78,30.1,0
1779285605200,156,UAS-01,440.9,19.00,22.17,3.17,18.61,23.2,0.990,1,1,29.0,0.12,28.49,29.9,0
1779285605233,157,UAS-02,360.6,18.94,22.01,3.07,19.40,21.6,0.977,1,1,29.0,0.20,28.42,30.1,0
1779285605267,158,GND-VEH-01,606.1,18.81,21.96,3.14,19.88,20.9,0.990,1,1,29.0,0.19,28.66,30.1,0
1779285605300,159,PERSON-01,521.3,18.87,22.26,3.39,20.06,22.3,0.990,1,1,29.0,0.13,28.43,30.1,0
1779285605333,160,UAS-01,534.5,19.06,22.47,3.41,18.93,21.8,0.990,1,1,29.0,0.29,28.62,30.1,0
1779285605367,161,UAS-02,421.1,18.97,22.25,3.29,19.09,22.3,0.962,1,1,29.0,0.41,28.16,30.0,0
1779285605400,162,GND-VEH-01,636.0,19.03,22.21,3.18,19.69,20.5,0.990,1,1,31.0,0.16,28.80,30.0,0
1779285605433,163,PERSON-01,345.9,18.99,22.14,3.15,20.08,20.5,0.990,1,1,29.0,0.42,28.40,30.0,0
1779285605467,164,UAS-01,351.2,19.11,22.43,3.31,20.02,21.1,0.990,1,1,29.0,0.24,28.13,29.9,0
1779285605500,165,UAS-02,706.9,18.90,21.92,3.01,19.48,21.6,0.984,1,1,29.7,0.23,28.29,30.0,0
1779285605533,166,GND-VEH-01,350.7,19.06,22.60,3.54,20.41,22.1,0.987,1,1,29.0,0.04,28.70,29.9,0
1779285605567,167,PERSON-01,551.2,19.08,22.42,3.34,20.07,21.5,0.990,1,1,29.0,0.02,28.15,30.0,0
1779285605600,168,UAS-01,323.7,18.82,21.98,3.16,20.13,20.5,0.990,1,1,31.6,0.02,28.69,30.1,0
1779285605633,169,UAS-02,728.2,18.80,21.75,2.95,18.99,19.7,0.990,1,1,29.0,0.09,28.62,30.0,0
1779285605667,170,GND-VEH-01,324.0,19.05,22.43,3.38,19.69,21.2,0.990,1,1,29.3,0.11,28.52,30.1,0
1779285605700,171,PERSON-01,451.8,19.22,22.43,3.21,20.09,22.0,0.984,1,1,29.0,0.11,28.63,30.1,0
1779285605733,172,UAS-01,873.4,19.03,21.89,2.86,19.84,20.1,0.990,1,1,29.0,0.26,28.57,30.2,0
1779285605767,173,UAS-02,390.4,19.04,22.00,2.96,19.73,19.9,0.989,1,1,30.3,0.45,28.53,30.1,0
1779285605800,174,GND-VEH-01,420.9,19.03,22.46,3.42,19.25,22.5,0.961,1,1,29.5,0.44,28.87,30.0,0
1779285605833,175,PERSON-01,849.3,18.97,22.31,3.34,20.46,20.9,0.990,1,1,29.1,0.11,28.58,30.0,0
1779285605867,176,UAS-01,738.5,18.83,22.13,3.31,19.56,20.9,0.986,1,1,31.0,0.23,28.58,29.9,0
1779285605900,177,UAS-02,575.5,19.04,22.44,3.39,20.13,20.4,0.990,1,1,29.0,0.08,28.43,30.0,0
1779285605933,178,GND-VEH-01,531.7,18.86,21.96,3.10,18.78,22.9,0.978,1,1,29.0,0.04,28.49,29.9,0
1779285605967,179,PERSON-01,568.6,19.17,22.50,3.33,19.80,20.1,0.987,1,1,29.5,0.22,28.50,30.0,0
1779285606000,180,UAS-01,415.0,19.23,22.78,3.55,20.69,20.7,0.973,1,1,29.0,0.23,28.24,30.0,0
1779285606033,181,UAS-02,309.3,19.14,22.18,3.04,18.88,19.3,0.989,1,1,29.0,0.28,28.53,30.2,0
1779285606067,182,GND-VEH-01,562.4,18.93,22.29,3.36,19.20,21.0,0.990,1,1,29.0,0.00,28.62,30.1,0
1779285606100,183,PERSON-01,807.4,19.20,22.34,3.14,20.39,21.2,0.990,1,1,29.0,0.41,28.65,29.9,0
1779285606133,184,UAS-01,461.4,18.83,21.89,3.07,19.21,20.6,0.990,1,1,29.0,0.06,28.66,30.1,0
1779285606167,185,UAS-02,496.8,19.02,22.11,3.10,19.55,20.8,0.990,1,1,29.7,0.19,28.58,30.0,0
1779285606200,186,GND-VEH-01,415.6,19.15,22.52,3.37,19.23,22.3,0.990,1,1,33.9,0.48,28.64,30.1,0
1779285606233,187,PERSON-01,391.1,19.20,22.59,3.39,20.05,20.2,0.983,1,1,31.9,0.49,29.03,30.0,0
1779285606267,188,UAS-01,613.1,18.96,22.17,3.20,19.61,20.6,0.980,1,1,30.1,0.21,28.54,30.0,0
1779285606300,189,UAS-02,479.9,19.03,22.33,3.30,20.23,19.4,0.990,1,1,29.9,0.20,28.31,30.0,0
1779285606333,190,GND-VEH-01,407.0,18.93,22.31,3.38,19.89,22.7,0.990,1,1,29.0,0.25,28.74,30.1,0
1779285606367,191,PERSON-01,428.9,18.76,22.19,3.43,20.37,19.0,0.990,1,1,29.4,0.06,28.98,30.1,0
1779285606400,192,UAS-01,456.8,18.89,21.97,3.08,19.13,23.3,0.988,1,1,29.0,0.36,28.57,30.1,0
1779285606433,193,UAS-02,533.1,19.00,21.96,2.96,18.59,22.9,0.990,1,1,29.0,0.16,28.17,30.1,0
1779285606467,194,GND-VEH-01,382.5,18.97,22.38,3.42,20.01,20.6,0.990,1,1,30.5,0.13,28.51,30.0,0
1779285606500,195,PERSON-01,427.7,18.98,22.50,3.53,20.43,21.5,0.990,1,1,29.2,0.28,28.49,29.9,0
1779285606533,196,UAS-01,409.1,18.90,22.41,3.51,20.30,20.2,0.990,1,1,29.0,0.13,28.89,30.0,0
1779285606567,197,UAS-02,437.9,18.94,22.24,3.30,19.73,20.0,0.990,1,1,29.0,0.29,28.67,30.0,0
1779285606600,198,GND-VEH-01,354.0,18.83,22.02,3.19,19.36,21.7,0.990,1,1,29.0,0.33,28.16,30.2,0
1779285606633,199,PERSON-01,302.9,18.99,22.31,3.33,19.60,22.2,0.990,1,1,30.2,0.16,29.00,29.8,0
1779285606667,200,UAS-01,358.5,18.88,22.14,3.26,19.70,19.7,0.978,1,1,29.0,0.05,28.63,29.9,0
1779285606700,201,UAS-02,628.3,19.03,22.25,3.22,19.60,21.5,0.989,1,1,29.0,0.17,28.57,30.0,0
1779285606733,202,GND-VEH-01,317.2,18.90,22.25,3.35,19.68,21.9,0.983,1,1,29.0,0.03,28.33,30.0,0
1779285606767,203,PERSON-01,695.1,18.76,22.05,3.29,19.39,20.3,0.990,1,1,29.0,0.03,28.75,30.0,0
1779285606800,204,UAS-01,340.2,18.96,22.33,3.36,20.28,21.1,0.990,1,1,32.1,0.18,28.34,29.9,0
1779285606833,205,UAS-02,302.5,19.02,22.48,3.46,20.41,21.3,0.990,1,1,30.2,0.23,28.94,30.1,0
1779285606867,206,GND-VEH-01,303.0,18.91,22.38,3.48,19.32,20.1,0.990,1,1,29.6,0.02,28.57,30.1,0
1779285606900,207,PERSON-01,619.2,18.92,22.15,3.23,19.45,21.1,0.990,1,1,29.2,0.19,28.60,30.0,0
1779285606933,208,UAS-01,546.5,18.87,22.12,3.24,19.52,21.4,0.989,1,1,30.2,0.19,28.70,29.9,0
1779285606967,209,UAS-02,350.3,18.84,22.26,3.41,19.63,19.3,0.988,1,1,29.0,0.41,28.93,30.2,0
1779285607000,210,GND-VEH-01,429.9,19.17,22.55,3.38,19.89,19.6,0.990,1,1,30.3,0.06,29.15,29.9,0
1779285607033,211,PERSON-01,579.7,19.16,22.34,3.18,19.02,21.4,0.990,1,1,29.0,0.46,28.77,29.9,0
1779285607067,212,UAS-01,374.2,18.77,21.94,3.17,19.64,21.2,0.990,1,1,29.0,0.05,28.64,29.9,0
1779285607100,213,UAS-02,626.6,19.07,22.32,3.25,19.40,21.4,0.990,1,1,31.6,0.03,28.58,30.0,0
1779285607133,214,GND-VEH-01,335.4,19.06,22.48,3.42,20.02,20.7,0.990,1,1,29.3,0.03,29.20,30.1,0
1779285607167,215,PERSON-01,853.0,18.99,22.35,3.36,19.39,20.9,0.990,1,1,29.0,0.07,28.67,29.8,0
1779285607200,216,UAS-01,463.8,18.90,22.34,3.44,19.85,21.6,0.990,1,1,30.0,0.08,28.83,30.0,0
1779285607233,217,UAS-02,355.3,19.09,22.51,3.42,19.77,20.9,0.990,1,1,29.3,0.01,28.97,30.0,0
1779285607267,218,GND-VEH-01,566.1,18.94,22.44,3.50,19.98,20.7,0.990,1,1,29.8,0.21,28.85,30.1,0
1779285607300,219,PERSON-01,641.1,19.14,22.41,3.26,19.33,20.8,0.990,1,1,29.0,0.50,28.62,30.1,0
1779285607333,220,UAS-01,567.8,19.23,22.63,3.41,19.58,19.5,0.983,1,1,29.5,0.29,28.68,29.9,0
1779285607367,221,UAS-02,491.8,19.01,22.42,3.40,19.29,20.9,0.990,1,1,29.0,0.23,28.65,30.0,0
1779285607400,222,GND-VEH-01,864.1,19.13,22.16,3.02,19.47,19.9,0.990,1,1,29.0,0.08,28.90,30.1,0
1779285607433,223,PERSON-01,357.5,19.04,22.60,3.55,19.74,20.2,0.990,1,1,29.3,0.06,28.91,30.0,0
1779285607467,224,UAS-01,733.6,19.06,22.36,3.30,20.01,21.2,0.990,1,1,29.0,0.12,28.81,30.0,0
1779285607500,225,UAS-02,629.0,18.95,22.17,3.22,19.16,20.2,0.990,1,1,29.7,0.08,28.87,30.0,0
1779285607533,226,GND-VEH-01,528.0,18.83,22.05,3.22,19.32,21.5,0.990,1,1,30.5,0.23,28.86,30.0,0
1779285607567,227,PERSON-01,646.5,19.15,22.20,3.05,18.78,21.4,0.990,1,1,29.3,0.28,28.75,30.0,0
1779285607600,228,UAS-01,313.0,18.72,21.77,3.06,19.82,21.7,0.990,1,1,29.0,0.26,28.98,30.2,0
1779285607633,229,UAS-02,309.5,18.86,22.07,3.21,19.69,20.6,0.990,1,1,29.0,0.49,29.07,30.0,0
1779285607667,230,GND-VEH-01,520.1,19.00,22.34,3.34,19.38,20.6,0.990,1,1,29.0,0.09,28.85,30.0,0
1779285607700,231,PERSON-01,368.1,18.78,21.96,3.18,19.40,21.0,0.990,1,1,29.0,0.33,28.64,30.1,0
1779285607733,232,UAS-01,718.7,18.69,21.48,2.80,18.90,21.4,0.990,1,1,30.9,0.41,28.46,30.2,0
1779285607767,233,UAS-02,447.3,19.16,22.58,3.42,20.06,21.5,0.990,1,1,29.0,0.32,28.75,29.8,0
1779285607800,234,GND-VEH-01,532.8,18.80,22.38,3.58,19.81,21.9,0.990,1,1,32.2,0.09,28.70,29.9,0
1779285607833,235,PERSON-01,462.0,19.07,22.32,3.26,19.72,22.2,0.983,1,1,29.0,0.07,28.89,30.1,0
1779285607867,236,UAS-01,720.9,18.88,22.13,3.26,19.91,20.6,0.969,1,1,29.0,0.11,28.63,29.9,0
1779285607900,237,UAS-02,744.9,18.85,22.17,3.32,19.35,22.4,0.990,1,1,29.7,0.11,28.75,29.9,0
1779285607933,238,GND-VEH-01,426.5,19.17,22.63,3.46,19.78,20.6,0.990,1,1,29.9,0.01,28.86,30.0,0
1779285607967,239,PERSON-01,342.2,18.84,21.84,3.00,18.94,20.7,0.990,1,1,31.4,0.04,28.53,29.9,0
1779285608000,240,UAS-01,456.4,18.69,21.75,3.05,19.05,22.1,0.990,1,1,29.0,0.13,28.44,30.1,0
1779285608033,241,UAS-02,653.9,18.97,21.92,2.95,19.22,21.2,0.990,1,1,29.0,0.30,28.72,29.8,0
1779285608067,242,GND-VEH-01,601.8,18.87,21.89,3.02,18.80,21.1,0.990,1,1,29.0,0.11,28.41,30.1,0
1779285608100,243,PERSON-01,441.2,19.05,22.23,3.19,19.23,21.3,0.990,1,1,29.0,0.37,28.69,30.0,0
1779285608133,244,UAS-01,642.1,19.11,22.15,3.04,18.58,21.4,0.990,1,1,29.0,0.14,28.57,30.0,0
1779285608167,245,UAS-02,365.5,19.11,22.71,3.60,19.80,20.9,0.990,1,1,29.0,0.12,28.65,30.0,0
1779285608200,246,GND-VEH-01,311.1,19.07,22.54,3.47,20.37,20.7,0.990,1,1,31.4,0.00,28.86,30.0,0
1779285608233,247,PERSON-01,555.1,18.98,22.11,3.13,19.39,20.8,0.990,1,1,31.2,0.13,28.93,30.0,0
1779285608267,248,UAS-01,623.1,19.05,22.24,3.19,20.40,19.8,0.978,1,1,31.0,0.04,28.65,30.0,0
1779285608300,249,UAS-02,714.0,19.11,22.54,3.43,19.75,21.1,0.990,1,1,29.0,0.07,28.47,30.0,0
1779285608333,250,GND-VEH-01,328.7,19.16,22.64,3.48,20.32,19.5,0.986,1,1,29.0,0.36,28.82,30.0,0
1779285608367,251,PERSON-01,478.8,18.99,21.95,2.97,18.92,21.4,0.985,1,1,29.0,0.64,29.13,30.0,0
1779285608400,252,UAS-01,312.9,18.93,22.60,3.67,20.02,19.4,0.990,1,1,29.0,0.11,28.89,30.2,0
1779285608433,253,UAS-02,392.9,18.82,22.24,3.42,19.80,20.5,0.990,1,1,30.4,0.49,28.54,30.0,0
1779285608467,254,GND-VEH-01,719.3,18.94,22.11,3.17,19.68,20.5,0.985,1,1,29.0,0.40,28.69,30.0,0
1779285608500,255,PERSON-01,649.4,19.01,22.25,3.24,19.16,20.2,0.990,1,1,29.1,0.44,28.97,30.1,0
1779285608533,256,UAS-01,742.1,19.21,22.44,3.23,18.61,23.1,0.990,1,1,29.0,0.00,28.63,30.0,0
1779285608567,257,UAS-02,303.7,18.81,22.04,3.23,19.66,20.8,0.989,1,1,29.0,0.03,28.83,30.1,0
1779285608600,258,GND-VEH-01,581.4,19.06,22.33,3.27,19.38,20.3,0.990,1,1,29.0,0.14,28.65,29.9,0
1779285608633,259,PERSON-01,536.7,19.21,22.40,3.19,19.69,21.3,0.990,1,1,29.0,0.11,29.09,29.9,0
1779285608667,260,UAS-01,504.7,19.01,22.42,3.41,20.44,21.4,0.990,1,1,29.0,0.01,29.06,29.9,0
1779285608700,261,UAS-02,681.9,19.05,22.19,3.14,19.51,21.2,0.970,1,1,29.9,0.11,28.82,29.9,0
1779285608733,262,GND-VEH-01,338.6,19.04,22.36,3.32,19.38,22.1,0.990,1,1,29.0,0.41,28.83,29.9,0
1779285608767,263,PERSON-01,494.4,18.98,22.14,3.16,19.36,21.3,0.986,1,1,29.0,0.43,28.95,30.0,0
1779285608800,264,UAS-01,373.3,19.19,22.92,3.73,20.63,19.5,0.990,1,1,29.0,0.23,28.63,30.1,0
1779285608833,265,UAS-02,448.7,19.17,22.38,3.21,19.60,21.8,0.973,1,1,29.0,0.07,29.11,29.9,0
1779285608867,266,GND-VEH-01,486.0,19.17,22.49,3.32,19.58,20.4,0.980,1,1,30.9,0.26,28.98,30.1,0
1779285608900,267,PERSON-01,388.7,19.08,22.49,3.41,20.45,20.0,0.990,1,1,31.8,0.02,28.72,30.0,0
1779285608933,268,UAS-01,367.4,18.97,22.63,3.66,20.24,21.4,0.974,1,1,30.2,0.04,28.89,30.2,0
1779285608967,269,UAS-02,662.0,19.06,22.43,3.37,19.90,20.4,0.987,1,1,30.7,0.26,28.56,29.8,0
1779285609000,270,GND-VEH-01,409.4,18.89,22.22,3.33,19.31,20.7,0.990,1,1,30.4,0.21,28.71,30.0,0
1779285609033,271,PERSON-01,486.8,18.78,21.87,3.09,19.54,21.7,0.990,1,1,29.0,0.08,28.86,30.0,0
1779285609067,272,UAS-01,453.2,18.79,22.09,3.30,19.93,21.0,0.988,1,1,29.7,0.21,28.89,29.9,0
1779285609100,273,UAS-02,338.3,18.83,22.24,3.40,19.84,21.9,0.981,1,1,29.0,0.41,28.91,30.1,0
1779285609133,274,GND-VEH-01,317.5,18.99,22.45,3.45,19.36,22.6,0.990,1,1,31.6,0.11,29.23,30.0,0
1779285609167,275,PERSON-01,698.6,18.82,21.89,3.07,20.23,19.5,0.990,1,1,29.0,0.13,28.57,30.0,0
1779285609200,276,UAS-01,698.9,18.84,21.97,3.13,19.07,20.1,0.986,1,1,29.0,0.05,29.09,29.8,0
1779285609233,277,UAS-02,475.1,19.16,22.52,3.36,19.91,21.3,0.990,1,1,29.5,0.26,29.15,30.1,0
1779285609267,278,GND-VEH-01,788.9,18.83,21.79,2.96,19.10,20.8,0.990,1,1,29.8,0.03,28.86,30.0,0
1779285609300,279,PERSON-01,352.6,19.22,22.55,3.33,19.87,19.3,0.989,1,1,30.0,0.35,28.87,29.9,0
1779285609333,280,UAS-01,686.1,19.10,22.20,3.10,19.02,21.3,0.990,1,1,29.0,0.33,29.07,30.1,0
1779285609367,281,UAS-02,373.4,19.04,22.40,3.36,19.62,21.6,0.990,1,1,29.0,0.28,29.14,30.0,0
1779285609400,282,GND-VEH-01,735.6,19.25,22.13,2.88,19.38,21.3,0.988,1,1,29.4,0.54,29.07,30.0,0
1779285609433,283,PERSON-01,1030.6,18.81,21.57,2.77,18.41,22.8,0.979,1,1,30.0,0.19,29.18,29.9,0
1779285609467,284,UAS-01,353.0,18.75,22.36,3.61,20.29,19.2,0.980,1,1,30.3,0.32,29.03,30.1,0
1779285609500,285,UAS-02,394.0,18.98,22.02,3.04,18.62,20.3,0.990,1,1,29.7,0.22,28.78,30.0,0
1779285609533,286,GND-VEH-01,361.0,19.18,22.36,3.18,20.13,22.4,0.990,1,1,29.0,0.31,29.29,30.1,0
1779285609567,287,PERSON-01,468.9,19.20,22.64,3.44,19.71,20.6,0.990,1,1,30.8,0.21,28.76,29.9,0
1779285609600,288,UAS-01,637.8,18.95,22.25,3.30,19.39,21.7,0.975,1,1,29.0,0.15,28.78,29.9,0
1779285609633,289,UAS-02,455.3,19.12,22.54,3.42,19.59,22.2,0.990,1,1,29.6,0.00,29.05,30.1,0
1779285609667,290,GND-VEH-01,574.0,19.17,22.37,3.20,19.53,20.7,0.990,1,1,29.0,0.20,28.59,30.0,0
1779285609700,291,PERSON-01,510.3,19.12,22.27,3.15,19.41,21.3,0.990,1,1,29.0,0.16,29.23,29.9,0
1779285609733,292,UAS-01,568.5,19.14,22.33,3.19,19.08,21.5,0.989,1,1,29.0,0.01,28.43,30.0,0
1779285609767,293,UAS-02,399.8,18.89,22.06,3.17,19.48,21.5,0.990,1,1,29.0,0.36,28.90,30.1,0
1779285609800,294,GND-VEH-01,534.9,19.12,22.40,3.28,19.43,22.4,0.990,1,1,31.2,0.16,29.33,30.0,0
1779285609833,295,PERSON-01,383.3,19.02,22.14,3.12,19.55,19.9,0.990,1,1,29.0,0.34,29.07,29.9,0
1779285609867,296,UAS-01,376.9,19.10,22.43,3.32,19.79,20.1,0.990,1,1,30.0,0.05,29.24,30.1,0
1779285609900,297,UAS-02,478.2,19.13,22.41,3.28,19.90,20.6,0.984,1,1,29.9,0.47,29.30,30.0,0
1779285609933,298,GND-VEH-01,339.5,18.91,22.12,3.22,19.15,21.6,0.990,1,1,29.1,0.14,28.84,30.1,0
1779285609967,299,PERSON-01,458.9,18.93,22.30,3.37,19.97,20.8,0.974,1,1,29.9,0.03,28.72,29.9,0
1779285610000,300,UAS-01,349.9,19.14,22.44,3.30,20.10,20.6,0.990,1,1,29.0,0.23,28.90,29.9,0
1779285610033,301,UAS-02,329.2,19.03,22.31,3.28,20.35,19.2,0.990,1,1,29.1,0.03,28.79,29.9,0
1779285610067,302,GND-VEH-01,541.5,18.95,22.39,3.45,19.53,20.4,0.990,1,1,31.3,0.05,28.92,30.0,0
1779285610100,303,PERSON-01,712.7,19.22,22.55,3.33,19.42,20.9,0.990,1,1,31.3,0.08,28.48,30.1,0
1779285610133,304,UAS-01,676.2,19.02,21.98,2.96,18.84,20.7,0.972,1,1,29.0,0.07,28.70,29.8,0
1779285610167,305,UAS-02,307.8,19.05,22.55,3.50,19.33,21.8,0.990,1,1,29.0,0.26,29.06,29.9,0
1779285610200,306,GND-VEH-01,304.5,18.86,22.29,3.43,20.57,21.7,0.984,1,1,29.0,0.04,28.81,30.1,0
1779285610233,307,PERSON-01,320.2,18.98,21.87,2.89,18.62,20.9,0.990,1,1,29.9,0.00,29.00,29.8,0
1779285610267,308,UAS-01,549.7,19.11,22.50,3.38,20.33,19.9,0.990,1,1,29.0,0.13,29.10,30.1,0
1779285610300,309,UAS-02,440.5,18.77,21.89,3.12,20.01,20.9,0.985,1,1,29.2,0.44,28.96,29.9,0
1779285610333,310,GND-VEH-01,598.8,19.07,22.16,3.09,19.15,21.6,0.990,1,1,29.0,0.32,29.24,29.9,0
1779285610367,311,PERSON-01,400.2,18.93,22.54,3.62,20.67,19.2,0.990,1,1,29.0,0.30,29.32,30.1,0
1779285610400,312,UAS-01,605.5,18.90,22.29,3.38,19.53,20.4,0.990,1,1,29.0,0.16,29.28,30.0,0
1779285610433,313,UAS-02,588.0,18.87,21.78,2.91,19.62,20.4,0.990,1,1,29.0,0.04,29.13,29.9,0
1779285610467,314,GND-VEH-01,602.7,19.13,22.39,3.26,19.63,21.6,0.990,1,1,29.0,0.11,28.80,30.1,0
1779285610500,315,PERSON-01,373.8,18.67,21.76,3.09,19.05,21.5,0.988,1,1,29.0,0.06,29.56,30.1,0
1779285610533,316,UAS-01,368.5,19.26,22.65,3.40,19.76,22.6,0.990,1,1,29.0,0.29,28.73,29.9,0
1779285610567,317,UAS-02,735.9,19.04,22.12,3.08,19.01,21.6,0.990,1,1,30.5,0.11,29.09,30.0,0
1779285610600,318,GND-VEH-01,602.3,19.07,22.49,3.42,20.30,20.9,0.990,1,1,29.0,0.02,29.23,30.0,0
1779285610633,319,PERSON-01,490.5,19.16,22.49,3.33,19.88,20.8,0.990,1,1,29.9,0.29,28.99,30.0,0
1779285610667,320,UAS-01,495.3,19.14,22.66,3.52,19.85,21.2,0.990,1,1,29.0,0.13,29.17,30.0,0
1779285610700,321,UAS-02,357.7,19.17,22.45,3.28,20.40,21.9,0.990,1,1,29.0,0.35,28.95,30.0,0
1779285610733,322,GND-VEH-01,402.5,19.03,22.52,3.50,19.90,20.4,0.979,1,1,29.0,0.16,28.88,30.1,0
1779285610767,323,PERSON-01,323.9,19.08,22.74,3.67,19.98,20.9,0.990,1,1,31.9,0.24,29.07,29.9,0
1779285610800,324,UAS-01,734.0,19.14,22.30,3.16,19.75,21.9,0.990,1,1,30.3,0.09,29.26,30.0,0
1779285610833,325,UAS-02,685.8,18.98,21.93,2.95,19.77,20.9,0.977,1,1,29.0,0.06,28.83,29.9,0
1779285610867,326,GND-VEH-01,412.1,18.80,21.95,3.15,19.41,20.1,0.990,1,1,29.0,0.03,29.15,30.0,0
1779285610900,327,PERSON-01,364.4,19.10,22.54,3.44,20.24,19.6,0.954,1,1,29.0,0.27,29.42,30.0,0
1779285610933,328,UAS-01,478.9,18.79,22.32,3.53,20.19,21.2,0.990,1,1,30.2,0.11,28.95,29.9,0
1779285610967,329,UAS-02,330.9,18.89,22.10,3.20,19.40,21.5,0.983,1,1,29.0,0.39,29.18,30.0,0
1779285611000,330,GND-VEH-01,734.3,18.87,21.77,2.91,19.47,21.1,0.990,1,1,30.2,0.09,29.18,30.1,0
1779285611033,331,PERSON-01,574.1,18.84,22.29,3.46,19.78,20.3,0.990,1,1,29.5,0.16,29.05,30.0,0
1779285611067,332,UAS-01,499.1,18.77,22.23,3.46,20.25,22.2,0.982,1,1,29.0,0.15,28.97,30.1,0
1779285611100,333,UAS-02,384.0,19.03,22.70,3.67,20.10,20.3,0.990,1,1,29.8,0.08,29.02,30.0,0
1779285611133,334,GND-VEH-01,820.2,19.04,22.26,3.21,19.07,22.0,0.990,1,1,29.0,0.08,28.58,29.9,0
1779285611167,335,PERSON-01,383.3,18.74,22.20,3.45,20.29,20.8,0.981,1,1,29.4,0.03,28.71,30.0,0
1779285611200,336,UAS-01,765.5,18.94,22.25,3.31,19.59,19.8,0.990,1,1,29.1,0.03,29.02,29.9,0
1779285611233,337,UAS-02,369.5,18.83,22.30,3.47,20.22,21.1,0.990,1,1,29.2,0.11,28.90,30.1,0
1779285611267,338,GND-VEH-01,306.0,18.97,22.27,3.31,19.17,21.7,0.989,1,1,29.2,0.41,28.85,30.1,0
1779285611300,339,PERSON-01,399.8,18.96,22.41,3.44,20.47,20.7,0.990,1,1,30.0,0.05,29.02,30.1,0
1779285611333,340,UAS-01,356.5,19.09,22.21,3.12,19.26,21.0,0.990,1,1,30.4,0.04,29.06,30.0,0
1779285611367,341,UAS-02,621.0,19.15,22.46,3.31,20.33,21.5,0.988,1,1,29.2,0.22,29.12,29.9,0
1779285611400,342,GND-VEH-01,563.6,19.11,22.46,3.35,19.32,21.3,0.990,1,1,29.9,0.04,29.50,30.0,0
1779285611433,343,PERSON-01,368.9,18.85,22.11,3.26,19.08,22.0,0.990,1,1,29.0,0.24,28.90,29.9,0
1779285611467,344,UAS-01,656.9,18.98,22.05,3.08,19.55,21.9,0.990,1,1,30.3,0.26,29.12,30.1,0
1779285611500,345,UAS-02,663.9,19.16,22.34,3.17,19.48,22.5,0.990,1,1,30.3,0.03,29.00,30.1,0
1779285611533,346,GND-VEH-01,309.4,19.11,22.58,3.47,19.35,22.5,0.989,1,1,30.0,0.20,29.49,30.0,0
1779285611567,347,PERSON-01,590.4,18.88,22.05,3.18,19.33,19.5,0.990,1,1,30.8,0.05,29.45,30.2,0
1779285611600,348,UAS-01,474.6,19.24,22.95,3.72,20.01,22.8,0.990,1,1,29.1,0.13,28.94,29.9,0
1779285611633,349,UAS-02,388.6,19.01,22.51,3.49,20.19,19.7,0.990,1,1,29.0,0.01,29.16,30.1,0
1779285611667,350,GND-VEH-01,664.4,18.62,22.03,3.41,20.13,21.1,0.990,1,1,29.1,0.10,28.97,30.1,0
1779285611700,351,PERSON-01,311.4,18.86,22.44,3.58,19.96,23.1,0.990,1,1,29.0,0.38,28.92,30.2,0
1779285611733,352,UAS-01,304.6,19.12,22.50,3.38,20.16,20.3,0.984,1,1,29.0,0.33,29.18,30.0,0
1779285611767,353,UAS-02,324.5,18.97,22.47,3.50,20.14,22.5,0.990,1,1,29.0,0.29,29.51,29.9,0
1779285611800,354,GND-VEH-01,471.4,19.19,22.56,3.37,20.10,21.1,0.990,1,1,29.8,0.44,29.44,30.1,0
1779285611833,355,PERSON-01,559.9,19.07,22.44,3.37,20.31,19.8,0.976,1,1,29.0,0.28,28.98,30.1,0
1779285611867,356,UAS-01,332.8,18.95,22.08,3.13,18.98,20.2,0.990,1,1,29.0,0.40,28.88,29.9,0
1779285611900,357,UAS-02,896.5,18.95,21.77,2.82,18.44,19.6,0.980,1,1,29.0,0.10,29.08,30.0,0
1779285611933,358,GND-VEH-01,440.3,19.02,22.32,3.30,20.17,21.4,0.990,1,1,29.0,0.17,29.06,30.0,0
1779285611967,359,PERSON-01,590.1,18.81,22.00,3.19,19.65,20.9,0.990,1,1,29.0,0.03,29.14,30.1,0
1779285612000,360,UAS-01,681.6,18.87,22.02,3.15,19.40,20.6,0.990,1,1,30.4,0.38,29.16,29.9,0
1779285612033,361,UAS-02,558.4,19.01,22.51,3.50,19.80,20.3,0.974,1,1,29.0,0.23,29.02,29.9,0
1779285612067,362,GND-VEH-01,602.5,19.20,22.72,3.52,19.62,20.8,0.990,1,1,29.5,0.39,29.33,30.2,0
1779285612100,363,PERSON-01,345.6,19.02,22.29,3.27,18.83,22.9,0.990,1,1,30.7,0.03,29.07,30.0,0
1779285612133,364,UAS-01,301.4,19.31,22.60,3.28,19.28,21.4,0.990,1,1,30.1,0.27,29.13,29.9,0
1779285612167,365,UAS-02,368.3,18.91,22.23,3.32,19.64,20.7,0.990,1,1,29.0,0.04,29.79,30.0,0
1779285612200,366,GND-VEH-01,741.4,19.26,22.35,3.09,19.60,21.2,0.982,1,1,29.0,0.13,29.06,30.0,0
1779285612233,367,PERSON-01,492.2,18.80,22.26,3.46,19.83,21.9,0.990,1,1,29.0,0.44,29.33,29.9,0
1779285612267,368,UAS-01,306.7,18.71,22.19,3.49,19.73,21.3,0.990,1,1,29.0,0.33,29.04,30.0,0
1779285612300,369,UAS-02,691.7,18.93,21.83,2.91,19.01,19.7,0.990,1,1,29.0,0.19,29.38,30.0,0
1779285612333,370,GND-VEH-01,431.6,19.13,22.43,3.29,19.62,19.9,0.990,1,1,30.8,0.29,29.27,30.0,0
1779285612367,371,PERSON-01,350.4,18.88,22.32,3.44,19.28,21.3,0.990,1,1,30.8,0.15,29.25,30.1,0
1779285612400,372,UAS-01,453.0,18.82,22.51,3.70,20.49,20.4,0.990,1,1,29.0,0.09,29.19,30.1,0
1779285612433,373,UAS-02,762.8,19.08,22.35,3.27,19.38,21.4,0.990,1,1,29.0,0.23,29.32,30.1,0
1779285612467,374,GND-VEH-01,320.1,18.90,22.23,3.32,19.46,20.8,0.990,1,1,29.7,0.33,29.08,30.0,0
1779285612500,375,PERSON-01,564.4,18.99,22.38,3.40,19.65,20.7,0.990,1,1,29.1,0.13,29.17,30.0,0
1779285612533,376,UAS-01,409.9,18.90,22.11,3.21,19.77,21.4,0.977,1,1,30.0,0.38,29.24,29.9,0
1779285612567,377,UAS-02,689.3,18.93,21.88,2.95,18.22,21.2,0.990,1,1,29.0,0.04,29.51,29.9,0
1779285612600,378,GND-VEH-01,324.5,18.91,22.27,3.36,19.65,21.2,0.990,1,1,31.6,0.07,29.47,30.2,0
1779285612633,379,PERSON-01,641.4,18.75,21.79,3.04,20.23,19.0,0.990,1,1,29.0,0.22,29.24,30.0,0
1779285612667,380,UAS-01,331.9,19.03,22.58,3.55,20.49,21.4,0.990,1,1,30.0,0.65,29.49,29.9,0
1779285612700,381,UAS-02,583.4,18.93,22.39,3.46,19.95,21.0,0.984,1,1,29.0,0.27,29.54,29.8,0
1779285612733,382,GND-VEH-01,359.9,19.08,22.58,3.50,19.92,21.6,0.990,1,1,29.4,0.08,29.60,29.9,0
1779285612767,383,PERSON-01,747.6,19.00,22.41,3.41,19.88,20.5,0.990,1,1,29.0,0.03,29.58,30.1,0
1779285612800,384,UAS-01,454.0,18.92,22.50,3.58,20.21,20.4,0.990,1,1,30.6,0.34,29.59,30.0,0
1779285612833,385,UAS-02,343.6,19.10,22.27,3.16,19.55,21.1,0.990,1,1,29.4,0.25,29.25,29.8,0
1779285612867,386,GND-VEH-01,835.4,19.06,22.11,3.05,19.38,21.8,0.990,1,1,29.0,0.14,29.35,30.0,0
1779285612900,387,PERSON-01,573.2,19.12,22.22,3.10,20.07,21.6,0.988,1,1,29.7,0.28,28.93,30.0,0
1779285612933,388,UAS-01,358.8,19.02,22.64,3.62,19.57,21.6,0.990,1,1,32.3,0.02,29.12,29.9,0
1779285612967,389,UAS-02,479.3,19.06,22.39,3.33,19.83,22.4,0.990,1,1,29.0,0.06,29.35,30.0,0
1779285613000,390,GND-VEH-01,651.5,18.99,22.34,3.35,20.57,20.7,0.990,1,1,29.0,0.10,29.34,30.0,0
1779285613033,391,PERSON-01,707.3,19.04,22.42,3.38,19.47,20.2,0.990,1,1,29.1,0.11,29.35,30.0,0
1779285613067,392,UAS-01,441.0,19.19,22.36,3.17,20.04,20.3,0.990,1,1,29.0,0.12,29.66,29.9,0
1779285613100,393,UAS-02,661.1,18.87,22.03,3.16,18.76,22.2,0.990,1,1,29.0,0.01,28.77,30.0,0
1779285613133,394,GND-VEH-01,588.3,19.01,22.19,3.18,19.42,20.3,0.990,1,1,29.0,0.13,29.38,30.0,0
1779285613167,395,PERSON-01,455.0,18.88,22.06,3.18,19.42,21.1,0.982,1,1,31.1,0.02,29.22,29.9,0
1779285613200,396,UAS-01,518.5,18.99,22.09,3.10,19.46,20.4,0.978,1,1,29.1,0.03,29.13,30.0,0
1779285613233,397,UAS-02,393.9,19.11,22.64,3.53,20.56,21.9,0.982,1,1,29.6,0.37,29.36,30.0,0
1779285613267,398,GND-VEH-01,434.3,19.11,22.45,3.33,20.08,20.9,0.990,1,1,29.6,0.22,29.00,29.9,0
1779285613300,399,PERSON-01,391.0,18.86,22.12,3.26,19.23,21.2,0.990,1,1,30.7,0.44,28.88,30.0,0
1779285613333,400,UAS-01,340.2,19.08,22.45,3.37,19.32,21.3,0.990,1,1,29.0,0.16,29.59,30.1,0
1779285613367,401,UAS-02,808.5,18.94,21.71,2.77,19.58,20.8,0.979,1,1,29.0,0.37,29.14,29.9,0
1779285613400,402,GND-VEH-01,410.9,18.94,22.03,3.09,19.37,22.6,0.990,1,1,29.1,0.20,29.67,30.0,0
1779285613433,403,PERSON-01,537.8,18.61,22.12,3.51,19.47,21.2,0.990,1,1,29.4,0.25,29.38,30.1,0
1779285613467,404,UAS-01,390.3,18.88,22.12,3.24,19.53,20.8,0.978,1,1,29.0,0.46,29.43,29.8,0
1779285613500,405,UAS-02,651.8,19.21,22.62,3.41,20.40,19.5,0.979,1,1,29.0,0.18,29.54,30.0,0
1779285613533,406,GND-VEH-01,304.3,18.94,22.30,3.36,19.88,19.7,0.978,1,1,29.0,0.30,28.81,29.8,0
1779285613567,407,PERSON-01,779.5,18.87,21.81,2.93,18.82,21.0,0.990,1,1,29.0,0.06,28.89,29.9,0
1779285613600,408,UAS-01,474.9,19.26,22.56,3.30,19.56,21.2,0.990,1,1,30.7,0.43,29.36,29.9,0
1779285613633,409,UAS-02,448.2,18.86,22.00,3.14,19.47,20.5,0.990,1,1,29.0,0.15,29.47,30.0,0
1779285613667,410,GND-VEH-01,653.0,18.90,22.09,3.19,19.41,20.0,0.990,1,1,29.3,0.15,29.39,30.1,0
1779285613700,411,PERSON-01,562.9,19.16,22.48,3.32,19.98,20.3,0.990,1,1,29.0,0.00,29.69,30.0,0
1779285613733,412,UAS-01,518.0,18.96,22.18,3.21,19.04,21.2,0.990,1,1,29.0,0.17,29.63,30.0,0
1779285613767,413,UAS-02,392.5,19.14,22.50,3.36,20.36,22.0,0.990,1,1,29.0,0.12,29.43,30.2,0
1779285613800,414,GND-VEH-01,503.4,19.03,22.17,3.14,19.59,20.7,0.990,1,1,31.2,0.30,29.31,30.0,0
1779285613833,415,PERSON-01,386.1,18.94,21.96,3.02,19.84,20.6,0.983,1,1,30.1,0.03,29.31,30.1,0
1779285613867,416,UAS-01,462.5,18.89,22.59,3.70,20.47,20.5,0.990,1,1,29.0,0.06,29.71,30.1,0
1779285613900,417,UAS-02,471.2,19.09,22.30,3.21,19.06,20.6,0.981,1,1,29.0,0.07,29.28,30.0,0
1779285613933,418,GND-VEH-01,527.1,18.86,22.10,3.24,19.49,20.2,0.990,1,1,29.0,0.07,29.54,30.1,0
1779285613967,419,PERSON-01,409.4,19.23,22.71,3.48,19.31,21.5,0.990,1,1,29.0,0.16,29.36,29.9,0
1779285614000,420,UAS-01,783.1,19.14,22.21,3.07,19.75,20.9,0.990,1,1,29.0,0.15,29.15,30.0,0
1779285614033,421,UAS-02,314.3,19.07,22.57,3.49,20.11,19.2,0.990,1,1,29.0,0.31,29.60,30.1,0
1779285614067,422,GND-VEH-01,487.7,19.15,22.24,3.10,19.05,21.4,0.990,1,1,32.5,0.10,29.21,29.9,0
1779285614100,423,PERSON-01,914.5,18.87,21.87,3.01,18.77,21.3,0.990,1,1,30.0,0.27,28.96,30.0,0
1779285614133,424,UAS-01,642.4,19.25,22.54,3.29,20.21,20.7,0.990,1,1,29.0,0.12,29.60,29.9,0
1779285614167,425,UAS-02,395.9,19.11,22.66,3.54,20.01,22.2,0.990,1,1,29.0,0.04,29.43,30.1,0
1779285614200,426,GND-VEH-01,338.1,18.86,22.59,3.73,20.56,21.4,0.990,1,1,29.0,0.23,29.70,29.9,0
1779285614233,427,PERSON-01,851.8,18.88,21.89,3.01,19.59,20.0,0.985,1,1,29.0,0.45,29.14,30.0,0
1779285614267,428,UAS-01,419.6,19.01,22.02,3.01,18.84,20.0,0.990,1,1,29.0,0.08,29.74,30.0,0
1779285614300,429,UAS-02,361.5,18.87,22.45,3.57,19.95,22.2,0.975,1,1,29.3,0.39,29.99,30.1,0
1779285614333,430,GND-VEH-01,333.5,19.01,22.43,3.43,19.93,21.7,0.990,1,1,29.0,0.17,29.26,30.1,0
1779285614367,431,PERSON-01,446.2,19.24,22.60,3.36,19.62,21.4,0.990,1,1,29.0,0.19,29.55,29.9,0
1779285614400,432,UAS-01,369.6,19.10,22.43,3.32,19.36,21.2,0.987,1,1,32.2,0.16,29.15,30.0,0
1779285614433,433,UAS-02,376.6,18.95,22.38,3.43,19.74,19.8,0.990,1,1,29.8,0.09,29.62,30.0,0
1779285614467,434,GND-VEH-01,514.5,18.97,22.19,3.22,19.72,22.9,0.990,1,1,31.8,0.05,29.66,30.1,0
1779285614500,435,PERSON-01,393.6,19.13,22.75,3.63,19.77,22.8,0.990,1,1,29.0,0.08,29.34,29.9,0
1779285614533,436,UAS-01,784.5,19.05,22.17,3.11,19.00,22.2,0.983,1,1,29.4,0.10,29.85,29.9,0
1779285614567,437,UAS-02,479.9,19.17,22.36,3.19,19.19,21.8,0.990,1,1,29.0,0.10,29.35,29.9,0
1779285614600,438,GND-VEH-01,313.1,18.69,22.11,3.42,19.33,21.5,0.981,1,1,29.0,0.19,29.51,30.0,0
1779285614633,439,PERSON-01,451.2,18.99,22.40,3.41,19.70,21.6,0.990,1,1,29.0,0.24,29.84,29.9,0
1779285614667,440,UAS-01,327.7,18.93,22.02,3.09,18.78,22.4,0.974,1,1,30.6,0.10,29.38,30.0,0
1779285614700,441,UAS-02,404.8,19.19,22.67,3.48,19.93,21.4,0.989,1,1,29.0,0.03,29.96,30.1,0
1779285614733,442,GND-VEH-01,447.5,19.05,22.41,3.36,20.02,20.3,0.990,1,1,29.5,0.32,29.62,30.1,0
1779285614767,443,PERSON-01,845.9,18.77,22.14,3.37,19.62,20.3,0.978,1,1,29.0,0.09,29.52,29.9,0
1779285614800,444,UAS-01,362.1,19.04,22.42,3.38,19.48,21.1,0.990,1,1,29.0,0.23,29.47,30.0,0
1779285614833,445,UAS-02,661.9,19.26,22.57,3.31,20.11,20.5,0.990,1,1,29.0,0.01,29.51,29.9,0
1779285614867,446,GND-VEH-01,499.5,18.75,21.99,3.24,19.48,21.5,0.980,1,1,30.6,0.19,29.95,30.1,0
1779285614900,447,PERSON-01,474.0,19.10,22.28,3.17,19.62,20.4,0.990,1,1,29.0,0.66,29.58,30.0,0
1779285614933,448,UAS-01,330.0,18.87,22.35,3.48,20.60,20.7,0.990,1,1,29.0,0.32,29.12,30.0,0
1779285614967,449,UAS-02,423.5,18.94,22.45,3.51,20.27,22.0,0.990,1,1,29.0,0.05,29.98,29.9,0
1779285615000,450,GND-VEH-01,457.0,18.93,22.36,3.43,20.41,21.5,0.990,1,1,30.0,0.09,29.61,29.9,0
1779285615033,451,PERSON-01,645.6,18.90,22.09,3.19,20.21,20.5,0.990,1,1,29.0,0.03,29.55,30.1,0
1779285615067,452,UAS-01,631.6,18.91,22.02,3.11,19.19,21.8,0.990,1,1,30.5,0.03,29.46,30.0,0
1779285615100,453,UAS-02,457.4,18.81,21.91,3.10,19.78,20.9,0.984,1,1,29.0,0.43,29.59,30.1,0
1779285615133,454,GND-VEH-01,461.0,19.20,22.48,3.28,20.01,21.1,0.990,1,1,33.4,0.27,29.59,30.0,0
1779285615167,455,PERSON-01,446.8,18.85,22.53,3.68,20.14,21.7,0.990,1,1,29.0,0.51,29.71,30.0,0
1779285615200,456,UAS-01,561.0,18.97,22.08,3.11,19.43,22.2,0.990,1,1,29.0,0.27,29.64,30.2,0
1779285615233,457,UAS-02,419.9,18.75,21.86,3.11,18.94,22.5,0.990,1,1,29.0,0.35,29.53,30.1,0
1779285615267,458,GND-VEH-01,417.2,18.96,22.39,3.43,19.83,21.7,0.990,1,1,29.0,0.06,29.28,30.0,0
1779285615300,459,PERSON-01,938.7,18.79,21.95,3.16,19.52,22.6,0.979,1,1,29.0,0.00,29.76,30.1,0
1779285615333,460,UAS-01,394.8,19.21,22.39,3.18,19.18,19.0,0.990,1,1,30.2,0.05,29.46,30.0,0
1779285615367,461,UAS-02,380.3,18.95,22.38,3.43,19.47,21.5,0.990,1,1,31.8,0.01,29.15,30.0,0
1779285615400,462,GND-VEH-01,463.4,18.83,22.06,3.23,19.48,21.3,0.983,1,1,29.0,0.16,29.37,30.2,0
1779285615433,463,PERSON-01,507.6,18.97,22.46,3.49,19.66,21.9,0.990,1,1,29.0,0.28,29.31,29.9,0
1779285615467,464,UAS-01,500.6,18.80,21.92,3.12,18.82,21.3,0.990,1,1,29.0,0.03,29.73,30.0,0
1779285615500,465,UAS-02,413.5,18.70,22.10,3.40,19.58,20.4,0.982,1,1,29.0,0.31,29.48,30.0,0
1779285615533,466,GND-VEH-01,500.8,18.87,22.21,3.34,20.43,19.7,0.990,1,1,29.0,0.09,29.47,30.0,0
1779285615567,467,PERSON-01,466.7,19.20,22.60,3.40,19.99,21.7,0.968,1,1,29.0,0.29,29.51,30.0,0
1779285615600,468,UAS-01,307.8,18.90,22.46,3.56,19.82,21.1,0.990,1,1,29.0,0.36,29.71,30.0,0
1779285615633,469,UAS-02,335.5,19.12,22.38,3.25,19.69,21.4,0.990,1,1,29.0,0.06,30.03,30.1,0
1779285615667,470,GND-VEH-01,359.0,19.11,22.82,3.71,20.07,21.1,0.990,1,1,29.0,0.02,29.31,29.9,0
1779285615700,471,PERSON-01,311.3,19.06,22.61,3.55,20.07,22.2,0.990,1,1,29.3,0.19,29.24,30.0,0
1779285615733,472,UAS-01,374.1,18.80,22.06,3.26,19.23,20.5,0.990,1,1,29.2,0.26,29.70,29.9,0
1779285615767,473,UAS-02,721.7,18.88,21.81,2.93,18.95,21.3,0.984,1,1,30.0,0.48,29.89,29.8,0
1779285615800,474,GND-VEH-01,332.0,19.28,22.57,3.29,19.28,22.0,0.990,1,1,29.0,0.31,29.98,29.9,0
1779285615833,475,PERSON-01,366.6,18.97,22.16,3.19,19.69,20.6,0.990,1,1,29.0,0.12,29.69,29.9,0
1779285615867,476,UAS-01,329.3,18.93,22.06,3.13,19.01,21.5,0.990,1,1,29.0,0.03,29.51,30.1,0
1779285615900,477,UAS-02,634.1,19.14,22.18,3.04,18.92,20.1,0.980,1,1,30.7,0.01,29.59,30.0,0
1779285615933,478,GND-VEH-01,775.2,19.26,22.35,3.09,19.40,22.2,0.990,1,1,30.7,0.27,29.49,30.1,0
1779285615967,479,PERSON-01,612.2,18.98,22.37,3.39,19.99,19.9,0.990,1,1,29.0,0.02,29.44,30.0,0
1779285616000,480,UAS-01,391.4,18.99,22.43,3.44,20.43,21.1,0.990,1,1,29.0,0.10,29.53,30.1,0
1779285616033,481,UAS-02,527.5,19.23,22.16,2.93,19.07,20.8,0.965,1,1,29.2,0.47,29.34,30.0,0
1779285616067,482,GND-VEH-01,321.4,19.10,22.58,3.49,19.55,21.1,0.990,1,1,29.0,0.04,29.65,30.1,0
1779285616100,483,PERSON-01,367.4,19.19,22.39,3.20,20.01,20.7,0.987,1,1,29.0,0.01,29.30,29.9,0
1779285616133,484,UAS-01,598.1,19.10,22.34,3.23,19.44,22.4,0.990,1,1,29.0,0.37,29.65,30.0,0
1779285616167,485,UAS-02,569.3,18.85,22.29,3.43,19.84,20.4,0.990,1,1,29.5,0.32,29.20,30.1,0
1779285616200,486,GND-VEH-01,553.7,19.15,22.37,3.22,19.58,20.6,0.990,1,1,33.0,0.35,29.32,29.9,0
1779285616233,487,PERSON-01,629.5,19.04,22.17,3.13,19.54,21.3,0.982,1,1,29.0,0.08,29.27,30.0,0
1779285616267,488,UAS-01,550.0,19.20,22.53,3.34,19.85,19.5,0.990,1,1,29.0,0.21,29.54,30.0,0
1779285616300,489,UAS-02,715.5,19.01,22.26,3.25,19.57,20.5,0.990,1,1,29.1,0.04,29.69,29.9,0
1779285616333,490,GND-VEH-01,499.3,18.92,22.29,3.37,19.33,20.8,0.990,1,1,30.6,0.37,29.78,30.1,0
1779285616367,491,PERSON-01,484.3,18.96,22.13,3.18,19.82,21.3,0.976,1,1,31.3,0.31,29.34,30.1,0
1779285616400,492,UAS-01,373.8,18.92,22.06,3.13,19.77,22.2,0.990,1,1,30.4,0.19,30.09,29.9,0
1779285616433,493,UAS-02,518.3,18.84,22.23,3.38,19.75,21.2,0.990,1,1,29.0,0.34,29.36,29.9,0
1779285616467,494,GND-VEH-01,458.6,19.19,22.57,3.38,20.34,21.2,0.990,1,1,29.0,0.05,29.71,29.8,0
1779285616500,495,PERSON-01,604.2,19.32,22.47,3.16,19.48,19.9,0.990,1,1,29.0,0.03,29.89,30.0,0
1779285616533,496,UAS-01,392.0,19.01,22.33,3.32,19.81,21.0,0.990,1,1,29.1,0.15,29.41,29.9,0
1779285616567,497,UAS-02,613.3,18.80,22.25,3.45,20.00,22.1,0.990,1,1,29.0,0.00,29.60,29.9,0
1779285616600,498,GND-VEH-01,883.9,19.01,22.22,3.21,19.90,20.2,0.990,1,1,29.0,0.12,29.45,30.0,0
1779285616633,499,PERSON-01,385.5,18.97,22.45,3.48,20.24,20.2,0.990,1,1,29.0,0.09,29.67,30.1,0
1779285616667,500,UAS-01,665.8,18.95,22.31,3.36,19.30,21.4,0.990,1,1,30.1,0.11,29.87,30.0,0
1779285616700,501,UAS-02,328.7,18.82,22.12,3.30,19.51,21.2,0.990,1,1,29.4,0.01,29.92,30.0,0
1779285616733,502,GND-VEH-01,377.7,19.30,22.79,3.50,20.43,20.6,0.990,1,1,29.0,0.21,29.93,30.2,0
1779285616767,503,PERSON-01,670.4,18.86,22.31,3.44,20.03,20.5,0.990,1,1,29.0,0.19,29.80,30.0,0
1779285616800,504,UAS-01,500.4,19.14,22.16,3.02,18.75,21.1,0.990,1,1,29.0,0.14,29.22,30.2,0
1779285616833,505,UAS-02,402.1,18.91,22.39,3.47,19.18,20.8,0.990,1,1,29.0,0.35,29.04,30.1,0
1779285616867,506,GND-VEH-01,507.8,19.15,22.45,3.30,19.91,22.1,0.990,1,1,30.0,0.21,29.46,30.1,0
1779285616900,507,PERSON-01,323.1,18.99,22.77,3.78,20.79,22.5,0.984,1,1,29.0,0.14,29.73,30.0,0
1779285616933,508,UAS-01,517.5,19.10,22.18,3.09,18.96,21.1,0.990,1,1,29.0,0.30,29.96,30.0,0
1779285616967,509,UAS-02,452.5,19.25,22.42,3.18,19.09,20.0,0.990,1,1,29.0,0.09,29.69,29.9,0
1779285617000,510,GND-VEH-01,388.1,18.93,22.43,3.50,20.10,21.1,0.990,1,1,29.0,0.11,29.97,29.9,0
1779285617033,511,PERSON-01,619.5,19.10,22.38,3.28,19.73,20.5,0.990,1,1,30.9,0.12,29.46,30.0,0
1779285617067,512,UAS-01,797.3,18.89,21.87,2.98,19.60,21.1,0.990,1,1,29.0,0.40,29.46,30.0,0
1779285617100,513,UAS-02,675.5,18.93,22.30,3.36,19.69,20.6,0.985,1,1,29.0,0.01,29.76,29.9,0
1779285617133,514,GND-VEH-01,740.1,19.18,22.62,3.44,19.77,21.0,0.978,1,1,32.0,0.43,29.36,29.9,0
1779285617167,515,PERSON-01,332.8,19.23,22.51,3.28,19.99,21.1,0.990,1,1,29.0,0.33,30.10,29.9,0
1779285617200,516,UAS-01,746.0,18.87,21.97,3.10,19.76,20.9,0.990,1,1,30.9,0.16,29.93,29.9,0
1779285617233,517,UAS-02,403.2,19.01,22.38,3.37,19.76,20.7,0.990,1,1,29.0,0.06,29.41,30.1,0
1779285617267,518,GND-VEH-01,427.0,19.12,22.60,3.48,19.78,21.6,0.990,1,1,29.6,0.26,29.65,30.0,0
1779285617300,519,PERSON-01,680.1,19.17,22.24,3.07,19.56,21.2,0.990,1,1,29.0,0.09,29.73,30.0,0
1779285617333,520,UAS-01,590.0,19.07,22.56,3.49,19.64,21.8,0.989,1,1,29.7,0.06,29.38,30.0,0
1779285617367,521,UAS-02,580.4,19.07,22.51,3.44,20.82,21.5,0.973,1,1,30.6,0.33,29.67,29.9,0
1779285617400,522,GND-VEH-01,484.1,19.06,22.31,3.24,20.24,20.5,0.973,1,1,30.8,0.25,29.54,30.2,0
1779285617433,523,PERSON-01,539.8,19.10,22.28,3.18,19.10,21.4,0.988,1,1,29.7,0.59,29.84,29.9,0
1779285617467,524,UAS-01,366.3,18.97,22.30,3.33,19.71,20.9,0.990,1,1,29.0,0.23,30.20,30.1,0
1779285617500,525,UAS-02,391.5,18.90,22.65,3.75,19.96,20.9,0.990,1,1,30.4,0.48,29.70,29.9,0
1779285617533,526,GND-VEH-01,531.1,19.06,22.07,3.02,19.03,21.2,0.986,1,1,29.0,0.16,29.90,29.9,0
1779285617567,527,PERSON-01,379.9,19.05,22.42,3.37,19.94,21.1,0.990,1,1,29.8,0.00,29.60,30.1,0
1779285617600,528,UAS-01,537.2,18.89,22.40,3.50,19.98,21.9,0.990,1,1,29.0,0.17,29.58,30.1,0
1779285617633,529,UAS-02,388.5,18.81,22.36,3.55,20.30,22.2,0.990,1,1,31.4,0.01,29.45,29.9,0
1779285617667,530,GND-VEH-01,662.6,18.72,21.79,3.07,19.23,21.0,0.990,1,1,29.0,0.24,30.34,30.0,0
1779285617700,531,PERSON-01,469.5,19.08,22.27,3.19,19.12,21.0,0.990,1,1,29.4,0.13,29.81,29.9,0
1779285617733,532,UAS-01,555.5,18.82,21.97,3.15,19.28,20.8,0.990,1,1,30.5,0.18,29.18,30.0,0
1779285617767,533,UAS-02,911.9,19.10,22.14,3.04,20.03,21.4,0.990,1,1,32.4,0.29,29.57,30.1,0
1779285617800,534,GND-VEH-01,580.6,18.98,21.98,3.00,19.75,21.1,0.990,1,1,29.0,0.05,29.57,30.0,0
1779285617833,535,PERSON-01,783.3,18.94,22.18,3.24,19.42,19.7,0.985,1,1,29.0,0.18,29.34,30.1,0
1779285617867,536,UAS-01,472.5,19.09,22.37,3.29,19.46,23.2,0.990,1,1,29.1,0.13,29.11,29.9,0
1779285617900,537,UAS-02,1006.4,19.05,22.08,3.04,19.42,21.5,0.990,1,1,30.0,0.50,29.67,29.9,0
1779285617933,538,GND-VEH-01,559.8,18.98,22.18,3.20,19.17,20.3,0.974,1,1,29.0,0.28,29.78,29.9,0
1779285617967,539,PERSON-01,357.8,19.03,22.43,3.40,20.13,20.9,0.990,1,1,31.6,0.02,30.05,30.0,0
1779285618000,540,UAS-01,303.4,19.11,22.87,3.76,20.37,21.0,0.990,1,1,31.1,0.09,29.86,30.0,0
1779285618033,541,UAS-02,401.7,19.13,22.13,3.01,19.42,21.3,0.983,1,1,29.2,0.17,29.72,29.9,0
1779285618067,542,GND-VEH-01,589.8,18.90,22.13,3.23,19.54,20.0,0.990,1,1,30.7,0.35,29.87,29.9,0
1779285618100,543,PERSON-01,328.7,19.09,22.42,3.33,19.30,19.7,0.990,1,1,33.2,0.03,29.75,29.9,0
1779285618133,544,UAS-01,536.6,18.95,22.27,3.32,19.33,21.5,0.990,1,1,30.0,0.41,29.92,30.0,0
1779285618167,545,UAS-02,342.7,18.75,21.98,3.22,19.02,21.5,0.986,1,1,29.0,0.08,29.66,29.9,0
1779285618200,546,GND-VEH-01,455.6,19.04,22.02,2.98,18.81,19.9,0.990,1,1,29.0,0.17,30.31,30.0,0
1779285618233,547,PERSON-01,362.2,19.02,22.69,3.67,20.27,20.9,0.990,1,1,29.1,0.23,29.98,30.0,0
1779285618267,548,UAS-01,476.7,18.88,22.66,3.78,20.76,20.8,0.990,1,1,31.2,0.05,29.77,29.9,0
1779285618300,549,UAS-02,672.4,19.22,22.23,3.01,18.53,22.5,0.990,1,1,29.0,0.17,29.65,30.0,0
1779285618333,550,GND-VEH-01,424.1,19.02,22.47,3.45,18.95,22.3,0.990,1,1,29.0,0.01,29.55,30.1,0
1779285618367,551,PERSON-01,326.9,18.79,22.28,3.48,19.67,22.0,0.982,1,1,29.0,0.02,29.78,30.0,0
1779285618400,552,UAS-01,756.3,18.87,21.92,3.06,19.47,19.6,0.990,1,1,29.0,0.35,30.00,29.9,0
1779285618433,553,UAS-02,472.0,18.81,22.57,3.76,20.70,20.4,0.990,1,1,32.0,0.18,29.57,30.0,0
1779285618467,554,GND-VEH-01,327.8,18.90,22.38,3.48,19.14,21.6,0.985,1,1,29.0,0.05,29.38,30.1,0
1779285618500,555,PERSON-01,360.4,19.10,22.38,3.28,19.34,20.2,0.979,1,1,29.0,0.17,29.85,30.0,0
1779285618533,556,UAS-01,708.8,18.70,21.55,2.86,19.44,22.1,0.990,1,1,29.9,0.12,29.63,30.0,0
1779285618567,557,UAS-02,368.8,19.03,22.35,3.31,20.00,21.7,0.990,1,1,29.0,0.62,29.72,30.0,0
1779285618600,558,GND-VEH-01,430.7,18.91,22.10,3.19,19.64,21.9,0.990,1,1,29.0,0.12,29.88,30.0,0
1779285618633,559,PERSON-01,445.4,19.12,22.65,3.52,19.91,21.7,0.990,1,1,33.2,0.04,29.78,30.1,0
1779285618667,560,UAS-01,485.8,19.02,22.54,3.52,20.08,20.1,0.990,1,1,29.0,0.17,29.94,30.1,0
1779285618700,561,UAS-02,387.4,19.06,22.48,3.42,19.83,21.6,0.990,1,1,31.6,0.04,29.99,29.9,0
1779285618733,562,GND-VEH-01,472.6,18.87,22.15,3.28,20.07,20.9,0.976,1,1,29.0,0.26,30.04,30.1,0
1779285618767,563,PERSON-01,594.1,19.11,22.37,3.26,19.98,21.0,0.990,1,1,31.4,0.17,29.96,30.1,0
1779285618800,564,UAS-01,445.4,19.25,22.75,3.51,19.89,22.9,0.990,1,1,29.0,0.06,29.73,30.0,0
1779285618833,565,UAS-02,526.5,19.05,22.38,3.33,20.29,20.3,0.990,1,1,32.3,0.14,29.66,30.0,0
1779285618867,566,GND-VEH-01,337.3,19.06,22.44,3.38,19.62,20.6,0.990,1,1,29.0,0.29,30.21,30.0,0
1779285618900,567,PERSON-01,722.2,19.04,21.96,2.92,18.91,21.0,0.990,1,1,29.0,0.18,30.20,30.0,0
1779285618933,568,UAS-01,474.4,18.96,22.41,3.44,19.49,21.3,0.990,1,1,29.0,0.08,30.17,30.1,0
1779285618967,569,UAS-02,683.7,19.07,22.43,3.36,19.86,20.2,0.990,1,1,29.6,0.52,29.87,30.0,0
1779285619000,570,GND-VEH-01,361.5,19.00,22.16,3.15,18.68,21.3,0.985,1,1,29.7,0.17,29.79,30.0,0
1779285619033,571,PERSON-01,642.0,19.02,22.23,3.20,19.79,19.7,0.990,1,1,30.5,0.01,29.68,30.1,0
1779285619067,572,UAS-01,338.7,19.14,22.55,3.41,19.88,21.4,0.990,1,1,32.0,0.49,29.90,30.1,0
1779285619100,573,UAS-02,610.6,18.79,22.02,3.24,19.82,21.6,0.978,1,1,29.0,0.40,29.92,30.0,0
1779285619133,574,GND-VEH-01,386.5,19.11,22.63,3.52,19.40,22.1,0.990,1,1,30.8,0.13,29.99,30.0,0
1779285619167,575,PERSON-01,306.1,19.00,22.68,3.68,19.34,22.2,0.990,1,1,29.5,0.17,29.96,29.9,0
1779285619200,576,UAS-01,413.3,19.21,22.73,3.52,20.50,20.2,0.990,1,1,30.6,0.13,29.95,30.0,0
1779285619233,577,UAS-02,452.4,19.11,22.65,3.54,20.03,20.6,0.990,1,1,30.9,0.04,29.79,29.9,0
1779285619267,578,GND-VEH-01,476.3,18.99,22.17,3.18,18.93,21.4,0.990,1,1,29.6,0.26,30.27,30.1,0
1779285619300,579,PERSON-01,602.1,19.10,22.35,3.25,19.41,21.5,0.984,1,1,29.0,0.16,30.11,30.0,0
1779285619333,580,UAS-01,478.8,19.16,22.58,3.42,19.58,20.4,0.961,1,1,29.8,0.13,30.17,30.1,0
1779285619367,581,UAS-02,340.8,18.78,22.16,3.39,19.94,21.1,0.987,1,1,30.6,0.08,30.08,29.9,0
1779285619400,582,GND-VEH-01,364.6,18.85,21.78,2.94,19.28,21.9,0.990,1,1,29.0,0.24,29.77,30.1,0
1779285619433,583,PERSON-01,313.9,19.10,22.57,3.47,20.04,21.5,0.971,1,1,29.6,0.02,29.53,29.9,0
1779285619467,584,UAS-01,422.6,18.82,22.20,3.38,19.78,20.4,0.988,1,1,29.7,0.30,30.03,30.1,0
1779285619500,585,UAS-02,315.9,19.04,22.47,3.43,19.79,21.5,0.990,1,1,29.4,0.08,30.22,29.9,0
1779285619533,586,GND-VEH-01,310.7,18.86,22.04,3.18,19.19,19.5,0.990,1,1,30.9,0.05,30.19,29.8,0
1779285619567,587,PERSON-01,365.7,18.96,22.22,3.27,19.58,20.8,0.990,1,1,29.7,0.33,29.98,30.0,0
1779285619600,588,UAS-01,450.2,18.92,22.33,3.41,19.99,21.6,0.990,1,1,31.1,0.02,29.88,29.8,0
1779285619633,589,UAS-02,317.6,18.92,22.50,3.58,20.23,21.0,0.990,1,1,31.2,0.22,29.67,30.0,0
1779285619667,590,GND-VEH-01,467.3,19.11,22.36,3.25,19.06,21.9,0.977,1,1,29.0,0.29,30.13,29.9,0
1779285619700,591,PERSON-01,520.4,18.98,22.29,3.31,18.97,23.0,0.990,1,1,30.7,0.17,30.02,30.0,0
1779285619733,592,UAS-01,572.9,18.81,22.01,3.21,19.87,21.1,0.990,1,1,29.5,0.52,29.82,30.0,0
1779285619767,593,UAS-02,902.0,19.07,22.07,2.99,20.07,21.1,0.990,1,1,29.0,0.21,29.98,30.0,0
1779285619800,594,GND-VEH-01,671.7,18.82,22.01,3.19,19.04,20.3,0.990,1,1,31.6,0.01,29.65,30.0,0
1779285619833,595,PERSON-01,839.1,18.76,21.68,2.91,18.89,21.9,0.990,1,1,29.0,0.32,30.24,29.9,0
1779285619867,596,UAS-01,550.8,18.85,22.24,3.39,18.82,20.4,0.990,1,1,31.5,0.24,30.25,29.9,0
1779285619900,597,UAS-02,317.9,19.24,22.77,3.54,20.53,20.9,0.990,1,1,29.0,0.40,30.00,30.1,0
1779285619933,598,GND-VEH-01,649.7,18.94,22.19,3.25,19.82,21.0,0.982,1,1,30.0,0.23,29.90,30.1,0
1779285619967,599,PERSON-01,657.6,18.85,21.92,3.06,19.42,19.4,0.990,1,1,29.2,0.03,29.80,30.0,0
1779285620000,600,UAS-01,660.3,18.79,21.90,3.11,18.97,22.1,0.977,1,1,30.4,0.25,30.08,29.9,0
1779285620033,601,UAS-02,570.7,18.99,21.95,2.97,19.24,20.3,0.990,1,1,29.0,0.19,29.68,30.0,0
1779285620067,602,GND-VEH-01,505.9,18.93,22.17,3.24,19.27,22.6,0.990,1,1,29.0,0.25,29.95,29.9,0
1779285620100,603,PERSON-01,482.1,19.20,22.42,3.22,19.76,21.8,0.990,1,1,29.6,0.29,30.06,29.9,0
1779285620133,604,UAS-01,697.6,19.15,22.32,3.17,19.25,19.4,0.990,1,1,31.2,0.33,29.86,29.9,0
1779285620167,605,UAS-02,815.7,18.89,22.04,3.16,19.29,20.8,0.990,1,1,29.0,0.33,29.91,30.1,0
1779285620200,606,GND-VEH-01,406.8,19.08,22.47,3.39,20.56,20.0,0.990,1,1,29.0,0.35,30.28,30.0,0
1779285620233,607,PERSON-01,591.7,18.99,22.55,3.56,19.41,21.6,0.989,1,1,29.0,0.11,30.47,30.0,0
1779285620267,608,UAS-01,418.0,18.95,22.25,3.30,19.59,20.4,0.990,1,1,30.8,0.18,30.20,30.1,0
1779285620300,609,UAS-02,334.2,18.98,22.27,3.30,19.35,21.1,0.990,1,1,31.5,0.03,30.11,30.0,0
1779285620333,610,GND-VEH-01,349.5,18.99,22.29,3.30,19.60,21.1,0.990,1,1,30.2,0.01,29.93,30.2,0
1779285620367,611,PERSON-01,650.7,18.98,22.40,3.42,19.46,20.8,0.990,1,1,29.0,0.20,30.58,30.1,0
1779285620400,612,UAS-01,514.3,18.73,21.96,3.23,18.89,21.0,0.990,1,1,29.0,0.35,30.16,30.0,0
1779285620433,613,UAS-02,473.7,19.07,22.38,3.31,19.15,21.3,0.990,1,1,29.0,0.07,29.94,30.0,0
1779285620467,614,GND-VEH-01,753.3,18.92,22.24,3.31,18.91,21.5,0.990,1,1,29.0,0.45,29.96,30.1,0
1779285620500,615,PERSON-01,307.9,19.14,22.55,3.41,19.42,22.3,0.978,1,1,29.0,0.08,30.06,30.0,0
1779285620533,616,UAS-01,594.4,18.90,21.97,3.07,19.21,19.8,0.984,1,1,30.3,0.33,30.38,30.2,0
1779285620567,617,UAS-02,524.6,18.82,22.20,3.38,19.69,21.4,0.990,1,1,29.0,0.01,30.22,29.9,0
1779285620600,618,GND-VEH-01,437.6,18.89,22.23,3.34,19.66,21.7,0.990,1,1,31.3,0.26,30.08,30.0,0
1779285620633,619,PERSON-01,761.0,18.82,22.08,3.26,19.26,21.5,0.990,1,1,29.0,0.36,29.87,30.2,0
1779285620667,620,UAS-01,399.0,19.03,21.97,2.95,18.91,21.6,0.990,1,1,29.0,0.12,30.40,29.9,0
1779285620700,621,UAS-02,594.4,18.92,22.30,3.39,19.86,20.7,0.990,1,1,29.0,0.47,29.92,30.0,0
1779285620733,622,GND-VEH-01,403.5,18.88,21.97,3.09,19.99,20.3,0.990,1,1,29.0,0.10,29.72,30.0,0
1779285620767,623,PERSON-01,516.3,18.90,22.21,3.31,20.17,21.6,0.990,1,1,29.0,0.42,29.61,29.9,0
1779285620800,624,UAS-01,309.2,19.08,22.71,3.63,20.35,21.1,0.990,1,1,29.5,0.09,30.32,30.1,0
1779285620833,625,UAS-02,813.7,19.08,22.10,3.02,20.17,20.7,0.979,1,1,29.0,0.29,29.89,29.9,0
1779285620867,626,GND-VEH-01,353.7,19.00,22.49,3.48,20.24,20.0,0.990,1,1,29.2,0.52,30.16,30.0,0
1779285620900,627,PERSON-01,595.1,18.73,21.68,2.95,18.94,21.2,0.990,1,1,29.0,0.04,30.32,30.0,0
1779285620933,628,UAS-01,503.9,19.27,22.80,3.53,19.98,21.0,0.988,1,1,29.0,0.04,30.16,30.0,0
1779285620967,629,UAS-02,724.1,19.00,22.05,3.05,19.55,21.5,0.988,1,1,29.0,0.36,29.87,30.1,0
1779285621000,630,GND-VEH-01,707.6,18.73,22.33,3.60,19.92,20.7,0.990,1,1,29.7,0.27,30.31,29.9,0
1779285621033,631,PERSON-01,615.0,18.75,22.16,3.41,19.66,20.8,0.990,1,1,30.0,0.13,30.33,30.0,0
1779285621067,632,UAS-01,595.9,18.97,22.30,3.34,19.84,21.5,0.990,1,1,29.0,0.13,30.13,30.0,0
1779285621100,633,UAS-02,659.4,18.92,22.10,3.18,19.88,20.1,0.990,1,1,29.0,0.28,30.40,30.0,0
1779285621133,634,GND-VEH-01,395.8,19.06,22.07,3.01,19.10,22.6,0.987,1,1,30.8,0.28,30.35,29.9,0
1779285621167,635,PERSON-01,360.0,18.97,22.28,3.31,20.13,20.0,0.990,1,1,30.6,0.22,30.17,30.0,0
1779285621200,636,UAS-01,340.9,18.87,22.35,3.48,19.71,22.0,0.990,1,1,30.9,0.13,30.15,30.0,0
1779285621233,637,UAS-02,611.6,19.03,22.01,2.98,19.19,20.6,0.990,1,1,32.1,0.41,29.98,30.0,0
1779285621267,638,GND-VEH-01,972.1,19.20,22.16,2.96,19.20,21.6,0.990,1,1,29.0,0.28,30.38,30.0,0
1779285621300,639,PERSON-01,547.6,18.89,22.45,3.56,19.93,21.9,0.990,1,1,29.0,0.43,30.03,29.9,0
1779285621333,640,UAS-01,331.2,19.07,22.43,3.36,19.99,20.9,0.990,1,1,29.3,0.10,30.06,30.0,0
1779285621367,641,UAS-02,541.7,19.29,22.66,3.37,20.22,19.9,0.968,1,1,29.0,0.12,30.21,30.0,0
1779285621400,642,GND-VEH-01,588.2,19.15,22.32,3.17,19.81,20.6,0.978,1,1,29.0,0.39,29.96,30.1,0
1779285621433,643,PERSON-01,438.7,18.99,22.51,3.52,19.55,20.3,0.990,1,1,31.7,0.31,29.72,30.0,0
1779285621467,644,UAS-01,467.0,18.98,22.43,3.44,20.24,20.1,0.990,1,1,29.0,0.33,29.96,30.1,0
1779285621500,645,UAS-02,520.8,18.77,22.25,3.48,20.08,22.2,0.990,1,1,29.0,0.12,30.61,30.0,0
1779285621533,646,GND-VEH-01,412.0,19.04,22.26,3.21,19.53,19.5,0.984,1,1,31.0,0.35,30.37,30.0,0
1779285621567,647,PERSON-01,385.5,18.98,22.49,3.51,19.93,21.0,0.990,1,1,29.1,0.11,29.89,30.0,0
1779285621600,648,UAS-01,328.2,19.10,22.45,3.35,19.46,22.2,0.990,1,1,29.0,0.31,30.57,29.9,0
1779285621633,649,UAS-02,516.2,18.92,22.32,3.40,20.00,22.1,0.990,1,1,29.0,0.32,30.15,30.0,0
1779285621667,650,GND-VEH-01,521.8,19.10,22.43,3.33,19.59,20.8,0.985,1,1,29.3,0.16,30.00,30.1,0
1779285621700,651,PERSON-01,308.1,18.90,22.55,3.64,20.34,21.5,0.990,1,1,29.0,0.07,30.14,30.0,0
1779285621733,652,UAS-01,392.8,18.92,22.24,3.32,20.11,21.4,0.975,1,1,29.6,0.21,30.01,30.0,0
1779285621767,653,UAS-02,802.6,19.05,22.21,3.16,19.22,22.1,0.968,1,1,31.7,0.00,30.06,30.1,0
1779285621800,654,GND-VEH-01,321.7,18.84,22.05,3.21,19.16,21.5,0.990,1,1,29.5,0.20,30.13,30.0,0
1779285621833,655,PERSON-01,518.5,19.01,21.99,2.98,19.18,21.0,0.985,1,1,29.1,0.43,30.49,30.1,0
1779285621867,656,UAS-01,749.2,18.71,22.04,3.33,19.55,21.3,0.985,1,1,29.0,0.30,29.98,29.9,0
1779285621900,657,UAS-02,506.8,19.30,22.67,3.37,20.12,21.6,0.990,1,1,29.0,0.65,29.95,30.1,0
1779285621933,658,GND-VEH-01,708.6,19.04,22.52,3.49,19.81,22.1,0.990,1,1,29.0,0.01,30.38,29.8,0
1779285621967,659,PERSON-01,652.5,18.96,22.20,3.24,19.45,20.4,0.976,1,1,29.0,0.27,30.16,30.1,0
1779285622000,660,UAS-01,395.8,19.03,22.49,3.46,19.27,21.0,0.990,1,1,29.0,0.50,30.28,30.1,0
1779285622033,661,UAS-02,515.4,19.06,22.09,3.03,19.67,20.8,0.990,1,1,29.0,0.29,29.88,30.1,0
1779285622067,662,GND-VEH-01,304.8,18.99,22.37,3.38,20.20,20.2,0.990,1,1,29.0,0.04,30.09,29.8,0
1779285622100,663,PERSON-01,526.0,19.04,22.24,3.20,19.28,21.8,0.971,1,1,30.0,0.25,30.63,30.0,0
1779285622133,664,UAS-01,353.6,19.02,22.57,3.54,19.63,20.6,0.990,1,1,29.0,0.03,30.37,30.0,0
1779285622167,665,UAS-02,301.3,19.10,22.54,3.44,20.29,20.9,0.990,1,1,29.0,0.06,30.46,29.9,0
1779285622200,666,GND-VEH-01,640.0,19.23,22.15,2.92,18.35,19.6,0.990,1,1,29.9,0.01,29.88,30.0,0
1779285622233,667,PERSON-01,587.7,19.13,22.61,3.48,20.29,20.5,0.990,1,1,29.0,0.02,30.21,30.0,0
1779285622267,668,UAS-01,511.8,19.06,22.23,3.17,20.09,20.9,0.980,1,1,31.6,0.03,30.03,30.1,0
1779285622300,669,UAS-02,424.0,19.10,22.45,3.35,19.49,21.1,0.990,1,1,29.2,0.14,30.57,30.0,0
1779285622333,670,GND-VEH-01,383.9,18.90,22.21,3.31,19.56,21.1,0.990,1,1,29.0,0.34,30.19,29.9,0
1779285622367,671,PERSON-01,636.4,18.84,22.26,3.42,19.98,22.6,0.987,1,1,29.0,0.46,30.34,30.1,0
1779285622400,672,UAS-01,500.3,18.98,22.16,3.18,19.51,22.8,0.980,1,1,29.0,0.01,30.03,30.0,0
1779285622433,673,UAS-02,321.2,19.13,22.38,3.24,19.44,20.6,0.990,1,1,29.2,0.12,29.92,30.1,0
1779285622467,674,GND-VEH-01,571.0,18.76,21.88,3.13,19.96,20.0,0.982,1,1,29.0,0.03,30.07,30.0,0
1779285622500,675,PERSON-01,312.9,19.22,22.51,3.28,19.70,19.9,0.983,1,1,29.1,0.04,30.12,30.1,0
1779285622533,676,UAS-01,586.1,18.91,22.70,3.79,19.65,20.2,0.990,1,1,29.0,0.23,30.29,30.1,0
1779285622567,677,UAS-02,411.0,18.84,22.22,3.38,20.17,19.6,0.990,1,1,29.0,0.39,30.43,29.9,0
1779285622600,678,GND-VEH-01,660.7,19.05,22.30,3.25,19.88,21.9,0.990,1,1,30.4,0.20,30.08,30.0,0
1779285622633,679,PERSON-01,319.7,19.17,22.47,3.30,19.35,21.6,0.990,1,1,29.0,0.24,30.22,29.9,0
1779285622667,680,UAS-01,648.2,19.03,22.34,3.31,19.87,21.2,0.990,1,1,29.8,0.39,30.42,29.9,0
1779285622700,681,UAS-02,623.7,18.91,22.33,3.42,20.10,20.4,0.990,1,1,29.0,0.01,30.23,30.0,0
1779285622733,682,GND-VEH-01,338.5,19.05,22.80,3.74,20.23,20.7,0.990,1,1,29.4,0.40,30.53,29.9,0
1779285622767,683,PERSON-01,360.3,19.12,22.52,3.40,20.26,20.7,0.990,1,1,29.0,0.16,30.41,29.9,0
1779285622800,684,UAS-01,533.5,18.97,22.25,3.28,20.36,20.7,0.990,1,1,31.3,0.35,30.40,29.9,0
1779285622833,685,UAS-02,442.7,19.26,22.49,3.23,19.17,21.2,0.990,1,1,33.0,0.41,30.32,30.0,0
1779285622867,686,GND-VEH-01,400.3,18.83,22.04,3.20,19.42,20.1,0.977,1,1,29.6,0.23,30.62,29.9,0
1779285622900,687,PERSON-01,332.6,19.15,22.49,3.34,20.02,22.4,0.990,1,1,31.4,0.54,30.50,30.2,0
1779285622933,688,UAS-01,531.4,19.10,22.68,3.58,20.02,21.1,0.979,1,1,29.0,0.49,29.94,30.1,0
1779285622967,689,UAS-02,484.6,19.04,22.35,3.31,19.76,21.2,0.990,1,1,29.0,0.01,30.29,30.2,0
1779285623000,690,GND-VEH-01,396.7,18.78,22.26,3.48,19.84,19.5,0.990,1,1,29.0,0.13,30.37,30.0,0
1779285623033,691,PERSON-01,494.5,19.08,22.36,3.28,19.26,21.0,0.990,1,1,29.0,0.14,30.43,29.9,0
1779285623067,692,UAS-01,305.0,19.18,22.43,3.25,19.54,22.1,0.977,1,1,29.0,0.55,30.10,30.0,0
1779285623100,693,UAS-02,519.0,19.01,22.28,3.27,19.06,21.4,0.990,1,1,30.0,0.11,29.86,30.1,0
1779285623133,694,GND-VEH-01,524.0,18.93,22.11,3.18,19.45,19.1,0.988,1,1,29.0,0.25,30.26,30.0,0
1779285623167,695,PERSON-01,491.3,18.82,22.25,3.43,19.24,20.6,0.990,1,1,29.3,0.62,30.29,30.0,0
1779285623200,696,UAS-01,639.5,19.02,22.16,3.14,19.51,20.5,0.978,1,1,29.0,0.27,30.27,29.9,0
1779285623233,697,UAS-02,413.2,18.88,22.09,3.22,19.34,21.7,0.990,1,1,29.8,0.04,30.92,29.9,0
1779285623267,698,GND-VEH-01,326.6,19.05,22.29,3.23,20.03,20.9,0.990,1,1,29.5,0.17,30.15,29.9,0
1779285623300,699,PERSON-01,595.2,18.95,22.02,3.07,19.11,21.9,0.990,1,1,29.0,0.25,30.19,29.9,0
1779285623333,700,UAS-01,455.4,18.81,21.71,2.90,19.37,21.7,0.990,1,1,30.3,0.08,30.43,30.0,0
1779285623367,701,UAS-02,521.6,19.13,22.37,3.24,20.28,20.7,0.990,1,1,29.0,0.18,30.65,30.1,0
1779285623400,702,GND-VEH-01,345.3,18.79,21.97,3.18,18.80,21.9,0.974,1,1,29.8,0.06,30.14,30.0,0
1779285623433,703,PERSON-01,434.7,19.02,22.33,3.31,20.10,21.1,0.990,1,1,29.4,0.36,30.09,29.9,0
1779285623467,704,UAS-01,389.2,19.04,22.52,3.48,20.24,20.5,0.982,1,1,29.0,0.08,30.70,29.9,0
1779285623500,705,UAS-02,521.0,18.90,21.92,3.02,19.32,21.4,0.990,1,1,29.0,0.32,30.23,30.1,0
1779285623533,706,GND-VEH-01,469.9,19.11,22.28,3.17,19.61,21.2,0.990,1,1,29.0,0.41,30.36,30.0,0
1779285623567,707,PERSON-01,316.2,19.06,22.36,3.30,19.98,21.7,0.990,1,1,29.0,0.43,30.35,30.1,0
1779285623600,708,UAS-01,696.4,19.21,22.43,3.22,20.08,20.1,0.990,1,1,29.0,0.04,30.25,29.8,0
1779285623633,709,UAS-02,334.2,19.10,22.21,3.11,18.96,22.2,0.990,1,1,29.8,0.35,30.12,30.1,0
1779285623667,710,GND-VEH-01,416.6,19.03,22.20,3.17,19.50,21.1,0.964,1,1,29.0,0.54,30.33,29.9,0
1779285623700,711,PERSON-01,326.1,19.08,22.60,3.52,19.50,21.6,0.990,1,1,29.0,0.38,30.33,30.1,0
1779285623733,712,UAS-01,845.5,19.20,22.10,2.89,19.09,21.7,0.978,1,1,29.3,0.51,30.39,30.1,0
1779285623767,713,UAS-02,422.3,18.78,22.24,3.47,19.43,20.0,0.990,1,1,29.0,0.15,30.28,29.8,0
1779285623800,714,GND-VEH-01,540.4,19.22,22.28,3.06,19.08,22.2,0.990,1,1,32.8,0.43,30.18,30.0,0
1779285623833,715,PERSON-01,919.1,19.14,22.43,3.28,19.63,19.9,0.990,1,1,30.1,0.11,30.81,29.9,0
1779285623867,716,UAS-01,357.1,18.96,22.28,3.32,19.63,20.2,0.990,1,1,31.7,0.22,30.48,30.0,0
1779285623900,717,UAS-02,376.7,18.99,22.20,3.21,19.69,20.8,0.990,1,1,30.7,0.34,30.71,30.0,0
1779285623933,718,GND-VEH-01,307.8,18.86,22.25,3.39,19.32,20.1,0.989,1,1,33.3,0.01,30.03,30.1,0
1779285623967,719,PERSON-01,620.3,19.30,22.81,3.51,20.39,21.9,0.990,1,1,29.9,0.14,30.41,30.0,0
1779285624000,720,UAS-01,403.6,18.96,22.49,3.53,19.76,21.2,0.990,1,1,29.8,0.02,30.76,29.9,0
1779285624033,721,UAS-02,328.2,19.11,22.63,3.52,20.41,21.5,0.990,1,1,29.0,0.20,30.16,30.1,0
1779285624067,722,GND-VEH-01,360.7,19.17,22.73,3.56,19.36,19.8,0.990,1,1,29.9,0.24,30.46,30.0,0
1779285624100,723,PERSON-01,481.9,18.97,22.20,3.23,19.92,21.3,0.981,1,1,29.0,0.16,30.87,30.1,0
1779285624133,724,UAS-01,667.1,19.07,22.26,3.19,19.63,20.7,0.990,1,1,29.0,0.42,30.36,30.1,0
1779285624167,725,UAS-02,481.9,19.10,22.44,3.35,19.73,21.3,0.990,1,1,29.0,0.35,30.21,30.2,0
1779285624200,726,GND-VEH-01,340.7,19.22,22.57,3.35,19.98,20.6,0.990,1,1,30.4,0.38,30.33,29.9,0
1779285624233,727,PERSON-01,313.1,18.92,22.29,3.37,20.72,19.3,0.989,1,1,29.0,0.09,30.56,30.0,0
1779285624267,728,UAS-01,640.1,19.15,22.47,3.31,19.36,21.6,0.990,1,1,32.0,0.25,30.31,30.1,0
1779285624300,729,UAS-02,572.3,18.76,22.11,3.35,19.99,20.8,0.990,1,1,30.8,0.33,30.03,30.0,0
1779285624333,730,GND-VEH-01,374.4,19.05,22.60,3.55,20.56,22.1,0.990,1,1,29.4,0.26,30.51,30.1,0
1779285624367,731,PERSON-01,414.4,19.04,22.56,3.51,20.40,21.5,0.990,1,1,30.3,0.25,30.22,30.1,0
1779285624400,732,UAS-01,833.8,18.88,21.68,2.80,18.73,22.2,0.990,1,1,31.9,0.21,30.41,30.0,0
1779285624433,733,UAS-02,536.0,19.26,22.51,3.24,19.08,20.9,0.990,1,1,30.7,0.06,30.20,30.1,0
1779285624467,734,GND-VEH-01,358.0,18.95,22.37,3.41,19.64,21.1,0.976,1,1,29.0,0.23,30.90,30.0,0
1779285624500,735,PERSON-01,922.1,19.05,22.15,3.10,19.56,20.2,0.985,1,1,29.4,0.08,30.55,30.1,0
1779285624533,736,UAS-01,474.5,19.10,22.36,3.26,19.97,21.9,0.990,1,1,31.0,0.03,30.64,30.0,0
1779285624567,737,UAS-02,574.8,18.95,22.17,3.22,19.61,20.7,0.989,1,1,29.0,0.06,30.54,30.0,0
1779285624600,738,GND-VEH-01,1033.6,19.12,21.76,2.64,18.53,22.4,0.990,1,1,29.0,0.09,30.09,30.0,0
1779285624633,739,PERSON-01,308.6,18.81,22.08,3.27,18.71,22.1,0.979,1,1,31.0,0.09,30.37,30.1,0
1779285624667,740,UAS-01,377.8,19.21,22.24,3.03,19.65,20.3,0.988,1,1,29.0,0.20,30.66,29.9,0
1779285624700,741,UAS-02,457.7,18.99,22.01,3.03,20.02,20.0,0.990,1,1,29.0,0.17,30.67,30.1,0
1779285624733,742,GND-VEH-01,482.7,19.04,22.52,3.48,20.28,20.3,0.990,1,1,29.1,0.33,30.18,29.9,0
1779285624767,743,PERSON-01,484.9,19.06,22.25,3.19,19.23,22.1,0.990,1,1,30.3,0.27,30.60,30.0,0
1779285624800,744,UAS-01,454.3,19.01,22.16,3.15,18.87,22.7,0.990,1,1,30.4,0.24,30.34,30.0,0
1779285624833,745,UAS-02,508.2,19.10,22.29,3.18,19.43,21.6,0.990,1,1,33.3,0.06,30.71,30.0,0
1779285624867,746,GND-VEH-01,339.2,18.81,22.37,3.55,19.74,19.9,0.990,1,1,31.6,0.09,30.67,30.1,0
1779285624900,747,PERSON-01,568.5,18.92,22.27,3.35,19.70,21.1,0.990,1,1,29.0,0.10,30.46,30.0,0
1779285624933,748,UAS-01,694.8,18.96,22.21,3.25,19.51,21.0,0.990,1,1,32.6,0.46,30.12,30.0,0
1779285624967,749,UAS-02,451.2,18.83,21.86,3.02,19.13,20.7,0.990,1,1,29.0,0.10,30.81,30.0,0
1779285625000,750,GND-VEH-01,329.9,18.78,22.22,3.44,20.43,19.8,0.990,1,1,30.0,0.02,30.62,30.0,0
1779285625033,751,PERSON-01,533.4,18.96,22.56,3.60,20.10,21.4,0.990,1,1,29.6,0.52,30.78,29.9,0
1779285625067,752,UAS-01,303.4,19.12,22.47,3.34,19.65,20.0,0.987,1,1,29.2,0.20,30.51,30.0,0
1779285625100,753,UAS-02,372.5,19.09,22.37,3.28,19.46,22.1,0.990,1,1,30.8,0.24,30.87,29.9,0
1779285625133,754,GND-VEH-01,369.7,18.96,22.16,3.20,19.03,20.9,0.984,1,1,29.0,0.11,30.47,30.0,0
1779285625167,755,PERSON-01,731.4,19.11,22.41,3.29,19.85,20.9,0.990,1,1,31.0,0.05,30.37,30.0,0
1779285625200,756,UAS-01,815.2,19.18,22.24,3.05,19.51,21.5,0.990,1,1,29.0,0.01,30.61,29.9,0
1779285625233,757,UAS-02,304.6,18.87,22.16,3.29,19.94,21.2,0.988,1,1,30.8,0.09,30.72,30.0,0
1779285625267,758,GND-VEH-01,437.1,19.23,22.55,3.32,19.64,19.6,0.990,1,1,29.1,0.01,30.15,30.0,0
1779285625300,759,PERSON-01,319.2,18.94,22.39,3.44,19.70,22.7,0.990,1,1,29.0,0.04,30.60,30.1,0
1779285625333,760,UAS-01,450.0,18.94,22.29,3.35,19.50,20.9,0.982,1,1,30.5,0.29,30.60,30.0,0
1779285625367,761,UAS-02,444.4,18.99,22.20,3.21,20.09,20.9,0.990,1,1,29.0,0.45,30.57,30.2,0
1779285625400,762,GND-VEH-01,376.7,18.90,22.18,3.28,19.81,20.1,0.990,1,1,31.2,0.01,30.62,29.9,0
1779285625433,763,PERSON-01,508.5,19.07,22.26,3.19,19.27,19.9,0.990,1,1,29.0,0.32,30.71,30.1,0
1779285625467,764,UAS-01,854.2,18.97,22.51,3.53,20.46,20.2,0.990,1,1,30.4,0.32,30.62,30.1,0
1779285625500,765,UAS-02,869.4,19.06,21.88,2.82,19.14,21.1,0.990,1,1,29.0,0.06,30.15,29.9,0
1779285625533,766,GND-VEH-01,525.2,18.80,22.06,3.26,19.62,21.4,0.990,1,1,29.6,0.49,30.30,30.0,0
1779285625567,767,PERSON-01,323.1,18.58,22.24,3.66,20.47,20.0,0.990,1,1,29.2,0.40,30.92,29.9,0
1779285625600,768,UAS-01,537.7,18.89,22.45,3.55,20.70,18.7,0.988,1,1,31.5,0.32,30.29,30.1,0
1779285625633,769,UAS-02,594.9,18.85,22.04,3.19,19.40,20.4,0.990,1,1,29.0,0.21,30.23,30.1,0
1779285625667,770,GND-VEH-01,479.0,19.15,22.43,3.28,19.22,21.6,0.977,1,1,29.9,0.55,30.66,30.1,0
1779285625700,771,PERSON-01,382.5,19.06,22.44,3.37,19.99,19.1,0.990,1,1,29.0,0.05,30.97,30.0,0
1779285625733,772,UAS-01,375.0,19.08,22.45,3.38,19.68,20.3,0.990,1,1,29.0,0.07,30.09,29.9,0
1779285625767,773,UAS-02,380.8,18.78,22.03,3.25,19.91,19.6,0.990,1,1,29.0,0.57,30.96,29.9,0
1779285625800,774,GND-VEH-01,314.3,18.85,22.20,3.35,20.06,21.4,0.990,1,1,29.0,0.10,30.34,29.9,0
1779285625833,775,PERSON-01,722.9,19.17,22.27,3.11,19.31,20.0,0.969,1,1,29.0,0.17,30.27,29.8,0
1779285625867,776,UAS-01,326.2,18.80,22.59,3.79,20.58,22.0,0.990,1,1,29.8,0.05,30.72,29.8,0
1779285625900,777,UAS-02,922.3,19.09,22.39,3.30,20.22,20.9,0.990,1,1,29.0,0.39,30.26,30.1,0
1779285625933,778,GND-VEH-01,523.5,18.92,22.12,3.20,19.16,21.3,0.990,1,1,29.7,0.06,30.48,30.0,0
1779285625967,779,PERSON-01,478.5,19.28,22.52,3.24,19.69,18.4,0.990,1,1,29.0,0.05,30.66,30.1,0
1779285626000,780,UAS-01,420.2,18.96,22.26,3.30,19.70,20.5,0.990,1,1,30.2,0.06,30.57,30.1,0
1779285626033,781,UAS-02,331.8,18.85,22.29,3.43,19.87,21.2,0.990,1,1,32.3,0.13,30.58,29.9,0
1779285626067,782,GND-VEH-01,362.5,19.02,22.66,3.64,19.12,22.0,0.987,1,1,29.1,0.23,30.58,29.9,0
1779285626100,783,PERSON-01,606.2,18.99,22.34,3.35,19.32,21.0,0.987,1,1,29.6,0.13,30.49,30.0,0
1779285626133,784,UAS-01,724.3,19.03,22.24,3.21,19.71,21.8,0.979,1,1,30.4,0.04,30.97,30.0,0
1779285626167,785,UAS-02,433.7,19.08,22.26,3.18,19.13,19.8,0.990,1,1,30.4,0.27,30.45,29.8,0
1779285626200,786,GND-VEH-01,498.7,19.05,22.28,3.22,19.81,21.8,0.980,1,1,29.0,0.29,30.54,29.9,0
1779285626233,787,PERSON-01,921.8,19.02,22.01,2.99,19.46,20.9,0.990,1,1,29.1,0.17,30.21,29.9,0
1779285626267,788,UAS-01,329.2,18.97,22.37,3.40,19.85,19.7,0.990,1,1,29.0,0.34,30.14,30.1,0
1779285626300,789,UAS-02,309.5,19.03,22.40,3.36,19.60,21.6,0.987,1,1,29.0,0.27,30.61,29.9,0
1779285626333,790,GND-VEH-01,751.5,18.99,22.13,3.15,19.19,20.6,0.985,1,1,30.1,0.31,30.76,29.9,0
1779285626367,791,PERSON-01,734.4,19.07,22.27,3.20,19.76,20.9,0.984,1,1,29.0,0.31,30.96,30.0,0
1779285626400,792,UAS-01,365.1,18.86,22.08,3.22,19.53,21.9,0.990,1,1,29.5,0.28,30.57,29.9,0
1779285626433,793,UAS-02,327.8,19.11,22.49,3.39,19.71,22.6,0.990,1,1,29.0,0.22,30.12,29.9,0
1779285626467,794,GND-VEH-01,478.4,18.79,22.20,3.41,20.23,21.4,0.990,1,1,29.6,0.15,30.57,29.9,0
1779285626500,795,PERSON-01,611.1,18.69,21.75,3.06,19.92,20.1,0.990,1,1,29.0,0.40,31.03,29.9,0
1779285626533,796,UAS-01,423.3,19.33,22.37,3.05,19.47,20.9,0.990,1,1,29.6,0.46,30.62,29.8,0
1779285626567,797,UAS-02,522.0,19.05,22.49,3.44,19.86,21.5,0.972,1,1,29.2,0.05,30.71,29.9,0
1779285626600,798,GND-VEH-01,458.4,18.91,22.42,3.51,19.56,22.0,0.973,1,1,29.6,0.10,30.60,30.2,0
1779285626633,799,PERSON-01,446.6,19.04,22.11,3.07,20.00,20.5,0.974,1,1,29.3,0.24,30.75,30.0,0
1779285626667,800,UAS-01,469.0,18.79,22.25,3.46,20.04,20.5,0.990,1,1,31.2,0.14,30.36,30.0,0
1779285626700,801,UAS-02,557.2,18.93,22.34,3.40,20.01,21.4,0.990,1,1,29.0,0.47,30.58,29.8,0
1779285626733,802,GND-VEH-01,805.0,18.82,21.79,2.97,19.80,20.8,0.980,1,1,29.0,0.07,30.57,30.0,0
1779285626767,803,PERSON-01,351.5,18.91,22.37,3.46,19.93,20.4,0.986,1,1,29.0,0.04,30.46,29.9,0
1779285626800,804,UAS-01,596.8,18.90,22.22,3.33,19.10,21.7,0.990,1,1,29.4,0.34,30.75,29.9,0
1779285626833,805,UAS-02,837.2,19.07,21.98,2.91,18.74,20.4,0.990,1,1,30.3,0.46,31.00,30.0,0
1779285626867,806,GND-VEH-01,837.4,19.05,22.30,3.25,19.61,22.8,0.977,1,1,29.0,0.23,30.55,30.1,0
1779285626900,807,PERSON-01,390.1,18.95,22.32,3.38,19.96,20.2,0.990,1,1,29.0,0.19,30.52,29.9,0
1779285626933,808,UAS-01,393.2,18.99,22.24,3.25,19.68,19.9,0.209,0,0,31.0,0.00,30.58,30.0,0
1779285626967,809,UAS-02,627.6,19.07,22.55,3.48,20.54,20.4,0.979,1,1,29.5,0.50,30.38,29.9,0
1779285627000,810,GND-VEH-01,432.0,19.20,22.53,3.33,19.79,21.3,0.973,1,1,29.0,0.27,30.95,29.9,0
1779285627033,811,PERSON-01,394.6,19.20,22.22,3.02,18.81,22.3,0.990,1,1,29.0,0.25,30.51,30.1,0
1779285627067,812,UAS-01,433.6,18.95,22.16,3.21,19.12,21.3,0.990,1,1,29.0,0.20,30.98,30.1,0
1779285627100,813,UAS-02,467.2,18.69,21.97,3.27,19.83,20.4,0.990,1,1,29.0,0.12,30.37,30.0,0
1779285627133,814,GND-VEH-01,400.3,18.85,22.31,3.47,19.79,20.8,0.990,1,1,29.0,0.10,30.59,30.0,0
1779285627167,815,PERSON-01,386.7,18.99,22.44,3.45,19.69,20.0,0.990,1,1,29.0,0.01,30.75,30.0,0
1779285627200,816,UAS-01,679.4,18.98,22.20,3.22,19.98,20.4,0.990,1,1,29.0,0.47,30.39,30.1,0
1779285627233,817,UAS-02,461.5,18.97,22.21,3.23,19.06,21.1,0.990,1,1,29.0,0.25,30.93,30.1,0
1779285627267,818,GND-VEH-01,815.1,19.10,22.20,3.10,19.76,21.1,0.990,1,1,29.0,0.13,30.78,30.1,0
1779285627300,819,PERSON-01,443.2,19.13,22.57,3.44,20.11,22.2,0.978,1,1,29.0,0.13,30.15,29.9,0
1779285627333,820,UAS-01,305.7,18.79,22.25,3.47,20.35,20.8,0.990,1,1,30.6,0.02,30.79,29.9,0
1779285627367,821,UAS-02,619.3,19.06,22.41,3.35,19.26,21.8,0.990,1,1,29.0,0.23,30.94,30.1,0
1779285627400,822,GND-VEH-01,397.9,18.89,21.94,3.05,19.21,20.5,0.990,1,1,29.4,0.28,30.62,30.1,0
1779285627433,823,PERSON-01,477.5,18.97,22.09,3.12,18.82,21.8,0.964,1,1,32.1,0.26,31.08,30.0,0
1779285627467,824,UAS-01,512.5,19.27,22.66,3.39,19.56,19.9,0.990,1,1,29.0,0.16,30.60,30.0,0
1779285627500,825,UAS-02,740.8,18.91,21.70,2.79,19.49,21.9,0.990,1,1,30.6,0.36,30.71,30.1,0
1779285627533,826,GND-VEH-01,712.6,18.99,22.47,3.47,20.36,20.6,0.990,1,1,29.0,0.34,30.74,30.0,0
1779285627567,827,PERSON-01,683.7,18.93,22.25,3.32,19.50,20.6,0.990,1,1,30.9,0.06,30.80,29.9,0
1779285627600,828,UAS-01,611.7,19.02,22.36,3.34,20.40,20.2,0.990,1,1,29.2,0.50,30.65,30.0,0
1779285627633,829,UAS-02,744.2,19.08,22.35,3.26,19.77,19.6,0.990,1,1,30.6,0.28,30.69,29.9,0
1779285627667,830,GND-VEH-01,521.6,19.07,22.37,3.31,19.76,20.8,0.990,1,1,29.6,0.38,31.03,30.0,0
1779285627700,831,PERSON-01,436.9,19.15,22.55,3.40,19.97,20.0,0.990,1,1,29.0,0.12,30.88,30.0,0
1779285627733,832,UAS-01,451.6,18.98,22.53,3.55,19.42,20.5,0.985,1,1,29.1,0.11,30.95,30.0,0
1779285627767,833,UAS-02,319.8,18.84,22.14,3.31,19.38,21.2,0.990,1,1,31.4,0.15,30.58,30.1,0
1779285627800,834,GND-VEH-01,452.5,19.09,22.40,3.31,19.85,20.6,0.990,1,1,29.0,0.08,31.08,29.9,0
1779285627833,835,PERSON-01,328.1,19.24,22.48,3.24,19.93,20.3,0.990,1,1,29.0,0.05,30.95,30.1,0
1779285627867,836,UAS-01,356.4,18.86,22.44,3.58,19.77,20.2,0.976,1,1,29.0,0.10,30.64,30.1,0
1779285627900,837,UAS-02,339.9,18.89,22.41,3.52,20.65,20.6,0.990,1,1,29.2,0.18,31.07,30.0,0
1779285627933,838,GND-VEH-01,479.8,19.07,22.21,3.14,19.66,19.7,0.990,1,1,30.5,0.22,30.38,29.9,0
1779285627967,839,PERSON-01,343.6,18.89,22.05,3.16,19.02,20.9,0.990,1,1,29.0,0.51,31.01,30.0,0
1779285628000,840,UAS-01,334.0,19.00,22.30,3.29,19.24,22.1,0.990,1,1,29.6,0.08,30.62,30.0,0
1779285628033,841,UAS-02,521.6,18.94,22.18,3.23,19.91,20.8,0.979,1,1,29.0,0.23,30.92,30.0,0
1779285628067,842,GND-VEH-01,534.7,19.06,22.19,3.13,19.61,20.2,0.990,1,1,29.9,0.13,30.86,30.1,0
1779285628100,843,PERSON-01,368.8,19.03,22.51,3.48,20.12,20.2,0.990,1,1,29.0,0.40,30.92,30.0,0
1779285628133,844,UAS-01,394.3,19.10,22.23,3.12,19.42,21.9,0.990,1,1,29.0,0.06,31.04,30.0,0
1779285628167,845,UAS-02,357.4,18.85,22.00,3.15,19.13,21.3,0.982,1,1,29.0,0.20,30.83,29.9,0
1779285628200,846,GND-VEH-01,666.2,19.02,22.19,3.18,19.37,20.8,0.990,1,1,29.4,0.21,30.70,30.1,0
1779285628233,847,PERSON-01,410.0,19.04,22.47,3.43,18.70,21.9,0.990,1,1,29.0,0.02,30.92,30.1,0
1779285628267,848,UAS-01,654.6,18.88,21.90,3.02,18.76,22.2,0.990,1,1,29.0,0.03,30.65,30.0,0
1779285628300,849,UAS-02,479.0,19.22,22.51,3.28,19.71,21.1,0.990,1,1,29.0,0.08,31.36,30.0,0
1779285628333,850,GND-VEH-01,540.4,18.92,21.98,3.06,18.63,21.6,0.971,1,1,29.0,0.27,30.87,30.2,0
1779285628367,851,PERSON-01,523.0,19.33,23.03,3.70,20.77,22.3,0.990,1,1,29.2,0.11,30.70,30.0,0
1779285628400,852,UAS-01,301.9,19.10,22.66,3.56,20.79,20.7,0.980,1,1,29.0,0.11,30.92,30.0,0
1779285628433,853,UAS-02,551.6,18.92,22.23,3.31,19.87,21.9,0.990,1,1,30.0,0.04,31.25,29.9,0
1779285628467,854,GND-VEH-01,402.7,19.21,22.34,3.13,19.65,21.3,0.990,1,1,30.7,0.03,30.73,30.0,0
1779285628500,855,PERSON-01,382.4,19.15,22.52,3.36,19.72,20.7,0.990,1,1,29.8,0.24,30.57,30.1,0
1779285628533,856,UAS-01,687.7,19.12,22.12,3.00,19.44,20.7,0.990,1,1,31.2,0.04,30.91,30.1,0
1779285628567,857,UAS-02,551.3,19.05,22.55,3.50,19.75,20.6,0.990,1,1,29.0,0.28,30.95,29.9,0
1779285628600,858,GND-VEH-01,674.8,18.84,22.01,3.18,19.23,21.1,0.990,1,1,29.0,0.41,31.05,30.1,0
1779285628633,859,PERSON-01,419.3,19.10,22.48,3.38,20.53,20.5,0.989,1,1,30.8,0.09,31.02,29.9,0
1779285628667,860,UAS-01,316.3,18.98,22.57,3.59,20.20,20.5,0.990,1,1,29.0,0.30,31.14,30.0,0
1779285628700,861,UAS-02,531.2,18.98,22.35,3.37,19.09,21.3,0.972,1,1,29.0,0.25,30.88,29.8,0
1779285628733,862,GND-VEH-01,420.7,19.02,22.51,3.49,19.40,22.0,0.990,1,1,29.0,0.08,31.25,30.0,0
1779285628767,863,PERSON-01,498.2,18.73,21.97,3.23,19.53,21.6,0.990,1,1,29.3,0.19,30.83,30.1,0
1779285628800,864,UAS-01,730.6,19.14,22.55,3.41,20.03,21.0,0.979,1,1,29.0,0.09,30.66,30.1,0
1779285628833,865,UAS-02,809.9,18.96,22.40,3.45,19.93,19.6,0.990,1,1,29.0,0.17,30.90,30.0,0
1779285628867,866,GND-VEH-01,479.5,18.88,22.24,3.35,19.38,22.0,0.990,1,1,29.3,0.12,30.60,29.9,0
1779285628900,867,PERSON-01,552.5,19.19,22.42,3.23,19.37,21.2,0.990,1,1,29.0,0.43,30.58,30.0,0
1779285628933,868,UAS-01,419.2,19.02,22.37,3.35,19.76,19.5,0.984,1,1,29.0,0.15,30.98,30.0,0
1779285628967,869,UAS-02,726.5,18.86,21.94,3.08,18.89,21.3,0.990,1,1,29.0,0.10,31.13,29.9,0
1779285629000,870,GND-VEH-01,571.8,18.78,22.05,3.26,19.63,21.7,0.990,1,1,31.1,0.16,31.07,30.0,0
1779285629033,871,PERSON-01,434.6,19.11,22.52,3.41,20.26,20.9,0.990,1,1,29.0,0.08,30.91,30.0,0
1779285629067,872,UAS-01,658.4,18.80,21.88,3.08,18.71,20.2,0.990,1,1,31.1,0.17,31.11,30.0,0
1779285629100,873,UAS-02,583.0,18.80,22.39,3.59,20.15,20.8,0.990,1,1,29.0,0.11,30.75,29.9,0
1779285629133,874,GND-VEH-01,403.7,18.98,22.62,3.64,20.10,20.5,0.990,1,1,29.5,0.39,30.83,30.0,0
1779285629167,875,PERSON-01,588.3,18.91,21.81,2.89,18.84,20.7,0.990,1,1,29.2,0.19,30.88,30.0,0
1779285629200,876,UAS-01,636.3,19.05,22.64,3.60,19.68,21.6,0.990,1,1,29.0,0.27,31.13,30.1,0
1779285629233,877,UAS-02,769.6,19.05,22.47,3.42,20.03,19.4,0.990,1,1,29.0,0.19,30.78,30.0,0
1779285629267,878,GND-VEH-01,518.1,19.15,22.45,3.30,20.33,19.5,0.990,1,1,29.0,0.16,30.99,29.9,0
1779285629300,879,PERSON-01,808.7,18.94,22.06,3.12,19.92,18.9,0.990,1,1,29.0,0.02,30.61,30.1,0
1779285629333,880,UAS-01,806.5,18.83,21.96,3.13,18.77,21.7,0.990,1,1,29.0,0.24,30.87,30.2,0
1779285629367,881,UAS-02,663.8,19.07,22.50,3.43,20.20,21.1,0.988,1,1,29.0,0.44,30.66,30.1,0
1779285629400,882,GND-VEH-01,302.5,18.87,22.35,3.48,20.01,19.9,0.990,1,1,31.8,0.17,31.10,30.0,0
1779285629433,883,PERSON-01,544.8,19.12,22.55,3.43,19.43,20.1,0.990,1,1,29.0,0.16,30.99,30.0,0
1779285629467,884,UAS-01,389.7,19.21,22.74,3.53,20.48,19.7,0.990,1,1,29.0,0.30,31.36,30.0,0
1779285629500,885,UAS-02,525.9,19.04,22.54,3.50,20.07,19.9,0.990,1,1,29.1,0.10,31.04,30.0,0
1779285629533,886,GND-VEH-01,344.8,18.93,22.07,3.14,19.68,21.7,0.990,1,1,29.1,0.32,30.58,30.1,0
1779285629567,887,PERSON-01,466.9,19.07,22.45,3.38,20.69,19.6,0.981,1,1,29.0,0.49,31.16,30.0,0
1779285629600,888,UAS-01,343.7,18.86,22.58,3.71,19.97,19.9,0.990,1,1,29.0,0.01,30.96,29.9,0
1779285629633,889,UAS-02,574.6,18.84,22.28,3.44,19.86,22.0,0.990,1,1,29.0,0.20,31.21,30.1,0
1779285629667,890,GND-VEH-01,342.0,18.95,22.55,3.60,20.23,20.6,0.988,1,1,29.0,0.02,30.92,30.0,0
1779285629700,891,PERSON-01,600.4,19.20,22.41,3.21,20.07,21.5,0.990,1,1,29.0,0.48,31.24,30.1,0
1779285629733,892,UAS-01,550.1,18.75,22.17,3.42,19.25,19.1,0.990,1,1,34.1,0.07,31.06,30.0,0
1779285629767,893,UAS-02,363.5,18.65,22.11,3.46,20.09,19.8,0.990,1,1,32.6,0.16,30.94,30.1,0
1779285629800,894,GND-VEH-01,510.1,18.91,22.03,3.12,19.43,21.0,0.974,1,1,29.4,0.02,30.97,30.1,0
1779285629833,895,PERSON-01,473.5,19.09,22.37,3.29,20.51,19.7,0.979,1,1,29.6,0.48,31.13,30.1,0
1779285629867,896,UAS-01,429.5,19.08,22.57,3.50,19.41,22.8,0.990,1,1,29.0,0.25,31.13,30.0,0
1779285629900,897,UAS-02,502.7,19.14,22.78,3.64,21.01,21.0,0.990,1,1,30.9,0.13,30.87,29.8,0
1779285629933,898,GND-VEH-01,429.2,19.02,22.37,3.36,18.72,23.3,0.990,1,1,29.0,0.14,31.15,30.1,0
1779285629967,899,PERSON-01,757.7,18.70,21.98,3.28,19.94,20.7,0.990,1,1,29.0,0.05,30.76,30.0,0
1779285630000,900,UAS-01,599.0,18.97,22.25,3.28,19.43,20.6,0.990,1,1,29.0,0.23,31.08,30.0,0
1779285630033,901,UAS-02,462.1,18.80,21.93,3.13,20.08,20.2,0.990,1,1,29.0,0.09,31.01,29.9,0
1779285630067,902,GND-VEH-01,427.4,19.00,22.20,3.20,20.05,19.9,0.982,1,1,29.0,0.09,31.10,30.1,0
1779285630100,903,PERSON-01,323.6,19.03,22.36,3.33,19.75,22.1,0.990,1,1,29.0,0.54,31.01,29.9,0
1779285630133,904,UAS-01,632.6,18.96,22.33,3.37,19.78,21.7,0.990,1,1,29.0,0.19,31.28,30.0,0
1779285630167,905,UAS-02,328.4,18.82,22.26,3.44,18.95,20.6,0.990,1,1,29.0,0.22,30.73,29.8,0
1779285630200,906,GND-VEH-01,766.9,19.11,22.52,3.41,19.76,22.4,0.990,1,1,29.0,0.13,30.94,29.9,0
1779285630233,907,PERSON-01,497.7,19.12,22.42,3.30,19.18,21.4,0.990,1,1,30.3,0.24,31.31,30.1,0
1779285630267,908,UAS-01,403.8,19.00,22.29,3.29,19.93,20.0,0.990,1,1,29.0,0.11,31.23,30.0,0
1779285630300,909,UAS-02,481.2,18.98,22.47,3.49,20.06,20.3,0.990,1,1,31.6,0.34,30.71,30.0,0
1779285630333,910,GND-VEH-01,366.7,19.18,22.66,3.49,20.24,20.7,0.990,1,1,29.0,0.45,30.67,29.8,0
1779285630367,911,PERSON-01,334.5,19.11,22.48,3.37,20.40,21.8,0.990,1,1,30.0,0.16,30.61,29.8,0
1779285630400,912,UAS-01,681.1,18.93,22.10,3.17,19.64,20.4,0.990,1,1,31.5,0.08,31.29,30.0,0
1779285630433,913,UAS-02,423.3,19.16,22.56,3.40,19.57,20.9,0.990,1,1,29.5,0.05,31.39,30.0,0
1779285630467,914,GND-VEH-01,354.0,18.76,22.07,3.31,18.83,20.7,0.990,1,1,29.7,0.15,30.90,29.9,0
1779285630500,915,PERSON-01,543.2,18.76,21.96,3.20,19.35,19.6,0.990,1,1,29.0,0.17,31.01,30.0,0
1779285630533,916,UAS-01,399.1,18.85,22.19,3.33,20.44,19.5,0.990,1,1,29.0,0.10,30.55,30.1,0
1779285630567,917,UAS-02,575.7,19.21,22.63,3.42,20.34,21.9,0.990,1,1,30.0,0.21,31.22,29.8,0
1779285630600,918,GND-VEH-01,729.2,19.17,22.50,3.33,20.68,20.0,0.990,1,1,29.9,0.20,31.29,30.0,0
1779285630633,919,PERSON-01,708.4,19.05,22.25,3.20,19.70,20.9,0.973,1,1,30.3,0.45,30.87,30.1,0
1779285630667,920,UAS-01,680.2,19.04,22.15,3.11,18.64,20.8,0.990,1,1,29.0,0.00,31.09,29.9,0
1779285630700,921,UAS-02,511.7,18.80,21.76,2.97,19.25,20.0,0.990,1,1,29.0,0.12,31.11,29.8,0
1779285630733,922,GND-VEH-01,315.4,19.12,22.54,3.42,20.04,21.6,0.967,1,1,31.5,0.14,31.27,30.0,0
1779285630767,923,PERSON-01,305.1,18.98,22.22,3.24,19.05,22.3,0.973,1,1,29.0,0.37,31.02,30.0,0
1779285630800,924,UAS-01,431.9,18.97,22.02,3.05,19.92,20.1,0.990,1,1,30.5,0.22,31.35,30.1,0
1779285630833,925,UAS-02,356.0,18.96,22.59,3.63,20.34,20.6,0.968,1,1,29.0,0.44,31.12,29.9,0
1779285630867,926,GND-VEH-01,529.6,18.94,22.29,3.36,19.78,20.9,0.990,1,1,29.0,0.32,31.18,30.0,0
1779285630900,927,PERSON-01,551.2,19.11,22.56,3.44,19.83,23.0,0.990,1,1,30.0,0.05,31.17,30.0,0
1779285630933,928,UAS-01,698.4,18.77,22.01,3.24,19.95,21.2,0.976,1,1,29.8,0.12,31.38,30.0,0
1779285630967,929,UAS-02,549.2,18.95,22.23,3.28,20.14,21.1,0.990,1,1,29.0,0.33,30.94,30.0,0
1779285631000,930,GND-VEH-01,605.0,19.22,22.26,3.04,18.71,22.3,0.990,1,1,32.1,0.24,30.90,30.0,0
1779285631033,931,PERSON-01,349.4,18.96,22.13,3.17,19.58,21.3,0.990,1,1,30.3,0.15,30.86,29.9,0
1779285631067,932,UAS-01,506.7,18.75,21.94,3.19,19.40,21.0,0.983,1,1,29.4,0.03,31.03,30.1,0
1779285631100,933,UAS-02,795.6,18.83,22.15,3.32,19.61,20.3,0.990,1,1,29.0,0.12,31.04,30.1,0
1779285631133,934,GND-VEH-01,301.2,19.13,22.24,3.11,19.71,19.9,0.989,1,1,29.0,0.03,31.19,29.9,0
1779285631167,935,PERSON-01,303.9,19.05,22.33,3.28,19.04,22.5,0.990,1,1,31.0,0.05,30.91,29.9,0
1779285631200,936,UAS-01,337.1,18.92,22.21,3.29,19.15,21.1,0.990,1,1,29.0,0.10,31.27,30.0,0
1779285631233,937,UAS-02,309.4,19.00,22.42,3.42,19.68,20.4,0.990,1,1,29.0,0.00,31.45,30.1,0
1779285631267,938,GND-VEH-01,523.8,18.81,21.93,3.12,19.51,20.0,0.990,1,1,31.8,0.26,30.87,29.9,0
1779285631300,939,PERSON-01,575.0,19.24,22.57,3.32,19.87,20.4,0.990,1,1,29.8,0.29,31.12,30.1,0
1779285631333,940,UAS-01,485.4,19.18,22.75,3.57,20.02,20.8,0.987,1,1,30.5,0.20,31.14,30.0,0
1779285631367,941,UAS-02,696.6,19.23,22.41,3.18,18.86,20.6,0.990,1,1,32.2,0.38,30.96,29.9,0
1779285631400,942,GND-VEH-01,565.8,19.04,22.54,3.50,19.94,21.4,0.990,1,1,29.7,0.61,31.41,30.0,0
1779285631433,943,PERSON-01,500.8,18.98,22.49,3.51,19.35,21.5,0.990,1,1,31.6,0.20,31.13,30.0,0
1779285631467,944,UAS-01,571.8,19.20,22.55,3.35,20.31,21.1,0.990,1,1,29.3,0.15,31.27,30.0,0
1779285631500,945,UAS-02,544.8,18.85,22.28,3.43,19.87,22.3,0.990,1,1,29.0,0.33,31.13,30.0,0
1779285631533,946,GND-VEH-01,583.1,18.89,22.09,3.20,19.18,22.2,0.990,1,1,29.0,0.15,31.08,30.0,0
1779285631567,947,PERSON-01,340.6,19.09,22.42,3.33,20.05,20.9,0.990,1,1,29.0,0.11,31.44,29.9,0
1779285631600,948,UAS-01,450.4,18.85,22.22,3.37,20.41,21.8,0.990,1,1,29.0,0.61,30.92,30.0,0
1779285631633,949,UAS-02,540.1,19.06,22.44,3.38,19.91,22.4,0.990,1,1,29.0,0.01,31.32,29.9,0
1779285631667,950,GND-VEH-01,450.8,19.11,22.48,3.37,20.21,22.1,0.990,1,1,29.0,0.16,31.27,30.0,0
1779285631700,951,PERSON-01,491.5,19.19,22.50,3.31,20.11,20.9,0.990,1,1,29.6,0.20,31.36,30.1,0
1779285631733,952,UAS-01,413.2,18.84,22.28,3.44,19.02,21.9,0.990,1,1,29.0,0.08,31.38,30.0,0
1779285631767,953,UAS-02,716.0,18.99,22.19,3.20,19.07,20.1,0.990,1,1,29.0,0.25,30.99,30.2,0
1779285631800,954,GND-VEH-01,548.7,19.08,22.43,3.35,19.44,20.2,0.990,1,1,29.0,0.35,30.84,30.1,0
1779285631833,955,PERSON-01,304.0,19.11,22.48,3.37,20.04,20.7,0.965,1,1,30.0,0.47,31.12,30.0,0
1779285631867,956,UAS-01,431.4,18.93,22.13,3.20,19.68,19.8,0.990,1,1,29.0,0.36,30.82,29.9,0
1779285631900,957,UAS-02,507.1,19.02,22.26,3.24,20.06,19.9,0.990,1,1,29.0,0.09,31.61,30.0,0
1779285631933,958,GND-VEH-01,387.3,18.81,22.37,3.56,19.80,22.4,0.990,1,1,29.0,0.35,31.10,30.0,0
1779285631967,959,PERSON-01,337.1,19.17,22.46,3.29,19.85,21.4,0.990,1,1,30.0,0.09,31.32,30.2,0
1779285632000,960,UAS-01,526.1,19.07,22.57,3.50,20.70,20.1,0.988,1,1,30.6,0.30,31.06,29.9,0
1779285632033,961,UAS-02,624.4,18.88,21.98,3.10,19.90,20.5,0.990,1,1,29.4,0.05,30.66,30.1,0
1779285632067,962,GND-VEH-01,372.4,18.76,22.20,3.44,19.48,21.7,0.990,1,1,30.4,0.05,30.86,30.1,0
1779285632100,963,PERSON-01,506.4,19.04,22.10,3.05,19.43,21.6,0.990,1,1,29.0,0.33,31.31,30.0,0
1779285632133,964,UAS-01,475.7,18.88,22.14,3.26,19.50,21.2,0.990,1,1,29.0,0.47,31.67,30.0,0
1779285632167,965,UAS-02,661.1,19.05,21.93,2.88,19.12,22.3,0.990,1,1,29.0,0.01,31.21,30.0,0
1779285632200,966,GND-VEH-01,301.2,19.28,22.71,3.43,20.05,21.5,0.990,1,1,29.0,0.07,30.85,30.2,0
1779285632233,967,PERSON-01,321.6,19.02,22.52,3.50,19.71,20.9,0.984,1,1,29.2,0.16,31.38,30.0,0
1779285632267,968,UAS-01,515.0,19.12,22.33,3.21,20.44,20.5,0.990,1,1,29.0,0.08,31.09,30.0,0
1779285632300,969,UAS-02,401.5,18.89,22.32,3.43,19.60,21.4,0.980,1,1,29.0,0.05,31.71,29.9,0
1779285632333,970,GND-VEH-01,386.3,18.94,22.09,3.15,19.52,20.7,0.990,1,1,30.9,0.11,31.05,30.0,0
1779285632367,971,PERSON-01,565.7,18.93,22.23,3.31,19.37,21.7,0.989,1,1,29.0,0.18,31.61,29.8,0
1779285632400,972,UAS-01,401.6,19.26,22.60,3.35,19.91,21.3,0.970,1,1,29.5,0.04,30.81,30.0,0
1779285632433,973,UAS-02,306.5,18.97,22.37,3.40,19.45,21.3,0.990,1,1,30.0,0.32,31.27,29.9,0
1779285632467,974,GND-VEH-01,300.5,19.33,22.74,3.41,19.61,21.4,0.990,1,1,29.0,0.05,31.02,30.1,0
1779285632500,975,PERSON-01,489.7,19.13,22.47,3.34,20.04,21.5,0.990,1,1,31.2,0.25,31.19,30.0,0
1779285632533,976,UAS-01,497.5,19.04,22.30,3.26,19.62,21.2,0.990,1,1,29.0,0.14,31.32,30.1,0
1779285632567,977,UAS-02,515.0,18.71,22.34,3.63,20.41,19.7,0.990,1,1,29.0,0.41,31.33,30.0,0
1779285632600,978,GND-VEH-01,511.8,18.89,22.20,3.30,19.17,21.3,0.990,1,1,29.1,0.38,30.74,29.9,0
1779285632633,979,PERSON-01,348.5,19.14,22.99,3.85,20.09,21.2,0.986,1,1,29.4,0.23,31.04,30.0,0
1779285632667,980,UAS-01,576.6,18.87,22.22,3.35,20.10,19.6,0.990,1,1,30.9,0.31,31.67,30.0,0
1779285632700,981,UAS-02,532.4,18.83,22.25,3.41,19.82,20.1,0.990,1,1,29.0,0.16,31.42,30.0,0
1779285632733,982,GND-VEH-01,619.0,19.03,22.57,3.54,19.83,19.5,0.977,1,1,29.7,0.07,31.12,29.9,0
1779285632767,983,PERSON-01,438.8,19.07,22.48,3.41,19.15,22.6,0.989,1,1,29.0,0.39,31.17,30.0,0
1779285632800,984,UAS-01,304.2,18.93,22.37,3.44,19.30,20.6,0.990,1,1,29.0,0.42,31.39,30.0,0
1779285632833,985,UAS-02,538.0,19.11,22.46,3.35,20.38,19.5,0.990,1,1,29.0,0.11,31.25,29.9,0
1779285632867,986,GND-VEH-01,522.8,18.95,22.47,3.51,20.25,21.0,0.990,1,1,30.6,0.30,31.11,30.0,0
1779285632900,987,PERSON-01,380.4,19.30,22.65,3.35,20.09,22.0,0.990,1,1,30.9,0.45,31.58,29.9,0
1779285632933,988,UAS-01,336.2,18.93,22.37,3.44,19.96,22.7,0.988,1,1,29.6,0.43,31.65,30.1,0
1779285632967,989,UAS-02,501.6,19.03,22.16,3.12,19.23,22.5,0.990,1,1,29.0,0.07,31.13,30.0,0
1779285633000,990,GND-VEH-01,483.7,19.06,22.39,3.33,19.20,21.2,0.990,1,1,29.5,0.55,31.63,29.9,0
1779285633033,991,PERSON-01,486.7,19.17,22.46,3.29,19.24,20.8,0.990,1,1,30.8,0.14,31.57,29.9,0
1779285633067,992,UAS-01,379.5,18.83,22.16,3.32,19.82,21.6,0.990,1,1,30.7,0.10,31.07,30.0,0
1779285633100,993,UAS-02,424.3,19.17,22.45,3.28,20.28,20.4,0.976,1,1,29.0,0.05,31.37,30.1,0
1779285633133,994,GND-VEH-01,690.4,19.07,22.36,3.29,19.61,21.4,0.990,1,1,29.5,0.53,31.04,29.9,0
1779285633167,995,PERSON-01,378.4,19.04,22.40,3.36,19.92,20.6,0.990,1,1,29.0,0.14,31.28,29.9,0
1779285633200,996,UAS-01,680.4,19.06,22.21,3.15,20.32,21.2,0.990,1,1,30.8,0.11,31.35,29.9,0
1779285633233,997,UAS-02,527.9,19.25,22.38,3.14,19.63,20.6,0.990,1,1,29.0,0.33,31.43,30.0,0
1779285633267,998,GND-VEH-01,402.6,18.90,22.12,3.22,19.59,20.3,0.985,1,1,29.0,0.08,31.28,30.0,0
1779285633300,999,PERSON-01,613.3,18.93,22.04,3.11,19.89,20.3,0.990,1,1,29.4,0.06,31.71,30.0,0
1779285633333,1000,UAS-01,418.8,19.03,22.26,3.24,19.32,21.1,0.990,1,1,29.1,0.23,31.70,30.0,0
1779285633367,1001,UAS-02,522.6,19.22,22.32,3.10,19.85,22.0,0.982,1,1,31.2,0.14,31.06,30.0,0
1779285633400,1002,GND-VEH-01,325.9,19.10,22.29,3.19,19.40,20.3,0.964,1,1,29.0,0.39,31.54,29.9,0
1779285633433,1003,PERSON-01,382.5,18.84,21.78,2.94,19.27,20.4,0.990,1,1,29.0,0.07,31.28,30.0,0
1779285633467,1004,UAS-01,322.3,18.88,22.06,3.17,19.36,21.4,0.990,1,1,31.9,0.11,31.36,30.1,0
1779285633500,1005,UAS-02,559.8,19.26,22.55,3.29,19.94,23.0,0.990,1,1,29.0,0.36,31.57,30.1,0
1779285633533,1006,GND-VEH-01,300.7,18.94,22.33,3.39,19.45,21.2,0.990,1,1,29.0,0.23,31.62,30.1,0
1779285633567,1007,PERSON-01,532.7,18.90,22.34,3.45,19.96,21.4,0.990,1,1,29.0,0.07,31.46,30.1,0
1779285633600,1008,UAS-01,667.0,18.87,22.39,3.52,20.00,22.1,0.990,1,1,29.0,0.11,31.24,30.1,0
1779285633633,1009,UAS-02,530.7,18.77,22.19,3.42,19.38,23.0,0.990,1,1,29.8,0.07,31.52,29.9,0
1779285633667,1010,GND-VEH-01,311.7,19.04,22.40,3.37,19.29,21.2,0.990,1,1,29.0,0.15,31.40,30.0,0
1779285633700,1011,PERSON-01,735.0,18.90,21.98,3.08,19.40,20.9,0.990,1,1,32.4,0.20,31.51,30.0,0
1779285633733,1012,UAS-01,381.0,18.95,22.23,3.27,19.35,20.3,0.990,1,1,29.0,0.18,31.39,30.0,0
1779285633767,1013,UAS-02,487.5,18.83,22.06,3.23,20.52,20.6,0.990,1,1,30.5,0.36,31.55,30.0,0
1779285633800,1014,GND-VEH-01,386.3,18.76,22.25,3.49,19.94,20.9,0.982,1,1,29.9,0.16,31.60,30.1,0
1779285633833,1015,PERSON-01,462.1,19.00,22.21,3.21,18.93,20.7,0.983,1,1,29.4,0.11,31.56,30.1,0
1779285633867,1016,UAS-01,327.4,18.93,22.24,3.31,19.25,21.4,0.986,1,1,29.1,0.37,31.85,30.1,0
1779285633900,1017,UAS-02,624.6,19.04,22.30,3.26,19.69,21.4,0.982,1,1,29.0,0.25,31.26,30.0,0
1779285633933,1018,GND-VEH-01,444.6,18.77,22.05,3.28,19.96,21.9,0.985,1,1,29.0,0.01,31.33,30.0,0
1779285633967,1019,PERSON-01,573.5,18.80,22.06,3.25,19.50,21.4,0.990,1,1,30.1,0.16,31.26,30.1,0
1779285634000,1020,UAS-01,338.1,18.97,22.58,3.61,20.22,19.7,0.973,1,1,29.0,0.10,30.97,30.0,0
1779285634033,1021,UAS-02,601.2,19.25,22.61,3.35,19.63,21.3,0.990,1,1,29.6,0.23,31.85,29.9,0
1779285634067,1022,GND-VEH-01,325.2,19.01,22.04,3.02,19.43,22.2,0.978,1,1,29.0,0.17,31.65,30.2,0
1779285634100,1023,PERSON-01,343.6,19.09,22.26,3.17,19.88,20.5,0.990,1,1,29.0,0.02,31.36,30.0,0
1779285634133,1024,UAS-01,397.1,19.03,22.63,3.60,20.77,20.8,0.990,1,1,29.0,0.23,31.51,29.9,0
1779285634167,1025,UAS-02,511.4,18.84,22.46,3.62,19.88,20.8,0.990,1,1,29.0,0.41,31.58,29.9,0
1779285634200,1026,GND-VEH-01,304.1,18.82,22.15,3.33,19.73,22.1,0.990,1,1,29.0,0.04,31.73,30.1,0
1779285634233,1027,PERSON-01,748.0,18.92,22.08,3.16,19.52,20.9,0.978,1,1,29.1,0.44,31.45,29.9,0
1779285634267,1028,UAS-01,397.8,18.97,22.43,3.45,19.97,20.2,0.990,1,1,29.0,0.23,31.15,30.0,0
1779285634300,1029,UAS-02,301.1,18.62,21.98,3.36,19.07,22.0,0.990,1,1,29.4,0.14,31.59,30.0,0
1779285634333,1030,GND-VEH-01,517.5,19.04,22.36,3.32,20.16,22.8,0.989,1,1,29.0,0.40,31.61,30.0,0
1779285634367,1031,PERSON-01,612.0,18.76,22.29,3.53,19.59,21.8,0.990,1,1,29.0,0.34,31.37,30.0,0
1779285634400,1032,UAS-01,465.8,18.96,22.25,3.28,19.66,21.9,0.990,1,1,29.0,0.11,31.30,30.1,0
1779285634433,1033,UAS-02,516.2,19.27,22.53,3.26,19.27,22.7,0.990,1,1,29.0,0.12,31.36,29.8,0
1779285634467,1034,GND-VEH-01,388.2,19.10,22.28,3.18,19.35,21.6,0.988,1,1,29.4,0.11,31.47,29.9,0
1779285634500,1035,PERSON-01,371.5,18.99,22.31,3.32,19.97,20.1,0.977,1,1,31.9,0.09,31.17,29.9,0
1779285634533,1036,UAS-01,547.4,19.08,22.61,3.53,20.15,20.8,0.990,1,1,29.0,0.31,31.00,30.0,0
1779285634567,1037,UAS-02,403.5,19.02,22.61,3.59,19.65,21.5,0.990,1,1,30.4,0.07,31.24,29.9,0
1779285634600,1038,GND-VEH-01,378.7,18.97,22.45,3.48,19.85,21.1,0.979,1,1,30.6,0.11,31.63,30.0,0
1779285634633,1039,PERSON-01,375.5,19.20,22.88,3.68,20.52,20.4,0.990,1,1,31.6,0.49,31.23,30.0,0
1779285634667,1040,UAS-01,695.7,19.11,22.14,3.03,18.57,21.1,0.990,1,1,29.4,0.09,31.23,30.1,0
1779285634700,1041,UAS-02,520.8,19.00,22.14,3.14,19.63,21.3,0.974,1,1,30.0,0.45,31.58,30.0,0
1779285634733,1042,GND-VEH-01,469.9,19.02,22.40,3.39,20.14,22.0,0.990,1,1,29.0,0.29,31.74,30.0,0
1779285634767,1043,PERSON-01,628.1,19.33,22.47,3.14,18.97,21.2,0.990,1,1,29.0,0.33,31.54,29.9,0
1779285634800,1044,UAS-01,318.6,18.89,22.49,3.60,20.50,19.9,0.990,1,1,30.0,0.30,31.22,30.1,0
1779285634833,1045,UAS-02,487.7,19.17,22.60,3.43,19.09,22.3,0.990,1,1,29.0,0.05,31.14,30.1,0
1779285634867,1046,GND-VEH-01,962.1,18.91,21.96,3.05,19.24,21.8,0.990,1,1,29.1,0.39,31.52,30.0,0
1779285634900,1047,PERSON-01,390.7,18.86,22.04,3.18,19.27,22.0,0.990,1,1,29.0,0.08,31.27,30.0,0
1779285634933,1048,UAS-01,716.4,18.98,22.11,3.13,20.28,21.6,0.966,1,1,30.2,0.01,31.52,30.0,0
1779285634967,1049,UAS-02,342.7,19.10,22.57,3.47,19.77,20.7,0.990,1,1,31.2,0.19,31.11,30.0,0
1779285635000,1050,GND-VEH-01,355.4,19.02,22.57,3.55,20.32,21.1,0.990,1,1,31.9,0.35,32.17,30.1,0
1779285635033,1051,PERSON-01,398.8,19.06,22.32,3.26,18.86,20.2,0.990,1,1,31.9,0.31,31.39,29.9,0
1779285635067,1052,UAS-01,349.6,18.89,22.39,3.50,20.32,22.6,0.990,1,1,29.0,0.12,31.21,29.9,0
1779285635100,1053,UAS-02,598.9,19.11,22.26,3.14,19.43,21.1,0.990,1,1,29.0,0.46,31.52,30.1,0
1779285635133,1054,GND-VEH-01,449.9,18.98,22.61,3.63,20.42,20.4,0.990,1,1,29.0,0.03,31.81,30.0,0
1779285635167,1055,PERSON-01,857.7,19.13,22.37,3.24,20.35,20.4,0.990,1,1,29.0,0.28,31.35,29.9,0
1779285635200,1056,UAS-01,471.8,18.79,21.96,3.17,19.57,21.3,0.990,1,1,29.0,0.03,31.47,30.0,0
1779285635233,1057,UAS-02,588.7,18.99,21.97,2.99,19.57,21.6,0.987,1,1,29.0,0.03,31.67,30.1,0
1779285635267,1058,GND-VEH-01,757.7,19.05,22.23,3.18,19.09,19.9,0.987,1,1,29.0,0.04,31.86,30.0,0
1779285635300,1059,PERSON-01,544.0,19.00,22.55,3.55,19.45,21.4,0.990,1,1,29.0,0.37,31.61,30.0,0
1779285635333,1060,UAS-01,337.3,18.88,22.25,3.37,19.63,21.3,0.990,1,1,29.1,0.05,31.54,30.0,0
1779285635367,1061,UAS-02,426.7,19.15,22.38,3.23,20.12,21.3,0.990,1,1,29.0,0.09,31.75,29.8,0
1779285635400,1062,GND-VEH-01,370.9,19.02,22.61,3.60,20.85,19.0,0.990,1,1,29.0,0.13,31.51,29.9,0
1779285635433,1063,PERSON-01,375.2,18.81,22.25,3.44,19.93,21.3,0.990,1,1,29.0,0.28,31.30,29.9,0
1779285635467,1064,UAS-01,839.5,18.93,22.03,3.10,20.19,19.7,0.990,1,1,30.5,0.28,31.84,29.9,0
1779285635500,1065,UAS-02,330.6,18.95,22.01,3.07,19.37,23.3,0.982,1,1,31.4,0.53,31.69,29.9,0
1779285635533,1066,GND-VEH-01,645.4,19.17,22.39,3.22,19.92,20.9,0.990,1,1,29.0,0.25,31.43,29.9,0
1779285635567,1067,PERSON-01,312.7,19.03,22.60,3.57,20.27,19.8,0.988,1,1,29.0,0.08,31.19,29.9,0
1779285635600,1068,UAS-01,458.7,18.88,21.86,2.99,19.33,20.5,0.982,1,1,29.0,0.01,31.74,29.9,0
1779285635633,1069,UAS-02,546.5,19.02,22.53,3.51,20.09,20.0,0.990,1,1,29.0,0.17,31.53,30.1,0
1779285635667,1070,GND-VEH-01,358.9,19.07,22.19,3.12,19.31,22.0,0.990,1,1,29.2,0.02,31.61,29.9,0
1779285635700,1071,PERSON-01,863.8,19.19,22.17,2.98,19.80,19.9,0.990,1,1,31.9,0.06,31.64,29.8,0
1779285635733,1072,UAS-01,353.7,18.98,22.58,3.60,20.46,21.1,0.978,1,1,29.7,0.27,31.42,30.0,0
1779285635767,1073,UAS-02,519.6,19.09,22.40,3.31,19.39,20.7,0.990,1,1,29.0,0.25,31.30,30.0,0
1779285635800,1074,GND-VEH-01,300.2,18.96,22.07,3.11,18.85,21.5,0.990,1,1,29.0,0.17,31.85,29.9,0
1779285635833,1075,PERSON-01,361.0,18.96,22.26,3.31,20.35,21.8,0.990,1,1,31.3,0.36,31.45,30.1,0
1779285635867,1076,UAS-01,469.9,19.24,22.64,3.40,19.65,20.6,0.990,1,1,29.0,0.40,32.08,29.9,0
1779285635900,1077,UAS-02,411.3,19.22,22.31,3.09,20.02,19.7,0.990,1,1,29.0,0.24,31.72,30.0,0
1779285635933,1078,GND-VEH-01,731.8,18.97,22.19,3.21,19.56,22.2,0.985,1,1,29.6,0.46,31.50,30.1,0
1779285635967,1079,PERSON-01,342.4,19.22,22.29,3.07,19.64,20.7,0.990,1,1,30.3,0.16,32.16,29.9,0
1779285636000,1080,UAS-01,580.2,18.94,22.56,3.62,20.15,21.0,0.990,1,1,29.0,0.05,31.31,30.0,0
1779285636033,1081,UAS-02,502.0,18.86,22.06,3.20,19.33,21.4,0.984,1,1,29.0,0.08,31.36,30.1,0
1779285636067,1082,GND-VEH-01,935.3,18.85,21.92,3.07,18.95,22.5,0.990,1,1,30.8,0.30,31.75,30.0,0
1779285636100,1083,PERSON-01,395.6,18.94,22.09,3.14,19.49,20.8,0.980,1,1,29.0,0.15,31.42,30.0,0
1779285636133,1084,UAS-01,631.3,19.11,22.20,3.09,18.30,21.6,0.976,1,1,29.0,0.28,31.38,30.0,0
1779285636167,1085,UAS-02,536.8,19.03,22.31,3.28,19.86,19.6,0.990,1,1,29.0,0.15,31.59,30.0,0
1779285636200,1086,GND-VEH-01,404.4,18.91,22.17,3.25,19.57,21.7,0.987,1,1,31.3,0.02,31.13,29.8,0
1779285636233,1087,PERSON-01,673.0,18.89,21.87,2.98,18.74,22.3,0.990,1,1,29.0,0.26,31.46,30.0,0
1779285636267,1088,UAS-01,522.2,18.87,21.94,3.07,18.68,22.0,0.990,1,1,29.0,0.04,31.89,30.2,0
1779285636300,1089,UAS-02,474.2,18.91,22.39,3.48,20.31,20.9,0.990,1,1,29.0,0.48,31.96,30.0,0
1779285636333,1090,GND-VEH-01,450.5,18.90,22.39,3.49,19.38,22.3,0.990,1,1,29.3,0.27,31.50,30.0,0
1779285636367,1091,PERSON-01,376.9,19.23,22.48,3.25,20.10,20.3,0.990,1,1,29.0,0.20,31.41,30.0,0
1779285636400,1092,UAS-01,484.0,18.81,21.74,2.93,19.24,20.3,0.990,1,1,29.0,0.20,31.09,30.0,0
1779285636433,1093,UAS-02,819.5,19.26,22.37,3.11,19.34,21.2,0.990,1,1,32.7,0.19,31.98,29.9,0
1779285636467,1094,GND-VEH-01,362.0,19.03,22.27,3.24,20.19,22.2,0.990,1,1,29.0,0.15,31.65,29.9,0
1779285636500,1095,PERSON-01,408.0,18.75,22.19,3.43,19.31,20.3,0.990,1,1,29.1,0.29,31.83,30.1,0
1779285636533,1096,UAS-01,501.5,18.86,21.82,2.96,18.79,22.1,0.990,1,1,31.8,0.56,31.64,30.0,0
1779285636567,1097,UAS-02,618.0,18.87,21.80,2.93,19.48,21.0,0.990,1,1,29.0,0.36,31.79,30.0,0
1779285636600,1098,GND-VEH-01,383.9,18.91,22.18,3.27,19.21,21.1,0.990,1,1,30.5,0.60,31.97,30.0,0
1779285636633,1099,PERSON-01,939.0,19.11,22.13,3.02,19.28,19.9,0.990,1,1,29.0,0.11,31.98,30.0,0
1779285636667,1100,UAS-01,517.7,19.19,22.72,3.53,20.07,22.0,0.990,1,1,29.7,0.50,31.65,30.0,0
1779285636700,1101,UAS-02,452.8,19.06,22.45,3.39,19.80,19.6,0.986,1,1,29.0,0.43,31.27,30.0,0
1779285636733,1102,GND-VEH-01,792.4,19.19,22.08,2.89,18.73,20.2,0.972,1,1,29.7,0.14,31.56,29.9,0
1779285636767,1103,PERSON-01,496.4,18.87,22.43,3.57,19.56,22.4,0.964,1,1,29.0,0.01,31.72,30.0,0
1779285636800,1104,UAS-01,637.3,19.08,22.20,3.12,19.21,21.5,0.990,1,1,29.0,0.15,31.50,30.1,0
1779285636833,1105,UAS-02,633.5,18.86,22.07,3.21,19.27,20.4,0.986,1,1,29.0,0.33,31.66,30.1,0
1779285636867,1106,GND-VEH-01,476.5,19.06,22.22,3.16,19.03,20.9,0.983,1,1,29.0,0.12,31.69,30.0,0
1779285636900,1107,PERSON-01,957.7,18.91,21.97,3.06,18.92,19.6,0.983,1,1,29.9,0.20,32.04,30.0,0
1779285636933,1108,UAS-01,476.9,18.90,22.34,3.45,19.58,21.7,0.990,1,1,31.4,0.06,31.99,30.1,0
1779285636967,1109,UAS-02,518.7,19.16,22.56,3.40,20.71,19.7,0.990,1,1,29.0,0.13,31.91,30.0,0
1779285637000,1110,GND-VEH-01,599.4,19.01,21.93,2.92,18.40,20.0,0.990,1,1,29.0,0.13,31.83,30.0,0
1779285637033,1111,PERSON-01,483.0,18.93,22.43,3.50,19.83,19.1,0.990,1,1,29.0,0.38,31.70,29.9,0
1779285637067,1112,UAS-01,565.3,18.89,22.15,3.26,19.48,21.5,0.990,1,1,32.5,0.10,31.94,29.9,0
1779285637100,1113,UAS-02,332.6,19.03,22.18,3.15,19.35,21.8,0.990,1,1,29.0,0.20,31.45,29.9,0
1779285637133,1114,GND-VEH-01,434.7,19.01,22.44,3.43,19.93,19.4,0.979,1,1,29.0,0.23,31.73,30.0,0
1779285637167,1115,PERSON-01,546.7,18.89,22.55,3.66,19.94,22.7,0.990,1,1,30.9,0.52,31.89,30.1,0
1779285637200,1116,UAS-01,570.1,19.03,22.38,3.35,19.70,21.9,0.990,1,1,29.0,0.03,31.64,29.9,0
1779285637233,1117,UAS-02,332.2,19.25,22.51,3.26,19.79,21.1,0.990,1,1,29.0,0.18,31.47,30.1,0
1779285637267,1118,GND-VEH-01,358.4,19.15,22.56,3.41,19.81,21.1,0.990,1,1,29.0,0.15,31.68,29.9,0
1779285637300,1119,PERSON-01,594.6,18.92,22.48,3.57,20.13,20.8,0.990,1,1,29.0,0.32,31.75,29.9,0
1779285637333,1120,UAS-01,487.2,18.95,22.04,3.09,19.19,21.2,0.990,1,1,29.5,0.00,31.89,30.1,0
1779285637367,1121,UAS-02,677.6,18.85,22.19,3.33,18.99,23.0,0.990,1,1,29.6,0.09,31.85,30.2,0
1779285637400,1122,GND-VEH-01,442.0,19.09,22.29,3.20,19.24,20.9,0.990,1,1,29.0,0.20,31.69,30.2,0
1779285637433,1123,PERSON-01,555.6,19.03,22.16,3.13,19.26,21.8,0.990,1,1,29.0,0.42,32.18,30.2,0
1779285637467,1124,UAS-01,303.3,18.92,22.46,3.55,19.74,21.3,0.990,1,1,29.0,0.06,31.65,30.1,0
1779285637500,1125,UAS-02,343.2,19.03,22.36,3.33,19.96,20.8,0.990,1,1,29.0,0.08,31.57,30.2,0
1779285637533,1126,GND-VEH-01,504.8,19.04,22.10,3.07,19.40,21.6,0.990,1,1,30.0,0.37,31.72,29.9,0
1779285637567,1127,PERSON-01,734.1,18.78,21.98,3.20,19.59,22.5,0.990,1,1,29.0,0.10,31.67,30.0,0
1779285637600,1128,UAS-01,414.9,19.19,22.51,3.32,19.35,20.3,0.986,1,1,30.4,0.38,31.95,30.0,0
1779285637633,1129,UAS-02,447.6,18.86,22.44,3.59,20.13,19.0,0.990,1,1,29.0,0.12,31.94,30.1,0
1779285637667,1130,GND-VEH-01,387.3,19.16,22.35,3.19,19.59,20.3,0.990,1,1,31.2,0.58,31.77,30.0,0
1779285637700,1131,PERSON-01,343.1,18.79,22.19,3.40,19.28,20.7,0.990,1,1,29.6,0.02,31.84,30.1,0
1779285637733,1132,UAS-01,396.1,18.91,22.08,3.17,19.21,21.1,0.988,1,1,30.0,0.16,31.67,30.0,0
1779285637767,1133,UAS-02,335.1,19.02,22.42,3.40,19.59,20.2,0.990,1,1,29.1,0.23,31.23,30.0,0
1779285637800,1134,GND-VEH-01,731.6,18.98,22.01,3.03,18.89,21.1,0.986,1,1,30.0,0.05,31.63,30.0,0
1779285637833,1135,PERSON-01,612.8,18.74,21.85,3.11,19.53,21.4,0.990,1,1,32.7,0.14,32.00,30.1,0
1779285637867,1136,UAS-01,344.1,18.97,22.13,3.16,19.44,21.8,0.978,1,1,29.5,0.49,31.78,30.0,0
1779285637900,1137,UAS-02,355.5,19.00,22.23,3.24,20.32,20.3,0.982,1,1,29.5,0.23,32.13,30.0,0
1779285637933,1138,GND-VEH-01,314.4,18.67,21.91,3.24,19.54,21.6,0.990,1,1,33.7,0.46,31.61,29.9,0
1779285637967,1139,PERSON-01,486.8,19.08,22.68,3.60,19.75,20.1,0.975,1,1,29.0,0.25,31.47,30.2,0
1779285638000,1140,UAS-01,328.0,19.15,22.39,3.24,19.40,22.2,0.990,1,1,29.0,0.15,32.09,30.1,0
1779285638033,1141,UAS-02,454.3,18.89,22.41,3.52,20.10,20.3,0.990,1,1,29.9,0.26,31.66,30.2,0
1779285638067,1142,GND-VEH-01,377.6,19.14,22.35,3.22,19.02,20.6,0.968,1,1,29.0,0.31,31.92,29.9,0
1779285638100,1143,PERSON-01,531.9,19.10,22.32,3.22,19.56,21.2,0.984,1,1,29.0,0.05,32.23,30.1,0
1779285638133,1144,UAS-01,580.8,18.78,22.18,3.41,19.77,22.6,0.990,1,1,32.2,0.07,31.52,30.0,0
1779285638167,1145,UAS-02,727.3,18.94,21.92,2.98,19.46,21.2,0.968,1,1,31.3,0.46,32.30,30.0,0
1779285638200,1146,GND-VEH-01,552.3,19.01,22.02,3.02,19.41,20.2,0.970,1,1,30.5,0.02,32.00,29.9,0
1779285638233,1147,PERSON-01,360.1,19.06,22.38,3.32,19.46,20.6,0.990,1,1,29.0,0.11,31.81,30.2,0
1779285638267,1148,UAS-01,354.0,18.93,22.58,3.65,20.00,20.4,0.990,1,1,31.2,0.14,32.26,30.0,0
1779285638300,1149,UAS-02,307.2,18.86,22.07,3.21,19.76,20.2,0.990,1,1,31.4,0.43,31.96,30.0,0
1779285638333,1150,GND-VEH-01,451.7,19.22,22.39,3.17,19.17,22.7,0.990,1,1,29.8,0.22,31.64,29.9,0
1779285638367,1151,PERSON-01,313.2,18.92,22.19,3.27,19.52,21.7,0.988,1,1,32.4,0.29,32.25,29.9,0
1779285638400,1152,UAS-01,508.1,19.27,22.55,3.28,19.96,20.5,0.990,1,1,29.0,0.10,32.24,30.0,0
1779285638433,1153,UAS-02,405.1,19.21,22.55,3.33,19.66,21.5,0.990,1,1,29.5,0.20,31.92,30.0,0
1779285638467,1154,GND-VEH-01,332.3,18.91,22.12,3.21,19.27,21.9,0.990,1,1,29.0,0.24,31.97,30.0,0
1779285638500,1155,PERSON-01,360.6,19.18,22.42,3.25,19.76,22.0,0.990,1,1,29.0,0.27,31.72,30.0,0
1779285638533,1156,UAS-01,333.2,19.03,22.31,3.28,20.36,21.8,0.990,1,1,29.3,0.09,31.62,30.0,0
1779285638567,1157,UAS-02,345.1,18.86,22.16,3.29,19.25,20.6,0.990,1,1,30.0,0.15,31.42,29.9,0
1779285638600,1158,GND-VEH-01,701.5,18.84,22.36,3.51,19.53,20.5,0.990,1,1,29.0,0.17,31.94,29.9,0
1779285638633,1159,PERSON-01,690.6,18.84,21.74,2.90,19.02,20.6,0.990,1,1,29.0,0.28,31.40,30.1,0
1779285638667,1160,UAS-01,392.6,18.80,22.39,3.60,20.61,20.3,0.990,1,1,29.1,0.48,31.63,30.1,0
1779285638700,1161,UAS-02,465.3,18.79,22.13,3.34,19.64,20.8,0.990,1,1,29.0,0.09,31.69,30.0,0
1779285638733,1162,GND-VEH-01,558.8,18.82,21.89,3.07,19.47,20.0,0.990,1,1,29.0,0.05,32.04,30.2,0
1779285638767,1163,PERSON-01,763.4,19.13,21.96,2.83,18.91,20.9,0.986,1,1,29.2,0.24,31.48,30.0,0
1779285638800,1164,UAS-01,417.9,19.02,22.41,3.39,19.56,21.1,0.990,1,1,29.4,0.05,31.93,29.9,0
1779285638833,1165,UAS-02,305.8,18.78,22.27,3.49,20.14,21.9,0.990,1,1,29.7,0.10,31.68,29.9,0
1779285638867,1166,GND-VEH-01,509.8,19.05,21.96,2.91,19.48,20.8,0.990,1,1,29.0,0.25,31.70,30.1,0
1779285638900,1167,PERSON-01,310.4,18.98,22.26,3.28,20.04,21.0,0.990,1,1,31.2,0.09,32.01,29.9,0
1779285638933,1168,UAS-01,437.8,18.90,22.16,3.26,19.26,20.5,0.990,1,1,29.0,0.10,31.63,30.1,0
1779285638967,1169,UAS-02,445.5,19.23,22.61,3.38,20.56,21.9,0.990,1,1,30.2,0.01,31.88,30.1,0
1779285639000,1170,GND-VEH-01,346.0,18.98,22.32,3.33,19.00,22.2,0.990,1,1,31.0,0.26,32.09,30.0,0
1779285639033,1171,PERSON-01,664.6,19.04,22.15,3.11,19.17,21.5,0.990,1,1,30.5,0.44,31.84,29.9,0
1779285639067,1172,UAS-01,325.9,18.73,22.21,3.48,19.36,22.5,0.990,1,1,30.3,0.04,31.61,30.1,0
1779285639100,1173,UAS-02,474.3,18.78,22.15,3.37,19.71,21.5,0.990,1,1,30.4,0.19,31.44,30.0,0
1779285639133,1174,GND-VEH-01,380.4,18.75,22.08,3.32,19.27,21.9,0.971,1,1,29.5,0.35,32.04,30.1,0
1779285639167,1175,PERSON-01,553.3,19.01,22.19,3.19,19.20,21.9,0.982,1,1,29.0,0.13,31.84,30.0,0
1779285639200,1176,UAS-01,521.8,19.03,22.58,3.55,19.96,21.9,0.990,1,1,31.8,0.29,31.82,30.1,0
1779285639233,1177,UAS-02,499.8,19.38,22.47,3.09,19.44,20.6,0.990,1,1,30.9,0.32,32.07,30.0,0
1779285639267,1178,GND-VEH-01,689.4,18.95,22.05,3.10,18.83,21.9,0.990,1,1,29.0,0.25,31.60,29.9,0
1779285639300,1179,PERSON-01,569.4,18.94,22.56,3.61,20.05,20.4,0.990,1,1,31.0,0.13,31.90,30.1,0
1779285639333,1180,UAS-01,578.8,18.96,22.27,3.31,19.35,20.2,0.990,1,1,29.0,0.20,31.88,30.0,0
1779285639367,1181,UAS-02,347.5,18.93,22.22,3.30,20.01,19.8,0.990,1,1,29.0,0.03,32.16,29.9,0
1779285639400,1182,GND-VEH-01,456.6,18.83,22.03,3.20,19.77,20.2,0.968,1,1,29.0,0.22,31.84,30.1,0
1779285639433,1183,PERSON-01,303.1,19.21,22.54,3.33,20.00,21.6,0.990,1,1,30.2,0.13,31.77,30.2,0
1779285639467,1184,UAS-01,763.3,18.86,22.15,3.29,19.80,22.6,0.990,1,1,31.0,0.05,32.04,30.1,0
1779285639500,1185,UAS-02,618.6,18.84,22.00,3.16,19.13,22.8,0.990,1,1,29.0,0.08,32.35,30.0,0
1779285639533,1186,GND-VEH-01,636.6,19.29,22.88,3.59,20.35,21.3,0.984,1,1,31.9,0.29,32.06,29.9,0
1779285639567,1187,PERSON-01,302.6,18.73,22.14,3.41,20.26,20.3,0.990,1,1,30.8,0.40,31.51,29.9,0
1779285639600,1188,UAS-01,417.1,18.97,22.15,3.18,19.37,21.4,0.990,1,1,29.0,0.04,32.06,30.1,0
1779285639633,1189,UAS-02,315.9,18.91,22.39,3.48,19.88,21.9,0.990,1,1,29.0,0.34,31.71,30.0,0
1779285639667,1190,GND-VEH-01,549.4,18.95,21.97,3.02,19.23,20.0,0.990,1,1,29.0,0.57,31.98,30.1,0
1779285639700,1191,PERSON-01,505.3,19.00,22.10,3.10,19.34,21.5,0.990,1,1,31.5,0.19,32.40,30.0,0
1779285639733,1192,UAS-01,411.4,19.23,22.78,3.55,19.90,21.9,0.990,1,1,29.0,0.17,32.32,30.0,0
1779285639767,1193,UAS-02,306.5,18.89,22.17,3.28,19.39,22.2,0.990,1,1,29.0,0.04,31.71,30.0,0
1779285639800,1194,GND-VEH-01,371.4,19.06,22.25,3.19,19.81,19.9,0.990,1,1,31.4,0.12,32.17,30.0,0
1779285639833,1195,PERSON-01,581.8,19.05,22.27,3.21,19.26,21.7,0.987,1,1,29.0,0.24,31.73,29.9,0
1779285639867,1196,UAS-01,671.9,19.04,22.50,3.46,20.63,20.8,0.990,1,1,29.0,0.15,31.69,29.9,0
1779285639900,1197,UAS-02,476.4,19.14,22.21,3.07,19.47,21.3,0.990,1,1,34.6,0.05,31.99,30.1,0
1779285639933,1198,GND-VEH-01,647.5,18.91,21.96,3.05,18.60,21.2,0.990,1,1,29.0,0.03,31.96,30.0,0
1779285639967,1199,PERSON-01,467.3,19.08,22.61,3.53,19.50,22.2,0.990,1,1,30.0,0.24,32.09,29.9,0
1779285640000,1200,UAS-01,477.5,19.32,22.35,3.02,18.62,20.5,0.978,1,1,29.0,0.21,31.96,30.1,0
1779285640033,1201,UAS-02,324.6,18.94,22.20,3.25,19.74,21.1,0.985,1,1,29.0,0.36,31.93,30.0,0
1779285640067,1202,GND-VEH-01,724.9,19.17,22.20,3.03,19.23,20.3,0.989,1,1,30.0,0.23,31.88,30.0,0
1779285640100,1203,PERSON-01,351.0,18.77,22.22,3.45,19.87,22.0,0.990,1,1,29.8,0.31,32.46,30.0,0
1779285640133,1204,UAS-01,346.9,18.93,22.21,3.29,19.33,21.6,0.990,1,1,29.0,0.49,31.86,30.0,0
1779285640167,1205,UAS-02,375.9,18.87,22.24,3.37,19.94,19.3,0.990,1,1,29.0,0.13,32.34,30.0,0
1779285640200,1206,GND-VEH-01,553.3,19.02,22.51,3.50,20.11,20.6,0.990,1,1,29.0,0.29,31.71,30.0,0
1779285640233,1207,PERSON-01,407.0,19.08,22.13,3.05,18.38,22.3,0.990,1,1,30.9,0.24,32.34,29.9,0
1779285640267,1208,UAS-01,396.3,18.96,22.32,3.36,19.83,21.1,0.990,1,1,29.0,0.31,31.50,30.0,0
1779285640300,1209,UAS-02,527.0,19.08,22.53,3.45,19.79,22.0,0.990,1,1,32.3,0.02,31.83,30.1,0
1779285640333,1210,GND-VEH-01,549.8,18.99,22.39,3.40,19.90,21.8,0.962,1,1,31.6,0.13,32.39,29.9,0
1779285640367,1211,PERSON-01,761.2,19.04,22.14,3.10,19.69,21.7,0.990,1,1,29.0,0.06,32.01,30.1,0
1779285640400,1212,UAS-01,519.4,18.75,22.10,3.35,19.82,21.2,0.990,1,1,29.0,0.02,31.84,30.0,0
1779285640433,1213,UAS-02,300.5,19.14,22.37,3.23,19.24,21.1,0.990,1,1,29.0,0.41,31.96,30.0,0
1779285640467,1214,GND-VEH-01,380.1,19.00,22.26,3.26,19.83,20.8,0.990,1,1,29.0,0.23,31.74,30.0,0
1779285640500,1215,PERSON-01,403.1,19.10,22.63,3.53,19.33,20.7,0.990,1,1,29.7,0.15,32.07,30.0,0
1779285640533,1216,UAS-01,331.4,18.87,22.01,3.14,19.54,20.8,0.990,1,1,29.0,0.14,32.52,30.1,0
1779285640567,1217,UAS-02,378.3,18.84,21.94,3.10,19.78,19.7,0.990,1,1,29.0,0.12,31.78,30.0,0
1779285640600,1218,GND-VEH-01,345.5,18.97,22.49,3.52,20.02,21.5,0.990,1,1,29.0,0.25,31.70,30.0,0
1779285640633,1219,PERSON-01,630.2,18.99,22.03,3.04,18.59,20.6,0.983,1,1,29.0,0.21,32.20,29.9,0
1779285640667,1220,UAS-01,692.8,19.00,22.31,3.31,19.76,20.6,0.990,1,1,31.6,0.15,32.16,30.0,0
1779285640700,1221,UAS-02,356.3,19.10,22.56,3.46,19.58,21.7,0.990,1,1,29.0,0.12,32.25,29.9,0
1779285640733,1222,GND-VEH-01,426.1,18.94,22.38,3.44,20.09,19.7,0.989,1,1,29.0,0.31,32.09,29.9,0
1779285640767,1223,PERSON-01,330.6,19.24,22.67,3.43,20.12,20.8,0.990,1,1,29.8,0.05,32.38,30.0,0
1779285640800,1224,UAS-01,368.0,18.95,22.48,3.52,20.25,21.2,0.990,1,1,30.5,0.26,32.09,29.9,0
1779285640833,1225,UAS-02,766.3,19.03,22.08,3.05,19.19,21.3,0.961,1,1,29.0,0.00,32.21,30.0,0
1779285640867,1226,GND-VEH-01,366.4,19.03,22.52,3.49,20.58,20.4,0.980,1,1,29.0,0.01,31.99,29.9,0
1779285640900,1227,PERSON-01,437.4,19.18,22.64,3.47,20.51,20.4,0.989,1,1,29.0,0.34,32.13,30.0,0
1779285640933,1228,UAS-01,580.6,18.81,22.29,3.48,20.19,20.2,0.990,1,1,31.7,0.43,31.70,30.0,0
1779285640967,1229,UAS-02,484.8,19.17,22.51,3.34,19.78,20.9,0.990,1,1,30.9,0.42,32.08,30.2,0
1779285641000,1230,GND-VEH-01,369.6,18.87,22.21,3.34,20.40,20.9,0.989,1,1,29.0,0.23,32.28,30.0,0
1779285641033,1231,PERSON-01,345.1,18.91,22.61,3.70,20.59,20.2,0.990,1,1,29.7,0.21,31.71,30.0,0
1779285641067,1232,UAS-01,320.8,19.20,22.50,3.31,19.44,20.5,0.990,1,1,30.8,0.03,32.09,30.1,0
1779285641100,1233,UAS-02,618.4,19.12,22.31,3.19,19.42,21.1,0.990,1,1,29.0,0.59,32.09,30.0,0
1779285641133,1234,GND-VEH-01,541.4,18.56,21.84,3.28,19.28,21.5,0.990,1,1,29.0,0.06,31.96,30.0,0
1779285641167,1235,PERSON-01,584.2,18.88,22.20,3.32,20.15,21.7,0.982,1,1,29.3,0.50,32.03,30.1,0
1779285641200,1236,UAS-01,447.4,19.07,22.34,3.27,19.68,20.3,0.990,1,1,29.0,0.09,32.09,29.9,0
1779285641233,1237,UAS-02,545.7,19.33,22.41,3.08,19.52,20.1,0.975,1,1,30.8,0.01,31.78,30.0,0
1779285641267,1238,GND-VEH-01,366.0,19.08,22.38,3.31,19.32,21.2,0.990,1,1,30.4,0.26,31.94,30.1,0
1779285641300,1239,PERSON-01,378.9,19.28,22.38,3.10,19.44,19.6,0.990,1,1,29.0,0.21,32.27,30.0,0
1779285641333,1240,UAS-01,665.1,19.07,22.05,2.98,19.32,21.0,0.986,1,1,32.6,0.09,32.03,30.0,0
1779285641367,1241,UAS-02,505.1,18.89,22.25,3.36,19.42,20.3,0.990,1,1,29.0,0.18,32.16,30.1,0
1779285641400,1242,GND-VEH-01,688.9,18.98,22.38,3.40,20.29,21.2,0.990,1,1,29.0,0.14,31.86,30.1,0
1779285641433,1243,PERSON-01,394.4,19.02,22.35,3.33,19.60,21.4,0.990,1,1,29.6,0.24,31.92,29.9,0
1779285641467,1244,UAS-01,476.8,18.94,22.50,3.56,20.17,21.0,0.990,1,1,29.0,0.35,32.11,30.0,0
1779285641500,1245,UAS-02,434.4,19.10,22.30,3.20,19.80,21.5,0.985,1,1,29.0,0.01,32.15,30.2,0
1779285641533,1246,GND-VEH-01,508.6,18.89,21.90,3.01,19.10,22.5,0.990,1,1,29.0,0.19,32.16,29.9,0
1779285641567,1247,PERSON-01,359.7,19.05,22.15,3.10,19.25,20.7,0.990,1,1,29.0,0.05,32.20,29.9,0
1779285641600,1248,UAS-01,525.3,19.10,22.79,3.68,20.27,19.9,0.990,1,1,30.4,0.24,32.24,30.0,0
1779285641633,1249,UAS-02,321.0,18.94,22.08,3.14,19.21,21.7,0.990,1,1,29.0,0.26,32.53,30.1,0
1779285641667,1250,GND-VEH-01,516.4,19.13,22.46,3.33,19.84,21.8,0.990,1,1,29.4,0.41,31.83,30.0,0
1779285641700,1251,PERSON-01,315.7,18.79,22.29,3.50,19.76,20.7,0.990,1,1,29.0,0.07,31.83,30.0,0
1779285641733,1252,UAS-01,621.6,19.08,22.36,3.28,19.75,20.5,0.987,1,1,30.3,0.06,32.26,30.0,0
1779285641767,1253,UAS-02,305.8,19.10,22.39,3.29,19.44,21.8,0.987,1,1,29.0,0.23,32.50,30.0,0
1779285641800,1254,GND-VEH-01,539.8,19.06,22.25,3.19,20.12,20.4,0.990,1,1,29.0,0.13,32.01,30.1,0
1779285641833,1255,PERSON-01,483.2,19.30,22.63,3.33,19.74,22.1,0.990,1,1,29.6,0.49,31.88,30.1,0
1779285641867,1256,UAS-01,548.4,18.98,22.53,3.55,19.90,21.0,0.988,1,1,29.0,0.12,32.33,29.9,0
1779285641900,1257,UAS-02,400.4,19.00,22.28,3.28,20.57,20.5,0.990,1,1,29.0,0.18,31.82,29.8,0
1779285641933,1258,GND-VEH-01,631.6,19.16,22.29,3.12,19.43,21.9,0.990,1,1,29.0,0.01,32.36,30.1,0
1779285641967,1259,PERSON-01,313.0,18.94,22.16,3.22,19.31,21.1,0.990,1,1,29.9,0.16,32.02,29.9,0
1779285642000,1260,UAS-01,681.9,19.28,22.20,2.92,18.92,20.1,0.986,1,1,30.5,0.16,32.26,30.0,0
1779285642033,1261,UAS-02,591.0,19.03,22.28,3.25,19.41,21.3,0.990,1,1,32.5,0.48,32.28,30.1,0
1779285642067,1262,GND-VEH-01,404.0,19.26,22.75,3.50,20.26,21.8,0.976,1,1,29.0,0.34,32.52,30.1,0
1779285642100,1263,PERSON-01,347.4,18.89,22.45,3.56,20.63,22.7,0.990,1,1,31.5,0.52,32.26,29.9,0
1779285642133,1264,UAS-01,534.4,18.62,21.98,3.36,19.45,20.5,0.990,1,1,32.5,0.06,32.67,29.9,0
1779285642167,1265,UAS-02,594.8,19.04,22.46,3.42,20.32,22.0,0.990,1,1,30.4,0.04,32.04,29.9,0
1779285642200,1266,GND-VEH-01,390.8,18.97,22.55,3.58,20.23,21.7,0.990,1,1,32.7,0.12,32.58,30.1,0
1779285642233,1267,PERSON-01,407.7,18.84,21.99,3.15,19.79,21.0,0.988,1,1,30.5,0.35,32.22,29.9,0
1779285642267,1268,UAS-01,509.6,19.38,22.65,3.27,19.47,20.8,0.979,1,1,29.5,0.39,32.31,29.9,0
1779285642300,1269,UAS-02,420.4,18.93,22.54,3.61,19.35,21.9,0.990,1,1,32.1,0.37,32.51,29.9,0
1779285642333,1270,GND-VEH-01,792.9,19.10,22.31,3.21,19.94,20.0,0.990,1,1,30.4,0.12,32.70,29.9,0
1779285642367,1271,PERSON-01,360.7,19.16,22.05,2.88,19.41,20.4,0.979,1,1,30.9,0.33,32.03,30.0,0
1779285642400,1272,UAS-01,405.8,19.09,22.25,3.15,19.39,21.7,0.990,1,1,29.1,0.32,32.32,29.8,0
1779285642433,1273,UAS-02,625.3,18.73,22.02,3.30,19.59,21.4,0.978,1,1,29.0,0.19,32.12,30.1,0
1779285642467,1274,GND-VEH-01,433.7,18.80,22.01,3.22,19.44,21.6,0.990,1,1,29.0,0.12,31.93,29.9,0
1779285642500,1275,PERSON-01,395.0,19.09,22.43,3.34,19.57,21.8,0.987,1,1,29.0,0.07,32.23,30.0,0
1779285642533,1276,UAS-01,647.5,18.73,21.93,3.20,19.85,20.4,0.990,1,1,29.9,0.28,32.33,30.0,0
1779285642567,1277,UAS-02,728.9,18.94,21.85,2.91,19.38,18.9,0.990,1,1,29.3,0.06,32.17,30.1,0
1779285642600,1278,GND-VEH-01,327.3,19.19,22.70,3.51,19.95,21.2,0.990,1,1,31.0,0.34,32.18,30.1,0
1779285642633,1279,PERSON-01,595.2,18.99,22.50,3.50,19.91,22.4,0.980,1,1,29.0,0.09,32.14,30.0,0
1779285642667,1280,UAS-01,524.5,18.97,22.36,3.39,20.35,21.8,0.990,1,1,29.0,0.07,32.22,30.0,0
1779285642700,1281,UAS-02,347.9,18.92,22.40,3.48,19.49,21.0,0.990,1,1,29.0,0.31,31.99,30.0,0
1779285642733,1282,GND-VEH-01,429.5,18.79,22.12,3.33,20.00,21.0,0.982,1,1,30.5,0.01,32.63,30.2,0
1779285642767,1283,PERSON-01,532.2,19.13,22.41,3.27,20.44,21.0,0.990,1,1,32.1,0.01,32.35,29.9,0
1779285642800,1284,UAS-01,500.4,18.89,22.46,3.56,19.75,22.0,0.990,1,1,29.0,0.27,32.59,30.1,0
1779285642833,1285,UAS-02,696.2,18.75,21.86,3.11,18.60,22.0,0.986,1,1,29.2,0.00,31.96,30.0,0
1779285642867,1286,GND-VEH-01,471.9,19.37,22.64,3.27,20.26,20.0,0.986,1,1,29.0,0.05,32.01,30.1,0
1779285642900,1287,PERSON-01,699.8,19.07,22.18,3.12,19.33,20.0,0.990,1,1,30.5,0.17,32.32,30.0,0
1779285642933,1288,UAS-01,551.7,18.90,22.38,3.48,19.55,21.9,0.990,1,1,29.0,0.32,32.48,30.1,0
1779285642967,1289,UAS-02,318.8,18.97,22.58,3.61,20.17,20.9,0.990,1,1,29.0,0.26,32.33,30.0,0
1779285643000,1290,GND-VEH-01,370.3,19.07,22.58,3.50,19.99,20.5,0.977,1,1,29.9,0.37,32.47,30.1,0
1779285643033,1291,PERSON-01,333.0,18.94,22.05,3.12,19.67,20.5,0.974,1,1,29.1,0.07,32.54,29.9,0
1779285643067,1292,UAS-01,519.9,18.81,22.21,3.40,19.82,21.9,0.990,1,1,29.0,0.54,32.00,30.0,0
1779285643100,1293,UAS-02,379.5,18.95,22.27,3.32,19.51,21.5,0.970,1,1,30.8,0.34,32.36,30.1,0
1779285643133,1294,GND-VEH-01,509.4,18.76,21.97,3.20,19.06,22.0,0.990,1,1,30.8,0.01,31.85,29.9,0
1779285643167,1295,PERSON-01,563.0,18.98,22.06,3.08,19.48,21.2,0.988,1,1,29.0,0.25,32.19,30.1,0
1779285643200,1296,UAS-01,545.0,18.76,22.25,3.49,19.66,22.3,0.990,1,1,31.8,0.29,32.46,29.9,0
1779285643233,1297,UAS-02,667.7,19.09,22.40,3.32,19.63,20.1,0.974,1,1,29.0,0.04,32.70,30.0,0
1779285643267,1298,GND-VEH-01,333.9,18.99,22.29,3.30,20.32,21.1,0.990,1,1,29.0,0.15,32.46,30.1,0
1779285643300,1299,PERSON-01,458.7,18.94,22.22,3.28,19.51,21.1,0.990,1,1,30.8,0.41,32.15,30.1,0
1779285643333,1300,UAS-01,467.2,19.14,22.40,3.25,19.73,22.5,0.990,1,1,30.6,0.34,32.12,30.0,0
1779285643367,1301,UAS-02,330.3,19.20,22.78,3.58,20.13,21.4,0.982,1,1,29.0,0.12,32.65,30.1,0
1779285643400,1302,GND-VEH-01,627.1,18.91,21.77,2.86,18.66,21.7,0.990,1,1,30.9,0.28,31.78,30.1,0
1779285643433,1303,PERSON-01,558.8,18.76,22.11,3.35,19.41,21.6,0.990,1,1,29.0,0.03,32.62,30.0,0
1779285643467,1304,UAS-01,331.6,19.05,22.63,3.58,20.18,19.5,0.990,1,1,29.0,0.17,32.61,30.0,0
1779285643500,1305,UAS-02,394.0,18.82,22.23,3.41,19.71,21.8,0.990,1,1,30.4,0.39,32.62,30.1,0
1779285643533,1306,GND-VEH-01,474.3,19.18,22.39,3.22,19.68,20.7,0.990,1,1,29.0,0.40,32.40,30.1,0
1779285643567,1307,PERSON-01,444.4,19.37,22.67,3.30,18.91,21.3,0.990,1,1,30.1,0.46,32.34,29.9,0
1779285643600,1308,UAS-01,555.9,19.02,22.61,3.59,19.56,22.2,0.990,1,1,29.0,0.05,32.65,30.0,0
1779285643633,1309,UAS-02,309.3,19.33,22.73,3.41,19.42,20.7,0.990,1,1,30.3,0.07,32.32,30.1,0
1779285643667,1310,GND-VEH-01,590.2,19.15,22.66,3.51,19.52,21.1,0.989,1,1,29.0,0.20,32.18,29.9,0
1779285643700,1311,PERSON-01,641.7,19.00,22.10,3.10,19.13,22.1,0.990,1,1,31.3,0.04,32.63,30.1,0
1779285643733,1312,UAS-01,486.3,19.22,22.77,3.55,19.66,20.9,0.990,1,1,29.0,0.43,32.34,30.0,0
1779285643767,1313,UAS-02,363.1,18.83,22.13,3.30,19.43,21.2,0.990,1,1,29.0,0.33,32.21,30.0,0
1779285643800,1314,GND-VEH-01,307.8,18.95,22.52,3.58,19.16,21.8,0.990,1,1,31.3,0.35,32.11,30.0,0
1779285643833,1315,PERSON-01,803.9,18.73,22.26,3.53,20.17,21.2,0.990,1,1,29.0,0.04,32.41,30.0,0
1779285643867,1316,UAS-01,390.0,18.89,22.11,3.21,19.45,19.9,0.990,1,1,29.0,0.23,32.48,30.0,0
1779285643900,1317,UAS-02,320.8,18.80,22.47,3.68,20.97,19.4,0.990,1,1,30.3,0.38,32.02,30.0,0
1779285643933,1318,GND-VEH-01,368.7,19.10,22.69,3.59,20.17,22.1,0.990,1,1,30.5,0.01,32.37,30.1,0
1779285643967,1319,PERSON-01,673.8,18.94,22.15,3.21,20.04,20.9,0.990,1,1,29.6,0.14,32.28,30.0,0
1779285644000,1320,UAS-01,548.2,18.87,22.26,3.38,19.80,20.4,0.990,1,1,31.4,0.29,32.31,30.0,0
1779285644033,1321,UAS-02,564.1,19.12,22.57,3.45,19.66,21.0,0.982,1,1,29.0,0.31,32.35,29.9,0
1779285644067,1322,GND-VEH-01,666.2,18.81,21.85,3.03,19.39,20.2,0.990,1,1,30.1,0.36,32.58,30.1,0
1779285644100,1323,PERSON-01,771.0,18.91,22.10,3.19,19.68,19.8,0.990,1,1,29.0,0.02,32.51,30.0,0
1779285644133,1324,UAS-01,540.9,18.69,22.04,3.35,19.60,20.3,0.990,1,1,29.6,0.47,31.97,30.0,0
1779285644167,1325,UAS-02,814.4,18.91,22.01,3.10,19.87,21.2,0.984,1,1,29.0,0.05,32.85,29.8,0
1779285644200,1326,GND-VEH-01,334.6,19.01,22.29,3.29,19.25,20.2,0.987,1,1,29.0,0.38,32.95,30.0,0
1779285644233,1327,PERSON-01,421.7,19.05,22.57,3.52,19.92,21.6,0.990,1,1,31.7,0.02,32.22,30.1,0
1779285644267,1328,UAS-01,515.6,19.08,22.69,3.61,19.78,21.0,0.990,1,1,29.0,0.02,32.67,30.1,0
1779285644300,1329,UAS-02,550.3,19.02,22.16,3.14,19.30,20.8,0.990,1,1,30.8,0.23,32.46,29.9,0
1779285644333,1330,GND-VEH-01,345.3,19.15,22.65,3.50,19.81,18.9,0.990,1,1,29.0,0.00,32.40,30.0,0
1779285644367,1331,PERSON-01,501.8,19.20,22.75,3.55,20.24,21.3,0.974,1,1,29.0,0.01,32.66,29.9,0
1779285644400,1332,UAS-01,458.4,18.98,22.11,3.13,18.76,20.8,0.990,1,1,31.7,0.03,32.52,30.1,0
1779285644433,1333,UAS-02,477.5,19.00,22.13,3.14,19.00,20.6,0.990,1,1,30.1,0.03,32.28,30.1,0
1779285644467,1334,GND-VEH-01,734.9,19.19,22.54,3.35,18.83,22.5,0.972,1,1,30.2,0.19,32.70,30.0,0
1779285644500,1335,PERSON-01,613.5,19.04,22.27,3.23,20.09,21.6,0.990,1,1,29.0,0.06,32.88,30.0,0
1779285644533,1336,UAS-01,418.1,19.14,22.87,3.73,20.12,21.1,0.976,1,1,31.3,0.30,32.57,30.0,0
1779285644567,1337,UAS-02,535.0,18.86,22.07,3.21,19.15,20.9,0.985,1,1,29.0,0.12,32.83,30.1,0
1779285644600,1338,GND-VEH-01,318.1,19.17,22.62,3.44,20.28,20.8,0.990,1,1,29.1,0.11,32.59,30.1,0
1779285644633,1339,PERSON-01,589.0,18.99,22.11,3.12,19.96,20.5,0.990,1,1,29.0,0.49,32.20,30.0,0
1779285644667,1340,UAS-01,590.1,18.93,22.62,3.69,20.11,21.6,0.977,1,1,30.7,0.52,32.69,30.0,0
1779285644700,1341,UAS-02,784.7,18.87,22.15,3.28,19.79,19.0,0.990,1,1,29.0,0.11,32.69,30.0,0
1779285644733,1342,GND-VEH-01,530.4,18.88,22.00,3.11,18.86,21.4,0.990,1,1,32.0,0.06,32.33,29.9,0
1779285644767,1343,PERSON-01,333.2,19.09,22.34,3.25,19.26,20.5,0.981,1,1,31.8,0.24,32.74,30.0,0
1779285644800,1344,UAS-01,575.6,19.09,22.64,3.55,19.73,21.0,0.990,1,1,29.0,0.31,32.02,30.1,0
1779285644833,1345,UAS-02,761.2,18.91,22.32,3.41,19.56,21.0,0.990,1,1,30.4,0.16,32.41,30.1,0
1779285644867,1346,GND-VEH-01,406.1,19.05,22.57,3.52,19.45,21.8,0.967,1,1,29.8,0.08,32.63,30.0,0
1779285644900,1347,PERSON-01,474.7,19.05,22.58,3.53,20.18,22.2,0.990,1,1,30.7,0.20,32.69,30.1,0
1779285644933,1348,UAS-01,477.9,18.94,22.27,3.33,20.10,20.5,0.990,1,1,29.0,0.34,32.66,30.0,0
1779285644967,1349,UAS-02,522.3,18.98,22.22,3.24,20.01,20.7,0.990,1,1,29.0,0.19,32.48,30.0,0
1779285645000,1350,GND-VEH-01,805.8,18.93,22.28,3.35,19.69,20.9,0.983,1,1,30.3,0.02,32.16,30.0,0
1779285645033,1351,PERSON-01,543.5,19.05,22.24,3.20,19.62,21.7,0.990,1,1,29.0,0.22,32.42,29.9,0
1779285645067,1352,UAS-01,594.4,18.90,21.97,3.07,18.49,20.6,0.990,1,1,29.0,0.56,32.38,30.0,0
1779285645100,1353,UAS-02,403.2,18.83,22.03,3.20,19.62,21.2,0.990,1,1,29.0,0.36,32.67,30.0,0
1779285645133,1354,GND-VEH-01,595.3,19.05,22.45,3.40,19.91,19.7,0.990,1,1,30.2,0.10,33.20,30.2,0
1779285645167,1355,PERSON-01,434.1,18.97,22.43,3.46,20.83,21.8,0.990,1,1,29.0,0.09,32.58,30.0,0
1779285645200,1356,UAS-01,330.4,19.15,22.61,3.46,18.94,21.8,0.990,1,1,29.0,0.04,32.75,29.9,0
1779285645233,1357,UAS-02,835.9,18.95,22.21,3.26,19.56,21.2,0.985,1,1,29.0,0.07,32.70,30.0,0
1779285645267,1358,GND-VEH-01,396.2,18.98,22.56,3.58,20.19,21.9,0.973,1,1,30.5,0.08,32.35,30.1,0
1779285645300,1359,PERSON-01,908.0,19.04,22.50,3.46,20.00,20.7,0.981,1,1,29.0,0.27,32.52,30.0,0
1779285645333,1360,UAS-01,515.5,19.28,22.74,3.46,20.53,21.4,0.990,1,1,32.3,0.39,32.39,30.0,0
1779285645367,1361,UAS-02,303.5,18.94,22.34,3.39,19.68,21.2,0.968,1,1,31.7,0.23,32.27,30.0,0
1779285645400,1362,GND-VEH-01,393.9,18.91,22.00,3.08,19.16,20.6,0.990,1,1,29.3,0.05,33.02,30.0,0
1779285645433,1363,PERSON-01,388.7,18.74,22.18,3.44,19.75,19.9,0.990,1,1,29.1,0.03,32.41,30.0,0
1779285645467,1364,UAS-01,591.6,18.88,22.20,3.32,19.61,19.5,0.966,1,1,29.0,0.19,32.37,30.2,0
1779285645500,1365,UAS-02,410.8,19.25,22.84,3.59,19.82,21.2,0.976,1,1,29.9,0.30,32.69,30.0,0
1779285645533,1366,GND-VEH-01,324.2,19.07,22.45,3.38,20.16,21.5,0.990,1,1,29.0,0.06,32.37,29.9,0
1779285645567,1367,PERSON-01,329.8,18.98,22.23,3.25,19.88,19.7,0.990,1,1,30.0,0.20,32.77,30.0,0
1779285645600,1368,UAS-01,831.9,19.00,21.92,2.92,18.74,21.6,0.990,1,1,31.3,0.37,32.67,30.0,0
1779285645633,1369,UAS-02,441.1,18.96,22.27,3.31,19.43,22.3,0.990,1,1,30.8,0.20,32.82,29.9,0
1779285645667,1370,GND-VEH-01,593.4,19.15,22.40,3.25,19.86,20.6,0.990,1,1,29.0,0.52,32.50,30.1,0
1779285645700,1371,PERSON-01,346.3,18.84,22.38,3.54,20.55,21.8,0.990,1,1,29.0,0.23,32.59,29.9,0
1779285645733,1372,UAS-01,409.2,19.10,22.71,3.60,20.34,21.1,0.990,1,1,29.0,0.02,32.43,30.1,0
1779285645767,1373,UAS-02,304.6,19.17,22.65,3.48,19.84,21.5,0.990,1,1,31.7,0.07,32.67,30.0,0
1779285645800,1374,GND-VEH-01,472.5,18.91,22.08,3.17,19.31,21.1,0.990,1,1,30.4,0.03,32.84,30.0,0
1779285645833,1375,PERSON-01,302.5,18.94,22.29,3.35,19.95,20.1,0.990,1,1,29.0,0.22,32.69,30.0,0
1779285645867,1376,UAS-01,718.1,18.77,22.38,3.61,19.79,21.1,0.990,1,1,29.0,0.07,32.92,29.9,0
1779285645900,1377,UAS-02,318.0,18.79,21.94,3.15,19.24,21.7,0.990,1,1,29.0,0.03,32.57,29.9,0
1779285645933,1378,GND-VEH-01,420.0,18.73,22.09,3.36,19.34,21.8,0.990,1,1,29.0,0.21,32.65,30.0,0
1779285645967,1379,PERSON-01,809.2,19.08,22.08,3.00,18.73,22.7,0.990,1,1,33.2,0.14,32.83,30.1,0
1779285646000,1380,UAS-01,544.0,18.93,22.29,3.36,19.52,22.4,0.985,1,1,29.0,0.10,32.70,30.0,0
1779285646033,1381,UAS-02,749.2,18.94,22.11,3.17,19.65,20.0,0.990,1,1,30.2,0.21,32.61,30.1,0
1779285646067,1382,GND-VEH-01,905.2,18.79,21.80,3.01,19.52,20.5,0.990,1,1,30.1,0.11,33.09,30.1,0
1779285646100,1383,PERSON-01,417.5,19.07,22.47,3.40,20.28,20.3,0.990,1,1,30.3,0.26,32.74,30.1,0
1779285646133,1384,UAS-01,418.9,19.12,22.32,3.21,19.14,20.4,0.990,1,1,30.4,0.12,32.49,30.0,0
1779285646167,1385,UAS-02,533.4,18.92,22.14,3.21,19.13,19.9,0.990,1,1,29.0,0.31,32.42,30.2,0
1779285646200,1386,GND-VEH-01,670.3,19.03,22.40,3.36,19.13,20.0,0.990,1,1,30.6,0.00,32.47,30.0,0
1779285646233,1387,PERSON-01,449.2,18.96,22.19,3.24,19.79,22.1,0.990,1,1,29.0,0.05,32.32,30.0,0
1779285646267,1388,UAS-01,865.6,19.32,22.17,2.86,19.29,21.0,0.983,1,1,29.0,0.27,32.83,30.0,0
1779285646300,1389,UAS-02,465.3,19.20,22.84,3.64,20.00,20.4,0.980,1,1,29.3,0.05,32.65,30.1,0
1779285646333,1390,GND-VEH-01,430.3,18.70,22.19,3.49,20.76,20.3,0.990,1,1,29.0,0.18,32.40,30.0,0
1779285646367,1391,PERSON-01,404.1,18.89,22.27,3.39,19.40,22.3,0.990,1,1,29.9,0.34,32.36,29.9,0
1779285646400,1392,UAS-01,428.8,19.08,22.39,3.31,19.70,22.1,0.990,1,1,29.0,0.13,32.58,30.0,0
1779285646433,1393,UAS-02,611.9,18.78,22.22,3.44,20.14,22.5,0.990,1,1,30.0,0.07,32.60,30.1,0
1779285646467,1394,GND-VEH-01,664.1,19.29,22.67,3.38,20.39,21.5,0.990,1,1,29.8,0.27,32.98,30.1,0
1779285646500,1395,PERSON-01,735.9,19.22,22.38,3.16,19.62,21.3,0.990,1,1,29.0,0.14,32.74,30.0,0
1779285646533,1396,UAS-01,561.7,19.04,22.54,3.51,20.38,20.6,0.990,1,1,31.1,0.06,32.85,29.9,0
1779285646567,1397,UAS-02,889.8,19.12,22.16,3.04,20.04,21.4,0.990,1,1,30.7,0.06,32.35,29.9,0
1779285646600,1398,GND-VEH-01,664.3,18.84,21.93,3.10,19.09,19.8,0.990,1,1,29.7,0.33,32.97,29.9,0
1779285646633,1399,PERSON-01,741.3,18.88,21.91,3.04,18.91,20.8,0.989,1,1,31.1,0.14,32.78,30.1,0
1779285646667,1400,UAS-01,449.0,19.12,22.15,3.03,18.83,21.2,0.990,1,1,30.8,0.27,32.26,30.0,0
1779285646700,1401,UAS-02,456.1,18.77,22.18,3.40,19.34,21.1,0.990,1,1,30.9,0.00,32.48,29.9,0
1779285646733,1402,GND-VEH-01,351.8,18.94,22.10,3.16,19.14,22.6,0.990,1,1,30.5,0.60,32.15,30.1,0
1779285646767,1403,PERSON-01,528.3,19.05,21.95,2.91,18.95,20.2,0.990,1,1,29.0,0.11,32.12,30.0,0
1779285646800,1404,UAS-01,383.2,18.93,22.43,3.49,19.77,21.6,0.990,1,1,29.0,0.32,32.50,29.9,0
1779285646833,1405,UAS-02,415.1,18.90,22.13,3.23,19.71,20.8,0.990,1,1,30.5,0.40,32.50,30.0,0
1779285646867,1406,GND-VEH-01,865.8,18.84,21.89,3.05,19.50,21.9,0.985,1,1,29.2,0.01,32.50,30.1,0
1779285646900,1407,PERSON-01,941.3,18.76,22.18,3.41,19.52,20.0,0.990,1,1,29.0,0.10,32.59,29.9,0
1779285646933,1408,UAS-01,651.6,18.76,21.85,3.09,19.25,19.9,0.990,1,1,29.8,0.53,32.22,30.1,0
1779285646967,1409,UAS-02,531.3,18.98,22.39,3.41,19.50,22.8,0.990,1,1,29.0,0.01,32.45,29.9,0
1779285647000,1410,GND-VEH-01,570.1,18.97,22.17,3.20,19.44,22.1,0.984,1,1,30.3,0.27,32.72,30.0,0
1779285647033,1411,PERSON-01,502.2,19.07,21.91,2.84,19.03,21.5,0.990,1,1,31.3,0.04,33.01,29.9,0
1779285647067,1412,UAS-01,619.2,19.03,21.96,2.93,18.75,20.0,0.990,1,1,31.6,0.32,32.52,30.0,0
1779285647100,1413,UAS-02,500.3,18.84,22.32,3.48,19.82,22.2,0.980,1,1,30.6,0.22,32.48,30.0,0
1779285647133,1414,GND-VEH-01,908.7,18.78,21.92,3.13,19.00,21.5,0.990,1,1,29.3,0.30,32.66,30.1,0
1779285647167,1415,PERSON-01,410.2,19.28,22.44,3.15,19.10,20.7,0.990,1,1,29.0,0.13,32.32,29.9,0
1779285647200,1416,UAS-01,470.0,18.62,21.98,3.36,19.27,20.2,0.990,1,1,29.0,0.21,32.85,30.1,0
1779285647233,1417,UAS-02,451.5,18.89,22.06,3.17,18.91,22.8,0.986,1,1,29.0,0.70,32.41,30.0,0
1779285647267,1418,GND-VEH-01,441.1,18.81,22.19,3.38,19.86,19.8,0.990,1,1,29.4,0.01,32.78,30.1,0
1779285647300,1419,PERSON-01,607.0,19.07,22.32,3.25,19.33,22.3,0.990,1,1,29.0,0.10,32.85,30.1,0
1779285647333,1420,UAS-01,569.3,18.87,22.17,3.30,19.43,20.9,0.990,1,1,29.0,0.04,32.62,30.1,0
1779285647367,1421,UAS-02,341.6,18.81,21.85,3.04,18.79,20.3,0.983,1,1,29.0,0.12,32.42,30.1,0
1779285647400,1422,GND-VEH-01,310.9,18.97,22.43,3.46,19.80,21.7,0.981,1,1,29.0,0.03,32.49,30.1,0
1779285647433,1423,PERSON-01,733.2,19.13,22.10,2.97,19.91,19.9,0.990,1,1,29.0,0.06,33.07,29.9,0
1779285647467,1424,UAS-01,485.3,18.84,22.05,3.21,19.11,20.3,0.983,1,1,29.1,0.17,32.50,30.0,0
1779285647500,1425,UAS-02,337.7,19.10,22.74,3.64,20.43,22.3,0.987,1,1,29.3,0.02,32.61,30.1,0
1779285647533,1426,GND-VEH-01,361.7,19.00,22.61,3.62,20.62,21.5,0.990,1,1,31.7,0.27,32.73,30.0,0
1779285647567,1427,PERSON-01,547.1,18.99,22.12,3.13,19.85,22.6,0.989,1,1,29.0,0.04,32.86,29.9,0
1779285647600,1428,UAS-01,445.4,19.09,22.50,3.41,19.99,21.7,0.990,1,1,29.0,0.10,33.11,30.0,0
1779285647633,1429,UAS-02,527.1,18.72,21.81,3.10,19.56,20.6,0.990,1,1,29.0,0.19,32.72,30.0,0
1779285647667,1430,GND-VEH-01,421.5,19.01,22.31,3.30,19.15,20.6,0.984,1,1,29.0,0.03,32.44,29.9,0
1779285647700,1431,PERSON-01,379.8,18.79,22.28,3.48,19.65,21.7,0.990,1,1,29.0,0.17,32.91,30.0,0
1779285647733,1432,UAS-01,434.9,19.29,23.03,3.73,20.48,21.6,0.990,1,1,29.0,0.50,32.54,30.0,0
1779285647767,1433,UAS-02,361.2,18.86,22.46,3.61,19.70,21.0,0.990,1,1,29.0,0.24,32.84,29.9,0
1779285647800,1434,GND-VEH-01,314.3,19.04,22.35,3.31,20.22,20.6,0.987,1,1,29.1,0.09,32.65,30.1,0
1779285647833,1435,PERSON-01,487.7,18.91,22.43,3.52,20.03,20.1,0.990,1,1,29.0,0.49,32.50,30.0,0
1779285647867,1436,UAS-01,384.4,19.13,22.37,3.24,19.53,22.7,0.990,1,1,31.0,0.33,32.54,30.1,0
1779285647900,1437,UAS-02,436.3,19.03,22.17,3.15,19.02,20.8,0.990,1,1,29.0,0.44,32.82,30.1,0
1779285647933,1438,GND-VEH-01,871.5,19.04,22.07,3.03,18.53,21.3,0.990,1,1,29.0,0.25,32.64,29.8,0
1779285647967,1439,PERSON-01,705.8,18.85,21.81,2.95,19.33,21.8,0.990,1,1,30.8,0.42,32.74,30.0,0
1779285648000,1440,UAS-01,518.0,19.06,22.34,3.28,19.91,21.8,0.990,1,1,29.6,0.44,33.04,29.9,0
1779285648033,1441,UAS-02,451.3,19.12,22.13,3.01,19.43,20.0,0.990,1,1,29.0,0.06,32.97,30.1,0
1779285648067,1442,GND-VEH-01,308.4,19.20,22.75,3.55,20.26,20.7,0.990,1,1,31.1,0.00,32.79,30.1,0
1779285648100,1443,PERSON-01,587.9,19.00,22.20,3.20,19.35,21.7,0.986,1,1,29.7,0.04,32.87,30.0,0
1779285648133,1444,UAS-01,353.3,18.95,22.33,3.38,19.21,22.5,0.990,1,1,29.6,0.26,32.48,30.2,0
1779285648167,1445,UAS-02,985.2,19.04,21.94,2.90,19.22,22.3,0.990,1,1,29.3,0.22,32.78,29.9,0
1779285648200,1446,GND-VEH-01,472.7,18.80,22.18,3.39,19.91,22.3,0.990,1,1,31.5,0.19,32.43,30.0,0
1779285648233,1447,PERSON-01,591.0,19.01,22.19,3.18,19.74,22.4,0.985,1,1,29.0,0.13,33.19,30.0,0
1779285648267,1448,UAS-01,583.5,19.06,22.10,3.04,19.28,21.5,0.982,1,1,29.0,0.30,33.05,29.8,0
1779285648300,1449,UAS-02,555.3,19.10,22.25,3.16,19.93,20.0,0.990,1,1,29.3,0.16,32.78,30.1,0
1779285648333,1450,GND-VEH-01,311.0,19.00,22.20,3.20,19.72,21.7,0.990,1,1,30.0,0.04,32.91,29.9,0
1779285648367,1451,PERSON-01,569.3,19.12,22.34,3.21,19.37,19.6,0.977,1,1,30.1,0.13,33.19,30.1,0
1779285648400,1452,UAS-01,323.9,18.79,22.23,3.44,20.01,21.4,0.990,1,1,29.0,0.16,33.19,30.2,0
1779285648433,1453,UAS-02,875.7,19.03,22.27,3.24,18.83,22.5,0.990,1,1,29.0,0.29,32.83,29.9,0
1779285648467,1454,GND-VEH-01,551.1,18.95,22.16,3.21,20.18,22.3,0.990,1,1,29.0,0.42,32.56,30.1,0
1779285648500,1455,PERSON-01,474.1,19.10,22.70,3.60,20.91,19.7,0.990,1,1,29.2,0.04,32.78,29.9,0
1779285648533,1456,UAS-01,405.6,18.83,21.98,3.16,19.63,22.1,0.990,1,1,29.0,0.30,33.03,30.0,0
1779285648567,1457,UAS-02,347.4,19.19,22.49,3.30,20.22,19.6,0.990,1,1,29.0,0.13,32.63,30.1,0
1779285648600,1458,GND-VEH-01,558.2,18.91,22.07,3.16,18.93,21.5,0.983,1,1,29.0,0.12,32.45,30.0,0
1779285648633,1459,PERSON-01,704.3,19.13,22.49,3.36,20.30,19.9,0.990,1,1,29.0,0.14,32.60,29.9,0
1779285648667,1460,UAS-01,547.2,18.98,22.12,3.14,19.73,22.1,0.990,1,1,30.0,0.00,32.42,30.0,0
1779285648700,1461,UAS-02,572.5,19.12,22.49,3.37,19.97,20.7,0.990,1,1,30.4,0.07,32.73,29.9,0
1779285648733,1462,GND-VEH-01,340.8,18.98,21.80,2.83,19.02,19.6,0.990,1,1,29.0,0.11,32.53,29.9,0
1779285648767,1463,PERSON-01,371.9,18.87,22.53,3.66,20.32,20.8,0.982,1,1,29.6,0.25,32.50,29.9,0
1779285648800,1464,UAS-01,491.3,19.04,22.48,3.44,20.02,21.5,0.975,1,1,29.0,0.28,32.81,29.8,0
1779285648833,1465,UAS-02,780.5,19.14,22.54,3.40,20.03,21.9,0.990,1,1,30.6,0.24,32.89,30.0,0
1779285648867,1466,GND-VEH-01,918.9,19.18,22.26,3.09,19.13,21.2,0.990,1,1,30.1,0.00,33.24,29.9,0
1779285648900,1467,PERSON-01,428.8,19.19,22.67,3.48,20.45,22.9,0.990,1,1,31.2,0.34,32.93,30.1,0
1779285648933,1468,UAS-01,516.0,18.86,22.37,3.51,19.91,19.2,0.983,1,1,29.0,0.29,33.01,30.0,0
1779285648967,1469,UAS-02,519.4,18.83,22.01,3.18,19.35,19.9,0.984,1,1,29.4,0.20,32.71,30.1,0
1779285649000,1470,GND-VEH-01,362.2,19.00,22.54,3.55,19.65,20.2,0.990,1,1,32.7,0.10,32.62,29.9,0
1779285649033,1471,PERSON-01,626.8,19.11,22.45,3.34,19.25,21.6,0.990,1,1,29.0,0.06,32.90,30.0,0
1779285649067,1472,UAS-01,531.8,18.81,22.04,3.23,18.86,21.1,0.981,1,1,32.5,0.05,32.65,29.8,0
1779285649100,1473,UAS-02,556.4,19.10,22.45,3.35,19.21,21.5,0.990,1,1,29.0,0.23,32.66,30.1,0
1779285649133,1474,GND-VEH-01,455.1,18.94,22.30,3.35,19.33,20.7,0.990,1,1,29.0,0.16,32.68,29.9,0
1779285649167,1475,PERSON-01,342.8,18.82,22.29,3.47,19.68,21.6,0.974,1,1,29.0,0.09,33.01,30.0,0
1779285649200,1476,UAS-01,540.4,18.86,21.85,2.99,19.42,18.8,0.978,1,1,29.0,0.15,32.69,30.0,0
1779285649233,1477,UAS-02,412.6,18.88,22.25,3.37,20.34,20.9,0.990,1,1,29.0,0.03,33.20,30.1,0
1779285649267,1478,GND-VEH-01,368.1,18.96,22.49,3.53,19.91,21.5,0.990,1,1,29.0,0.12,32.63,30.0,0
1779285649300,1479,PERSON-01,499.0,18.89,22.28,3.39,19.34,22.0,0.990,1,1,29.0,0.36,33.30,30.0,0
1779285649333,1480,UAS-01,418.1,18.88,22.04,3.16,18.66,22.1,0.990,1,1,29.0,0.15,32.80,30.1,0
1779285649367,1481,UAS-02,418.8,18.80,22.10,3.30,19.55,21.3,0.990,1,1,29.0,0.08,32.67,30.0,0
1779285649400,1482,GND-VEH-01,429.4,19.04,22.40,3.36,19.46,23.0,0.981,1,1,29.0,0.04,32.97,30.0,0
1779285649433,1483,PERSON-01,443.3,19.07,22.71,3.64,20.14,20.9,0.990,1,1,29.4,0.05,33.17,30.0,0
1779285649467,1484,UAS-01,534.9,18.74,21.94,3.20,19.66,21.0,0.990,1,1,29.3,0.15,32.95,29.8,0
1779285649500,1485,UAS-02,662.9,19.02,22.40,3.37,20.89,21.5,0.981,1,1,29.0,0.47,32.84,29.8,0
1779285649533,1486,GND-VEH-01,393.4,18.94,21.94,3.00,18.69,21.3,0.990,1,1,29.0,0.09,32.45,30.0,0
1779285649567,1487,PERSON-01,381.5,18.91,22.18,3.27,19.91,22.1,0.990,1,1,30.9,0.11,32.55,29.9,0
1779285649600,1488,UAS-01,326.7,19.04,22.69,3.65,20.41,19.3,0.990,1,1,29.0,0.20,32.74,30.0,0
1779285649633,1489,UAS-02,749.8,18.98,22.09,3.11,19.71,21.6,0.990,1,1,29.0,0.03,33.13,29.9,0
1779285649667,1490,GND-VEH-01,655.7,19.05,22.44,3.39,19.95,21.9,0.974,1,1,29.0,0.23,32.87,29.9,0
1779285649700,1491,PERSON-01,330.5,18.99,22.30,3.30,19.50,21.6,0.990,1,1,30.0,0.29,33.22,30.0,0
1779285649733,1492,UAS-01,633.3,18.95,22.05,3.10,19.83,21.4,0.990,1,1,29.0,0.45,33.12,30.0,0
1779285649767,1493,UAS-02,529.6,19.01,22.21,3.20,19.19,21.6,0.990,1,1,29.0,0.05,33.03,30.0,0
1779285649800,1494,GND-VEH-01,393.9,18.92,21.95,3.03,18.85,19.8,0.990,1,1,29.9,0.01,32.84,29.9,0
1779285649833,1495,PERSON-01,362.5,18.92,22.21,3.29,19.66,21.4,0.990,1,1,29.4,0.00,33.22,30.1,0
1779285649867,1496,UAS-01,684.7,18.83,22.24,3.41,19.79,20.6,0.985,1,1,29.0,0.16,32.85,30.1,0
1779285649900,1497,UAS-02,460.9,19.25,22.82,3.57,20.10,21.2,0.990,1,1,29.0,0.27,32.46,30.0,0
1779285649933,1498,GND-VEH-01,667.8,18.62,21.49,2.87,18.49,19.6,0.990,1,1,30.9,0.07,32.88,30.0,0
1779285649967,1499,PERSON-01,431.2,19.07,22.52,3.45,19.76,20.4,0.989,1,1,29.0,0.05,33.21,30.0,0
1779285650000,1500,UAS-01,332.4,19.03,22.58,3.55,20.11,20.2,0.990,1,1,30.8,0.03,32.83,30.0,0
1779285650033,1501,UAS-02,356.4,19.07,22.31,3.24,19.91,20.1,0.970,1,1,29.0,0.10,32.76,30.1,0
1779285650067,1502,GND-VEH-01,381.7,18.85,22.22,3.36,19.51,21.4,0.975,1,1,29.0,0.42,32.96,29.9,0
1779285650100,1503,PERSON-01,567.5,19.02,22.17,3.15,19.58,20.9,0.985,1,1,29.0,0.46,32.81,29.9,0
1779285650133,1504,UAS-01,548.8,18.97,22.26,3.28,20.25,21.0,0.983,1,1,30.6,0.60,32.92,29.9,0
1779285650167,1505,UAS-02,337.7,19.10,22.45,3.35,19.57,21.6,0.979,1,1,29.0,0.13,33.33,30.0,0
1779285650200,1506,GND-VEH-01,314.0,18.88,22.24,3.36,19.03,21.8,0.972,1,1,29.0,0.21,32.89,30.0,0
1779285650233,1507,PERSON-01,369.1,18.83,22.02,3.18,19.08,20.3,0.990,1,1,30.1,0.19,33.31,30.1,0
1779285650267,1508,UAS-01,462.4,18.93,21.89,2.96,18.77,22.2,0.984,1,1,31.0,0.29,33.19,30.0,0
1779285650300,1509,UAS-02,672.6,18.95,22.39,3.44,19.58,21.0,0.990,1,1,29.0,0.33,33.01,29.8,0
1779285650333,1510,GND-VEH-01,335.5,19.11,22.39,3.27,19.78,21.1,0.990,1,1,29.0,0.07,33.48,29.9,0
1779285650367,1511,PERSON-01,349.2,18.94,22.17,3.23,19.46,22.0,0.990,1,1,30.0,0.15,33.02,30.1,0
1779285650400,1512,UAS-01,385.2,19.10,22.88,3.78,20.14,21.6,0.990,1,1,29.0,0.23,32.75,30.0,0
1779285650433,1513,UAS-02,424.8,19.15,22.99,3.84,20.52,21.4,0.990,1,1,29.9,0.01,32.71,30.0,0
1779285650467,1514,GND-VEH-01,334.3,18.85,22.14,3.28,20.02,20.9,0.990,1,1,29.0,0.16,33.04,30.0,0
1779285650500,1515,PERSON-01,675.2,19.03,22.44,3.41,19.56,20.9,0.990,1,1,29.0,0.05,32.63,29.9,0
1779285650533,1516,UAS-01,473.9,19.00,22.20,3.20,18.90,22.4,0.990,1,1,31.4,0.46,33.12,30.0,0
1779285650567,1517,UAS-02,357.5,18.86,21.95,3.10,19.61,20.3,0.990,1,1,30.4,0.16,33.47,30.0,0
1779285650600,1518,GND-VEH-01,390.9,19.14,22.32,3.19,19.37,20.0,0.989,1,1,29.5,0.24,33.21,30.1,0
1779285650633,1519,PERSON-01,306.9,18.88,22.11,3.23,19.62,20.5,0.990,1,1,29.0,0.13,33.40,30.1,0
1779285650667,1520,UAS-01,521.3,18.86,22.33,3.47,19.69,21.9,0.985,1,1,29.0,0.12,33.16,30.1,0
1779285650700,1521,UAS-02,617.1,18.75,21.91,3.16,18.99,21.8,0.971,1,1,29.9,0.01,33.21,30.1,0
1779285650733,1522,GND-VEH-01,465.8,19.09,22.53,3.44,19.64,20.5,0.990,1,1,31.6,0.33,33.18,29.9,0
1779285650767,1523,PERSON-01,390.7,18.75,21.99,3.24,20.22,20.3,0.990,1,1,29.0,0.05,32.79,30.0,0
1779285650800,1524,UAS-01,436.4,19.06,22.51,3.45,20.18,20.4,0.990,1,1,29.0,0.05,33.21,30.0,0
1779285650833,1525,UAS-02,772.5,19.03,22.00,2.97,19.14,21.3,0.990,1,1,29.0,0.00,33.10,30.0,0
1779285650867,1526,GND-VEH-01,412.6,18.81,22.43,3.63,19.83,21.6,0.990,1,1,29.0,0.29,33.15,30.2,0
1779285650900,1527,PERSON-01,378.4,19.04,22.49,3.46,19.36,20.8,0.990,1,1,29.4,0.09,33.11,29.9,0
1779285650933,1528,UAS-01,361.8,18.98,22.19,3.21,19.38,21.5,0.990,1,1,29.0,0.04,33.19,30.0,0
1779285650967,1529,UAS-02,674.8,19.23,22.37,3.14,19.64,21.1,0.990,1,1,29.0,0.22,33.09,30.1,0
1779285651000,1530,GND-VEH-01,401.6,18.83,22.12,3.29,19.24,22.3,0.990,1,1,29.0,0.01,32.75,30.1,0
1779285651033,1531,PERSON-01,617.8,19.12,22.40,3.28,19.91,20.2,0.990,1,1,29.0,0.01,33.36,30.2,0
1779285651067,1532,UAS-01,384.6,19.21,22.38,3.17,20.08,20.2,0.990,1,1,29.0,0.11,33.40,30.1,0
1779285651100,1533,UAS-02,398.0,18.80,22.23,3.43,19.39,20.5,0.990,1,1,29.0,0.01,33.09,30.1,0
1779285651133,1534,GND-VEH-01,384.4,19.08,22.50,3.43,20.34,21.7,0.990,1,1,29.0,0.19,33.16,29.9,0
1779285651167,1535,PERSON-01,481.0,19.17,22.30,3.13,18.66,22.2,0.974,1,1,29.0,0.04,33.09,30.1,0
1779285651200,1536,UAS-01,549.6,19.11,22.41,3.30,19.60,19.9,0.981,1,1,30.2,0.55,32.78,30.0,0
1779285651233,1537,UAS-02,423.5,19.13,22.35,3.22,19.26,22.2,0.990,1,1,30.4,0.35,32.99,29.9,0
1779285651267,1538,GND-VEH-01,484.8,19.11,22.29,3.18,19.39,21.6,0.990,1,1,29.0,0.30,33.54,29.9,0
1779285651300,1539,PERSON-01,608.4,19.06,22.33,3.27,19.32,21.3,0.990,1,1,29.0,0.15,33.10,30.0,0
1779285651333,1540,UAS-01,701.2,19.16,22.79,3.64,20.68,20.4,0.990,1,1,29.2,0.28,33.34,30.0,0
1779285651367,1541,UAS-02,827.1,19.03,21.97,2.94,18.72,22.6,0.978,1,1,29.0,0.20,32.97,29.9,0
1779285651400,1542,GND-VEH-01,421.5,19.28,22.60,3.32,19.00,22.3,0.990,1,1,29.0,0.20,33.33,30.0,0
1779285651433,1543,PERSON-01,586.7,18.75,21.85,3.09,19.50,22.6,0.989,1,1,29.0,0.16,33.33,30.1,0
1779285651467,1544,UAS-01,637.2,18.96,22.25,3.29,19.91,20.9,0.990,1,1,29.0,0.24,33.21,30.0,0
1779285651500,1545,UAS-02,309.8,19.04,22.47,3.43,19.17,21.5,0.990,1,1,29.0,0.12,33.32,30.1,0
1779285651533,1546,GND-VEH-01,641.8,19.09,22.15,3.06,18.83,22.0,0.990,1,1,32.2,0.25,33.30,30.1,0
1779285651567,1547,PERSON-01,366.0,18.69,22.46,3.77,20.18,21.3,0.987,1,1,29.0,0.37,32.78,30.0,0
1779285651600,1548,UAS-01,495.1,19.00,22.25,3.25,20.14,20.3,0.990,1,1,29.7,0.47,32.87,29.9,0
1779285651633,1549,UAS-02,347.7,18.95,22.54,3.59,20.20,19.3,0.990,1,1,29.0,0.36,33.39,30.0,0
1779285651667,1550,GND-VEH-01,375.7,18.79,22.38,3.59,19.40,22.0,0.990,1,1,29.0,0.17,33.01,30.1,0
1779285651700,1551,PERSON-01,824.4,19.06,22.17,3.11,19.74,20.2,0.987,1,1,29.0,0.01,33.22,30.1,0
1779285651733,1552,UAS-01,950.0,19.07,22.34,3.27,19.82,21.7,0.990,1,1,29.0,0.11,33.22,29.7,0
1779285651767,1553,UAS-02,395.8,19.00,22.12,3.12,18.76,22.3,0.990,1,1,30.3,0.07,32.97,30.0,0
1779285651800,1554,GND-VEH-01,556.9,18.93,21.99,3.06,19.83,20.1,0.990,1,1,32.1,0.20,33.31,29.9,0
1779285651833,1555,PERSON-01,497.4,19.23,22.58,3.36,20.09,20.6,0.990,1,1,32.2,0.56,33.08,30.0,0
1779285651867,1556,UAS-01,756.5,19.05,22.32,3.26,20.13,21.1,0.990,1,1,29.0,0.03,33.03,30.0,0
1779285651900,1557,UAS-02,776.0,18.97,21.97,3.01,18.66,20.2,0.990,1,1,33.7,0.28,33.29,30.0,0
1779285651933,1558,GND-VEH-01,369.3,19.02,22.44,3.42,20.54,19.5,0.990,1,1,31.0,0.29,33.31,30.1,0
1779285651967,1559,PERSON-01,442.6,19.07,22.55,3.49,19.60,21.8,0.989,1,1,30.5,0.08,33.30,30.1,0
1779285652000,1560,UAS-01,678.2,19.32,22.57,3.25,19.50,20.6,0.990,1,1,31.2,0.39,33.10,30.1,0
1779285652033,1561,UAS-02,885.0,19.07,22.29,3.22,19.76,21.9,0.990,1,1,31.4,0.20,33.22,30.0,0
1779285652067,1562,GND-VEH-01,773.1,19.19,22.74,3.55,20.16,21.9,0.990,1,1,29.0,0.34,33.15,30.0,0
1779285652100,1563,PERSON-01,326.2,18.90,22.25,3.35,19.38,21.7,0.977,1,1,29.0,0.13,33.14,29.9,0
1779285652133,1564,UAS-01,460.1,18.94,22.33,3.39,19.82,21.4,0.990,1,1,30.7,0.26,33.36,30.0,0
1779285652167,1565,UAS-02,386.3,18.87,22.19,3.33,19.65,22.2,0.972,1,1,29.0,0.12,32.76,30.1,0
1779285652200,1566,GND-VEH-01,579.6,19.03,22.02,3.00,19.87,20.7,0.990,1,1,29.0,0.01,32.87,30.1,0
1779285652233,1567,PERSON-01,303.0,18.99,22.37,3.38,19.60,20.7,0.990,1,1,29.0,0.15,33.65,30.1,0
1779285652267,1568,UAS-01,664.2,18.68,21.69,3.01,18.33,21.8,0.990,1,1,30.0,0.06,33.10,30.0,0
1779285652300,1569,UAS-02,302.2,19.07,22.37,3.30,19.46,21.9,0.990,1,1,30.5,0.05,33.64,29.8,0
1779285652333,1570,GND-VEH-01,582.2,18.85,22.46,3.61,20.70,21.1,0.990,1,1,29.0,0.13,33.32,29.8,0
1779285652367,1571,PERSON-01,334.2,19.00,22.65,3.65,19.58,20.9,0.990,1,1,29.1,0.56,33.11,29.9,0
1779285652400,1572,UAS-01,504.4,18.98,22.27,3.29,19.49,21.0,0.990,1,1,29.1,0.00,33.92,30.1,0
1779285652433,1573,UAS-02,592.2,18.74,22.38,3.64,19.38,22.5,0.990,1,1,29.0,0.01,33.22,30.1,0
1779285652467,1574,GND-VEH-01,758.8,19.01,22.31,3.31,20.10,22.6,0.990,1,1,29.0,0.22,33.12,30.1,0
1779285652500,1575,PERSON-01,554.6,19.17,22.64,3.47,19.92,20.9,0.990,1,1,31.7,0.18,32.94,30.0,0
1779285652533,1576,UAS-01,368.8,18.98,22.13,3.15,19.16,20.2,0.989,1,1,29.0,0.23,33.04,30.0,0
1779285652567,1577,UAS-02,521.7,18.95,22.16,3.20,19.70,20.4,0.985,1,1,29.0,0.10,33.22,30.2,0
1779285652600,1578,GND-VEH-01,559.0,19.23,22.73,3.50,19.70,21.5,0.990,1,1,29.0,0.27,33.64,30.2,0
1779285652633,1579,PERSON-01,703.7,19.17,22.48,3.31,19.23,22.1,0.990,1,1,29.0,0.12,33.56,30.1,0
1779285652667,1580,UAS-01,738.4,19.09,22.30,3.21,19.15,19.4,0.990,1,1,30.4,0.06,33.10,29.9,0
1779285652700,1581,UAS-02,411.5,18.90,22.47,3.57,19.97,21.9,0.990,1,1,29.0,0.29,32.84,30.1,0
1779285652733,1582,GND-VEH-01,420.8,18.94,22.47,3.53,19.41,19.0,0.988,1,1,30.3,0.21,33.44,30.0,0
1779285652767,1583,PERSON-01,721.6,19.09,22.21,3.12,19.27,22.0,0.990,1,1,29.0,0.39,33.34,30.0,0
1779285652800,1584,UAS-01,498.6,19.04,22.07,3.03,19.19,19.3,0.990,1,1,29.3,0.24,33.18,30.0,0
1779285652833,1585,UAS-02,539.9,19.30,22.54,3.24,20.07,19.4,0.982,1,1,29.0,0.21,33.22,29.9,0
1779285652867,1586,GND-VEH-01,641.4,19.23,22.55,3.31,19.53,22.2,0.990,1,1,30.4,0.13,33.40,29.8,0
1779285652900,1587,PERSON-01,922.9,19.05,21.75,2.70,18.51,20.0,0.990,1,1,29.0,0.29,33.51,30.0,0
1779285652933,1588,UAS-01,514.4,18.96,21.91,2.95,18.71,20.6,0.990,1,1,31.5,0.04,33.46,30.1,0
1779285652967,1589,UAS-02,522.0,18.92,22.30,3.38,19.74,22.8,0.990,1,1,29.3,0.01,33.22,30.1,0
1779285653000,1590,GND-VEH-01,300.7,19.23,22.58,3.35,20.16,20.5,0.990,1,1,29.0,0.02,33.23,30.1,0
1779285653033,1591,PERSON-01,471.3,19.22,22.30,3.08,19.22,20.8,0.990,1,1,30.5,0.38,33.37,29.9,0
1779285653067,1592,UAS-01,391.5,19.19,22.63,3.44,19.47,21.0,0.967,1,1,31.0,0.27,32.88,29.8,0
1779285653100,1593,UAS-02,691.0,18.76,22.17,3.41,20.48,22.5,0.990,1,1,30.1,0.19,33.38,30.1,0
1779285653133,1594,GND-VEH-01,387.6,19.21,22.76,3.55,20.38,21.1,0.990,1,1,29.0,0.13,33.60,30.1,0
1779285653167,1595,PERSON-01,434.2,18.96,22.43,3.47,19.21,22.8,0.987,1,1,29.0,0.01,33.13,30.0,0
1779285653200,1596,UAS-01,616.9,19.09,22.46,3.37,20.25,20.8,0.990,1,1,29.0,0.39,33.50,29.9,0
1779285653233,1597,UAS-02,328.6,18.88,22.01,3.13,19.71,19.8,0.990,1,1,30.3,0.07,33.65,30.1,0
1779285653267,1598,GND-VEH-01,434.2,19.15,22.47,3.31,19.58,19.7,0.977,1,1,29.0,0.24,33.23,30.1,0
1779285653300,1599,PERSON-01,1008.3,19.13,22.25,3.13,19.60,19.5,0.990,1,1,30.2,0.12,32.91,30.1,0
1779285653333,1600,UAS-01,302.7,18.89,22.09,3.20,19.86,19.8,0.982,1,1,29.3,0.22,33.60,30.0,0
1779285653367,1601,UAS-02,342.4,18.89,22.35,3.45,20.13,20.7,0.990,1,1,30.4,0.11,33.19,30.0,0
1779285653400,1602,GND-VEH-01,625.2,19.03,22.48,3.46,19.27,21.7,0.990,1,1,29.0,0.12,33.23,30.0,0
1779285653433,1603,PERSON-01,326.9,19.20,22.12,2.92,19.26,21.4,0.990,1,1,29.0,0.12,33.51,30.1,0
1779285653467,1604,UAS-01,503.1,19.00,22.22,3.22,19.36,21.1,0.990,1,1,30.0,0.36,33.34,30.1,0
1779285653500,1605,UAS-02,691.7,18.95,22.21,3.26,19.75,20.4,0.990,1,1,29.0,0.04,33.55,29.8,0
1779285653533,1606,GND-VEH-01,639.2,19.19,22.52,3.33,19.80,20.6,0.990,1,1,29.0,0.08,33.39,30.0,0
1779285653567,1607,PERSON-01,308.6,19.05,22.36,3.32,19.68,21.1,0.990,1,1,29.1,0.08,33.07,29.9,0
1779285653600,1608,UAS-01,748.3,18.93,22.19,3.26,19.32,20.0,0.987,1,1,30.4,0.19,32.98,30.1,0
1779285653633,1609,UAS-02,709.2,19.16,22.40,3.24,19.59,21.3,0.990,1,1,29.0,0.24,33.24,29.9,0
1779285653667,1610,GND-VEH-01,1015.0,19.22,22.29,3.07,19.52,20.9,0.990,1,1,32.2,0.12,33.27,30.0,0
1779285653700,1611,PERSON-01,354.2,19.20,22.31,3.11,19.38,20.2,0.990,1,1,29.0,0.18,33.19,30.1,0
1779285653733,1612,UAS-01,744.8,19.08,22.35,3.28,19.70,21.2,0.990,1,1,29.0,0.17,33.11,30.1,0
1779285653767,1613,UAS-02,617.1,18.76,22.08,3.32,19.87,20.7,0.990,1,1,30.0,0.11,33.94,30.0,0
1779285653800,1614,GND-VEH-01,378.1,19.17,22.51,3.35,19.71,20.1,0.990,1,1,29.3,0.46,33.73,30.0,0
1779285653833,1615,PERSON-01,845.2,18.89,22.04,3.15,20.06,20.3,0.990,1,1,30.0,0.16,33.31,30.1,0
1779285653867,1616,UAS-01,330.0,18.85,22.13,3.29,19.02,21.6,0.980,1,1,29.0,0.17,33.65,30.0,0
1779285653900,1617,UAS-02,614.0,18.98,22.28,3.30,19.71,21.3,0.990,1,1,29.0,0.05,33.11,30.0,0
1779285653933,1618,GND-VEH-01,591.8,19.09,22.32,3.23,19.72,20.1,0.990,1,1,29.0,0.35,33.39,30.1,0
1779285653967,1619,PERSON-01,672.1,19.07,21.98,2.91,19.10,20.5,0.990,1,1,29.7,0.17,33.35,30.0,0
1779285654000,1620,UAS-01,672.4,18.93,22.13,3.20,19.46,20.2,0.990,1,1,31.8,0.20,33.74,30.0,0
1779285654033,1621,UAS-02,477.7,18.91,22.34,3.43,20.03,20.2,0.990,1,1,29.7,0.10,32.82,30.1,0
1779285654067,1622,GND-VEH-01,667.4,19.05,22.48,3.43,20.47,21.0,0.990,1,1,29.0,0.19,33.40,30.0,0
1779285654100,1623,PERSON-01,338.0,19.03,22.05,3.02,19.62,20.9,0.977,1,1,29.0,0.21,33.21,29.9,0
1779285654133,1624,UAS-01,667.0,19.07,22.34,3.27,19.86,21.4,0.981,1,1,29.5,0.11,33.17,29.9,0
1779285654167,1625,UAS-02,445.4,19.15,22.59,3.44,19.67,20.7,0.981,1,1,29.0,0.05,33.29,30.1,0
1779285654200,1626,GND-VEH-01,700.6,19.15,22.54,3.39,20.05,20.2,0.990,1,1,29.0,0.32,33.56,30.1,0
1779285654233,1627,PERSON-01,467.2,19.20,22.54,3.34,19.80,20.9,0.990,1,1,31.1,0.09,33.34,30.1,0
1779285654267,1628,UAS-01,687.9,19.13,22.20,3.07,18.89,21.0,0.990,1,1,29.0,0.19,33.02,30.0,0
1779285654300,1629,UAS-02,391.2,18.92,22.05,3.13,19.48,20.1,0.990,1,1,29.0,0.25,33.70,30.1,0
1779285654333,1630,GND-VEH-01,303.8,19.24,22.69,3.45,20.19,22.3,0.990,1,1,29.0,0.42,33.14,30.0,0
1779285654367,1631,PERSON-01,530.0,19.01,22.34,3.33,19.85,20.8,0.990,1,1,29.0,0.07,33.90,30.0,0
1779285654400,1632,UAS-01,330.0,19.15,22.30,3.15,19.19,21.3,0.990,1,1,29.0,0.00,33.51,30.1,0
1779285654433,1633,UAS-02,304.4,19.21,22.68,3.47,19.66,20.4,0.990,1,1,30.4,0.15,33.45,29.9,0
1779285654467,1634,GND-VEH-01,845.4,19.28,22.34,3.06,18.76,21.4,0.990,1,1,31.0,0.17,33.30,30.0,0
1779285654500,1635,PERSON-01,377.8,19.17,22.77,3.60,19.78,22.1,0.990,1,1,31.1,0.52,33.04,30.0,0
1779285654533,1636,UAS-01,684.7,18.69,21.88,3.19,20.13,19.9,0.990,1,1,29.1,0.12,33.39,30.1,0
1779285654567,1637,UAS-02,301.6,19.04,22.23,3.19,19.30,20.4,0.990,1,1,30.3,0.45,33.31,30.0,0
1779285654600,1638,GND-VEH-01,339.1,19.09,22.54,3.45,19.46,21.3,0.980,1,1,30.2,0.26,33.44,30.0,0
1779285654633,1639,PERSON-01,314.2,18.99,22.76,3.78,20.25,19.8,0.990,1,1,29.0,0.11,33.35,29.9,0
1779285654667,1640,UAS-01,350.0,18.94,22.32,3.38,19.66,21.4,0.990,1,1,29.0,0.26,33.45,29.9,0
1779285654700,1641,UAS-02,509.2,19.20,22.49,3.30,19.03,21.7,0.981,1,1,32.3,0.35,33.41,29.9,0
1779285654733,1642,GND-VEH-01,562.2,19.01,22.04,3.03,19.50,22.0,0.990,1,1,29.0,0.16,33.23,30.1,0
1779285654767,1643,PERSON-01,441.7,19.03,22.09,3.06,19.50,20.7,0.990,1,1,32.3,0.29,33.43,30.0,0
1779285654800,1644,UAS-01,339.2,19.12,22.62,3.50,20.41,21.0,0.976,1,1,29.0,0.05,33.41,30.2,0
1779285654833,1645,UAS-02,458.8,19.14,22.07,2.93,19.39,21.1,0.990,1,1,31.3,0.37,33.72,29.8,0
1779285654867,1646,GND-VEH-01,687.5,18.79,21.85,3.06,18.70,21.2,0.990,1,1,29.1,0.05,33.57,29.8,0
1779285654900,1647,PERSON-01,580.0,18.68,21.90,3.22,19.66,21.5,0.990,1,1,30.0,0.06,33.51,29.8,0
1779285654933,1648,UAS-01,439.4,19.21,22.47,3.25,19.86,20.6,0.980,1,1,29.0,0.01,33.49,29.8,0
1779285654967,1649,UAS-02,462.6,18.89,22.29,3.40,19.50,23.6,0.990,1,1,29.4,0.47,33.07,30.0,0
1779285655000,1650,GND-VEH-01,409.5,18.98,22.25,3.27,19.29,21.4,0.990,1,1,30.6,0.33,33.31,30.0,0
1779285655033,1651,PERSON-01,457.6,19.01,22.32,3.32,19.28,21.3,0.984,1,1,29.0,0.44,33.33,30.0,0
1779285655067,1652,UAS-01,461.7,19.01,22.36,3.35,20.30,20.9,0.990,1,1,29.0,0.37,33.34,30.1,0
1779285655100,1653,UAS-02,765.0,18.81,22.03,3.22,19.63,21.5,0.962,1,1,29.0,0.20,33.92,30.0,0
1779285655133,1654,GND-VEH-01,357.1,18.79,22.13,3.33,19.20,22.0,0.990,1,1,29.0,0.09,33.33,29.9,0
1779285655167,1655,PERSON-01,518.8,19.24,22.87,3.63,20.56,21.9,0.990,1,1,29.8,0.51,33.46,30.0,0
1779285655200,1656,UAS-01,398.2,18.97,22.45,3.48,20.20,20.2,0.990,1,1,29.0,0.33,33.21,30.0,0
1779285655233,1657,UAS-02,306.9,18.84,22.04,3.21,20.32,20.5,0.990,1,1,29.0,0.18,33.72,29.9,0
1779285655267,1658,GND-VEH-01,630.8,19.02,22.39,3.36,19.97,21.5,0.975,1,1,29.0,0.08,33.94,30.1,0
1779285655300,1659,PERSON-01,518.8,18.94,22.53,3.58,19.30,19.8,0.988,1,1,31.3,0.36,33.73,29.9,0
1779285655333,1660,UAS-01,493.7,19.30,22.41,3.10,19.13,21.6,0.990,1,1,29.0,0.18,33.42,30.0,0
1779285655367,1661,UAS-02,371.8,19.11,22.58,3.47,19.72,19.9,0.990,1,1,29.0,0.03,33.59,30.0,0
1779285655400,1662,GND-VEH-01,654.8,19.01,22.19,3.18,18.76,20.6,0.990,1,1,29.9,0.50,33.70,30.0,0
1779285655433,1663,PERSON-01,333.9,18.95,22.19,3.24,19.55,20.7,0.987,1,1,29.0,0.14,33.32,29.9,0
1779285655467,1664,UAS-01,918.1,18.99,21.98,3.00,19.67,20.3,0.984,1,1,29.5,0.39,33.67,30.0,0
1779285655500,1665,UAS-02,395.1,19.08,22.25,3.17,19.35,22.3,0.990,1,1,29.0,0.16,33.68,30.0,0
1779285655533,1666,GND-VEH-01,379.5,19.10,22.47,3.38,19.73,22.0,0.990,1,1,31.1,0.36,33.49,29.8,0
1779285655567,1667,PERSON-01,579.6,19.06,22.02,2.96,19.37,19.1,0.990,1,1,30.5,0.50,33.31,30.0,0
1779285655600,1668,UAS-01,516.2,19.04,22.42,3.38,18.84,21.5,0.990,1,1,30.4,0.46,33.22,29.9,0
1779285655633,1669,UAS-02,311.6,18.88,22.40,3.53,20.40,21.5,0.990,1,1,30.5,0.00,33.30,30.0,0
1779285655667,1670,GND-VEH-01,316.3,18.95,22.25,3.31,20.02,19.3,0.990,1,1,29.0,0.16,33.74,29.9,0
1779285655700,1671,PERSON-01,421.0,19.30,22.96,3.65,19.93,20.5,0.990,1,1,29.7,0.01,33.40,30.0,0
1779285655733,1672,UAS-01,537.9,19.10,22.26,3.16,19.71,20.0,0.990,1,1,30.1,0.00,33.85,29.9,0
1779285655767,1673,UAS-02,825.2,19.12,22.24,3.12,18.99,21.1,0.990,1,1,29.0,0.58,33.60,30.0,0
1779285655800,1674,GND-VEH-01,691.4,19.03,21.93,2.90,18.67,20.2,0.990,1,1,29.0,0.05,33.89,30.2,0
1779285655833,1675,PERSON-01,736.4,19.03,22.17,3.15,19.55,21.3,0.990,1,1,29.0,0.23,33.49,30.0,0
1779285655867,1676,UAS-01,609.2,18.83,21.95,3.12,19.64,19.7,0.983,1,1,29.1,0.33,33.73,30.1,0
1779285655900,1677,UAS-02,333.1,19.26,22.56,3.30,19.87,20.7,0.990,1,1,31.0,0.15,33.48,30.0,0
1779285655933,1678,GND-VEH-01,358.5,18.86,22.45,3.60,20.04,20.8,0.990,1,1,29.0,0.25,33.72,29.9,0
1779285655967,1679,PERSON-01,320.7,18.84,22.26,3.43,20.21,20.1,0.990,1,1,29.0,0.36,33.64,30.0,0
1779285656000,1680,UAS-01,875.6,19.29,22.26,2.97,19.00,21.4,0.990,1,1,29.2,0.20,33.51,30.1,0
1779285656033,1681,UAS-02,379.6,18.92,22.34,3.42,19.23,22.5,0.990,1,1,29.0,0.12,33.73,30.1,0
1779285656067,1682,GND-VEH-01,672.6,19.11,22.45,3.34,20.51,21.9,0.990,1,1,29.0,0.02,33.84,29.9,0
1779285656100,1683,PERSON-01,700.2,19.12,22.21,3.09,19.97,19.8,0.990,1,1,30.8,0.13,33.43,30.0,0
1779285656133,1684,UAS-01,576.2,19.29,22.62,3.34,20.64,19.6,0.980,1,1,30.5,0.07,33.50,30.0,0
1779285656167,1685,UAS-02,470.9,19.09,22.42,3.33,19.65,22.2,0.990,1,1,29.0,0.17,33.74,30.0,0
1779285656200,1686,GND-VEH-01,593.8,18.68,21.74,3.05,19.30,22.2,0.990,1,1,30.5,0.09,33.66,30.1,0
1779285656233,1687,PERSON-01,442.8,18.97,22.40,3.43,19.75,22.1,0.987,1,1,29.0,0.18,33.62,30.0,0
1779285656267,1688,UAS-01,319.6,18.90,22.15,3.25,20.05,20.7,0.990,1,1,29.0,0.17,33.75,30.0,0
1779285656300,1689,UAS-02,326.2,18.82,21.86,3.04,18.68,21.8,0.990,1,1,29.4,0.34,33.39,29.9,0
1779285656333,1690,GND-VEH-01,339.9,18.90,22.54,3.65,19.97,21.3,0.990,1,1,30.5,0.00,33.51,29.8,0
1779285656367,1691,PERSON-01,445.6,19.24,22.77,3.53,20.38,20.8,0.990,1,1,29.0,0.25,33.64,29.9,0
1779285656400,1692,UAS-01,594.0,19.12,22.15,3.03,19.72,22.2,0.990,1,1,31.4,0.40,33.60,29.9,0
1779285656433,1693,UAS-02,542.7,18.89,22.15,3.27,20.00,21.2,0.990,1,1,30.6,0.02,33.70,30.0,0
1779285656467,1694,GND-VEH-01,365.2,18.85,21.81,2.96,19.33,21.6,0.985,1,1,29.0,0.01,34.10,30.0,0
1779285656500,1695,PERSON-01,470.5,18.90,22.20,3.30,20.78,20.3,0.965,1,1,31.3,0.18,33.79,30.1,0
1779285656533,1696,UAS-01,429.3,18.99,22.32,3.33,19.18,21.6,0.983,1,1,29.0,0.36,33.80,30.0,0
1779285656567,1697,UAS-02,391.1,18.92,22.51,3.58,19.54,20.0,0.990,1,1,29.0,0.27,33.37,30.1,0
1779285656600,1698,GND-VEH-01,405.0,19.12,22.49,3.38,19.90,19.5,0.990,1,1,29.0,0.17,33.91,30.1,0
1779285656633,1699,PERSON-01,657.8,19.13,22.43,3.30,19.26,22.1,0.990,1,1,29.8,0.26,33.47,30.0,0
1779285656667,1700,UAS-01,589.0,19.02,22.25,3.23,19.82,20.7,0.990,1,1,29.0,0.38,33.39,30.0,0
1779285656700,1701,UAS-02,434.0,18.89,22.17,3.28,19.97,20.9,0.990,1,1,29.0,0.05,33.52,30.1,0
1779285656733,1702,GND-VEH-01,564.0,18.98,22.37,3.39,20.46,21.3,0.990,1,1,29.0,0.07,33.83,29.9,0
1779285656767,1703,PERSON-01,522.5,18.86,21.88,3.02,19.37,21.3,0.990,1,1,30.2,0.50,33.39,30.1,0
1779285656800,1704,UAS-01,603.8,18.92,22.45,3.53,20.37,19.8,0.990,1,1,30.4,0.14,33.27,30.1,0
1779285656833,1705,UAS-02,539.3,19.14,22.52,3.38,19.96,19.4,0.971,1,1,31.9,0.06,33.69,29.9,0
1779285656867,1706,GND-VEH-01,366.0,18.91,22.49,3.58,20.25,20.2,0.990,1,1,29.0,0.24,33.73,30.1,0
1779285656900,1707,PERSON-01,819.5,18.95,22.44,3.50,20.64,20.9,0.970,1,1,29.2,0.30,33.57,29.9,0
1779285656933,1708,UAS-01,556.6,19.16,22.39,3.23,19.48,19.0,0.990,1,1,29.0,0.02,33.53,29.7,0
1779285656967,1709,UAS-02,444.7,18.77,22.12,3.35,19.58,21.1,0.990,1,1,29.0,0.02,33.89,29.9,0
1779285657000,1710,GND-VEH-01,758.7,18.88,21.95,3.07,19.17,20.4,0.990,1,1,30.7,0.06,33.74,30.0,0
1779285657033,1711,PERSON-01,545.7,18.87,22.14,3.27,18.99,23.0,0.981,1,1,33.7,0.16,33.76,30.1,0
1779285657067,1712,UAS-01,466.2,18.87,22.19,3.31,19.51,22.4,0.990,1,1,31.0,0.02,33.76,30.0,0
1779285657100,1713,UAS-02,326.0,18.87,22.01,3.14,18.75,21.2,0.990,1,1,30.7,0.35,33.75,30.1,0
1779285657133,1714,GND-VEH-01,786.0,19.14,21.89,2.76,18.98,21.8,0.990,1,1,29.0,0.53,33.84,30.0,0
1779285657167,1715,PERSON-01,363.0,18.75,22.11,3.37,20.23,21.4,0.990,1,1,30.3,0.04,34.17,30.0,0
1779285657200,1716,UAS-01,391.1,19.09,22.49,3.41,19.15,21.9,0.990,1,1,30.2,0.17,33.56,29.8,0
1779285657233,1717,UAS-02,597.5,18.90,22.27,3.37,19.30,20.9,0.990,1,1,29.0,0.09,33.35,30.1,0
1779285657267,1718,GND-VEH-01,720.0,18.92,22.01,3.09,19.43,19.3,0.990,1,1,29.0,0.68,33.46,30.0,0
1779285657300,1719,PERSON-01,762.7,19.06,22.46,3.40,19.91,19.3,0.990,1,1,30.7,0.07,33.62,30.1,0
1779285657333,1720,UAS-01,473.1,18.99,22.31,3.31,19.14,22.1,0.990,1,1,29.0,0.12,33.82,29.9,0
1779285657367,1721,UAS-02,373.0,19.09,22.06,2.98,19.02,20.0,0.990,1,1,29.3,0.10,33.86,30.0,0
1779285657400,1722,GND-VEH-01,383.8,18.85,22.03,3.19,19.58,22.3,0.990,1,1,29.0,0.23,34.31,30.0,0
1779285657433,1723,PERSON-01,597.2,19.08,22.24,3.16,19.29,22.5,0.990,1,1,29.7,0.41,33.63,30.2,0
1779285657467,1724,UAS-01,381.5,19.19,22.77,3.58,21.01,20.7,0.990,1,1,31.9,0.19,33.72,30.0,0
1779285657500,1725,UAS-02,360.9,19.19,22.54,3.35,19.88,21.2,0.990,1,1,31.0,0.33,34.09,30.2,0
1779285657533,1726,GND-VEH-01,473.8,18.77,21.84,3.06,19.09,19.7,0.974,1,1,29.0,0.22,33.73,30.0,0
1779285657567,1727,PERSON-01,542.6,19.14,22.24,3.10,19.12,22.1,0.990,1,1,29.9,0.01,34.20,29.9,0
1779285657600,1728,UAS-01,622.2,19.30,22.51,3.21,20.17,19.8,0.987,1,1,31.7,0.12,34.00,30.0,0
1779285657633,1729,UAS-02,795.9,18.96,22.09,3.13,19.49,20.9,0.990,1,1,29.0,0.55,33.57,30.0,0
1779285657667,1730,GND-VEH-01,530.7,19.28,22.28,3.00,19.12,21.6,0.990,1,1,29.0,0.17,33.32,30.0,0
1779285657700,1731,PERSON-01,698.1,18.99,22.16,3.18,18.67,21.6,0.990,1,1,29.0,0.24,33.59,30.1,0
1779285657733,1732,UAS-01,342.2,18.89,22.41,3.52,20.27,20.0,0.990,1,1,29.0,0.12,33.83,29.9,0
1779285657767,1733,UAS-02,534.4,19.09,22.23,3.13,18.97,21.3,0.990,1,1,29.0,0.57,33.97,29.9,0
1779285657800,1734,GND-VEH-01,448.2,18.98,22.49,3.51,20.51,21.8,0.990,1,1,29.0,0.17,34.24,30.2,0
1779285657833,1735,PERSON-01,472.1,18.95,22.38,3.43,20.35,21.5,0.960,1,1,29.0,0.17,33.72,29.9,0
1779285657867,1736,UAS-01,510.2,19.00,22.02,3.02,19.72,19.0,0.990,1,1,29.0,0.06,33.85,29.9,0
1779285657900,1737,UAS-02,554.8,19.00,22.44,3.44,19.31,21.6,0.990,1,1,29.8,0.27,33.73,30.0,0
1779285657933,1738,GND-VEH-01,420.6,18.87,22.55,3.68,20.15,21.4,0.990,1,1,30.5,0.43,34.28,30.1,0
1779285657967,1739,PERSON-01,564.9,19.09,22.35,3.26,19.08,20.1,0.981,1,1,29.2,0.12,34.16,30.0,0
1779285658000,1740,UAS-01,473.3,19.06,22.23,3.17,19.79,20.8,0.982,1,1,29.0,0.19,34.24,30.0,0
1779285658033,1741,UAS-02,915.6,18.83,22.17,3.34,19.71,21.8,0.990,1,1,30.4,0.28,33.88,30.0,0
1779285658067,1742,GND-VEH-01,484.0,18.85,22.01,3.16,19.37,20.4,0.990,1,1,29.0,0.44,33.87,30.0,0
1779285658100,1743,PERSON-01,579.8,19.12,22.10,2.98,19.79,20.1,0.968,1,1,29.0,0.03,33.25,29.9,0
1779285658133,1744,UAS-01,444.9,19.03,22.34,3.31,19.92,21.5,0.990,1,1,29.0,0.03,33.91,30.1,0
1779285658167,1745,UAS-02,495.2,19.05,22.47,3.42,20.52,20.2,0.990,1,1,29.0,0.03,33.72,30.0,0
1779285658200,1746,GND-VEH-01,433.1,18.75,22.23,3.48,19.77,22.1,0.990,1,1,29.0,0.34,33.87,30.1,0
1779285658233,1747,PERSON-01,625.7,19.00,22.30,3.29,19.59,21.4,0.981,1,1,30.8,0.15,33.84,30.0,0
1779285658267,1748,UAS-01,425.9,18.97,22.45,3.49,19.85,20.1,0.981,1,1,29.0,0.06,33.74,29.9,0
1779285658300,1749,UAS-02,892.9,18.94,21.73,2.80,18.52,20.6,0.990,1,1,31.2,0.05,34.16,29.9,0
1779285658333,1750,GND-VEH-01,443.0,18.91,22.06,3.15,20.13,19.7,0.990,1,1,30.7,0.45,34.33,30.0,0
1779285658367,1751,PERSON-01,605.5,19.13,22.07,2.94,18.95,20.0,0.978,1,1,29.0,0.27,33.85,29.9,0
1779285658400,1752,UAS-01,734.8,19.08,22.16,3.08,19.24,21.4,0.990,1,1,29.9,0.25,33.72,30.1,0
1779285658433,1753,UAS-02,353.8,18.89,22.26,3.38,19.82,20.5,0.990,1,1,30.5,0.22,33.98,30.0,0
1779285658467,1754,GND-VEH-01,500.0,18.97,22.17,3.20,19.54,20.7,0.990,1,1,31.5,0.21,33.67,30.1,0
1779285658500,1755,PERSON-01,406.6,18.94,22.32,3.38,19.46,20.6,0.990,1,1,29.0,0.12,33.87,29.9,0
1779285658533,1756,UAS-01,492.3,18.85,22.33,3.48,20.21,21.8,0.980,1,1,29.0,0.37,33.95,29.8,0
1779285658567,1757,UAS-02,422.1,18.94,22.50,3.56,20.41,20.7,0.990,1,1,29.0,0.14,33.58,29.8,0
1779285658600,1758,GND-VEH-01,727.1,18.82,22.01,3.19,20.11,20.6,0.987,1,1,29.0,0.04,33.85,30.0,0
1779285658633,1759,PERSON-01,308.4,19.30,22.78,3.48,19.93,21.2,0.966,1,1,32.2,0.57,33.47,29.9,0
1779285658667,1760,UAS-01,832.2,19.05,22.19,3.14,18.52,21.4,0.990,1,1,31.2,0.21,33.98,30.0,0
1779285658700,1761,UAS-02,616.5,18.85,22.06,3.21,18.95,20.9,0.990,1,1,29.0,0.40,33.76,30.0,0
1779285658733,1762,GND-VEH-01,375.7,19.09,22.22,3.13,19.08,20.9,0.990,1,1,29.0,0.06,33.71,30.1,0
1779285658767,1763,PERSON-01,617.9,18.98,22.28,3.30,19.71,22.0,0.990,1,1,29.0,0.09,33.79,29.9,0
1779285658800,1764,UAS-01,873.2,19.11,22.10,2.98,18.86,21.7,0.973,1,1,29.8,0.20,34.02,30.1,0
1779285658833,1765,UAS-02,400.4,19.00,22.27,3.28,18.84,20.7,0.990,1,1,29.6,0.13,34.08,30.1,0
1779285658867,1766,GND-VEH-01,304.4,19.21,22.51,3.30,19.55,21.4,0.990,1,1,29.0,0.01,34.02,30.0,0
1779285658900,1767,PERSON-01,366.3,19.02,22.46,3.44,19.65,19.7,0.990,1,1,29.9,0.36,33.87,29.9,0
1779285658933,1768,UAS-01,535.6,18.99,22.53,3.54,20.25,20.6,0.990,1,1,31.3,0.33,34.30,30.0,0
1779285658967,1769,UAS-02,497.1,18.98,22.04,3.07,19.62,19.5,0.990,1,1,30.1,0.18,34.04,30.2,0
1779285659000,1770,GND-VEH-01,420.6,19.00,22.12,3.12,19.46,21.5,0.972,1,1,30.5,0.26,33.42,30.2,0
1779285659033,1771,PERSON-01,314.2,18.89,22.32,3.43,19.40,21.7,0.987,1,1,29.0,0.05,33.84,29.8,0
1779285659067,1772,UAS-01,777.0,19.24,22.38,3.14,19.59,20.5,0.990,1,1,30.1,0.21,34.08,29.8,0
1779285659100,1773,UAS-02,618.9,18.78,21.97,3.19,19.88,19.9,0.990,1,1,29.0,0.11,33.80,30.0,0
1779285659133,1774,GND-VEH-01,538.1,19.15,22.40,3.25,19.84,21.8,0.990,1,1,29.0,0.28,33.96,29.9,0
1779285659167,1775,PERSON-01,326.8,19.13,22.64,3.52,19.67,21.9,0.985,1,1,30.2,0.01,33.95,30.1,0
1779285659200,1776,UAS-01,657.6,19.02,22.23,3.21,19.25,21.2,0.990,1,1,29.0,0.15,34.21,30.0,0
1779285659233,1777,UAS-02,767.9,19.02,22.42,3.40,19.39,20.2,0.987,1,1,29.0,0.11,34.30,29.9,0
1779285659267,1778,GND-VEH-01,644.0,19.25,22.38,3.13,20.20,20.5,0.990,1,1,31.3,0.29,33.93,29.9,0
1779285659300,1779,PERSON-01,631.9,19.12,22.17,3.05,18.84,21.5,0.990,1,1,29.0,0.09,33.93,30.1,0
1779285659333,1780,UAS-01,305.3,19.09,22.73,3.64,19.54,21.9,0.990,1,1,29.0,0.18,34.24,30.1,0
1779285659367,1781,UAS-02,304.3,19.03,22.47,3.44,20.08,22.2,0.990,1,1,29.5,0.19,34.31,29.9,0
1779285659400,1782,GND-VEH-01,551.1,19.03,22.19,3.16,19.67,19.2,0.990,1,1,29.0,0.32,33.66,30.1,0
1779285659433,1783,PERSON-01,766.3,19.12,22.36,3.24,19.35,21.2,0.965,1,1,29.0,0.01,33.98,30.0,0
1779285659467,1784,UAS-01,393.5,18.92,22.28,3.36,20.25,20.7,0.990,1,1,29.0,0.22,33.70,30.0,0
1779285659500,1785,UAS-02,385.8,19.11,22.29,3.18,20.03,21.5,0.990,1,1,29.0,0.17,33.48,30.1,0
1779285659533,1786,GND-VEH-01,328.1,18.96,22.43,3.47,19.11,22.0,0.978,1,1,30.2,0.12,33.95,30.0,0
1779285659567,1787,PERSON-01,399.0,18.88,22.62,3.74,20.37,22.1,0.990,1,1,29.6,0.00,33.82,30.0,0
1779285659600,1788,UAS-01,566.2,19.03,22.41,3.39,19.63,20.5,0.976,1,1,29.0,0.20,33.88,30.1,0
1779285659633,1789,UAS-02,333.3,18.87,22.14,3.27,19.89,20.4,0.989,1,1,29.6,0.45,33.63,30.1,0
1779285659667,1790,GND-VEH-01,702.1,18.87,22.43,3.57,19.78,22.6,0.990,1,1,29.0,0.02,34.12,29.9,0
1779285659700,1791,PERSON-01,467.9,18.96,22.29,3.32,19.37,20.6,0.990,1,1,33.0,0.17,34.00,29.9,0
1779285659733,1792,UAS-01,531.3,18.99,22.46,3.47,19.65,20.5,0.990,1,1,29.7,0.27,34.44,29.8,0
1779285659767,1793,UAS-02,407.8,19.13,22.53,3.39,19.69,20.3,0.990,1,1,29.0,0.09,33.82,30.0,0
1779285659800,1794,GND-VEH-01,545.8,19.06,22.26,3.20,20.08,20.0,0.990,1,1,29.0,0.04,33.72,29.9,0
1779285659833,1795,PERSON-01,301.3,18.91,22.26,3.35,19.39,19.2,0.990,1,1,30.7,0.40,34.14,30.0,0
1779285659867,1796,UAS-01,828.2,18.88,21.67,2.80,19.26,20.8,0.985,1,1,30.5,0.27,34.04,30.1,0
1779285659900,1797,UAS-02,449.8,18.86,22.34,3.48,19.51,21.3,0.990,1,1,29.0,0.19,33.75,30.1,0
1779285659933,1798,GND-VEH-01,351.3,19.07,22.61,3.54,19.67,20.7,0.990,1,1,30.0,0.16,34.00,30.0,0
1779285659967,1799,PERSON-01,493.5,18.76,22.20,3.44,20.05,20.9,0.990,1,1,29.7,0.47,33.74,29.8,0
