timestamp,frame_id,target_id,range_m,ambient_temp_c,target_temp_c,delta_t_c,snr_db,netd_mk,detection_confidence,detected,classified,classification_latency_ms,track_error_m,sensor_temp_c,frame_rate_hz,dropped_frame
1779285600000,0,UAS-01,428.6,19.08,22.44,3.36,21.52,17.5,0.989,1,1,27.1,0.10,28.24,30.0,0
1779285600033,1,UAS-02,413.6,19.18,22.88,3.70,21.80,19.2,0.990,1,1,27.0,0.17,28.14,30.0,0
1779285600067,2,GND-VEH-01,391.3,18.71,22.30,3.59,21.06,17.7,0.990,1,1,27.0,0.19,28.43,30.1,0
1779285600100,3,PERSON-01,515.5,18.79,22.15,3.36,21.76,18.2,0.990,1,1,27.0,0.29,28.03,30.1,0
1779285600133,4,UAS-01,366.5,18.86,22.70,3.85,21.29,19.5,0.990,1,1,31.3,0.04,28.23,29.9,0
1779285600167,5,UAS-02,608.1,18.78,22.18,3.41,20.83,18.2,0.990,1,1,27.0,0.04,27.93,29.9,0
1779285600200,6,GND-VEH-01,416.3,19.02,22.48,3.46,21.45,18.9,0.981,1,1,27.0,0.40,28.22,29.9,0
1779285600233,7,PERSON-01,340.7,18.96,22.23,3.27,21.51,16.8,0.990,1,1,27.0,0.59,27.92,29.9,0
1779285600267,8,UAS-01,774.5,19.11,22.74,3.63,21.55,17.1,0.990,1,1,27.3,0.43,27.80,30.0,0
1779285600300,9,UAS-02,408.2,18.93,22.78,3.85,21.83,18.6,0.982,1,1,28.6,0.31,27.89,30.2,0
1779285600333,10,GND-VEH-01,461.0,19.03,22.75,3.72,22.83,17.2,0.990,1,1,27.8,0.08,28.33,30.0,0
1779285600367,11,PERSON-01,754.1,18.73,22.15,3.42,21.04,18.1,0.990,1,1,27.5,0.28,28.22,29.9,0
1779285600400,12,UAS-01,733.9,19.03,22.41,3.38,20.77,18.2,0.990,1,1,27.4,0.05,27.62,30.1,0
1779285600433,13,UAS-02,494.0,19.19,22.41,3.23,20.50,17.2,0.990,1,1,27.0,0.09,28.03,30.0,0
1779285600467,14,GND-VEH-01,539.2,19.21,22.49,3.27,21.03,17.7,0.990,1,1,28.5,0.03,27.75,30.0,0
1779285600500,15,PERSON-01,447.2,19.19,22.44,3.25,20.72,18.2,0.990,1,1,29.1,0.14,28.21,29.9,0
1779285600533,16,UAS-01,701.5,19.11,22.69,3.59,21.49,17.8,0.990,1,1,27.0,0.05,27.90,30.1,0
1779285600567,17,UAS-02,338.6,19.19,22.64,3.45,20.81,18.0,0.990,1,1,27.8,0.08,27.70,29.9,0
1779285600600,18,GND-VEH-01,300.2,19.26,22.93,3.66,21.37,17.0,0.984,1,1,27.5,0.06,28.10,30.0,0
1779285600633,19,PERSON-01,319.1,18.89,22.29,3.40,21.61,17.6,0.990,1,1,27.0,0.12,27.92,29.9,0
1779285600667,20,UAS-01,378.9,18.77,22.52,3.74,21.69,18.6,0.990,1,1,28.2,0.26,28.34,30.0,0
1779285600700,21,UAS-02,341.0,19.22,22.69,3.47,21.30,18.2,0.990,1,1,27.0,0.37,28.10,30.0,0
1779285600733,22,GND-VEH-01,448.6,19.37,23.09,3.72,21.45,18.9,0.990,1,1,27.0,0.05,28.01,30.0,0
1779285600767,23,PERSON-01,320.5,18.98,22.36,3.39,20.46,17.7,0.990,1,1,27.0,0.11,28.24,30.0,0
1779285600800,24,UAS-01,530.6,19.20,22.40,3.20,21.07,18.0,0.990,1,1,29.4,0.41,28.13,30.0,0
1779285600833,25,UAS-02,528.8,19.14,22.76,3.62,20.89,19.1,0.990,1,1,27.8,0.04,28.30,29.9,0
1779285600867,26,GND-VEH-01,414.5,18.91,22.18,3.27,20.51,18.8,0.990,1,1,27.0,0.05,28.39,29.9,0
1779285600900,27,PERSON-01,603.3,18.98,22.43,3.45,22.60,16.1,0.990,1,1,27.0,0.16,28.14,29.8,0
1779285600933,28,UAS-01,632.3,18.88,22.36,3.47,21.29,17.5,0.990,1,1,27.0,0.08,28.36,29.8,0
1779285600967,29,UAS-02,680.8,18.59,22.00,3.40,21.73,18.9,0.990,1,1,27.0,0.08,28.05,30.2,0
1779285601000,30,GND-VEH-01,390.2,18.90,22.38,3.48,22.08,15.9,0.990,1,1,27.0,0.24,28.07,30.0,0
1779285601033,31,PERSON-01,314.3,18.94,22.59,3.66,21.13,18.4,0.990,1,1,28.2,0.42,28.18,29.9,0
1779285601067,32,UAS-01,586.2,18.90,22.41,3.51,20.23,19.3,0.990,1,1,27.0,0.33,27.96,29.8,0
1779285601100,33,UAS-02,742.0,19.08,22.45,3.37,21.47,16.9,0.982,1,1,27.0,0.41,27.87,30.0,0
1779285601133,34,GND-VEH-01,719.5,19.03,22.33,3.30,20.44,19.1,0.990,1,1,27.0,0.21,27.92,29.9,0
1779285601167,35,PERSON-01,375.3,19.02,22.50,3.48,22.18,16.6,0.982,1,1,28.1,0.16,28.08,30.1,0
1779285601200,36,UAS-01,506.7,18.99,22.27,3.28,20.49,18.3,0.990,1,1,27.0,0.30,28.08,30.0,0
1779285601233,37,UAS-02,302.8,19.09,22.56,3.47,21.59,17.6,0.987,1,1,27.0,0.31,28.08,30.1,0
1779285601267,38,GND-VEH-01,376.5,18.99,22.53,3.54,21.73,16.6,0.990,1,1,28.6,0.39,27.87,30.0,0
1779285601300,39,PERSON-01,664.3,19.10,22.63,3.53,21.45,17.7,0.989,1,1,27.4,0.02,27.72,30.2,0
1779285601333,40,UAS-01,436.8,19.09,22.56,3.47,20.95,19.1,0.989,1,1,27.0,0.10,27.94,30.0,0
1779285601367,41,UAS-02,562.3,18.88,22.04,3.17,19.83,17.0,0.979,1,1,27.0,0.28,27.84,30.1,0
1779285601400,42,GND-VEH-01,541.6,19.05,22.57,3.52,20.93,19.3,0.977,1,1,27.0,0.07,28.29,30.0,0
1779285601433,43,PERSON-01,439.5,19.05,22.44,3.39,20.36,17.7,0.984,1,1,27.0,0.07,28.41,30.0,0
1779285601467,44,UAS-01,482.7,19.13,22.56,3.42,21.40,18.3,0.990,1,1,27.0,0.31,28.37,30.1,0
1779285601500,45,UAS-02,485.5,18.82,22.51,3.69,21.86,16.9,0.976,1,1,28.0,0.37,28.03,30.0,0
1779285601533,46,GND-VEH-01,338.6,19.01,22.33,3.32,20.82,17.6,0.990,1,1,28.6,0.21,28.36,29.9,0
1779285601567,47,PERSON-01,508.7,18.93,22.20,3.27,21.13,18.2,0.990,1,1,27.0,0.14,27.65,30.0,0
1779285601600,48,UAS-01,558.3,19.11,22.43,3.32,20.93,18.5,0.990,1,1,29.1,0.10,27.96,30.1,0
1779285601633,49,UAS-02,387.5,18.95,22.60,3.65,22.20,18.3,0.975,1,1,27.0,0.46,27.93,30.0,0
1779285601667,50,GND-VEH-01,865.7,18.98,22.39,3.41,21.56,19.7,0.989,1,1,28.3,0.03,28.08,29.9,0
1779285601700,51,PERSON-01,353.7,18.74,21.96,3.21,21.15,17.1,0.990,1,1,27.0,0.18,28.32,29.9,0
1779285601733,52,UAS-01,400.7,19.15,22.60,3.45,20.52,19.4,0.979,1,1,27.3,0.18,28.03,30.0,0
1779285601767,53,UAS-02,511.2,19.15,22.49,3.34,20.51,18.1,0.990,1,1,27.4,0.20,27.94,30.0,0
1779285601800,54,GND-VEH-01,316.7,19.00,22.50,3.50,21.54,17.0,0.990,1,1,27.0,0.14,28.35,30.1,0
1779285601833,55,PERSON-01,413.8,18.96,22.03,3.08,20.41,17.1,0.975,1,1,27.9,0.09,27.82,29.9,0
1779285601867,56,UAS-01,543.0,18.82,22.44,3.62,22.43,17.0,0.990,1,1,27.1,0.10,28.46,29.9,0
1779285601900,57,UAS-02,418.6,19.18,22.44,3.26,20.93,18.0,0.978,1,1,27.0,0.09,28.29,30.0,0
1779285601933,58,GND-VEH-01,356.4,19.18,22.60,3.42,21.36,17.3,0.990,1,1,27.0,0.03,28.11,30.1,0
1779285601967,59,PERSON-01,393.1,19.08,22.23,3.14,21.28,17.8,0.990,1,1,27.0,0.02,28.20,30.0,0
1779285602000,60,UAS-01,431.5,19.08,22.42,3.34,21.82,17.9,0.990,1,1,27.0,0.24,28.18,30.1,0
1779285602033,61,UAS-02,350.9,19.08,22.39,3.30,21.56,17.9,0.972,1,1,27.0,0.11,27.89,29.9,0
1779285602067,62,GND-VEH-01,649.7,18.82,21.96,3.15,21.29,19.2,0.990,1,1,27.1,0.43,28.25,30.0,0
1779285602100,63,PERSON-01,611.7,18.79,22.51,3.72,21.87,16.5,0.989,1,1,27.0,0.25,27.83,30.0,0
1779285602133,64,UAS-01,853.4,18.98,22.14,3.16,21.60,18.9,0.990,1,1,29.5,0.08,28.31,29.9,0
1779285602167,65,UAS-02,370.6,19.34,22.89,3.54,22.30,17.8,0.990,1,1,29.9,0.37,28.27,30.1,0
1779285602200,66,GND-VEH-01,511.9,18.99,22.60,3.61,21.81,18.2,0.990,1,1,27.0,0.42,28.29,30.1,0
1779285602233,67,PERSON-01,724.4,18.80,22.32,3.52,21.30,18.9,0.990,1,1,27.0,0.34,27.95,30.2,0
1779285602267,68,UAS-01,382.4,19.06,22.79,3.72,22.33,18.7,0.990,1,1,27.0,0.38,28.26,30.1,0
1779285602300,69,UAS-02,387.2,19.38,22.94,3.57,21.06,16.9,0.990,1,1,27.7,0.04,28.43,29.9,0
1779285602333,70,GND-VEH-01,490.2,18.92,22.38,3.46,20.94,18.2,0.990,1,1,27.8,0.05,28.04,29.9,0
1779285602367,71,PERSON-01,613.1,19.00,22.66,3.66,22.09,17.8,0.990,1,1,27.5,0.22,28.34,30.0,0
1779285602400,72,UAS-01,403.4,19.15,22.49,3.33,20.72,18.2,0.990,1,1,28.5,0.27,28.29,30.0,0
1779285602433,73,UAS-02,590.9,19.03,22.52,3.49,21.58,18.6,0.986,1,1,27.0,0.15,28.12,30.0,0
1779285602467,74,GND-VEH-01,711.1,18.80,22.36,3.55,20.61,18.3,0.990,1,1,30.1,0.06,28.25,29.9,0
1779285602500,75,PERSON-01,358.8,19.02,22.72,3.70,20.74,18.2,0.990,1,1,27.0,0.10,27.72,30.0,0
1779285602533,76,UAS-01,311.8,19.02,22.47,3.46,21.43,18.1,0.980,1,1,27.0,0.12,28.24,29.9,0
1779285602567,77,UAS-02,366.5,18.86,22.15,3.28,20.68,18.2,0.990,1,1,27.0,0.06,28.18,29.9,0
1779285602600,78,GND-VEH-01,433.4,19.05,22.47,3.42,20.61,18.4,0.990,1,1,27.0,0.11,27.91,30.1,0
1779285602633,79,PERSON-01,673.0,19.03,22.09,3.06,20.66,19.1,0.975,1,1,27.0,0.00,28.07,30.1,0
1779285602667,80,UAS-01,493.2,18.99,22.32,3.33,20.08,19.8,0.990,1,1,27.9,0.06,28.20,30.0,0
1779285602700,81,UAS-02,456.9,19.22,22.76,3.54,21.20,18.3,0.990,1,1,27.0,0.20,28.25,30.0,0
1779285602733,82,GND-VEH-01,716.8,18.79,22.26,3.47,21.05,17.3,0.990,1,1,30.6,0.20,28.19,29.9,0
1779285602767,83,PERSON-01,853.2,18.86,22.23,3.38,21.14,17.8,0.990,1,1,29.4,0.23,27.99,30.0,0
1779285602800,84,UAS-01,487.7,19.20,22.94,3.74,21.85,18.7,0.990,1,1,27.0,0.28,28.06,30.1,0
1779285602833,85,UAS-02,852.5,19.07,22.33,3.26,21.26,16.2,0.990,1,1,27.0,0.23,28.10,30.0,0
1779285602867,86,GND-VEH-01,533.4,19.08,22.32,3.24,21.72,18.3,0.975,1,1,28.4,0.19,28.10,30.0,0
1779285602900,87,PERSON-01,424.7,19.10,22.79,3.69,21.74,18.5,0.990,1,1,27.0,0.04,27.90,29.9,0
1779285602933,88,UAS-01,394.7,19.12,22.60,3.48,21.96,18.4,0.986,1,1,29.4,0.07,28.54,30.0,0
1779285602967,89,UAS-02,489.0,18.86,22.09,3.24,20.63,18.4,0.966,1,1,28.6,0.11,28.17,30.0,0
1779285603000,90,GND-VEH-01,373.1,19.10,22.92,3.81,22.22,16.1,0.990,1,1,27.0,0.48,28.10,29.8,0
1779285603033,91,PERSON-01,510.8,18.86,22.36,3.50,21.93,18.0,0.990,1,1,27.0,0.32,28.15,30.0,0
1779285603067,92,UAS-01,326.8,18.90,22.49,3.58,21.34,16.6,0.987,1,1,28.6,0.17,27.78,30.0,0
1779285603100,93,UAS-02,693.8,19.28,22.77,3.49,20.80,18.4,0.981,1,1,27.0,0.07,28.38,30.0,0
1779285603133,94,GND-VEH-01,486.2,18.85,22.33,3.48,21.17,18.0,0.990,1,1,27.0,0.48,28.29,29.9,0
1779285603167,95,PERSON-01,470.9,19.16,22.87,3.71,21.71,18.8,0.990,1,1,29.9,0.41,28.19,30.0,0
1779285603200,96,UAS-01,595.6,19.21,22.71,3.50,21.68,18.4,0.990,1,1,27.0,0.31,28.03,30.1,0
1779285603233,97,UAS-02,462.2,18.80,22.67,3.87,21.90,18.3,0.985,1,1,27.0,0.19,28.33,30.0,0
1779285603267,98,GND-VEH-01,455.9,19.14,22.59,3.45,21.35,18.6,0.990,1,1,27.0,0.21,27.96,29.9,0
1779285603300,99,PERSON-01,501.4,18.99,22.44,3.44,21.75,16.6,0.990,1,1,27.0,0.01,27.65,29.9,0
1779285603333,100,UAS-01,538.5,19.00,22.46,3.46,21.97,17.1,0.990,1,1,27.0,0.21,28.14,30.1,0
1779285603367,101,UAS-02,627.7,19.13,22.44,3.31,20.90,18.9,0.990,1,1,27.0,0.13,28.33,29.9,0
1779285603400,102,GND-VEH-01,504.0,19.12,22.45,3.33,21.27,18.5,0.990,1,1,27.0,0.24,28.13,29.9,0
1779285603433,103,PERSON-01,912.1,19.03,22.39,3.36,20.81,19.0,0.990,1,1,28.2,0.35,27.88,30.2,0
1779285603467,104,UAS-01,480.9,19.14,22.68,3.54,21.05,17.9,0.990,1,1,27.0,0.14,28.33,29.9,0
1779285603500,105,UAS-02,591.2,19.02,22.22,3.20,20.21,17.9,0.990,1,1,27.0,0.01,27.97,30.0,0
1779285603533,106,GND-VEH-01,358.6,18.92,22.33,3.41,21.48,16.5,0.990,1,1,27.0,0.03,28.08,29.9,0
1779285603567,107,PERSON-01,481.5,18.72,22.07,3.35,20.93,18.1,0.990,1,1,27.8,0.16,28.06,29.9,0
1779285603600,108,UAS-01,465.1,19.30,22.85,3.55,21.28,19.1,0.990,1,1,28.7,0.16,28.21,30.0,0
1779285603633,109,UAS-02,566.3,19.31,23.03,3.72,22.09,16.9,0.990,1,1,28.4,0.04,28.22,30.0,0
1779285603667,110,GND-VEH-01,531.7,18.89,22.69,3.80,21.95,17.7,0.990,1,1,27.0,0.07,28.06,30.0,0
1779285603700,111,PERSON-01,353.3,18.80,22.41,3.61,22.02,18.5,0.990,1,1,27.8,0.07,28.33,30.1,0
1779285603733,112,UAS-01,613.0,19.16,22.69,3.53,21.58,16.9,0.990,1,1,28.5,0.07,28.26,30.1,0
1779285603767,113,UAS-02,789.0,18.93,22.28,3.34,22.00,17.4,0.988,1,1,28.4,0.23,27.60,30.0,0
1779285603800,114,GND-VEH-01,518.3,18.87,21.96,3.08,20.95,18.9,0.990,1,1,27.0,0.34,28.26,30.1,0
1779285603833,115,PERSON-01,483.6,18.80,22.34,3.54,20.99,18.3,0.989,1,1,27.0,0.30,28.14,29.8,0
1779285603867,116,UAS-01,304.5,19.00,22.37,3.37,21.41,17.8,0.990,1,1,30.5,0.11,28.42,29.9,0
1779285603900,117,UAS-02,837.5,18.96,22.51,3.55,22.01,18.7,0.990,1,1,27.1,0.33,28.52,30.0,0
1779285603933,118,GND-VEH-01,500.0,19.01,22.70,3.68,21.49,17.7,0.990,1,1,27.0,0.10,28.21,30.0,0
1779285603967,119,PERSON-01,541.9,18.99,22.20,3.21,21.27,17.5,0.990,1,1,27.0,0.10,28.58,30.0,0
1779285604000,120,UAS-01,578.9,19.01,22.19,3.18,20.61,17.8,0.990,1,1,27.0,0.03,28.22,30.2,0
1779285604033,121,UAS-02,479.1,18.92,22.42,3.50,21.52,18.1,0.990,1,1,30.5,0.13,27.75,29.9,0
1779285604067,122,GND-VEH-01,645.9,19.30,22.60,3.30,21.87,16.9,0.990,1,1,27.0,0.19,28.33,30.1,0
1779285604100,123,PERSON-01,561.7,18.94,22.47,3.53,21.28,17.6,0.990,1,1,27.0,0.17,27.89,30.1,0
1779285604133,124,UAS-01,637.9,18.85,22.06,3.21,20.68,17.6,0.990,1,1,27.4,0.07,28.10,29.9,0
1779285604167,125,UAS-02,651.6,18.85,22.54,3.69,21.29,18.3,0.987,1,1,28.0,0.12,28.50,30.0,0
1779285604200,126,GND-VEH-01,330.0,18.97,22.26,3.29,21.03,17.4,0.990,1,1,29.4,0.28,28.42,30.1,0
1779285604233,127,PERSON-01,307.9,19.15,22.98,3.84,22.59,15.9,0.980,1,1,27.0,0.08,28.23,30.1,0
1779285604267,128,UAS-01,493.5,19.18,22.70,3.51,20.90,17.6,0.983,1,1,27.0,0.02,28.35,30.1,0
1779285604300,129,UAS-02,460.3,19.03,22.40,3.37,20.50,19.1,0.990,1,1,30.8,0.37,28.30,30.1,0
1779285604333,130,GND-VEH-01,414.5,19.00,22.54,3.54,21.25,18.5,0.990,1,1,28.1,0.27,28.05,30.0,0
1779285604367,131,PERSON-01,321.2,18.98,22.61,3.63,22.31,16.1,0.990,1,1,27.0,0.03,28.56,30.0,0
1779285604400,132,UAS-01,402.6,19.08,22.45,3.36,21.40,16.3,0.990,1,1,29.4,0.31,27.98,30.0,0
1779285604433,133,UAS-02,510.3,18.97,22.39,3.42,22.13,18.8,0.990,1,1,27.0,0.05,28.53,30.0,0
1779285604467,134,GND-VEH-01,354.2,18.74,21.97,3.23,20.47,18.7,0.990,1,1,27.0,0.22,28.20,30.0,0
1779285604500,135,PERSON-01,309.8,18.74,22.51,3.77,21.78,18.3,0.990,1,1,27.0,0.23,28.24,30.2,0
1779285604533,136,UAS-01,353.9,18.98,22.80,3.82,22.31,17.2,0.985,1,1,27.0,0.15,27.96,30.1,0
1779285604567,137,UAS-02,704.2,19.13,22.69,3.56,21.38,18.7,0.990,1,1,27.0,0.35,28.52,30.0,0
1779285604600,138,GND-VEH-01,799.1,19.26,23.00,3.73,21.04,19.3,0.990,1,1,30.9,0.07,28.33,30.0,0
1779285604633,139,PERSON-01,884.9,18.77,21.93,3.16,21.31,16.9,0.986,1,1,27.3,0.36,28.22,30.1,0
1779285604667,140,UAS-01,612.9,18.91,22.50,3.59,22.05,18.0,0.990,1,1,27.1,0.23,28.15,30.1,0
1779285604700,141,UAS-02,364.6,18.79,22.64,3.85,21.95,18.0,0.990,1,1,27.0,0.15,28.31,29.9,0
1779285604733,142,GND-VEH-01,790.1,19.05,22.57,3.52,21.53,18.1,0.990,1,1,27.2,0.23,28.67,30.0,0
1779285604767,143,PERSON-01,596.8,19.09,22.32,3.23,20.57,18.5,0.990,1,1,27.1,0.25,28.33,30.2,0
1779285604800,144,UAS-01,525.9,19.21,22.56,3.35,21.34,18.6,0.990,1,1,28.7,0.37,28.18,30.1,0
1779285604833,145,UAS-02,921.9,18.95,22.36,3.42,21.51,18.2,0.990,1,1,27.0,0.01,28.32,30.0,0
1779285604867,146,GND-VEH-01,521.6,19.01,22.38,3.36,21.61,17.9,0.990,1,1,27.0,0.36,28.00,30.0,0
1779285604900,147,PERSON-01,634.4,19.03,22.45,3.41,20.64,18.2,0.990,1,1,27.0,0.03,27.83,30.0,0
1779285604933,148,UAS-01,430.1,18.77,22.17,3.40,21.03,16.9,0.990,1,1,27.0,0.06,28.58,29.9,0
1779285604967,149,UAS-02,362.9,19.01,22.72,3.71,21.30,18.4,0.990,1,1,27.0,0.01,28.47,30.2,0
1779285605000,150,GND-VEH-01,341.3,19.34,23.03,3.70,21.95,17.7,0.990,1,1,27.2,0.25,28.49,29.8,0
1779285605033,151,PERSON-01,305.8,19.09,22.83,3.74,21.09,17.2,0.989,1,1,27.0,0.25,28.58,29.9,0
1779285605067,152,UAS-01,623.1,18.94,22.37,3.43,20.76,17.5,0.990,1,1,27.0,0.01,28.34,30.0,0
1779285605100,153,UAS-02,437.8,19.07,22.22,3.15,21.02,18.5,0.987,1,1,27.0,0.02,28.38,30.0,0
1779285605133,154,GND-VEH-01,337.8,18.62,22.45,3.83,21.61,17.3,0.984,1,1,27.0,0.34,27.89,30.0,0
1779285605167,155,PERSON-01,538.3,18.97,22.42,3.45,21.04,18.7,0.990,1,1,27.0,0.53,28.46,30.1,0
1779285605200,156,UAS-01,558.1,19.03,22.26,3.24,20.52,18.1,0.990,1,1,31.2,0.27,27.97,30.0,0
1779285605233,157,UAS-02,648.7,19.03,22.76,3.73,21.56,17.5,0.990,1,1,27.0,0.24,28.32,30.0,0
1779285605267,158,GND-VEH-01,395.2,19.07,22.64,3.56,21.59,17.7,0.990,1,1,27.0,0.06,28.07,30.1,0
1779285605300,159,PERSON-01,360.6,18.88,22.58,3.70,21.11,18.6,0.990,1,1,27.0,0.25,28.55,30.2,0
1779285605333,160,UAS-01,632.4,19.07,22.54,3.46,20.99,18.2,0.990,1,1,27.0,0.14,28.38,30.1,0
1779285605367,161,UAS-02,477.0,18.96,22.70,3.75,20.89,18.3,0.990,1,1,27.6,0.26,28.39,30.0,0
1779285605400,162,GND-VEH-01,313.8,19.04,22.71,3.68,21.78,17.8,0.990,1,1,27.7,0.15,28.51,30.1,0
1779285605433,163,PERSON-01,442.0,19.35,22.88,3.53,21.68,18.2,0.990,1,1,27.0,0.16,28.34,30.2,0
1779285605467,164,UAS-01,608.7,18.94,22.01,3.06,20.61,17.8,0.990,1,1,27.2,0.60,27.95,30.1,0
1779285605500,165,UAS-02,353.0,18.82,22.39,3.57,21.04,18.1,0.979,1,1,29.1,0.50,28.27,29.9,0
1779285605533,166,GND-VEH-01,377.5,18.99,22.53,3.54,21.49,17.2,0.990,1,1,27.0,0.36,28.72,29.9,0
1779285605567,167,PERSON-01,526.5,19.01,22.40,3.38,20.43,17.2,0.973,1,1,27.0,0.14,28.20,30.1,0
1779285605600,168,UAS-01,302.9,18.87,22.22,3.35,21.42,18.4,0.990,1,1,27.0,0.23,28.12,30.0,0
1779285605633,169,UAS-02,732.4,18.76,22.45,3.68,21.20,18.0,0.990,1,1,27.4,0.34,28.15,30.0,0
1779285605667,170,GND-VEH-01,581.5,18.95,22.63,3.68,21.91,18.1,0.990,1,1,27.0,0.06,28.11,29.9,0
1779285605700,171,PERSON-01,442.5,18.72,22.04,3.32,21.65,19.0,0.978,1,1,27.0,0.13,28.59,30.1,0
1779285605733,172,UAS-01,472.5,18.87,22.28,3.41,20.82,16.6,0.990,1,1,27.0,0.30,28.50,30.0,0
1779285605767,173,UAS-02,389.1,19.17,22.51,3.34,20.88,18.2,0.990,1,1,27.3,0.12,28.55,30.0,0
1779285605800,174,GND-VEH-01,327.3,18.94,22.71,3.77,21.93,18.8,0.985,1,1,27.0,0.06,28.07,29.9,0
1779285605833,175,PERSON-01,460.7,18.98,22.40,3.42,20.89,17.7,0.965,1,1,28.9,0.04,28.49,29.9,0
1779285605867,176,UAS-01,480.8,19.14,22.68,3.54,21.62,17.8,0.990,1,1,27.0,0.18,28.58,29.9,0
1779285605900,177,UAS-02,528.1,18.90,22.32,3.42,20.35,17.9,0.990,1,1,27.0,0.05,28.23,30.1,0
1779285605933,178,GND-VEH-01,523.1,19.17,22.39,3.22,20.50,18.0,0.978,1,1,27.0,0.06,28.04,30.1,0
1779285605967,179,PERSON-01,864.7,19.08,22.28,3.21,20.91,17.7,0.990,1,1,27.8,0.07,28.56,30.1,0
1779285606000,180,UAS-01,320.4,18.74,22.35,3.61,22.00,17.6,0.990,1,1,27.0,0.16,28.20,29.8,0
1779285606033,181,UAS-02,355.8,18.97,22.43,3.46,20.91,18.6,0.990,1,1,28.2,0.09,28.17,30.0,0
1779285606067,182,GND-VEH-01,334.7,18.76,22.60,3.85,21.49,19.0,0.989,1,1,27.0,0.10,28.48,30.1,0
1779285606100,183,PERSON-01,369.7,19.01,22.41,3.40,21.20,17.7,0.990,1,1,27.0,0.12,28.27,30.1,0
1779285606133,184,UAS-01,342.6,19.23,22.64,3.40,20.88,19.4,0.990,1,1,27.0,0.02,28.56,30.0,0
1779285606167,185,UAS-02,743.5,18.90,22.10,3.20,20.95,17.4,0.990,1,1,27.0,0.30,28.42,29.9,0
1779285606200,186,GND-VEH-01,309.2,18.95,22.32,3.37,21.47,16.0,0.990,1,1,27.0,0.15,27.89,30.0,0
1779285606233,187,PERSON-01,717.5,18.92,22.41,3.49,21.10,18.9,0.990,1,1,27.0,0.10,28.75,30.0,0
1779285606267,188,UAS-01,563.4,18.97,22.55,3.58,21.61,19.7,0.990,1,1,27.0,0.05,28.45,30.0,0
1779285606300,189,UAS-02,389.8,19.06,22.34,3.29,20.82,18.2,0.990,1,1,27.0,0.09,28.39,30.1,0
1779285606333,190,GND-VEH-01,330.8,18.99,22.42,3.43,21.08,17.2,0.990,1,1,27.0,0.12,28.08,30.0,0
1779285606367,191,PERSON-01,714.3,18.94,22.28,3.34,20.91,18.9,0.985,1,1,27.0,0.17,28.04,29.9,0
1779285606400,192,UAS-01,310.5,19.05,22.93,3.88,21.98,18.6,0.990,1,1,27.0,0.27,28.24,29.9,0
1779285606433,193,UAS-02,714.8,19.03,22.64,3.61,21.38,17.1,0.990,1,1,28.3,0.18,28.35,30.0,0
1779285606467,194,GND-VEH-01,364.8,19.04,22.61,3.56,21.90,18.0,0.988,1,1,27.4,0.14,28.37,30.1,0
1779285606500,195,PERSON-01,363.9,18.99,22.28,3.29,21.50,19.0,0.990,1,1,27.0,0.33,28.26,30.1,0
1779285606533,196,UAS-01,585.0,18.89,22.03,3.14,20.88,18.0,0.990,1,1,27.0,0.09,28.49,30.0,0
1779285606567,197,UAS-02,492.5,19.07,22.52,3.45,20.77,17.5,0.990,1,1,28.9,0.14,28.49,30.0,0
1779285606600,198,GND-VEH-01,374.0,18.73,22.27,3.54,21.22,17.1,0.990,1,1,27.0,0.46,28.43,29.8,0
1779285606633,199,PERSON-01,387.9,18.86,22.71,3.85,22.62,17.4,0.990,1,1,27.7,0.08,28.72,30.0,0
1779285606667,200,UAS-01,741.5,19.20,22.42,3.22,21.18,17.6,0.990,1,1,29.2,0.09,28.60,29.9,0
1779285606700,201,UAS-02,419.5,19.06,22.43,3.37,20.96,19.2,0.978,1,1,29.3,0.06,28.46,30.0,0
1779285606733,202,GND-VEH-01,550.8,19.12,22.33,3.21,20.34,18.2,0.990,1,1,27.0,0.04,28.21,30.0,0
1779285606767,203,PERSON-01,357.8,18.95,22.22,3.27,21.16,18.2,0.990,1,1,29.2,0.33,27.99,30.0,0
1779285606800,204,UAS-01,621.1,18.93,22.24,3.30,20.43,19.0,0.990,1,1,28.2,0.12,28.14,30.1,0
1779285606833,205,UAS-02,458.2,19.03,22.57,3.53,21.67,19.1,0.970,1,1,27.0,0.42,28.48,30.1,0
1779285606867,206,GND-VEH-01,518.1,19.02,22.56,3.55,21.36,18.2,0.990,1,1,28.2,0.09,28.50,30.0,0
1779285606900,207,PERSON-01,781.3,18.87,22.09,3.22,21.32,17.4,0.990,1,1,27.0,0.06,28.48,30.1,0
1779285606933,208,UAS-01,546.4,18.76,22.31,3.55,21.29,19.0,0.989,1,1,27.0,0.05,28.32,30.0,0
1779285606967,209,UAS-02,415.7,18.99,22.60,3.61,20.91,17.8,0.990,1,1,30.4,0.39,28.46,30.0,0
1779285607000,210,GND-VEH-01,615.2,18.63,22.06,3.43,20.84,18.4,0.990,1,1,27.0,0.04,28.55,30.0,0
1779285607033,211,PERSON-01,423.2,18.72,22.34,3.62,21.96,18.6,0.990,1,1,27.6,0.24,28.23,30.1,0
1779285607067,212,UAS-01,635.3,18.97,22.41,3.44,21.14,18.7,0.990,1,1,28.3,0.06,28.44,30.0,0
1779285607100,213,UAS-02,340.6,19.06,22.72,3.65,21.27,17.4,0.990,1,1,29.4,0.01,27.72,29.9,0
1779285607133,214,GND-VEH-01,444.6,18.98,22.47,3.50,21.32,17.0,0.986,1,1,27.0,0.25,28.10,30.0,0
1779285607167,215,PERSON-01,594.8,18.89,22.08,3.19,20.68,17.0,0.976,1,1,28.0,0.16,28.16,30.2,0
1779285607200,216,UAS-01,482.8,19.07,22.29,3.22,21.00,18.3,0.990,1,1,27.8,0.44,27.91,30.0,0
1779285607233,217,UAS-02,454.0,19.00,22.60,3.60,21.39,19.4,0.975,1,1,27.9,0.01,28.18,30.1,0
1779285607267,218,GND-VEH-01,315.4,19.09,22.48,3.39,21.55,17.8,0.990,1,1,29.5,0.25,28.64,30.0,0
1779285607300,219,PERSON-01,517.1,19.20,22.61,3.41,20.91,17.4,0.990,1,1,27.0,0.02,28.63,29.9,0
1779285607333,220,UAS-01,503.2,18.93,22.65,3.71,21.84,18.2,0.990,1,1,27.7,0.19,28.21,29.9,0
1779285607367,221,UAS-02,563.1,19.16,22.39,3.23,20.22,18.6,0.990,1,1,29.0,0.45,28.21,29.9,0
1779285607400,222,GND-VEH-01,570.6,19.03,22.21,3.18,20.88,16.5,0.972,1,1,27.5,0.08,28.34,30.1,0
1779285607433,223,PERSON-01,592.9,19.23,23.07,3.84,22.55,16.7,0.986,1,1,27.4,0.29,28.81,30.0,0
1779285607467,224,UAS-01,485.2,18.97,22.30,3.33,21.44,17.7,0.990,1,1,27.0,0.13,28.15,30.1,0
1779285607500,225,UAS-02,446.2,19.13,22.61,3.49,21.77,17.6,0.969,1,1,27.4,0.14,27.98,30.0,0
1779285607533,226,GND-VEH-01,325.2,19.11,22.55,3.45,22.09,17.4,0.990,1,1,27.0,0.36,28.80,29.9,0
1779285607567,227,PERSON-01,365.6,18.85,22.05,3.20,20.35,19.1,0.990,1,1,27.9,0.24,28.16,29.9,0
1779285607600,228,UAS-01,303.8,18.88,22.55,3.67,21.44,18.8,0.976,1,1,27.0,0.12,28.35,30.0,0
1779285607633,229,UAS-02,489.6,18.93,22.21,3.27,20.96,19.4,0.990,1,1,27.3,0.16,28.34,30.0,0
1779285607667,230,GND-VEH-01,646.8,18.99,22.41,3.42,20.85,17.6,0.990,1,1,27.0,0.03,28.13,30.0,0
1779285607700,231,PERSON-01,682.3,18.92,22.48,3.55,21.52,19.3,0.990,1,1,27.0,0.25,28.39,29.9,0
1779285607733,232,UAS-01,372.7,18.99,22.63,3.64,21.59,18.4,0.990,1,1,27.0,0.02,28.71,30.2,0
1779285607767,233,UAS-02,420.2,18.98,22.58,3.60,21.29,18.9,0.984,1,1,28.2,0.03,28.44,30.0,0
1779285607800,234,GND-VEH-01,508.4,19.16,22.88,3.72,21.21,17.0,0.985,1,1,29.5,0.14,28.13,29.9,0
1779285607833,235,PERSON-01,593.9,19.08,22.54,3.45,21.53,18.1,0.990,1,1,27.3,0.41,28.35,29.9,0
1779285607867,236,UAS-01,325.6,19.03,22.40,3.37,21.47,17.5,0.990,1,1,28.2,0.04,28.36,30.0,0
1779285607900,237,UAS-02,636.8,19.06,22.45,3.39,21.27,17.9,0.990,1,1,27.0,0.33,28.29,29.8,0
1779285607933,238,GND-VEH-01,306.3,18.75,22.48,3.73,22.56,16.6,0.985,1,1,27.0,0.01,28.76,30.0,0
1779285607967,239,PERSON-01,562.2,18.97,22.17,3.19,21.31,18.5,0.990,1,1,27.0,0.05,28.29,30.0,0
1779285608000,240,UAS-01,438.5,18.96,22.53,3.56,22.16,18.3,0.990,1,1,27.0,0.02,28.14,30.0,0
1779285608033,241,UAS-02,435.4,19.08,22.48,3.40,20.97,18.0,0.990,1,1,27.0,0.08,28.50,30.0,0
1779285608067,242,GND-VEH-01,639.0,18.79,22.15,3.36,21.24,18.0,0.987,1,1,27.0,0.06,28.51,30.0,0
1779285608100,243,PERSON-01,309.2,18.81,22.37,3.56,21.55,17.6,0.974,1,1,28.4,0.10,28.38,30.0,0
1779285608133,244,UAS-01,464.4,18.89,22.20,3.31,20.74,17.7,0.989,1,1,29.1,0.02,28.08,30.0,0
1779285608167,245,UAS-02,389.8,18.83,22.00,3.17,20.54,16.8,0.990,1,1,27.0,0.36,28.15,30.1,0
1779285608200,246,GND-VEH-01,745.7,18.83,22.32,3.49,20.91,16.9,0.983,1,1,29.2,0.16,28.74,30.0,0
1779285608233,247,PERSON-01,326.6,18.97,22.46,3.49,21.27,16.9,0.990,1,1,27.0,0.50,28.31,29.8,0
1779285608267,248,UAS-01,684.0,18.84,22.04,3.20,20.43,19.5,0.990,1,1,27.1,0.04,28.75,29.9,0
1779285608300,249,UAS-02,487.9,18.77,22.00,3.24,20.69,19.4,0.990,1,1,27.0,0.51,28.53,30.1,0
1779285608333,250,GND-VEH-01,396.6,18.96,22.43,3.47,21.37,17.7,0.983,1,1,29.4,0.17,28.33,30.0,0
1779285608367,251,PERSON-01,495.8,19.14,22.80,3.66,21.28,18.0,0.990,1,1,27.0,0.26,28.51,30.0,0
1779285608400,252,UAS-01,480.1,18.90,22.39,3.49,21.53,17.8,0.989,1,1,28.2,0.14,28.30,29.9,0
1779285608433,253,UAS-02,517.9,19.20,22.76,3.57,21.68,18.7,0.964,1,1,27.0,0.18,28.31,29.9,0
1779285608467,254,GND-VEH-01,389.1,18.80,22.49,3.69,21.84,18.4,0.990,1,1,27.0,0.23,28.31,30.0,0
1779285608500,255,PERSON-01,553.0,18.92,22.43,3.50,20.90,17.2,0.986,1,1,27.0,0.28,28.04,29.9,0
1779285608533,256,UAS-01,804.9,19.08,22.76,3.68,20.90,18.7,0.990,1,1,28.1,0.04,28.16,30.0,0
1779285608567,257,UAS-02,924.1,19.25,22.39,3.14,19.73,17.5,0.990,1,1,27.6,0.34,28.11,29.8,0
1779285608600,258,GND-VEH-01,340.9,18.86,22.61,3.75,21.12,16.5,0.990,1,1,27.0,0.07,28.15,29.9,0
1779285608633,259,PERSON-01,366.6,18.95,22.27,3.33,21.11,17.0,0.984,1,1,27.0,0.03,28.51,30.0,0
1779285608667,260,UAS-01,522.3,18.83,22.30,3.47,21.46,18.1,0.990,1,1,30.9,0.07,28.47,29.9,0
1779285608700,261,UAS-02,388.4,19.03,22.72,3.69,21.10,19.2,0.977,1,1,29.8,0.18,28.81,30.0,0
1779285608733,262,GND-VEH-01,681.7,19.17,22.41,3.24,21.44,16.1,0.990,1,1,27.0,0.25,28.45,29.9,0
1779285608767,263,PERSON-01,478.7,19.04,22.47,3.43,20.71,17.9,0.990,1,1,27.0,0.21,28.67,30.2,0
1779285608800,264,UAS-01,482.9,19.19,22.47,3.28,21.03,18.1,0.990,1,1,27.0,0.07,28.32,29.8,0
1779285608833,265,UAS-02,422.8,19.01,22.60,3.58,21.32,20.2,0.985,1,1,27.0,0.09,28.52,30.0,0
1779285608867,266,GND-VEH-01,432.0,18.94,22.38,3.44,21.02,18.2,0.990,1,1,29.7,0.09,28.29,29.9,0
1779285608900,267,PERSON-01,546.8,18.78,22.08,3.30,21.13,18.1,0.979,1,1,27.0,0.07,28.30,30.0,0
1779285608933,268,UAS-01,391.6,19.08,22.70,3.62,21.43,18.3,0.990,1,1,27.2,0.00,28.52,30.0,0
1779285608967,269,UAS-02,417.4,19.17,22.82,3.65,21.25,18.5,0.990,1,1,28.9,0.42,28.41,30.1,0
1779285609000,270,GND-VEH-01,381.8,18.89,22.31,3.42,21.70,19.2,0.986,1,1,27.0,0.41,28.56,29.9,0
1779285609033,271,PERSON-01,412.5,19.00,22.72,3.72,21.79,17.7,0.990,1,1,27.0,0.13,28.65,30.0,0
1779285609067,272,UAS-01,345.4,18.75,22.44,3.69,21.95,16.2,0.990,1,1,27.0,0.17,28.55,29.9,0
1779285609100,273,UAS-02,309.1,18.90,22.30,3.40,20.66,16.3,0.990,1,1,29.1,0.35,28.50,30.0,0
1779285609133,274,GND-VEH-01,436.1,19.13,22.77,3.65,21.72,16.5,0.990,1,1,27.9,0.28,28.46,30.2,0
1779285609167,275,PERSON-01,407.2,19.06,22.66,3.60,21.03,18.5,0.990,1,1,27.0,0.28,28.57,29.9,0
1779285609200,276,UAS-01,376.0,19.04,22.58,3.55,22.10,17.8,0.990,1,1,27.0,0.47,28.78,30.0,0
1779285609233,277,UAS-02,359.4,19.03,22.35,3.33,21.00,15.9,0.990,1,1,27.3,0.05,28.46,30.1,0
1779285609267,278,GND-VEH-01,360.3,19.25,22.97,3.72,21.56,19.4,0.990,1,1,27.0,0.03,28.40,30.0,0
1779285609300,279,PERSON-01,397.9,18.85,22.28,3.44,21.53,18.9,0.990,1,1,27.0,0.44,28.83,30.1,0
1779285609333,280,UAS-01,418.4,18.88,22.55,3.66,21.74,17.1,0.990,1,1,27.7,0.02,28.59,30.0,0
1779285609367,281,UAS-02,536.9,19.08,22.88,3.80,21.85,17.1,0.990,1,1,27.0,0.23,28.31,30.1,0
1779285609400,282,GND-VEH-01,328.1,19.33,22.97,3.64,20.98,18.0,0.990,1,1,27.7,0.25,28.15,29.9,0
1779285609433,283,PERSON-01,547.2,18.96,22.28,3.33,20.40,17.1,0.990,1,1,27.9,0.09,28.43,30.0,0
1779285609467,284,UAS-01,346.2,18.96,22.73,3.77,21.67,17.0,0.990,1,1,27.0,0.00,28.73,29.9,0
1779285609500,285,UAS-02,388.7,18.95,22.26,3.31,20.75,18.9,0.984,1,1,27.0,0.04,28.52,30.0,0
1779285609533,286,GND-VEH-01,410.6,18.83,22.54,3.70,22.02,18.8,0.976,1,1,27.6,0.08,28.77,30.1,0
1779285609567,287,PERSON-01,635.8,19.11,22.62,3.51,21.59,16.7,0.990,1,1,29.1,0.18,28.65,30.1,0
1779285609600,288,UAS-01,874.0,18.88,22.10,3.22,21.32,18.6,0.990,1,1,29.6,0.10,28.61,30.0,0
1779285609633,289,UAS-02,374.0,18.97,22.79,3.82,22.28,17.8,0.982,1,1,28.6,0.06,28.64,29.9,0
1779285609667,290,GND-VEH-01,361.3,19.10,22.29,3.19,20.67,17.8,0.990,1,1,27.7,0.08,28.20,30.1,0
1779285609700,291,PERSON-01,360.4,18.86,22.59,3.72,22.36,16.8,0.990,1,1,27.3,0.00,28.54,29.9,0
1779285609733,292,UAS-01,434.1,18.74,22.23,3.49,21.19,18.9,0.990,1,1,27.0,0.13,28.24,29.8,0
1779285609767,293,UAS-02,745.6,18.90,22.13,3.23,20.61,18.2,0.965,1,1,27.0,0.19,28.13,30.0,0
1779285609800,294,GND-VEH-01,564.0,19.00,22.35,3.35,21.24,18.0,0.989,1,1,29.6,0.46,28.45,30.1,0
1779285609833,295,PERSON-01,1087.8,19.12,22.33,3.21,20.46,18.2,0.990,1,1,27.0,0.17,28.35,30.0,0
1779285609867,296,UAS-01,488.1,18.92,22.03,3.12,20.81,18.9,0.990,1,1,27.0,0.30,28.30,30.1,0
1779285609900,297,UAS-02,599.9,19.19,22.66,3.47,21.37,18.9,0.990,1,1,27.0,0.11,28.68,29.9,0
1779285609933,298,GND-VEH-01,419.2,18.87,22.14,3.28,21.10,18.6,0.990,1,1,27.0,0.22,28.87,30.0,0
1779285609967,299,PERSON-01,435.9,19.27,22.69,3.42,21.39,16.2,0.990,1,1,27.1,0.48,28.65,30.0,0
1779285610000,300,UAS-01,522.0,19.15,22.62,3.48,21.42,16.8,0.979,1,1,30.4,0.13,28.16,30.0,0
1779285610033,301,UAS-02,634.0,19.06,22.63,3.57,21.75,18.6,0.990,1,1,27.0,0.22,28.45,30.0,0
1779285610067,302,GND-VEH-01,660.3,18.84,22.15,3.31,20.77,18.2,0.990,1,1,29.8,0.00,28.48,30.0,0
1779285610100,303,PERSON-01,525.3,18.81,22.46,3.64,21.81,18.5,0.986,1,1,27.1,0.07,28.40,29.9,0
1779285610133,304,UAS-01,370.3,18.90,22.42,3.52,21.38,17.9,0.990,1,1,28.1,0.18,28.33,30.0,0
1779285610167,305,UAS-02,646.4,19.29,22.75,3.45,21.54,17.3,0.979,1,1,27.0,0.26,28.32,30.0,0
1779285610200,306,GND-VEH-01,430.9,19.03,22.61,3.58,21.37,18.0,0.990,1,1,27.0,0.12,28.44,30.0,0
1779285610233,307,PERSON-01,306.7,19.07,22.63,3.57,21.14,16.4,0.990,1,1,27.0,0.01,28.50,29.9,0
1779285610267,308,UAS-01,374.8,19.13,22.44,3.31,20.45,17.7,0.990,1,1,27.2,0.01,28.22,30.0,0
1779285610300,309,UAS-02,730.3,18.97,22.58,3.61,20.95,17.9,0.990,1,1,28.1,0.36,28.68,30.1,0
1779285610333,310,GND-VEH-01,540.8,18.92,22.01,3.10,21.34,17.2,0.990,1,1,30.1,0.23,28.89,29.9,0
1779285610367,311,PERSON-01,646.5,18.92,21.89,2.96,20.57,18.7,0.990,1,1,27.1,0.39,28.50,29.8,0
1779285610400,312,UAS-01,583.8,18.81,22.44,3.63,21.73,17.8,0.990,1,1,27.0,0.29,28.73,30.0,0
1779285610433,313,UAS-02,325.8,18.77,22.29,3.52,21.75,17.5,0.990,1,1,27.0,0.25,28.43,30.0,0
1779285610467,314,GND-VEH-01,527.3,18.95,22.44,3.49,21.56,17.6,0.990,1,1,27.6,0.15,28.63,30.0,0
1779285610500,315,PERSON-01,545.9,19.05,22.43,3.38,21.16,18.1,0.990,1,1,29.7,0.28,28.23,29.9,0
1779285610533,316,UAS-01,644.1,19.04,22.58,3.54,22.07,17.7,0.986,1,1,27.0,0.12,28.62,30.0,0
1779285610567,317,UAS-02,801.0,18.88,22.27,3.39,21.75,17.5,0.986,1,1,28.5,0.01,28.51,30.1,0
1779285610600,318,GND-VEH-01,527.0,19.08,22.79,3.71,21.06,17.9,0.990,1,1,29.5,0.03,28.38,30.0,0
1779285610633,319,PERSON-01,371.5,18.99,22.43,3.44,20.12,19.6,0.990,1,1,28.8,0.22,28.72,29.8,0
1779285610667,320,UAS-01,560.7,19.03,22.41,3.38,21.52,18.8,0.983,1,1,27.0,0.31,28.35,29.8,0
1779285610700,321,UAS-02,576.3,19.20,22.42,3.22,20.90,18.9,0.990,1,1,27.6,0.04,28.19,30.2,0
1779285610733,322,GND-VEH-01,576.6,18.88,22.32,3.44,21.61,17.2,0.990,1,1,27.0,0.43,28.63,30.0,0
1779285610767,323,PERSON-01,394.8,19.04,22.71,3.66,21.52,17.0,0.990,1,1,27.0,0.05,28.51,29.9,0
1779285610800,324,UAS-01,582.5,19.21,22.75,3.55,21.55,17.8,0.990,1,1,27.0,0.15,28.48,29.9,0
1779285610833,325,UAS-02,629.1,18.89,22.23,3.34,21.19,17.3,0.989,1,1,27.2,0.28,28.39,30.0,0
1779285610867,326,GND-VEH-01,513.3,19.18,22.57,3.39,21.24,18.3,0.990,1,1,27.0,0.32,28.36,30.0,0
1779285610900,327,PERSON-01,854.3,19.00,21.94,2.94,19.97,18.1,0.990,1,1,27.0,0.20,28.50,30.1,0
1779285610933,328,UAS-01,745.4,18.97,22.19,3.22,20.99,18.6,0.985,1,1,27.0,0.43,28.81,30.1,0
1779285610967,329,UAS-02,926.6,19.03,22.52,3.49,20.83,17.6,0.990,1,1,27.0,0.02,28.87,29.9,0
1779285611000,330,GND-VEH-01,500.3,18.97,22.55,3.59,21.83,17.8,0.990,1,1,27.4,0.09,28.62,29.9,0
1779285611033,331,PERSON-01,365.7,19.19,22.98,3.79,21.25,18.1,0.990,1,1,27.0,0.10,28.40,29.9,0
1779285611067,332,UAS-01,502.2,18.84,22.25,3.41,21.50,18.5,0.961,1,1,27.0,0.02,28.71,30.0,0
1779285611100,333,UAS-02,347.0,18.81,22.43,3.62,21.18,18.0,0.990,1,1,28.4,0.06,28.31,29.9,0
1779285611133,334,GND-VEH-01,664.6,19.00,22.37,3.37,20.86,17.3,0.990,1,1,27.0,0.25,28.62,30.0,0
1779285611167,335,PERSON-01,345.2,19.07,22.57,3.50,21.39,18.0,0.989,1,1,27.0,0.11,28.55,30.0,0
1779285611200,336,UAS-01,365.7,19.23,22.52,3.29,20.93,19.3,0.990,1,1,27.0,0.01,28.51,29.8,0
1779285611233,337,UAS-02,555.8,18.93,22.24,3.31,21.38,17.1,0.990,1,1,27.0,0.31,28.44,30.1,0
1779285611267,338,GND-VEH-01,332.0,18.86,22.35,3.48,21.08,17.6,0.985,1,1,27.0,0.04,28.52,29.9,0
1779285611300,339,PERSON-01,583.9,18.98,22.30,3.31,20.89,18.8,0.985,1,1,27.0,0.29,28.63,30.0,0
1779285611333,340,UAS-01,413.8,19.08,22.38,3.31,20.44,18.3,0.975,1,1,28.2,0.20,28.65,30.1,0
1779285611367,341,UAS-02,562.7,18.73,22.37,3.65,21.65,18.4,0.990,1,1,27.0,0.10,28.50,29.9,0
1779285611400,342,GND-VEH-01,481.3,18.81,21.99,3.18,20.99,18.7,0.975,1,1,29.0,0.23,28.22,29.9,0
1779285611433,343,PERSON-01,572.1,18.74,22.00,3.26,21.29,17.8,0.990,1,1,27.0,0.29,28.44,29.9,0
1779285611467,344,UAS-01,357.0,18.88,22.46,3.59,21.56,17.7,0.990,1,1,27.0,0.16,28.45,30.0,0
1779285611500,345,UAS-02,359.7,19.01,22.36,3.34,20.69,17.4,0.990,1,1,29.7,0.00,28.46,30.0,0
1779285611533,346,GND-VEH-01,401.0,19.04,22.47,3.43,20.63,18.4,0.990,1,1,27.0,0.14,29.24,30.0,0
1779285611567,347,PERSON-01,734.3,19.16,22.60,3.43,21.61,17.7,0.990,1,1,27.0,0.28,28.86,29.9,0
1779285611600,348,UAS-01,314.1,19.02,22.31,3.30,20.90,17.1,0.985,1,1,27.0,0.35,28.64,30.1,0
1779285611633,349,UAS-02,595.1,19.11,22.35,3.23,20.41,18.0,0.984,1,1,27.0,0.33,28.70,29.8,0
1779285611667,350,GND-VEH-01,575.2,18.92,22.34,3.42,21.50,17.8,0.990,1,1,27.0,0.03,28.85,30.1,0
1779285611700,351,PERSON-01,513.4,18.88,22.27,3.40,20.87,17.4,0.990,1,1,27.4,0.29,28.58,29.9,0
1779285611733,352,UAS-01,847.8,19.28,22.50,3.22,20.09,19.0,0.990,1,1,27.0,0.10,28.74,30.0,0
1779285611767,353,UAS-02,504.9,18.98,22.26,3.28,21.05,17.0,0.990,1,1,27.0,0.25,28.07,30.1,0
1779285611800,354,GND-VEH-01,718.8,18.98,22.13,3.15,20.93,16.9,0.990,1,1,27.0,0.38,28.47,29.9,0
1779285611833,355,PERSON-01,627.8,19.25,22.62,3.36,21.05,18.7,0.983,1,1,27.7,0.19,28.42,30.0,0
1779285611867,356,UAS-01,523.1,18.97,22.23,3.26,20.79,18.0,0.990,1,1,27.0,0.13,28.47,29.8,0
1779285611900,357,UAS-02,611.1,19.18,22.48,3.30,21.14,18.5,0.990,1,1,27.0,0.32,28.67,29.9,0
1779285611933,358,GND-VEH-01,647.4,19.14,22.40,3.25,20.55,19.1,0.989,1,1,27.0,0.14,28.88,29.9,0
1779285611967,359,PERSON-01,483.2,18.79,22.61,3.81,22.06,17.7,0.990,1,1,27.8,0.31,28.88,30.1,0
1779285612000,360,UAS-01,378.1,19.12,22.72,3.60,21.58,18.4,0.990,1,1,28.5,0.29,28.93,30.0,0
1779285612033,361,UAS-02,381.0,19.03,22.64,3.62,22.02,19.1,0.990,1,1,29.3,0.18,28.40,30.0,0
1779285612067,362,GND-VEH-01,337.3,18.92,22.41,3.49,21.35,18.6,0.990,1,1,28.1,0.32,28.47,30.0,0
1779285612100,363,PERSON-01,653.1,18.85,22.27,3.42,21.43,18.9,0.973,1,1,27.0,0.25,29.02,30.0,0
1779285612133,364,UAS-01,519.7,19.04,22.37,3.33,21.17,17.7,0.983,1,1,27.0,0.05,28.57,30.1,0
1779285612167,365,UAS-02,450.0,19.09,22.57,3.48,21.31,17.4,0.989,1,1,28.8,0.01,28.38,30.1,0
1779285612200,366,GND-VEH-01,593.1,19.11,22.78,3.67,22.03,18.3,0.984,1,1,27.4,0.07,28.86,30.2,0
1779285612233,367,PERSON-01,417.9,19.00,22.58,3.58,21.06,16.5,0.990,1,1,27.0,0.17,28.55,29.8,0
1779285612267,368,UAS-01,518.9,19.15,22.62,3.46,20.84,16.6,0.990,1,1,27.2,0.07,28.56,30.0,0
1779285612300,369,UAS-02,609.8,19.03,22.43,3.40,21.16,18.1,0.990,1,1,27.0,0.03,28.88,30.2,0
1779285612333,370,GND-VEH-01,475.7,19.05,22.27,3.22,20.95,18.1,0.990,1,1,29.0,0.33,28.13,30.0,0
1779285612367,371,PERSON-01,340.7,18.83,22.46,3.63,21.35,17.7,0.990,1,1,27.8,0.24,28.43,30.0,0
1779285612400,372,UAS-01,822.5,18.94,22.11,3.17,21.05,16.8,0.990,1,1,27.9,0.48,28.92,30.0,0
1779285612433,373,UAS-02,364.3,18.84,22.48,3.64,21.73,17.7,0.990,1,1,27.0,0.08,28.35,29.9,0
1779285612467,374,GND-VEH-01,448.4,19.03,22.58,3.55,20.68,20.2,0.990,1,1,27.0,0.08,28.23,30.0,0
1779285612500,375,PERSON-01,341.0,19.02,22.60,3.59,21.30,17.7,0.990,1,1,27.0,0.11,28.54,30.2,0
1779285612533,376,UAS-01,491.2,18.89,22.35,3.46,21.13,17.6,0.990,1,1,28.5,0.38,28.69,30.0,0
1779285612567,377,UAS-02,474.3,19.12,22.93,3.82,21.81,17.6,0.990,1,1,27.0,0.09,28.48,30.0,0
1779285612600,378,GND-VEH-01,504.9,19.12,22.47,3.35,20.80,18.1,0.990,1,1,27.0,0.36,28.55,30.0,0
1779285612633,379,PERSON-01,466.7,18.95,22.51,3.56,21.04,19.1,0.972,1,1,28.2,0.14,28.88,30.0,0
1779285612667,380,UAS-01,393.9,18.87,22.35,3.47,21.47,18.1,0.990,1,1,27.0,0.04,28.98,30.2,0
1779285612700,381,UAS-02,368.2,18.92,22.32,3.40,21.41,17.0,0.981,1,1,27.0,0.36,29.10,30.0,0
1779285612733,382,GND-VEH-01,375.1,19.29,22.83,3.55,21.94,18.7,0.990,1,1,28.5,0.19,29.03,30.1,0
1779285612767,383,PERSON-01,695.7,18.86,22.24,3.38,20.82,17.2,0.990,1,1,28.0,0.12,28.91,30.0,0
1779285612800,384,UAS-01,353.0,19.16,22.79,3.63,22.25,17.4,0.982,1,1,27.0,0.21,28.29,30.0,0
1779285612833,385,UAS-02,496.5,19.08,22.74,3.66,21.91,16.8,0.990,1,1,29.9,0.28,28.85,30.1,0
1779285612867,386,GND-VEH-01,452.2,19.00,22.48,3.47,20.39,17.7,0.990,1,1,27.0,0.20,29.05,30.2,0
1779285612900,387,PERSON-01,646.5,19.16,22.43,3.27,20.68,17.2,0.990,1,1,27.6,0.27,28.00,30.1,0
1779285612933,388,UAS-01,702.5,19.01,22.35,3.34,21.02,18.7,0.990,1,1,27.0,0.06,28.50,29.9,0
1779285612967,389,UAS-02,334.5,19.12,22.52,3.40,21.99,18.6,0.979,1,1,27.9,0.08,28.41,29.9,0
1779285613000,390,GND-VEH-01,362.5,18.97,22.37,3.41,21.41,18.1,0.971,1,1,27.3,0.24,28.34,30.0,0
1779285613033,391,PERSON-01,545.6,19.14,22.34,3.21,20.73,18.9,0.975,1,1,27.8,0.03,28.68,30.1,0
1779285613067,392,UAS-01,395.0,18.91,22.31,3.40,21.99,17.4,0.982,1,1,29.2,0.04,29.02,29.9,0
1779285613100,393,UAS-02,420.4,19.03,22.73,3.70,21.36,18.5,0.978,1,1,27.1,0.32,29.05,29.9,0
1779285613133,394,GND-VEH-01,621.8,19.06,22.40,3.34,21.65,17.9,0.990,1,1,27.6,0.33,28.68,29.9,0
1779285613167,395,PERSON-01,382.4,19.05,22.77,3.71,21.29,19.4,0.973,1,1,27.1,0.27,28.71,30.1,0
1779285613200,396,UAS-01,791.4,19.05,22.33,3.28,21.05,18.5,0.989,1,1,28.3,0.30,28.63,30.0,0
1779285613233,397,UAS-02,318.5,19.15,22.88,3.73,21.82,18.3,0.983,1,1,29.7,0.28,28.70,29.9,0
1779285613267,398,GND-VEH-01,335.5,19.02,22.19,3.17,19.99,18.7,0.990,1,1,27.0,0.10,28.72,30.0,0
1779285613300,399,PERSON-01,743.0,19.04,22.34,3.30,20.58,18.2,0.990,1,1,27.0,0.26,28.81,29.9,0
1779285613333,400,UAS-01,304.9,19.17,22.86,3.68,21.51,18.1,0.980,1,1,29.4,0.34,28.43,29.9,0
1779285613367,401,UAS-02,503.8,19.10,22.39,3.29,21.28,18.7,0.990,1,1,28.8,0.03,28.64,30.0,0
1779285613400,402,GND-VEH-01,397.5,18.99,22.76,3.77,21.49,18.2,0.981,1,1,27.1,0.28,28.74,29.8,0
1779285613433,403,PERSON-01,779.3,19.19,22.63,3.45,21.73,16.9,0.990,1,1,27.0,0.20,28.58,21.7,1
1779285613467,404,UAS-01,621.8,18.92,22.09,3.18,20.40,18.1,0.990,1,1,27.0,0.46,28.68,30.2,0
1779285613500,405,UAS-02,544.1,18.85,22.14,3.29,21.76,16.9,0.973,1,1,27.0,0.28,28.72,30.0,0
1779285613533,406,GND-VEH-01,677.0,18.80,21.97,3.16,20.82,18.7,0.975,1,1,27.0,0.15,28.71,30.0,0
1779285613567,407,PERSON-01,418.4,19.00,22.60,3.60,21.13,19.6,0.990,1,1,27.6,0.41,28.72,30.1,0
1779285613600,408,UAS-01,532.0,19.01,22.49,3.47,21.29,17.4,0.990,1,1,27.0,0.08,28.76,30.0,0
1779285613633,409,UAS-02,358.8,19.07,22.83,3.76,22.03,19.4,0.990,1,1,28.1,0.17,28.79,30.0,0
1779285613667,410,GND-VEH-01,748.4,19.13,22.40,3.27,21.24,17.8,0.990,1,1,27.5,0.34,28.58,29.9,0
1779285613700,411,PERSON-01,557.8,19.09,22.63,3.54,20.98,17.8,0.987,1,1,28.4,0.32,28.73,30.0,0
1779285613733,412,UAS-01,599.7,18.84,22.23,3.39,20.51,18.2,0.990,1,1,27.0,0.04,29.11,30.0,0
1779285613767,413,UAS-02,617.0,19.10,22.44,3.34,21.68,18.5,0.990,1,1,27.0,0.22,28.83,29.9,0
1779285613800,414,GND-VEH-01,371.9,18.77,22.16,3.39,21.46,17.9,0.981,1,1,27.0,0.15,28.64,30.2,0
1779285613833,415,PERSON-01,515.2,19.04,22.36,3.31,21.33,17.0,0.990,1,1,28.5,0.03,28.53,30.0,0
1779285613867,416,UAS-01,419.6,18.97,22.49,3.53,21.78,17.8,0.967,1,1,27.0,0.20,29.01,29.9,0
1779285613900,417,UAS-02,518.9,19.02,22.34,3.32,20.25,18.5,0.973,1,1,27.0,0.00,28.15,29.9,0
1779285613933,418,GND-VEH-01,338.7,18.99,22.55,3.56,21.44,18.6,0.965,1,1,27.3,0.13,28.56,30.0,0
1779285613967,419,PERSON-01,771.0,18.97,22.23,3.26,20.46,17.0,0.990,1,1,27.0,0.09,28.60,29.9,0
1779285614000,420,UAS-01,305.0,18.81,22.10,3.29,20.30,20.0,0.990,1,1,28.9,0.09,28.83,30.1,0
1779285614033,421,UAS-02,741.0,19.00,22.19,3.19,21.47,17.9,0.990,1,1,28.0,0.14,28.83,30.0,0
1779285614067,422,GND-VEH-01,342.4,19.17,22.95,3.78,21.70,16.6,0.970,1,1,28.2,0.06,28.44,30.1,0
1779285614100,423,PERSON-01,420.2,19.13,22.65,3.52,21.55,19.0,0.990,1,1,28.2,0.31,29.17,30.0,0
1779285614133,424,UAS-01,413.6,18.88,22.19,3.31,20.96,17.0,0.990,1,1,28.7,0.23,28.77,30.0,0
1779285614167,425,UAS-02,437.3,19.24,23.13,3.89,20.87,17.2,0.990,1,1,27.0,0.20,28.78,29.9,0
1779285614200,426,GND-VEH-01,379.7,19.03,22.45,3.42,20.26,18.0,0.990,1,1,29.9,0.09,28.71,29.8,0
1779285614233,427,PERSON-01,465.8,18.79,21.97,3.18,20.77,18.1,0.980,1,1,29.2,0.02,28.98,30.0,0
1779285614267,428,UAS-01,360.0,18.99,22.69,3.70,21.62,16.4,0.990,1,1,29.1,0.13,28.59,30.2,0
1779285614300,429,UAS-02,630.4,18.83,22.59,3.76,22.24,18.4,0.990,1,1,27.5,0.11,28.63,30.1,0
1779285614333,430,GND-VEH-01,335.6,18.66,22.44,3.78,21.50,18.4,0.990,1,1,27.0,0.12,28.73,29.9,0
1779285614367,431,PERSON-01,310.4,18.98,22.47,3.49,21.44,17.6,0.990,1,1,27.0,0.30,28.55,29.9,0
1779285614400,432,UAS-01,781.3,19.00,22.33,3.33,21.48,17.2,0.990,1,1,28.0,0.14,28.81,30.0,0
1779285614433,433,UAS-02,335.3,19.07,22.86,3.79,21.35,19.4,0.990,1,1,28.0,0.14,28.68,29.9,0
1779285614467,434,GND-VEH-01,424.3,18.78,22.20,3.43,20.58,17.9,0.990,1,1,27.0,0.14,28.55,29.9,0
1779285614500,435,PERSON-01,332.0,18.95,22.40,3.45,21.37,16.7,0.990,1,1,27.2,0.03,29.22,29.9,0
1779285614533,436,UAS-01,718.8,18.91,22.14,3.23,20.82,18.2,0.990,1,1,30.7,0.18,28.51,30.0,0
1779285614567,437,UAS-02,412.6,19.10,22.28,3.18,20.55,18.4,0.990,1,1,28.0,0.01,28.33,30.1,0
1779285614600,438,GND-VEH-01,400.9,19.22,22.51,3.29,21.00,19.4,0.985,1,1,27.0,0.00,29.27,30.0,0
1779285614633,439,PERSON-01,301.7,19.14,22.65,3.51,21.64,16.7,0.990,1,1,27.0,0.09,28.79,29.9,0
1779285614667,440,UAS-01,415.7,18.92,22.31,3.39,21.98,16.7,0.990,1,1,27.0,0.08,28.47,29.9,0
1779285614700,441,UAS-02,491.4,19.01,22.58,3.57,20.53,18.2,0.990,1,1,28.8,0.04,29.14,30.0,0
1779285614733,442,GND-VEH-01,616.3,19.16,22.75,3.58,21.45,16.5,0.990,1,1,27.5,0.07,29.09,30.0,0
1779285614767,443,PERSON-01,396.4,18.96,22.34,3.38,21.14,18.3,0.990,1,1,27.0,0.17,29.07,30.0,0
1779285614800,444,UAS-01,637.1,18.78,22.15,3.37,21.28,19.7,0.990,1,1,28.6,0.01,28.65,29.9,0
1779285614833,445,UAS-02,907.7,18.88,22.29,3.42,21.11,18.6,0.990,1,1,28.5,0.21,29.24,30.0,0
1779285614867,446,GND-VEH-01,334.7,18.98,22.50,3.52,21.09,19.0,0.990,1,1,28.8,0.06,28.86,30.1,0
1779285614900,447,PERSON-01,743.7,19.00,22.42,3.42,20.70,18.5,0.990,1,1,27.0,0.15,28.87,29.8,0
1779285614933,448,UAS-01,331.6,19.01,22.38,3.37,21.12,15.4,0.990,1,1,27.4,0.00,28.46,29.8,0
1779285614967,449,UAS-02,325.5,18.71,22.19,3.48,20.79,19.0,0.977,1,1,27.7,0.15,28.50,29.9,0
1779285615000,450,GND-VEH-01,367.9,19.10,22.62,3.52,21.08,16.2,0.990,1,1,29.6,0.25,28.57,29.9,0
1779285615033,451,PERSON-01,665.0,18.77,21.97,3.20,20.34,18.6,0.990,1,1,27.8,0.18,29.18,29.9,0
1779285615067,452,UAS-01,586.0,18.82,21.99,3.17,21.22,17.5,0.983,1,1,27.0,0.21,28.62,30.1,0
1779285615100,453,UAS-02,363.4,19.00,22.79,3.79,21.92,18.8,0.990,1,1,27.0,0.14,28.58,30.0,0
1779285615133,454,GND-VEH-01,529.6,18.99,22.40,3.40,21.59,17.3,0.990,1,1,29.0,0.21,28.89,29.9,0
1779285615167,455,PERSON-01,333.9,18.90,22.01,3.11,21.08,17.4,0.990,1,1,27.0,0.39,28.74,30.1,0
1779285615200,456,UAS-01,882.7,18.90,22.36,3.46,21.18,18.2,0.990,1,1,27.0,0.09,28.57,29.9,0
1779285615233,457,UAS-02,495.9,18.81,22.12,3.31,21.32,17.1,0.990,1,1,27.0,0.18,28.89,29.9,0
1779285615267,458,GND-VEH-01,337.9,19.08,22.81,3.73,21.40,18.7,0.990,1,1,29.5,0.35,28.93,29.9,0
1779285615300,459,PERSON-01,568.5,19.27,22.33,3.07,20.67,18.1,0.990,1,1,27.0,0.02,28.84,30.0,0
1779285615333,460,UAS-01,317.4,18.89,22.44,3.55,22.15,17.6,0.990,1,1,27.0,0.08,29.04,30.0,0
1779285615367,461,UAS-02,358.3,18.91,22.55,3.64,21.90,20.6,0.990,1,1,28.3,0.18,28.79,30.1,0
1779285615400,462,GND-VEH-01,382.0,19.05,22.49,3.44,20.94,19.0,0.990,1,1,27.0,0.28,28.31,30.0,0
1779285615433,463,PERSON-01,302.1,18.72,22.23,3.51,20.86,20.1,0.990,1,1,27.7,0.30,29.14,30.0,0
1779285615467,464,UAS-01,641.1,19.05,22.56,3.51,21.26,17.8,0.990,1,1,29.1,0.34,28.73,30.0,0
1779285615500,465,UAS-02,514.4,19.17,22.74,3.57,21.22,17.8,0.986,1,1,28.2,0.22,28.99,29.9,0
1779285615533,466,GND-VEH-01,622.7,18.89,22.05,3.15,21.06,18.0,0.990,1,1,27.0,0.03,28.82,30.1,0
1779285615567,467,PERSON-01,464.1,19.06,22.61,3.56,22.02,17.3,0.990,1,1,27.9,0.26,28.72,29.9,0
1779285615600,468,UAS-01,411.3,18.96,22.47,3.51,21.41,17.3,0.990,1,1,30.3,0.19,28.43,30.0,0
1779285615633,469,UAS-02,734.9,18.85,22.09,3.25,21.07,18.1,0.986,1,1,27.0,0.04,28.92,30.1,0
1779285615667,470,GND-VEH-01,431.3,18.95,22.48,3.53,22.13,17.7,0.990,1,1,27.0,0.30,28.74,30.1,0
1779285615700,471,PERSON-01,466.4,19.22,22.73,3.51,21.35,17.4,0.990,1,1,28.3,0.19,29.33,30.1,0
1779285615733,472,UAS-01,444.3,18.77,22.32,3.55,21.57,17.9,0.990,1,1,29.5,0.15,28.94,30.0,0
1779285615767,473,UAS-02,537.7,19.26,22.92,3.66,22.14,16.9,0.990,1,1,27.2,0.04,29.11,29.9,0
1779285615800,474,GND-VEH-01,538.4,19.33,22.65,3.32,21.23,18.1,0.990,1,1,27.0,0.56,28.85,30.0,0
1779285615833,475,PERSON-01,418.4,18.99,22.37,3.38,21.20,17.9,0.990,1,1,27.0,0.11,28.81,30.1,0
1779285615867,476,UAS-01,311.9,19.37,22.73,3.36,21.32,16.5,0.990,1,1,27.0,0.56,29.10,29.9,0
1779285615900,477,UAS-02,619.2,18.99,22.60,3.61,21.40,16.1,0.988,1,1,27.0,0.13,28.49,30.0,0
1779285615933,478,GND-VEH-01,300.6,19.12,22.78,3.66,21.53,17.3,0.990,1,1,27.0,0.11,28.96,30.2,0
1779285615967,479,PERSON-01,428.0,19.28,22.88,3.60,21.19,17.7,0.990,1,1,27.3,0.06,28.73,30.0,0
1779285616000,480,UAS-01,337.2,18.97,22.65,3.68,20.87,18.2,0.990,1,1,27.0,0.23,28.73,29.9,0
1779285616033,481,UAS-02,434.8,18.86,22.23,3.37,20.78,18.5,0.980,1,1,27.5,0.24,29.02,30.1,0
1779285616067,482,GND-VEH-01,399.2,19.01,22.28,3.27,21.23,18.8,0.990,1,1,27.0,0.24,28.47,29.9,0
1779285616100,483,PERSON-01,500.6,19.11,22.43,3.32,21.04,19.0,0.990,1,1,27.0,0.04,28.69,29.9,0
1779285616133,484,UAS-01,494.8,18.96,22.46,3.51,21.41,18.2,0.990,1,1,27.4,0.05,28.91,30.0,0
1779285616167,485,UAS-02,675.1,18.92,22.34,3.42,21.03,18.2,0.990,1,1,29.9,0.14,28.90,29.8,0
1779285616200,486,GND-VEH-01,420.9,18.96,22.87,3.92,21.67,18.8,0.980,1,1,27.0,0.20,29.04,29.8,0
1779285616233,487,PERSON-01,306.1,19.09,22.65,3.55,21.08,18.1,0.990,1,1,27.0,0.34,28.59,29.9,0
1779285616267,488,UAS-01,627.0,18.96,22.19,3.23,20.43,19.5,0.990,1,1,27.0,0.12,28.31,29.9,0
1779285616300,489,UAS-02,684.5,19.26,22.69,3.43,20.74,16.9,0.962,1,1,30.6,0.26,29.10,30.0,0
1779285616333,490,GND-VEH-01,502.1,19.37,23.00,3.63,21.98,17.0,0.990,1,1,27.0,0.06,28.99,30.0,0
1779285616367,491,PERSON-01,815.9,19.02,22.02,3.00,20.89,18.1,0.990,1,1,27.0,0.01,28.90,30.0,0
1779285616400,492,UAS-01,402.7,19.10,22.66,3.56,21.73,18.4,0.990,1,1,27.0,0.19,28.63,30.1,0
1779285616433,493,UAS-02,340.0,18.79,22.39,3.59,21.12,18.0,0.987,1,1,30.0,0.36,28.73,30.0,0
1779285616467,494,GND-VEH-01,698.3,18.94,22.34,3.40,20.73,18.1,0.990,1,1,27.8,0.14,28.93,30.0,0
1779285616500,495,PERSON-01,647.3,18.96,22.49,3.53,21.45,17.4,0.990,1,1,27.0,0.20,28.85,30.0,0
1779285616533,496,UAS-01,346.1,19.15,22.72,3.56,21.15,18.7,0.990,1,1,27.0,0.21,29.05,30.1,0
1779285616567,497,UAS-02,536.1,18.75,22.22,3.48,21.43,17.0,0.990,1,1,29.4,0.00,28.72,29.9,0
1779285616600,498,GND-VEH-01,604.3,18.98,22.15,3.17,20.80,16.5,0.990,1,1,27.3,0.00,28.69,30.0,0
1779285616633,499,PERSON-01,424.8,19.10,22.25,3.15,20.47,17.7,0.990,1,1,27.1,0.20,28.77,30.0,0
1779285616667,500,UAS-01,731.3,19.06,22.35,3.29,21.34,17.9,0.990,1,1,27.0,0.17,28.65,29.9,0
1779285616700,501,UAS-02,518.5,18.86,22.41,3.55,21.30,19.2,0.985,1,1,28.2,0.11,28.99,30.1,0
1779285616733,502,GND-VEH-01,408.1,18.91,22.44,3.53,21.32,19.4,0.990,1,1,27.4,0.11,28.79,30.0,0
1779285616767,503,PERSON-01,692.7,19.22,22.73,3.51,20.88,18.4,0.990,1,1,28.7,0.11,28.72,30.0,0
1779285616800,504,UAS-01,363.8,19.17,22.70,3.53,21.59,17.6,0.990,1,1,27.0,0.22,28.75,29.9,0
1779285616833,505,UAS-02,675.9,18.85,22.31,3.46,20.69,16.9,0.990,1,1,27.4,0.11,28.86,30.0,0
1779285616867,506,GND-VEH-01,304.9,18.71,22.37,3.66,21.29,18.6,0.990,1,1,28.6,0.02,29.00,29.9,0
1779285616900,507,PERSON-01,754.5,18.84,22.20,3.36,21.59,16.9,0.985,1,1,27.0,0.09,28.93,30.0,0
1779285616933,508,UAS-01,376.4,18.74,22.41,3.67,22.05,18.5,0.990,1,1,29.0,0.29,29.12,30.1,0
1779285616967,509,UAS-02,329.6,18.94,22.32,3.37,21.67,18.0,0.990,1,1,27.0,0.00,29.09,29.9,0
1779285617000,510,GND-VEH-01,565.8,19.04,22.13,3.09,20.48,18.6,0.985,1,1,27.0,0.12,28.96,30.1,0
1779285617033,511,PERSON-01,435.1,19.16,22.30,3.14,21.09,17.4,0.990,1,1,29.0,0.02,28.67,30.0,0
1779285617067,512,UAS-01,421.6,19.05,22.38,3.33,20.83,19.2,0.990,1,1,30.9,0.16,28.96,29.9,0
1779285617100,513,UAS-02,406.9,18.90,22.35,3.44,21.32,16.3,0.990,1,1,28.8,0.20,28.77,29.9,0
1779285617133,514,GND-VEH-01,713.8,19.07,22.46,3.40,20.73,18.9,0.990,1,1,27.0,0.03,29.00,29.9,0
1779285617167,515,PERSON-01,501.0,19.12,22.51,3.39,21.34,17.4,0.990,1,1,27.0,0.20,28.99,29.9,0
1779285617200,516,UAS-01,720.0,18.63,21.76,3.14,20.94,18.3,0.990,1,1,29.1,0.13,28.98,30.0,0
1779285617233,517,UAS-02,512.8,19.17,22.31,3.14,21.17,17.6,0.982,1,1,27.7,0.01,28.46,29.9,0
1779285617267,518,GND-VEH-01,490.5,18.87,22.46,3.60,21.52,17.7,0.990,1,1,27.0,0.11,29.13,29.8,0
1779285617300,519,PERSON-01,737.4,18.95,22.31,3.36,21.10,17.9,0.990,1,1,28.1,0.37,28.61,30.1,0
1779285617333,520,UAS-01,437.4,18.78,22.31,3.52,21.24,16.8,0.990,1,1,28.8,0.25,28.72,29.9,0
1779285617367,521,UAS-02,535.4,19.09,22.24,3.16,21.38,16.4,0.988,1,1,27.0,0.09,28.82,30.1,0
1779285617400,522,GND-VEH-01,788.9,19.25,22.50,3.24,20.93,18.3,0.983,1,1,27.2,0.18,28.56,30.0,0
1779285617433,523,PERSON-01,344.4,19.09,22.45,3.36,21.24,20.2,0.990,1,1,27.1,0.02,29.05,30.0,0
1779285617467,524,UAS-01,567.7,18.91,22.22,3.30,20.94,17.9,0.990,1,1,27.0,0.22,29.16,30.1,0
1779285617500,525,UAS-02,738.7,19.06,22.07,3.01,20.43,18.4,0.990,1,1,29.3,0.09,29.39,30.0,0
1779285617533,526,GND-VEH-01,555.0,18.94,22.36,3.42,20.77,18.5,0.988,1,1,28.8,0.04,28.71,29.9,0
1779285617567,527,PERSON-01,626.6,18.81,22.03,3.22,21.18,17.0,0.990,1,1,27.0,0.48,28.79,30.1,0
1779285617600,528,UAS-01,384.9,18.95,22.90,3.95,21.86,17.5,0.990,1,1,27.0,0.03,28.80,29.9,0
1779285617633,529,UAS-02,590.8,18.74,22.21,3.46,21.04,17.4,0.970,1,1,27.0,0.09,28.98,30.1,0
1779285617667,530,GND-VEH-01,694.2,18.83,22.08,3.25,20.36,18.6,0.990,1,1,27.0,0.28,29.19,30.0,0
1779285617700,531,PERSON-01,303.1,18.87,22.51,3.63,21.68,18.2,0.990,1,1,28.9,0.32,28.67,30.0,0
1779285617733,532,UAS-01,320.6,19.02,22.48,3.46,21.85,17.0,0.990,1,1,28.9,0.20,29.26,29.9,0
1779285617767,533,UAS-02,551.4,19.07,22.47,3.40,21.31,18.6,0.990,1,1,27.0,0.02,28.89,30.0,0
1779285617800,534,GND-VEH-01,823.0,19.01,22.59,3.58,20.86,16.4,0.983,1,1,27.3,0.03,28.74,30.1,0
1779285617833,535,PERSON-01,463.6,19.19,22.94,3.75,21.23,16.6,0.990,1,1,28.8,0.22,28.84,30.1,0
1779285617867,536,UAS-01,696.9,18.94,22.59,3.65,22.35,17.6,0.990,1,1,27.0,0.09,29.21,29.9,0
1779285617900,537,UAS-02,340.9,18.94,22.40,3.46,21.52,16.2,0.990,1,1,29.6,0.42,28.93,29.9,0
1779285617933,538,GND-VEH-01,539.5,18.83,22.52,3.69,21.22,19.2,0.990,1,1,28.4,0.21,28.89,29.9,0
1779285617967,539,PERSON-01,302.3,18.96,22.69,3.73,21.03,18.1,0.990,1,1,27.0,0.17,29.11,30.2,0
1779285618000,540,UAS-01,391.5,18.90,22.50,3.61,21.08,18.0,0.979,1,1,30.8,0.12,28.53,29.9,0
1779285618033,541,UAS-02,976.2,18.91,21.91,3.00,20.62,18.7,0.973,1,1,27.0,0.09,29.08,29.9,0
1779285618067,542,GND-VEH-01,457.0,19.15,22.53,3.38,21.02,17.2,0.990,1,1,27.0,0.07,28.82,30.0,0
1779285618100,543,PERSON-01,598.3,19.30,22.68,3.38,21.09,18.7,0.980,1,1,28.0,0.15,28.67,29.9,0
1779285618133,544,UAS-01,338.2,19.07,22.09,3.01,20.69,18.2,0.990,1,1,27.0,0.03,29.17,29.9,0
1779285618167,545,UAS-02,361.6,19.00,22.50,3.49,20.96,18.0,0.990,1,1,28.1,0.35,29.22,30.1,0
1779285618200,546,GND-VEH-01,465.5,18.79,22.42,3.63,21.46,16.2,0.990,1,1,28.8,0.19,28.95,29.9,0
1779285618233,547,PERSON-01,324.0,19.14,22.60,3.45,21.49,19.4,0.990,1,1,27.0,0.02,28.85,30.0,0
1779285618267,548,UAS-01,445.5,18.79,22.26,3.47,21.07,17.9,0.990,1,1,27.0,0.27,28.85,29.9,0
1779285618300,549,UAS-02,659.2,18.97,22.45,3.47,21.99,17.6,0.990,1,1,27.0,0.23,28.95,30.0,0
1779285618333,550,GND-VEH-01,448.5,18.93,22.54,3.62,22.33,16.2,0.990,1,1,29.3,0.02,29.01,30.0,0
1779285618367,551,PERSON-01,483.2,18.86,22.37,3.51,21.36,17.9,0.990,1,1,29.8,0.32,29.10,30.1,0
1779285618400,552,UAS-01,512.4,18.80,22.31,3.51,21.46,16.9,0.990,1,1,27.0,0.46,28.83,30.1,0
1779285618433,553,UAS-02,582.8,18.96,22.49,3.52,21.32,18.1,0.990,1,1,28.0,0.13,28.62,30.1,0
1779285618467,554,GND-VEH-01,384.1,18.94,22.25,3.31,21.38,18.1,0.980,1,1,27.0,0.21,28.94,30.0,0
1779285618500,555,PERSON-01,977.0,19.06,22.25,3.19,20.93,17.3,0.990,1,1,28.2,0.03,29.03,29.9,0
1779285618533,556,UAS-01,468.2,18.90,22.26,3.36,21.46,17.4,0.986,1,1,28.6,0.09,28.52,29.9,0
1779285618567,557,UAS-02,348.5,18.88,22.53,3.65,22.05,17.6,0.990,1,1,27.0,0.16,29.02,30.1,0
1779285618600,558,GND-VEH-01,328.5,19.05,22.97,3.92,21.94,18.7,0.990,1,1,27.8,0.36,28.79,30.0,0
1779285618633,559,PERSON-01,404.6,19.17,22.58,3.41,22.02,18.0,0.990,1,1,27.0,0.16,28.99,30.0,0
1779285618667,560,UAS-01,373.1,18.64,22.56,3.92,22.10,17.3,0.990,1,1,27.0,0.16,28.96,30.1,0
1779285618700,561,UAS-02,431.4,19.18,22.36,3.18,21.12,18.0,0.990,1,1,27.5,0.33,29.32,30.1,0
1779285618733,562,GND-VEH-01,314.6,18.92,22.77,3.85,21.58,17.7,0.990,1,1,27.0,0.20,29.17,29.9,0
1779285618767,563,PERSON-01,384.2,19.00,22.68,3.67,21.32,18.0,0.990,1,1,27.0,0.16,28.91,30.1,0
1779285618800,564,UAS-01,512.1,18.88,22.48,3.60,21.92,17.6,0.988,1,1,27.0,0.17,28.92,30.0,0
1779285618833,565,UAS-02,485.8,18.79,22.29,3.50,20.71,19.0,0.990,1,1,28.5,0.12,28.96,29.9,0
1779285618867,566,GND-VEH-01,527.0,18.94,22.51,3.57,21.77,17.9,0.990,1,1,28.7,0.14,29.25,30.0,0
1779285618900,567,PERSON-01,306.1,19.28,22.96,3.68,22.12,17.7,0.983,1,1,27.0,0.27,28.84,29.9,0
1779285618933,568,UAS-01,446.4,18.69,22.12,3.43,21.64,17.6,0.990,1,1,28.2,0.22,28.79,29.9,0
1779285618967,569,UAS-02,753.8,19.27,22.65,3.37,21.47,16.3,0.990,1,1,28.0,0.18,29.10,30.0,0
1779285619000,570,GND-VEH-01,816.8,19.00,22.32,3.32,21.14,17.7,0.990,1,1,27.0,0.39,29.08,30.1,0
1779285619033,571,PERSON-01,531.2,18.83,22.65,3.83,21.50,18.5,0.990,1,1,27.6,0.13,28.84,30.0,0
1779285619067,572,UAS-01,817.1,19.22,22.33,3.12,20.97,18.7,0.990,1,1,27.0,0.18,29.13,29.9,0
1779285619100,573,UAS-02,564.4,19.09,22.77,3.68,21.63,17.4,0.990,1,1,27.4,0.14,28.86,30.0,0
1779285619133,574,GND-VEH-01,409.7,19.07,22.24,3.17,20.87,16.9,0.965,1,1,30.4,0.14,29.08,30.0,0
1779285619167,575,PERSON-01,712.5,18.83,22.23,3.40,21.11,17.7,0.990,1,1,27.6,0.21,28.75,30.0,0
1779285619200,576,UAS-01,514.7,18.93,22.31,3.38,20.28,18.6,0.990,1,1,29.2,0.14,29.05,29.9,0
1779285619233,577,UAS-02,374.5,19.17,22.70,3.52,20.93,20.1,0.990,1,1,27.0,0.22,28.81,30.0,0
1779285619267,578,GND-VEH-01,524.2,18.73,22.08,3.35,21.12,17.9,0.971,1,1,27.0,0.01,28.98,29.9,0
1779285619300,579,PERSON-01,363.3,19.25,22.52,3.27,21.25,17.9,0.990,1,1,27.2,0.22,28.48,30.0,0
1779285619333,580,UAS-01,350.7,18.63,21.89,3.26,20.58,17.7,0.986,1,1,27.0,0.19,28.91,29.9,0
1779285619367,581,UAS-02,508.8,19.08,22.35,3.27,21.37,18.0,0.990,1,1,27.8,0.00,28.69,30.0,0
1779285619400,582,GND-VEH-01,564.6,18.89,22.32,3.43,21.40,19.3,0.990,1,1,27.1,0.33,29.15,30.0,0
1779285619433,583,PERSON-01,431.4,19.21,22.87,3.66,21.57,17.7,0.990,1,1,30.2,0.04,29.08,30.0,0
1779285619467,584,UAS-01,595.0,19.18,22.74,3.56,21.61,17.5,0.990,1,1,28.7,0.37,28.62,30.0,0
1779285619500,585,UAS-02,435.6,18.98,22.40,3.43,20.95,18.5,0.990,1,1,27.0,0.01,28.85,30.2,0
1779285619533,586,GND-VEH-01,404.8,19.20,22.51,3.31,21.36,17.1,0.990,1,1,29.9,0.19,29.34,29.9,0
1779285619567,587,PERSON-01,517.7,18.84,22.27,3.43,20.74,18.0,0.990,1,1,27.0,0.17,28.71,30.1,0
1779285619600,588,UAS-01,533.9,19.05,22.57,3.52,21.20,17.6,0.990,1,1,27.0,0.20,28.92,29.9,0
1779285619633,589,UAS-02,841.9,18.76,22.43,3.67,21.86,17.6,0.981,1,1,27.7,0.42,29.08,30.1,0
1779285619667,590,GND-VEH-01,391.8,18.92,22.67,3.75,22.45,18.4,0.990,1,1,27.9,0.42,29.27,30.0,0
1779285619700,591,PERSON-01,583.1,18.90,22.42,3.52,22.06,16.4,0.990,1,1,27.0,0.14,29.11,30.0,0
1779285619733,592,UAS-01,301.4,18.80,22.06,3.25,21.20,18.7,0.987,1,1,27.0,0.19,29.23,30.2,0
1779285619767,593,UAS-02,319.7,18.99,22.40,3.41,21.39,18.6,0.990,1,1,27.0,0.01,28.79,30.0,0
1779285619800,594,GND-VEH-01,346.2,19.25,22.79,3.54,21.76,17.3,0.990,1,1,27.0,0.05,28.97,30.0,0
1779285619833,595,PERSON-01,388.4,19.16,22.77,3.61,21.46,18.6,0.990,1,1,28.3,0.08,29.04,30.1,0
1779285619867,596,UAS-01,484.1,18.87,22.31,3.44,20.84,18.0,0.990,1,1,27.0,0.32,28.66,30.0,0
1779285619900,597,UAS-02,590.4,19.12,22.77,3.66,21.63,17.4,0.990,1,1,27.3,0.00,29.23,29.9,0
1779285619933,598,GND-VEH-01,567.5,19.26,22.64,3.38,21.52,19.0,0.990,1,1,27.8,0.43,29.00,30.1,0
1779285619967,599,PERSON-01,327.2,19.09,22.29,3.20,20.81,18.1,0.990,1,1,30.2,0.14,29.12,29.9,0
1779285620000,600,UAS-01,401.2,18.93,22.45,3.53,21.48,16.9,0.990,1,1,28.3,0.27,29.02,30.0,0
1779285620033,601,UAS-02,505.9,19.01,22.36,3.35,21.45,18.1,0.984,1,1,28.4,0.35,29.08,29.9,0
1779285620067,602,GND-VEH-01,739.4,19.01,22.37,3.36,20.74,18.6,0.990,1,1,27.7,0.14,29.14,30.0,0
1779285620100,603,PERSON-01,780.9,18.94,22.39,3.45,21.52,19.4,0.990,1,1,27.0,0.00,29.05,30.1,0
1779285620133,604,UAS-01,583.6,18.99,22.14,3.15,20.28,17.6,0.990,1,1,27.4,0.01,29.31,30.1,0
1779285620167,605,UAS-02,475.2,19.10,22.46,3.36,21.75,18.0,0.990,1,1,28.9,0.15,28.62,30.0,0
1779285620200,606,GND-VEH-01,449.1,18.99,22.67,3.68,22.13,16.4,0.990,1,1,28.3,0.08,29.17,29.9,0
1779285620233,607,PERSON-01,766.3,19.09,22.36,3.27,21.31,18.0,0.990,1,1,27.0,0.46,28.87,30.0,0
1779285620267,608,UAS-01,747.9,18.89,22.36,3.48,20.63,18.5,0.990,1,1,27.0,0.04,29.19,30.1,0
1779285620300,609,UAS-02,352.5,19.08,22.37,3.29,21.48,16.4,0.981,1,1,28.7,0.42,28.84,29.9,0
1779285620333,610,GND-VEH-01,513.3,18.83,22.04,3.22,21.43,16.6,0.990,1,1,27.0,0.02,28.85,29.9,0
1779285620367,611,PERSON-01,864.9,18.83,22.17,3.33,20.88,17.0,0.990,1,1,29.8,0.05,28.92,30.0,0
1779285620400,612,UAS-01,304.1,18.97,22.33,3.36,21.30,18.5,0.990,1,1,29.5,0.04,29.13,29.9,0
1779285620433,613,UAS-02,620.8,19.03,22.29,3.27,20.54,18.3,0.990,1,1,27.0,0.13,28.67,30.1,0
1779285620467,614,GND-VEH-01,640.1,18.69,22.15,3.47,21.36,18.3,0.990,1,1,27.0,0.20,29.00,29.9,0
1779285620500,615,PERSON-01,815.0,18.90,22.19,3.29,20.98,18.5,0.990,1,1,27.0,0.02,29.00,30.2,0
1779285620533,616,UAS-01,453.4,18.92,22.16,3.24,20.49,19.0,0.990,1,1,27.3,0.04,28.99,29.9,0
1779285620567,617,UAS-02,412.8,18.88,22.03,3.15,21.17,16.0,0.990,1,1,29.8,0.06,28.74,30.2,0
1779285620600,618,GND-VEH-01,406.5,19.00,22.66,3.66,22.14,17.7,0.990,1,1,27.0,0.01,28.74,29.9,0
1779285620633,619,PERSON-01,601.9,18.88,22.40,3.52,21.47,18.3,0.990,1,1,27.4,0.12,28.92,30.0,0
1779285620667,620,UAS-01,315.1,18.87,22.15,3.28,21.27,16.1,0.990,1,1,29.8,0.07,28.65,30.0,0
1779285620700,621,UAS-02,328.7,19.16,22.36,3.20,20.43,19.7,0.990,1,1,27.4,0.05,29.05,30.0,0
1779285620733,622,GND-VEH-01,373.6,18.73,22.35,3.62,22.00,17.6,0.990,1,1,27.1,0.15,29.16,30.0,0
1779285620767,623,PERSON-01,528.1,18.92,22.34,3.41,21.54,18.8,0.990,1,1,27.0,0.25,28.80,30.1,0
1779285620800,624,UAS-01,633.9,18.95,22.63,3.68,21.71,16.2,0.990,1,1,27.0,0.00,29.22,30.0,0
1779285620833,625,UAS-02,449.8,19.03,22.40,3.37,21.26,18.0,0.985,1,1,27.2,0.06,29.30,30.1,0
1779285620867,626,GND-VEH-01,407.8,18.85,22.66,3.81,21.63,19.1,0.990,1,1,27.0,0.05,28.48,29.9,0
1779285620900,627,PERSON-01,393.5,19.09,22.54,3.45,21.44,19.5,0.974,1,1,28.0,0.52,29.09,30.0,0
1779285620933,628,UAS-01,735.0,18.98,22.25,3.26,21.25,16.6,0.974,1,1,27.0,0.04,28.84,29.8,0
1779285620967,629,UAS-02,502.2,19.18,22.81,3.62,21.51,17.1,0.990,1,1,28.9,0.08,29.03,30.0,0
1779285621000,630,GND-VEH-01,438.3,19.16,22.56,3.40,21.05,16.9,0.990,1,1,28.4,0.02,29.48,30.0,0
1779285621033,631,PERSON-01,650.4,18.96,22.41,3.45,20.66,16.8,0.990,1,1,28.4,0.06,29.10,30.1,0
1779285621067,632,UAS-01,535.8,18.99,22.53,3.55,20.90,18.5,0.990,1,1,27.0,0.33,29.08,30.2,0
1779285621100,633,UAS-02,360.0,19.17,22.76,3.59,20.97,19.6,0.987,1,1,29.0,0.02,29.40,30.0,0
1779285621133,634,GND-VEH-01,377.2,19.13,22.39,3.26,20.85,17.4,0.990,1,1,27.0,0.43,28.98,30.0,0
1779285621167,635,PERSON-01,377.8,19.01,22.35,3.34,20.62,18.5,0.990,1,1,27.0,0.12,28.98,29.9,0
1779285621200,636,UAS-01,648.2,19.07,22.38,3.31,20.91,18.5,0.990,1,1,27.8,0.36,28.73,30.1,0
1779285621233,637,UAS-02,359.7,19.18,22.40,3.23,20.13,18.8,0.990,1,1,27.0,0.09,28.90,30.0,0
1779285621267,638,GND-VEH-01,302.9,18.90,22.03,3.13,20.69,16.9,0.990,1,1,27.0,0.19,29.20,29.9,0
1779285621300,639,PERSON-01,680.8,19.26,22.29,3.03,21.20,18.7,0.982,1,1,27.0,0.14,29.45,30.0,0
1779285621333,640,UAS-01,646.6,18.89,22.10,3.21,20.71,19.3,0.978,1,1,27.5,0.03,29.33,30.1,0
1779285621367,641,UAS-02,422.4,19.12,22.70,3.58,22.14,19.1,0.990,1,1,27.5,0.06,29.67,30.0,0
1779285621400,642,GND-VEH-01,479.7,18.97,22.23,3.26,20.79,18.7,0.984,1,1,29.5,0.20,29.05,30.0,0
1779285621433,643,PERSON-01,356.2,18.89,22.06,3.18,21.29,19.5,0.990,1,1,27.0,0.09,28.92,30.1,0
1779285621467,644,UAS-01,788.7,19.05,22.06,3.01,19.82,19.7,0.990,1,1,27.0,0.23,29.17,29.9,0
1779285621500,645,UAS-02,637.7,19.03,22.47,3.44,21.85,17.2,0.990,1,1,27.0,0.16,28.96,30.1,0
1779285621533,646,GND-VEH-01,447.9,19.14,23.01,3.88,21.54,17.9,0.984,1,1,27.4,0.27,29.20,30.0,0
1779285621567,647,PERSON-01,642.5,19.06,22.31,3.25,21.94,17.3,0.990,1,1,27.0,0.18,28.78,30.2,0
1779285621600,648,UAS-01,536.5,19.08,22.63,3.55,21.07,17.7,0.985,1,1,27.7,0.33,28.79,30.1,0
1779285621633,649,UAS-02,310.5,18.97,22.85,3.87,21.33,19.1,0.990,1,1,27.0,0.16,28.99,30.0,0
1779285621667,650,GND-VEH-01,723.4,19.11,22.33,3.23,21.16,17.3,0.990,1,1,28.9,0.09,28.95,30.1,0
1779285621700,651,PERSON-01,308.2,19.28,22.87,3.59,21.52,17.8,0.990,1,1,27.0,0.01,29.06,30.1,0
1779285621733,652,UAS-01,413.7,19.28,22.56,3.28,20.66,19.3,0.990,1,1,28.3,0.11,29.25,30.1,0
1779285621767,653,UAS-02,395.9,18.92,22.37,3.45,20.92,19.0,0.990,1,1,28.1,0.32,29.02,30.0,0
1779285621800,654,GND-VEH-01,411.3,19.26,22.73,3.47,21.44,17.2,0.977,1,1,27.0,0.18,29.16,30.0,0
1779285621833,655,PERSON-01,407.9,18.83,22.35,3.52,21.16,19.4,0.990,1,1,27.0,0.35,28.73,30.0,0
1779285621867,656,UAS-01,309.1,19.11,22.61,3.50,21.79,17.5,0.990,1,1,27.0,0.05,29.00,29.9,0
1779285621900,657,UAS-02,359.7,19.15,22.48,3.33,20.63,17.0,0.980,1,1,27.0,0.21,28.48,29.9,0
1779285621933,658,GND-VEH-01,352.2,18.98,22.50,3.52,21.11,18.9,0.986,1,1,29.0,0.15,28.81,29.9,0
1779285621967,659,PERSON-01,524.3,18.96,22.49,3.53,21.46,17.1,0.990,1,1,27.1,0.14,29.20,29.9,0
1779285622000,660,UAS-01,394.9,18.84,22.40,3.55,21.68,18.5,0.990,1,1,27.0,0.05,28.82,30.0,0
1779285622033,661,UAS-02,482.1,19.03,22.29,3.26,20.82,18.4,0.986,1,1,27.0,0.17,29.17,30.1,0
1779285622067,662,GND-VEH-01,510.6,18.97,22.40,3.43,21.07,18.8,0.990,1,1,27.0,0.08,29.42,30.1,0
1779285622100,663,PERSON-01,664.0,19.08,22.49,3.41,21.11,18.4,0.968,1,1,28.9,0.27,29.51,29.9,0
1779285622133,664,UAS-01,399.2,18.78,22.48,3.71,22.24,18.4,0.990,1,1,27.0,0.13,28.98,29.9,0
1779285622167,665,UAS-02,303.5,19.17,22.71,3.54,21.57,17.5,0.987,1,1,27.0,0.00,28.99,30.1,0
1779285622200,666,GND-VEH-01,697.6,19.13,22.11,2.98,20.83,17.7,0.990,1,1,27.0,0.02,29.11,30.1,0
1779285622233,667,PERSON-01,420.7,19.15,22.68,3.52,20.58,17.4,0.982,1,1,27.7,0.21,29.23,30.1,0
1779285622267,668,UAS-01,614.2,18.65,22.15,3.50,20.76,19.4,0.982,1,1,27.0,0.10,29.16,29.8,0
1779285622300,669,UAS-02,542.9,19.06,22.45,3.38,20.88,19.9,0.984,1,1,27.0,0.02,29.49,30.1,0
1779285622333,670,GND-VEH-01,464.6,18.78,21.87,3.10,20.68,19.0,0.990,1,1,27.0,0.10,28.56,30.0,0
1779285622367,671,PERSON-01,569.1,19.03,22.46,3.43,21.46,17.3,0.990,1,1,27.7,0.21,29.05,30.1,0
1779285622400,672,UAS-01,926.2,19.40,22.36,2.97,20.78,18.3,0.990,1,1,27.0,0.12,29.36,30.0,0
1779285622433,673,UAS-02,372.7,19.09,22.85,3.76,20.94,17.8,0.990,1,1,27.0,0.08,29.66,30.0,0
1779285622467,674,GND-VEH-01,635.6,19.08,22.54,3.46,20.31,19.4,0.990,1,1,28.7,0.16,29.30,29.9,0
1779285622500,675,PERSON-01,684.5,18.97,22.39,3.41,20.97,18.0,0.989,1,1,27.0,0.08,29.44,30.0,0
1779285622533,676,UAS-01,379.9,19.02,22.40,3.38,21.02,17.8,0.977,1,1,29.2,0.09,29.07,30.0,0
1779285622567,677,UAS-02,366.6,19.08,22.81,3.74,21.70,18.8,0.973,1,1,28.7,0.27,28.83,30.0,0
1779285622600,678,GND-VEH-01,474.6,18.78,22.27,3.49,22.31,17.5,0.990,1,1,27.0,0.24,29.18,30.0,0
1779285622633,679,PERSON-01,527.7,19.04,22.38,3.34,20.35,18.1,0.990,1,1,27.9,0.37,29.48,30.0,0
1779285622667,680,UAS-01,870.8,18.82,22.05,3.23,20.79,17.7,0.990,1,1,27.0,0.24,29.57,30.1,0
1779285622700,681,UAS-02,727.6,18.95,22.47,3.53,21.15,18.4,0.990,1,1,27.6,0.35,29.01,30.0,0
1779285622733,682,GND-VEH-01,742.2,18.85,22.13,3.28,20.89,17.6,0.990,1,1,27.0,0.11,29.33,29.9,0
1779285622767,683,PERSON-01,490.8,18.87,22.29,3.42,22.15,16.6,0.990,1,1,27.0,0.17,29.03,29.9,0
1779285622800,684,UAS-01,432.7,18.88,22.51,3.62,21.01,18.4,0.990,1,1,27.0,0.33,29.13,30.1,0
1779285622833,685,UAS-02,334.4,19.05,22.41,3.36,20.73,18.8,0.990,1,1,27.0,0.11,28.98,29.9,0
1779285622867,686,GND-VEH-01,467.9,19.11,22.88,3.77,21.24,19.0,0.990,1,1,29.8,0.28,28.97,30.0,0
1779285622900,687,PERSON-01,596.2,18.94,22.06,3.12,20.32,19.6,0.990,1,1,27.0,0.16,29.09,30.1,0
1779285622933,688,UAS-01,372.8,19.10,22.82,3.72,22.21,18.4,0.990,1,1,29.2,0.19,29.14,29.9,0
1779285622967,689,UAS-02,427.4,18.83,22.62,3.79,22.07,17.5,0.981,1,1,27.0,0.20,29.63,30.2,0
1779285623000,690,GND-VEH-01,322.9,18.97,22.45,3.48,21.02,17.5,0.132,0,0,27.0,0.00,28.73,29.9,0
1779285623033,691,PERSON-01,335.0,18.90,22.38,3.48,20.93,18.8,0.990,1,1,29.6,0.10,29.22,30.0,0
1779285623067,692,UAS-01,434.2,19.12,22.46,3.34,20.98,18.2,0.978,1,1,28.6,0.03,29.24,30.1,0
1779285623100,693,UAS-02,312.2,18.92,22.19,3.27,21.23,16.7,0.990,1,1,27.0,0.26,29.26,30.0,0
1779285623133,694,GND-VEH-01,410.6,19.00,22.55,3.55,21.48,17.9,0.990,1,1,27.0,0.12,29.26,29.9,0
1779285623167,695,PERSON-01,726.8,18.97,22.41,3.44,20.48,18.3,0.990,1,1,29.1,0.22,29.56,30.0,0
1779285623200,696,UAS-01,818.7,18.79,21.94,3.15,21.10,17.3,0.990,1,1,27.1,0.08,28.93,29.9,0
1779285623233,697,UAS-02,477.5,18.86,22.26,3.41,21.04,16.5,0.990,1,1,27.0,0.27,29.07,30.0,0
1779285623267,698,GND-VEH-01,494.0,19.15,22.50,3.34,21.26,19.1,0.990,1,1,27.0,0.40,28.94,30.1,0
1779285623300,699,PERSON-01,570.7,18.89,22.48,3.60,21.94,18.0,0.990,1,1,27.0,0.12,28.98,29.8,0
1779285623333,700,UAS-01,853.6,18.88,22.18,3.29,21.58,19.8,0.975,1,1,28.1,0.28,29.37,30.0,0
1779285623367,701,UAS-02,712.4,18.80,22.50,3.70,21.15,18.5,0.990,1,1,27.0,0.21,29.01,29.9,0
1779285623400,702,GND-VEH-01,883.5,19.18,22.38,3.21,20.07,18.2,0.990,1,1,27.6,0.21,29.12,29.9,0
1779285623433,703,PERSON-01,325.0,19.33,22.66,3.33,21.50,16.3,0.990,1,1,27.0,0.16,28.62,30.0,0
1779285623467,704,UAS-01,323.5,19.12,22.71,3.59,21.03,18.6,0.990,1,1,28.1,0.12,28.86,30.0,0
1779285623500,705,UAS-02,623.4,18.77,22.38,3.61,21.62,17.7,0.990,1,1,27.0,0.01,29.19,30.0,0
1779285623533,706,GND-VEH-01,947.5,19.01,22.37,3.36,21.46,17.8,0.990,1,1,27.0,0.22,28.84,30.0,0
1779285623567,707,PERSON-01,561.9,18.95,22.30,3.34,21.25,18.9,0.990,1,1,27.0,0.07,29.13,30.0,0
1779285623600,708,UAS-01,451.5,18.85,22.42,3.58,21.51,16.8,0.990,1,1,27.0,0.08,29.27,30.0,0
1779285623633,709,UAS-02,378.0,19.02,22.81,3.79,22.11,18.3,0.990,1,1,27.0,0.48,29.47,30.0,0
1779285623667,710,GND-VEH-01,673.3,19.25,22.47,3.23,20.05,18.0,0.979,1,1,27.0,0.28,29.21,29.9,0
1779285623700,711,PERSON-01,487.9,18.88,22.37,3.50,21.42,17.6,0.990,1,1,27.5,0.12,29.02,30.0,0
1779285623733,712,UAS-01,369.9,19.23,22.58,3.35,20.92,19.3,0.990,1,1,30.2,0.14,28.75,30.1,0
1779285623767,713,UAS-02,361.6,18.66,22.18,3.52,21.66,17.5,0.979,1,1,27.3,0.31,29.29,30.0,0
1779285623800,714,GND-VEH-01,412.1,18.99,22.26,3.27,20.77,16.9,0.990,1,1,29.4,0.19,29.35,30.0,0
1779285623833,715,PERSON-01,504.1,18.96,22.39,3.43,20.65,18.5,0.990,1,1,27.0,0.14,29.38,30.0,0
1779285623867,716,UAS-01,320.6,19.04,22.55,3.51,20.92,19.5,0.990,1,1,27.7,0.36,29.23,29.9,0
1779285623900,717,UAS-02,522.4,18.90,22.20,3.30,20.23,19.6,0.990,1,1,27.0,0.42,28.86,30.0,0
1779285623933,718,GND-VEH-01,638.8,19.24,22.44,3.20,19.92,19.1,0.986,1,1,27.0,0.13,29.36,30.1,0
1779285623967,719,PERSON-01,396.1,19.06,22.64,3.58,21.98,17.3,0.990,1,1,27.0,0.14,28.96,30.1,0
1779285624000,720,UAS-01,483.9,19.06,22.52,3.46,21.47,18.8,0.973,1,1,27.4,0.15,29.14,29.9,0
1779285624033,721,UAS-02,432.8,18.70,22.28,3.58,21.71,19.0,0.986,1,1,28.9,0.45,29.34,30.0,0
1779285624067,722,GND-VEH-01,540.9,19.14,22.80,3.65,21.33,19.0,0.990,1,1,29.6,0.12,29.58,30.0,0
1779285624100,723,PERSON-01,379.1,18.68,22.14,3.46,20.66,17.9,0.990,1,1,27.0,0.13,28.87,29.9,0
1779285624133,724,UAS-01,649.3,19.03,22.08,3.06,20.56,17.0,0.990,1,1,27.0,0.47,29.72,30.1,0
1779285624167,725,UAS-02,824.4,19.03,22.30,3.28,21.02,17.9,0.986,1,1,27.2,0.08,29.22,30.1,0
1779285624200,726,GND-VEH-01,314.8,18.94,22.52,3.58,20.85,18.6,0.986,1,1,27.0,0.20,29.42,30.2,0
1779285624233,727,PERSON-01,712.0,18.72,21.90,3.18,20.90,17.3,0.982,1,1,28.3,0.20,29.27,29.9,0
1779285624267,728,UAS-01,633.8,18.90,22.28,3.38,20.40,17.7,0.986,1,1,27.0,0.06,29.51,30.0,0
1779285624300,729,UAS-02,633.4,18.67,22.00,3.33,20.86,17.5,0.990,1,1,29.2,0.13,29.46,30.1,0
1779285624333,730,GND-VEH-01,346.3,19.03,22.61,3.58,21.80,17.9,0.990,1,1,27.0,0.25,29.31,30.0,0
1779285624367,731,PERSON-01,384.2,19.16,22.56,3.40,20.50,18.6,0.990,1,1,27.0,0.07,29.29,30.1,0
1779285624400,732,UAS-01,511.8,19.45,22.83,3.39,21.67,18.2,0.970,1,1,30.1,0.17,29.65,30.0,0
1779285624433,733,UAS-02,803.0,18.94,22.23,3.29,21.19,18.8,0.985,1,1,27.0,0.02,29.21,30.0,0
1779285624467,734,GND-VEH-01,490.4,19.03,22.66,3.63,21.54,18.2,0.990,1,1,27.0,0.33,29.35,30.0,0
1779285624500,735,PERSON-01,306.2,18.98,22.19,3.21,21.29,18.3,0.990,1,1,27.0,0.23,28.99,29.9,0
1779285624533,736,UAS-01,361.5,19.02,22.46,3.44,21.46,16.9,0.990,1,1,27.5,0.13,29.51,30.2,0
1779285624567,737,UAS-02,508.8,19.17,22.68,3.51,21.31,17.7,0.990,1,1,29.5,0.34,29.28,29.9,0
1779285624600,738,GND-VEH-01,495.7,19.07,22.42,3.35,21.57,17.0,0.975,1,1,27.0,0.18,29.18,30.0,0
1779285624633,739,PERSON-01,618.2,19.31,22.89,3.58,21.93,17.9,0.990,1,1,30.2,0.09,29.58,29.9,0
1779285624667,740,UAS-01,448.0,18.94,22.37,3.43,21.64,16.9,0.990,1,1,28.5,0.14,29.36,30.1,0
1779285624700,741,UAS-02,415.5,18.96,22.26,3.30,21.65,17.0,0.990,1,1,27.0,0.22,29.45,30.0,0
1779285624733,742,GND-VEH-01,301.5,18.80,22.33,3.53,20.78,18.0,0.986,1,1,27.0,0.43,29.34,30.1,0
1779285624767,743,PERSON-01,490.8,18.85,22.68,3.83,22.29,18.3,0.990,1,1,28.1,0.01,29.41,30.1,0
1779285624800,744,UAS-01,610.3,19.12,22.84,3.72,22.45,17.9,0.990,1,1,29.3,0.13,29.47,30.0,0
1779285624833,745,UAS-02,363.9,19.01,22.61,3.60,21.52,17.8,0.989,1,1,27.0,0.18,29.26,30.0,0
1779285624867,746,GND-VEH-01,479.6,19.01,22.22,3.20,21.11,19.0,0.983,1,1,27.0,0.14,29.27,30.1,0
1779285624900,747,PERSON-01,477.7,19.02,22.32,3.30,21.06,17.5,0.990,1,1,28.5,0.24,28.79,30.0,0
1779285624933,748,UAS-01,477.4,18.98,22.43,3.45,21.45,18.8,0.990,1,1,29.9,0.16,29.05,29.9,0
1779285624967,749,UAS-02,688.5,18.92,22.02,3.09,21.10,17.7,0.971,1,1,27.0,0.29,29.23,29.9,0
1779285625000,750,GND-VEH-01,417.5,19.02,22.35,3.33,21.11,17.4,0.990,1,1,27.0,0.05,28.90,30.0,0
1779285625033,751,PERSON-01,494.9,19.20,22.86,3.66,21.63,19.0,0.990,1,1,29.4,0.31,29.46,30.1,0
1779285625067,752,UAS-01,324.0,19.07,22.81,3.74,22.32,16.3,0.990,1,1,28.7,0.15,29.27,29.8,0
1779285625100,753,UAS-02,503.6,18.98,22.80,3.82,22.01,16.4,0.990,1,1,27.0,0.07,29.27,30.0,0
1779285625133,754,GND-VEH-01,903.7,18.84,22.12,3.27,20.95,17.9,0.990,1,1,27.5,0.18,29.36,30.1,0
1779285625167,755,PERSON-01,590.0,18.84,22.38,3.54,21.48,18.4,0.975,1,1,27.0,0.14,29.35,30.0,0
1779285625200,756,UAS-01,723.3,18.98,22.41,3.43,21.62,19.0,0.990,1,1,28.4,0.05,29.12,29.9,0
1779285625233,757,UAS-02,306.1,18.97,22.62,3.64,21.64,16.2,0.990,1,1,27.0,0.08,29.61,30.0,0
1779285625267,758,GND-VEH-01,343.3,19.22,22.72,3.50,21.83,16.8,0.990,1,1,27.0,0.36,29.38,29.9,0
1779285625300,759,PERSON-01,423.2,19.20,22.59,3.39,21.45,18.2,0.990,1,1,28.0,0.06,29.40,29.9,0
1779285625333,760,UAS-01,619.8,18.67,21.96,3.29,20.91,16.9,0.990,1,1,29.0,0.21,28.99,29.9,0
1779285625367,761,UAS-02,353.6,18.90,22.57,3.67,21.98,16.7,0.990,1,1,27.2,0.23,29.15,29.9,0
1779285625400,762,GND-VEH-01,464.6,18.67,21.78,3.11,21.16,19.6,0.990,1,1,27.8,0.02,29.61,29.9,0
1779285625433,763,PERSON-01,334.2,18.78,22.30,3.51,21.08,18.8,0.990,1,1,27.2,0.10,29.39,29.9,0
1779285625467,764,UAS-01,495.7,18.78,22.30,3.52,21.47,17.2,0.990,1,1,27.0,0.06,29.12,30.1,0
1779285625500,765,UAS-02,635.2,18.79,22.08,3.29,21.29,17.8,0.988,1,1,27.0,0.10,29.22,30.1,0
1779285625533,766,GND-VEH-01,482.5,19.08,22.58,3.50,21.90,17.3,0.990,1,1,30.1,0.08,29.61,30.0,0
1779285625567,767,PERSON-01,313.5,19.15,22.86,3.71,21.57,17.4,0.990,1,1,27.0,0.09,29.17,30.1,0
1779285625600,768,UAS-01,324.7,18.88,22.45,3.57,20.92,19.2,0.989,1,1,27.8,0.32,28.94,29.9,0
1779285625633,769,UAS-02,332.7,19.35,22.92,3.57,21.51,17.9,0.990,1,1,27.0,0.06,29.24,30.0,0
1779285625667,770,GND-VEH-01,760.1,19.00,22.22,3.22,20.64,18.1,0.990,1,1,27.0,0.17,29.10,30.0,0
1779285625700,771,PERSON-01,537.2,18.96,22.64,3.68,21.56,18.0,0.990,1,1,27.0,0.35,29.26,30.1,0
1779285625733,772,UAS-01,540.9,18.93,22.27,3.35,21.52,17.7,0.990,1,1,27.0,0.41,29.59,30.1,0
1779285625767,773,UAS-02,309.8,19.01,22.78,3.77,21.84,19.0,0.990,1,1,28.8,0.43,29.53,30.0,0
1779285625800,774,GND-VEH-01,315.7,19.24,23.09,3.85,21.88,19.2,0.987,1,1,27.0,0.28,29.01,30.0,0
1779285625833,775,PERSON-01,382.1,18.98,22.60,3.63,21.29,18.7,0.990,1,1,29.4,0.07,29.43,30.0,0
1779285625867,776,UAS-01,500.9,19.07,22.89,3.82,21.51,19.2,0.979,1,1,29.2,0.34,28.98,30.1,0
1779285625900,777,UAS-02,657.5,18.95,22.35,3.40,20.86,16.8,0.986,1,1,27.0,0.16,29.52,29.9,0
1779285625933,778,GND-VEH-01,454.0,19.11,22.66,3.56,21.18,17.7,0.990,1,1,27.3,0.07,29.62,29.9,0
1779285625967,779,PERSON-01,315.6,19.12,22.91,3.79,22.07,19.0,0.990,1,1,27.0,0.16,29.45,30.0,0
1779285626000,780,UAS-01,830.1,18.80,22.34,3.54,21.13,17.6,0.973,1,1,27.1,0.13,29.52,30.1,0
1779285626033,781,UAS-02,350.4,19.08,22.72,3.64,21.67,17.4,0.986,1,1,28.9,0.26,28.99,30.1,0
1779285626067,782,GND-VEH-01,451.4,19.07,22.70,3.63,21.47,18.1,0.990,1,1,28.9,0.06,29.01,29.9,0
1779285626100,783,PERSON-01,530.1,19.11,22.62,3.51,21.40,17.6,0.972,1,1,27.0,0.19,29.50,30.1,0
1779285626133,784,UAS-01,346.6,19.02,22.63,3.61,22.02,17.8,0.990,1,1,27.9,0.01,29.52,30.0,0
1779285626167,785,UAS-02,859.2,18.98,22.06,3.08,20.92,17.1,0.988,1,1,27.0,0.05,29.57,30.0,0
1779285626200,786,GND-VEH-01,312.5,19.21,22.88,3.66,21.74,17.6,0.983,1,1,27.0,0.14,29.19,29.9,0
1779285626233,787,PERSON-01,301.4,18.86,22.56,3.71,21.61,17.3,0.990,1,1,27.0,0.23,29.15,30.1,0
1779285626267,788,UAS-01,335.0,19.35,22.85,3.51,21.51,18.2,0.990,1,1,29.5,0.31,29.38,30.1,0
1779285626300,789,UAS-02,354.6,18.96,22.48,3.52,21.10,17.5,0.990,1,1,29.0,0.03,29.45,30.0,0
1779285626333,790,GND-VEH-01,413.6,18.85,22.31,3.46,20.89,18.2,0.990,1,1,27.0,0.27,29.00,30.0,0
1779285626367,791,PERSON-01,335.6,18.81,22.60,3.79,21.69,17.5,0.984,1,1,27.0,0.10,29.47,30.0,0
1779285626400,792,UAS-01,560.7,18.94,22.43,3.49,20.79,19.2,0.986,1,1,27.3,0.11,29.20,30.2,0
1779285626433,793,UAS-02,367.7,18.97,22.54,3.57,21.65,17.4,0.990,1,1,27.0,0.22,29.38,30.2,0
1779285626467,794,GND-VEH-01,548.4,18.97,22.55,3.58,21.71,17.3,0.990,1,1,27.0,0.01,29.38,30.0,0
1779285626500,795,PERSON-01,408.0,18.96,22.40,3.44,21.09,17.1,0.990,1,1,28.2,0.37,29.22,30.0,0
1779285626533,796,UAS-01,422.4,18.95,22.64,3.69,21.37,18.7,0.990,1,1,27.9,0.06,29.67,30.1,0
1779285626567,797,UAS-02,725.5,19.06,22.50,3.44,21.33,18.4,0.986,1,1,29.1,0.03,29.07,29.8,0
1779285626600,798,GND-VEH-01,441.7,19.15,22.73,3.57,20.97,18.5,0.990,1,1,28.9,0.49,29.53,30.1,0
1779285626633,799,PERSON-01,341.4,18.86,22.48,3.63,21.06,18.3,0.984,1,1,27.6,0.21,28.88,30.0,0
1779285626667,800,UAS-01,465.4,19.08,22.54,3.45,20.65,19.0,0.986,1,1,28.7,0.06,29.26,30.0,0
1779285626700,801,UAS-02,715.8,18.84,22.06,3.22,21.34,19.0,0.990,1,1,29.3,0.10,29.71,29.9,0
1779285626733,802,GND-VEH-01,696.3,19.07,22.40,3.34,20.36,18.9,0.990,1,1,27.0,0.31,29.57,30.0,0
1779285626767,803,PERSON-01,387.4,19.09,22.35,3.26,20.68,17.7,0.990,1,1,30.2,0.11,29.03,30.0,0
1779285626800,804,UAS-01,461.2,19.05,22.18,3.13,20.19,18.4,0.990,1,1,28.0,0.26,29.73,30.0,0
1779285626833,805,UAS-02,746.3,19.00,22.49,3.49,21.75,17.2,0.990,1,1,27.0,0.26,29.73,30.0,0
1779285626867,806,GND-VEH-01,389.1,19.03,22.45,3.42,22.04,16.4,0.990,1,1,27.0,0.10,29.64,29.9,0
1779285626900,807,PERSON-01,579.9,19.16,22.41,3.25,21.11,17.2,0.990,1,1,27.8,0.09,29.39,30.0,0
1779285626933,808,UAS-01,329.3,18.97,22.49,3.51,21.02,18.2,0.990,1,1,27.0,0.25,29.74,30.0,0
1779285626967,809,UAS-02,409.7,19.19,22.69,3.50,21.44,17.5,0.990,1,1,27.0,0.27,29.64,30.0,0
1779285627000,810,GND-VEH-01,494.5,19.02,22.42,3.39,20.97,18.6,0.990,1,1,29.6,0.19,29.24,29.9,0
1779285627033,811,PERSON-01,359.7,18.97,22.61,3.64,21.79,17.4,0.990,1,1,27.1,0.22,29.27,30.0,0
1779285627067,812,UAS-01,588.4,19.08,22.74,3.67,21.89,17.4,0.990,1,1,27.0,0.21,29.27,30.1,0
1779285627100,813,UAS-02,831.3,19.23,22.67,3.44,20.79,18.2,0.990,1,1,27.4,0.20,29.65,29.9,0
1779285627133,814,GND-VEH-01,323.7,18.98,22.53,3.55,21.20,19.4,0.990,1,1,27.7,0.43,29.24,30.0,0
1779285627167,815,PERSON-01,469.7,19.01,22.70,3.69,20.87,18.9,0.986,1,1,27.0,0.17,29.16,30.0,0
1779285627200,816,UAS-01,445.2,19.02,22.43,3.40,21.57,18.0,0.990,1,1,28.9,0.09,29.45,30.0,0
1779285627233,817,UAS-02,1070.2,19.00,22.20,3.20,20.80,16.6,0.990,1,1,28.3,0.26,29.65,30.0,0
1779285627267,818,GND-VEH-01,629.5,19.12,22.47,3.35,21.09,17.0,0.990,1,1,27.7,0.26,29.17,30.0,0
1779285627300,819,PERSON-01,424.5,18.94,22.54,3.60,21.34,18.0,0.977,1,1,27.7,0.09,29.42,30.0,0
1779285627333,820,UAS-01,658.6,19.16,22.53,3.37,20.92,18.3,0.990,1,1,27.6,0.13,29.46,30.0,0
1779285627367,821,UAS-02,841.3,19.19,22.64,3.45,21.19,17.3,0.978,1,1,29.1,0.52,29.44,30.0,0
1779285627400,822,GND-VEH-01,561.8,18.88,22.29,3.41,20.48,17.0,0.990,1,1,27.8,0.09,29.33,30.1,0
1779285627433,823,PERSON-01,358.0,18.92,22.61,3.69,21.77,19.3,0.990,1,1,27.0,0.23,28.96,30.0,0
1779285627467,824,UAS-01,540.4,19.09,22.67,3.59,21.44,17.5,0.984,1,1,28.2,0.07,28.85,29.9,0
1779285627500,825,UAS-02,511.9,19.02,22.64,3.62,21.02,18.3,0.990,1,1,27.0,0.17,29.22,29.9,0
1779285627533,826,GND-VEH-01,400.0,18.94,22.49,3.55,21.52,17.0,0.990,1,1,27.6,0.37,29.47,29.9,0
1779285627567,827,PERSON-01,580.2,19.08,22.88,3.80,21.52,18.9,0.987,1,1,27.0,0.02,29.40,30.0,0
1779285627600,828,UAS-01,728.8,18.76,22.03,3.26,20.63,17.7,0.990,1,1,30.4,0.26,29.45,30.0,0
1779285627633,829,UAS-02,524.4,19.04,22.32,3.28,21.99,16.7,0.990,1,1,27.0,0.48,29.86,29.9,0
1779285627667,830,GND-VEH-01,777.0,19.20,22.61,3.41,21.17,17.4,0.984,1,1,27.0,0.34,29.44,30.0,0
1779285627700,831,PERSON-01,523.9,18.93,22.23,3.31,20.60,18.4,0.990,1,1,27.5,0.03,29.46,30.0,0
1779285627733,832,UAS-01,622.2,19.12,22.50,3.38,20.64,18.9,0.990,1,1,27.0,0.35,29.23,30.1,0
1779285627767,833,UAS-02,950.4,18.96,22.13,3.18,20.22,19.8,0.990,1,1,27.0,0.13,29.33,30.0,0
1779285627800,834,GND-VEH-01,355.6,19.05,22.71,3.65,21.76,18.0,0.990,1,1,27.0,0.13,29.37,29.9,0
1779285627833,835,PERSON-01,897.4,19.00,22.27,3.27,21.25,17.7,0.984,1,1,29.1,0.31,29.55,30.1,0
1779285627867,836,UAS-01,458.7,19.25,22.78,3.53,21.40,18.1,0.990,1,1,27.0,0.32,29.37,30.0,0
1779285627900,837,UAS-02,480.3,18.96,22.00,3.04,21.22,18.2,0.990,1,1,27.0,0.07,29.35,30.0,0
1779285627933,838,GND-VEH-01,494.9,19.16,22.45,3.29,21.60,16.7,0.990,1,1,30.0,0.33,29.44,30.1,0
1779285627967,839,PERSON-01,766.6,18.91,22.22,3.31,21.04,19.8,0.990,1,1,27.2,0.12,29.54,29.8,0
1779285628000,840,UAS-01,476.8,19.00,22.50,3.50,21.22,17.9,0.990,1,1,27.8,0.18,28.96,29.9,0
1779285628033,841,UAS-02,638.6,18.77,21.99,3.23,20.47,18.1,0.987,1,1,27.0,0.21,29.56,30.0,0
1779285628067,842,GND-VEH-01,493.5,18.99,22.45,3.46,21.18,17.6,0.980,1,1,27.0,0.04,29.48,29.9,0
1779285628100,843,PERSON-01,360.2,18.89,22.69,3.81,22.32,17.4,0.990,1,1,27.0,0.10,29.03,30.0,0
1779285628133,844,UAS-01,703.6,19.08,22.25,3.17,20.07,18.3,0.990,1,1,27.0,0.19,29.25,29.9,0
1779285628167,845,UAS-02,462.4,19.10,22.41,3.31,20.87,19.3,0.982,1,1,27.0,0.10,29.44,30.1,0
1779285628200,846,GND-VEH-01,825.4,19.14,22.43,3.29,20.91,17.2,0.990,1,1,27.0,0.01,29.17,30.1,0
1779285628233,847,PERSON-01,790.2,19.20,22.44,3.24,20.36,17.3,0.988,1,1,27.0,0.07,29.38,30.0,0
1779285628267,848,UAS-01,348.1,19.06,22.28,3.22,20.37,17.9,0.990,1,1,27.0,0.07,29.18,30.0,0
1779285628300,849,UAS-02,493.1,18.94,22.30,3.36,20.79,17.4,0.978,1,1,27.0,0.10,29.35,29.8,0
1779285628333,850,GND-VEH-01,380.8,19.13,22.44,3.30,20.85,18.3,0.990,1,1,28.2,0.10,29.64,30.0,0
1779285628367,851,PERSON-01,376.4,19.25,22.55,3.30,21.41,17.3,0.984,1,1,29.5,0.05,29.20,30.0,0
1779285628400,852,UAS-01,309.5,18.81,22.37,3.56,21.70,17.5,0.990,1,1,27.0,0.08,29.30,29.9,0
1779285628433,853,UAS-02,619.5,19.30,22.63,3.32,21.26,18.5,0.990,1,1,27.0,0.30,29.63,30.0,0
1779285628467,854,GND-VEH-01,552.3,19.29,22.84,3.55,21.35,18.4,0.990,1,1,27.0,0.10,29.47,30.1,0
1779285628500,855,PERSON-01,507.9,18.86,22.43,3.57,21.59,16.4,0.985,1,1,27.0,0.19,29.39,30.1,0
1779285628533,856,UAS-01,604.1,18.94,22.55,3.61,21.75,17.8,0.990,1,1,29.0,0.21,29.41,29.9,0
1779285628567,857,UAS-02,347.4,19.09,22.65,3.55,21.23,18.9,0.990,1,1,27.0,0.07,29.32,30.0,0
1779285628600,858,GND-VEH-01,560.2,19.24,22.60,3.37,20.57,18.8,0.990,1,1,27.0,0.17,29.42,30.0,0
1779285628633,859,PERSON-01,302.2,19.02,22.63,3.61,20.82,18.0,0.990,1,1,27.0,0.17,29.41,29.9,0
1779285628667,860,UAS-01,581.8,18.99,22.58,3.59,21.21,17.7,0.990,1,1,27.0,0.09,29.74,29.9,0
1779285628700,861,UAS-02,485.7,19.22,22.54,3.32,20.84,19.9,0.990,1,1,27.0,0.13,29.42,30.1,0
1779285628733,862,GND-VEH-01,612.3,18.98,22.71,3.73,22.02,17.8,0.989,1,1,28.4,0.21,30.04,30.0,0
1779285628767,863,PERSON-01,456.2,19.18,23.03,3.85,21.58,19.4,0.990,1,1,27.9,0.00,29.17,30.2,0
1779285628800,864,UAS-01,428.4,18.94,22.74,3.81,22.01,17.9,0.990,1,1,29.5,0.38,29.72,30.0,0
1779285628833,865,UAS-02,432.5,19.12,22.64,3.52,21.20,18.2,0.976,1,1,27.0,0.20,29.38,30.1,0
1779285628867,866,GND-VEH-01,866.4,19.03,21.98,2.95,20.50,18.9,0.990,1,1,27.2,0.45,29.45,30.1,0
1779285628900,867,PERSON-01,746.4,19.01,21.93,2.93,19.99,16.7,0.990,1,1,27.0,0.07,28.93,30.0,0
1779285628933,868,UAS-01,514.5,18.99,22.32,3.33,20.60,20.4,0.990,1,1,28.7,0.03,29.43,30.0,0
1779285628967,869,UAS-02,835.1,18.99,22.57,3.58,22.04,17.5,0.990,1,1,27.0,0.18,29.14,29.9,0
1779285629000,870,GND-VEH-01,412.1,19.13,22.38,3.24,20.86,17.9,0.990,1,1,28.1,0.38,29.89,30.0,0
1779285629033,871,PERSON-01,458.6,19.04,22.56,3.52,21.27,18.1,0.990,1,1,27.3,0.12,29.33,30.0,0
1779285629067,872,UAS-01,369.2,19.11,22.77,3.65,20.87,18.2,0.990,1,1,27.0,0.47,29.48,29.9,0
1779285629100,873,UAS-02,756.0,18.87,22.35,3.48,21.56,17.9,0.990,1,1,27.0,0.05,29.44,29.9,0
1779285629133,874,GND-VEH-01,877.2,19.02,22.21,3.19,20.80,18.9,0.990,1,1,27.9,0.04,29.31,30.1,0
1779285629167,875,PERSON-01,470.1,19.18,22.66,3.47,21.52,17.8,0.990,1,1,27.0,0.02,29.52,30.0,0
1779285629200,876,UAS-01,639.1,18.89,22.26,3.36,21.39,17.1,0.990,1,1,30.8,0.06,29.42,30.0,0
1779285629233,877,UAS-02,525.5,18.93,22.42,3.49,21.26,18.7,0.990,1,1,31.3,0.16,29.47,30.0,0
1779285629267,878,GND-VEH-01,476.8,18.86,22.48,3.62,22.01,17.9,0.984,1,1,28.1,0.14,29.72,30.0,0
1779285629300,879,PERSON-01,525.8,19.00,22.26,3.27,20.71,18.4,0.990,1,1,27.0,0.01,29.22,30.0,0
1779285629333,880,UAS-01,725.5,18.92,22.00,3.08,20.82,20.4,0.985,1,1,28.8,0.24,29.31,30.0,0
1779285629367,881,UAS-02,529.4,18.91,22.39,3.48,20.80,18.2,0.968,1,1,27.0,0.07,29.21,30.0,0
1779285629400,882,GND-VEH-01,573.7,19.08,22.18,3.10,20.61,18.7,0.989,1,1,27.4,0.05,29.58,30.0,0
1779285629433,883,PERSON-01,605.8,18.82,22.19,3.37,21.30,18.7,0.990,1,1,27.0,0.44,29.48,30.1,0
1779285629467,884,UAS-01,524.5,18.88,22.26,3.38,21.13,17.1,0.990,1,1,27.2,0.14,29.34,29.9,0
1779285629500,885,UAS-02,511.9,19.04,22.44,3.41,21.66,17.9,0.986,1,1,27.0,0.05,29.72,29.9,0
1779285629533,886,GND-VEH-01,303.2,19.16,22.55,3.39,20.63,18.3,0.990,1,1,29.4,0.12,29.31,29.9,0
1779285629567,887,PERSON-01,581.2,19.00,22.53,3.53,21.42,17.7,0.990,1,1,29.7,0.12,29.91,29.9,0
1779285629600,888,UAS-01,613.7,18.83,22.61,3.77,22.57,17.4,0.990,1,1,27.0,0.47,29.47,30.0,0
1779285629633,889,UAS-02,640.9,19.17,22.62,3.45,21.21,19.0,0.980,1,1,27.0,0.42,29.14,30.0,0
1779285629667,890,GND-VEH-01,414.6,19.02,22.15,3.13,20.33,18.2,0.983,1,1,27.3,0.11,29.52,30.1,0
1779285629700,891,PERSON-01,578.5,19.12,22.23,3.11,20.43,19.3,0.990,1,1,27.3,0.06,29.97,30.1,0
1779285629733,892,UAS-01,427.6,18.83,22.61,3.78,21.94,18.1,0.990,1,1,27.0,0.00,29.67,30.0,0
1779285629767,893,UAS-02,437.0,18.95,22.35,3.40,20.54,18.0,0.990,1,1,28.1,0.03,29.63,30.0,0
1779285629800,894,GND-VEH-01,339.7,19.25,22.65,3.39,21.62,17.0,0.990,1,1,27.0,0.10,29.29,30.0,0
1779285629833,895,PERSON-01,648.7,18.94,22.37,3.43,21.59,19.1,0.990,1,1,27.0,0.29,29.24,30.1,0
1779285629867,896,UAS-01,430.4,19.02,22.44,3.42,21.07,17.4,0.990,1,1,28.2,0.51,29.36,30.0,0
1779285629900,897,UAS-02,335.5,18.96,22.29,3.33,20.69,18.3,0.987,1,1,27.5,0.15,29.05,30.1,0
1779285629933,898,GND-VEH-01,965.5,18.84,21.83,2.99,19.73,18.1,0.990,1,1,27.0,0.24,29.40,30.2,0
1779285629967,899,PERSON-01,586.8,18.92,22.52,3.60,21.18,18.9,0.990,1,1,27.0,0.25,30.02,30.0,0
1779285630000,900,UAS-01,426.8,19.17,22.68,3.51,21.93,18.5,0.987,1,1,27.0,0.22,29.90,30.1,0
1779285630033,901,UAS-02,437.8,18.91,22.56,3.66,22.54,16.9,0.990,1,1,27.0,0.09,29.46,29.8,0
1779285630067,902,GND-VEH-01,528.0,18.91,22.65,3.73,21.67,18.4,0.990,1,1,27.0,0.15,29.86,29.8,0
1779285630100,903,PERSON-01,353.8,19.00,22.92,3.92,22.45,18.8,0.990,1,1,28.3,0.05,29.67,29.9,0
1779285630133,904,UAS-01,326.4,19.14,22.71,3.57,21.46,18.8,0.986,1,1,30.1,0.19,29.47,30.1,0
1779285630167,905,UAS-02,475.5,19.04,22.63,3.59,21.05,18.7,0.989,1,1,28.7,0.00,29.39,29.8,0
1779285630200,906,GND-VEH-01,598.3,19.10,22.53,3.44,21.45,17.7,0.990,1,1,27.0,0.24,29.51,30.0,0
1779285630233,907,PERSON-01,401.9,18.88,22.55,3.68,21.39,16.5,0.990,1,1,29.3,0.40,29.81,30.0,0
1779285630267,908,UAS-01,641.5,19.06,22.42,3.36,21.75,18.0,0.978,1,1,27.1,0.14,29.53,30.1,0
1779285630300,909,UAS-02,300.7,19.05,22.66,3.62,21.37,18.8,0.990,1,1,27.5,0.13,29.50,30.1,0
1779285630333,910,GND-VEH-01,542.3,19.15,22.39,3.24,20.84,17.8,0.984,1,1,29.0,0.21,29.57,30.0,0
1779285630367,911,PERSON-01,407.3,18.81,22.21,3.41,20.90,17.9,0.987,1,1,28.9,0.10,29.81,29.9,0
1779285630400,912,UAS-01,370.0,19.04,22.78,3.75,22.04,17.1,0.972,1,1,29.2,0.18,29.80,30.1,0
1779285630433,913,UAS-02,451.8,19.13,22.58,3.45,21.55,18.5,0.987,1,1,27.0,0.25,29.59,30.0,0
1779285630467,914,GND-VEH-01,563.6,18.87,22.29,3.42,21.19,17.9,0.990,1,1,27.0,0.05,29.65,30.0,0
1779285630500,915,PERSON-01,679.4,19.04,22.56,3.52,21.66,17.1,0.990,1,1,27.0,0.28,29.77,29.9,0
1779285630533,916,UAS-01,417.6,18.76,22.52,3.76,22.57,18.4,0.990,1,1,27.5,0.33,29.65,29.9,0
1779285630567,917,UAS-02,412.5,19.11,22.71,3.60,22.11,18.1,0.990,1,1,27.1,0.07,29.75,29.9,0
1779285630600,918,GND-VEH-01,544.4,19.01,22.43,3.42,20.59,17.9,0.990,1,1,28.2,0.29,29.79,30.2,0
1779285630633,919,PERSON-01,591.8,18.91,22.37,3.46,21.33,17.8,0.990,1,1,27.0,0.18,29.83,29.9,0
1779285630667,920,UAS-01,396.4,18.84,22.35,3.50,21.88,17.1,0.990,1,1,29.9,0.04,29.73,30.1,0
1779285630700,921,UAS-02,617.1,19.04,22.49,3.45,21.46,17.3,0.990,1,1,27.8,0.03,29.31,30.1,0
1779285630733,922,GND-VEH-01,405.6,18.95,22.63,3.68,22.13,18.4,0.972,1,1,29.9,0.21,29.73,30.1,0
1779285630767,923,PERSON-01,852.5,19.11,22.51,3.40,20.89,18.5,0.990,1,1,27.0,0.19,28.95,30.0,0
1779285630800,924,UAS-01,666.7,19.02,22.19,3.17,20.74,17.7,0.986,1,1,27.0,0.24,29.85,30.1,0
1779285630833,925,UAS-02,524.3,19.22,22.69,3.47,20.99,17.2,0.989,1,1,29.2,0.10,29.45,29.9,0
1779285630867,926,GND-VEH-01,431.8,19.11,23.00,3.89,21.32,17.8,0.990,1,1,27.0,0.04,29.52,30.0,0
1779285630900,927,PERSON-01,488.1,19.01,22.46,3.45,20.93,16.8,0.986,1,1,27.0,0.18,29.59,30.1,0
1779285630933,928,UAS-01,673.9,19.41,22.87,3.47,20.85,18.2,0.990,1,1,29.1,0.38,29.53,30.1,0
1779285630967,929,UAS-02,547.1,19.13,22.66,3.53,22.06,17.7,0.990,1,1,27.0,0.07,29.49,29.9,0
1779285631000,930,GND-VEH-01,605.4,18.75,22.01,3.26,20.80,16.7,0.990,1,1,27.0,0.26,29.47,29.9,0
1779285631033,931,PERSON-01,581.6,19.03,22.47,3.44,21.77,18.1,0.983,1,1,27.0,0.05,29.64,30.1,0
1779285631067,932,UAS-01,431.9,19.12,22.49,3.37,21.52,18.9,0.990,1,1,27.0,0.32,29.51,30.2,0
1779285631100,933,UAS-02,858.7,18.98,22.34,3.36,20.89,17.5,0.990,1,1,28.8,0.37,29.39,30.0,0
1779285631133,934,GND-VEH-01,341.5,19.11,22.86,3.75,22.39,17.5,0.990,1,1,27.0,0.23,29.38,30.1,0
1779285631167,935,PERSON-01,397.8,19.04,22.77,3.73,21.30,18.4,0.990,1,1,27.0,0.15,29.65,30.0,0
1779285631200,936,UAS-01,506.7,19.28,23.01,3.73,21.66,17.6,0.983,1,1,27.0,0.31,29.63,30.1,0
1779285631233,937,UAS-02,336.3,18.96,22.67,3.71,21.46,17.8,0.958,1,1,27.7,0.23,29.85,30.0,0
1779285631267,938,GND-VEH-01,488.5,19.04,22.69,3.65,21.68,18.5,0.984,1,1,27.9,0.12,29.32,29.9,0
1779285631300,939,PERSON-01,549.6,18.96,22.32,3.36,21.63,17.4,0.990,1,1,27.0,0.29,29.67,29.9,0
1779285631333,940,UAS-01,882.0,18.86,22.01,3.15,20.89,17.5,0.983,1,1,27.0,0.19,29.37,30.0,0
1779285631367,941,UAS-02,621.7,19.24,22.49,3.25,20.81,17.9,0.990,1,1,27.9,0.03,29.08,29.8,0
1779285631400,942,GND-VEH-01,421.8,18.78,21.94,3.16,20.16,17.4,0.990,1,1,27.1,0.12,29.59,29.9,0
1779285631433,943,PERSON-01,308.9,18.95,22.43,3.48,21.21,20.1,0.990,1,1,28.2,0.10,29.80,29.8,0
1779285631467,944,UAS-01,498.4,19.18,22.54,3.36,21.58,17.4,0.977,1,1,27.0,0.36,30.22,29.9,0
1779285631500,945,UAS-02,377.4,19.14,22.82,3.68,22.47,19.1,0.983,1,1,27.0,0.35,29.29,29.8,0
1779285631533,946,GND-VEH-01,823.2,19.19,22.61,3.42,21.36,17.1,0.990,1,1,27.0,0.02,29.76,30.2,0
1779285631567,947,PERSON-01,418.5,19.00,22.65,3.65,21.14,19.3,0.990,1,1,28.4,0.20,29.38,29.9,0
1779285631600,948,UAS-01,449.2,19.17,22.54,3.37,21.67,17.9,0.990,1,1,28.6,0.07,29.70,30.1,0
1779285631633,949,UAS-02,589.2,18.95,22.44,3.50,22.10,16.3,0.990,1,1,27.0,0.09,29.29,29.8,0
1779285631667,950,GND-VEH-01,457.3,18.94,22.43,3.49,22.02,17.8,0.990,1,1,27.0,0.01,29.69,29.9,0
1779285631700,951,PERSON-01,503.4,19.04,22.57,3.53,20.76,19.3,0.986,1,1,28.3,0.26,29.76,29.9,0
1779285631733,952,UAS-01,449.6,19.17,22.54,3.37,21.15,17.5,0.989,1,1,27.0,0.05,29.85,29.9,0
1779285631767,953,UAS-02,702.2,19.07,22.20,3.13,20.64,17.1,0.990,1,1,30.1,0.04,30.19,30.0,0
1779285631800,954,GND-VEH-01,411.8,19.00,22.55,3.55,21.72,18.1,0.990,1,1,28.7,0.10,29.41,29.9,0
1779285631833,955,PERSON-01,660.8,19.20,23.02,3.82,22.12,18.1,0.990,1,1,29.0,0.26,29.26,30.1,0
1779285631867,956,UAS-01,793.9,19.11,22.45,3.35,21.62,17.4,0.989,1,1,27.0,0.04,29.53,29.8,0
1779285631900,957,UAS-02,679.6,19.04,22.60,3.56,21.38,16.7,0.989,1,1,27.0,0.21,29.20,30.0,0
1779285631933,958,GND-VEH-01,432.2,19.00,22.50,3.50,21.14,18.9,0.990,1,1,28.9,0.06,29.49,30.1,0
1779285631967,959,PERSON-01,408.8,18.93,22.31,3.38,21.14,18.4,0.990,1,1,27.0,0.04,29.55,30.2,0
1779285632000,960,UAS-01,468.8,18.80,22.46,3.66,21.19,17.4,0.990,1,1,27.0,0.04,29.16,29.9,0
1779285632033,961,UAS-02,650.0,19.16,22.70,3.54,21.28,17.4,0.989,1,1,27.0,0.17,29.51,29.9,0
1779285632067,962,GND-VEH-01,657.9,19.07,22.60,3.53,21.51,18.0,0.975,1,1,29.3,0.12,29.34,30.0,0
1779285632100,963,PERSON-01,490.5,19.04,22.51,3.47,21.82,17.8,0.984,1,1,27.0,0.17,29.73,30.1,0
1779285632133,964,UAS-01,923.0,18.90,22.03,3.13,20.62,17.0,0.965,1,1,27.0,0.09,29.36,30.0,0
1779285632167,965,UAS-02,494.0,19.16,22.68,3.52,22.19,17.5,0.990,1,1,27.0,0.27,29.15,30.0,0
1779285632200,966,GND-VEH-01,648.6,19.04,22.45,3.41,21.21,17.9,0.973,1,1,27.0,0.13,29.42,30.0,0
1779285632233,967,PERSON-01,831.4,19.09,22.10,3.01,21.25,17.6,0.990,1,1,27.5,0.16,29.87,30.1,0
1779285632267,968,UAS-01,413.9,19.10,22.58,3.48,21.71,18.1,0.990,1,1,28.9,0.05,29.73,30.0,0
1779285632300,969,UAS-02,500.5,19.20,22.65,3.46,21.43,17.8,0.990,1,1,27.0,0.10,29.59,30.0,0
1779285632333,970,GND-VEH-01,598.6,19.07,22.36,3.29,21.39,16.4,0.988,1,1,28.3,0.17,29.74,30.0,0
1779285632367,971,PERSON-01,544.5,18.71,22.10,3.39,20.96,19.1,0.990,1,1,27.9,0.13,29.69,30.0,0
1779285632400,972,UAS-01,380.0,18.85,22.56,3.72,21.29,18.3,0.986,1,1,27.0,0.21,29.63,30.1,0
1779285632433,973,UAS-02,467.4,18.89,22.44,3.55,21.00,19.8,0.979,1,1,27.0,0.33,29.44,30.0,0
1779285632467,974,GND-VEH-01,444.5,19.22,22.57,3.35,21.82,18.3,0.990,1,1,27.1,0.13,29.76,29.9,0
1779285632500,975,PERSON-01,745.9,18.91,22.27,3.36,21.40,17.4,0.990,1,1,27.6,0.26,29.39,29.9,0
1779285632533,976,UAS-01,524.2,19.25,22.73,3.49,21.21,17.7,0.990,1,1,30.4,0.48,29.21,29.9,0
1779285632567,977,UAS-02,362.7,18.99,22.23,3.24,21.08,17.6,0.968,1,1,27.0,0.14,29.39,30.1,0
1779285632600,978,GND-VEH-01,733.3,19.12,22.51,3.39,21.09,18.0,0.990,1,1,27.3,0.18,29.40,29.9,0
1779285632633,979,PERSON-01,457.5,18.80,22.33,3.53,20.98,16.7,0.990,1,1,27.0,0.21,30.15,30.0,0
1779285632667,980,UAS-01,382.8,19.00,22.55,3.55,21.47,18.2,0.990,1,1,27.5,0.30,29.71,30.0,0
1779285632700,981,UAS-02,795.3,19.33,22.66,3.32,20.52,16.7,0.990,1,1,27.1,0.15,29.51,30.1,0
1779285632733,982,GND-VEH-01,663.4,18.73,22.13,3.40,20.61,18.5,0.990,1,1,27.0,0.09,29.60,30.1,0
1779285632767,983,PERSON-01,401.7,18.92,22.34,3.42,21.93,17.6,0.990,1,1,27.2,0.29,29.83,29.9,0
1779285632800,984,UAS-01,695.6,19.17,22.17,3.00,20.68,18.6,0.990,1,1,27.0,0.04,29.70,30.0,0
1779285632833,985,UAS-02,1026.8,18.84,22.16,3.32,20.67,17.6,0.986,1,1,27.7,0.03,29.65,30.0,0
1779285632867,986,GND-VEH-01,345.5,18.80,22.21,3.41,21.70,17.5,0.990,1,1,28.0,0.30,29.62,30.0,0
1779285632900,987,PERSON-01,374.6,19.34,23.01,3.67,21.51,18.0,0.990,1,1,28.8,0.25,29.67,30.1,0
1779285632933,988,UAS-01,683.2,19.17,22.57,3.40,21.77,19.1,0.990,1,1,27.0,0.37,29.64,30.0,0
1779285632967,989,UAS-02,580.5,18.83,22.17,3.34,21.47,17.6,0.983,1,1,27.0,0.06,30.00,30.0,0
1779285633000,990,GND-VEH-01,390.9,18.84,22.30,3.46,21.35,19.7,0.990,1,1,27.0,0.06,30.10,30.0,0
1779285633033,991,PERSON-01,338.5,19.08,22.60,3.52,22.09,17.5,0.990,1,1,27.0,0.25,29.74,30.0,0
1779285633067,992,UAS-01,314.0,19.03,22.48,3.44,21.47,17.8,0.990,1,1,28.7,0.31,30.02,30.0,0
1779285633100,993,UAS-02,824.2,19.06,22.32,3.26,21.50,17.4,0.990,1,1,28.6,0.28,29.73,30.0,0
1779285633133,994,GND-VEH-01,686.1,18.94,22.48,3.54,21.44,18.9,0.990,1,1,27.5,0.14,29.82,30.0,0
1779285633167,995,PERSON-01,332.0,19.00,22.68,3.68,21.73,18.7,0.987,1,1,27.0,0.19,29.88,29.9,0
1779285633200,996,UAS-01,629.9,19.02,22.35,3.32,20.88,17.5,0.990,1,1,27.0,0.04,29.88,30.0,0
1779285633233,997,UAS-02,963.2,18.84,22.03,3.19,20.66,18.6,0.990,1,1,27.0,0.18,29.76,30.0,0
1779285633267,998,GND-VEH-01,348.6,19.05,22.49,3.43,21.11,17.4,0.990,1,1,27.0,0.08,29.46,29.9,0
1779285633300,999,PERSON-01,559.4,18.70,21.79,3.09,20.04,19.3,0.990,1,1,27.0,0.18,29.81,30.0,0
1779285633333,1000,UAS-01,332.9,18.87,21.98,3.11,20.07,19.4,0.990,1,1,27.0,0.09,29.80,29.9,0
1779285633367,1001,UAS-02,497.6,18.97,22.47,3.50,20.83,18.1,0.980,1,1,27.0,0.33,30.10,30.0,0
1779285633400,1002,GND-VEH-01,496.0,19.10,22.49,3.39,21.55,18.3,0.976,1,1,28.2,0.08,29.48,30.1,0
1779285633433,1003,PERSON-01,458.3,19.03,22.61,3.58,20.99,17.2,0.983,1,1,30.1,0.10,30.02,30.1,0
1779285633467,1004,UAS-01,335.7,19.00,22.59,3.59,21.65,17.9,0.990,1,1,28.7,0.28,29.32,30.0,0
1779285633500,1005,UAS-02,696.9,19.07,22.62,3.56,21.48,17.6,0.988,1,1,27.0,0.44,29.60,30.0,0
1779285633533,1006,GND-VEH-01,347.3,18.66,22.23,3.57,21.44,17.2,0.990,1,1,29.4,0.00,29.74,30.0,0
1779285633567,1007,PERSON-01,316.4,18.96,22.51,3.54,21.98,17.6,0.969,1,1,29.0,0.39,29.90,29.9,0
1779285633600,1008,UAS-01,401.7,19.03,22.90,3.87,21.67,18.2,0.990,1,1,27.0,0.20,29.84,29.9,0
1779285633633,1009,UAS-02,372.0,19.13,22.37,3.24,21.17,18.3,0.990,1,1,27.0,0.16,29.75,30.0,0
1779285633667,1010,GND-VEH-01,410.0,19.13,22.90,3.77,21.41,17.6,0.990,1,1,27.0,0.24,29.86,29.9,0
1779285633700,1011,PERSON-01,726.8,19.02,22.42,3.40,21.27,18.3,0.990,1,1,28.1,0.06,29.72,30.0,0
1779285633733,1012,UAS-01,439.3,19.04,22.44,3.41,21.30,18.9,0.990,1,1,27.0,0.46,29.51,29.9,0
1779285633767,1013,UAS-02,764.4,18.98,22.46,3.49,21.04,20.1,0.987,1,1,27.2,0.31,29.46,30.1,0
1779285633800,1014,GND-VEH-01,528.0,18.88,22.39,3.51,21.10,18.3,0.971,1,1,27.0,0.16,29.28,30.0,0
1779285633833,1015,PERSON-01,647.1,19.05,22.19,3.14,20.21,18.6,0.973,1,1,27.0,0.04,29.68,30.0,0
1779285633867,1016,UAS-01,407.9,19.02,22.45,3.43,21.68,17.9,0.985,1,1,30.7,0.11,29.23,30.0,0
1779285633900,1017,UAS-02,789.4,18.99,22.53,3.54,20.81,17.8,0.990,1,1,27.9,0.02,30.04,30.0,0
1779285633933,1018,GND-VEH-01,302.4,18.88,22.39,3.51,21.06,19.5,0.990,1,1,27.0,0.23,29.86,30.1,0
1779285633967,1019,PERSON-01,313.8,18.96,22.58,3.62,21.88,18.7,0.988,1,1,27.0,0.18,29.54,30.0,0
1779285634000,1020,UAS-01,337.8,19.12,22.52,3.40,21.05,17.3,0.990,1,1,27.0,0.22,29.89,30.0,0
1779285634033,1021,UAS-02,943.6,19.12,22.36,3.24,21.63,16.8,0.990,1,1,29.3,0.06,29.98,30.0,0
1779285634067,1022,GND-VEH-01,630.3,18.88,22.40,3.52,21.11,17.7,0.968,1,1,27.0,0.42,29.64,30.0,0
1779285634100,1023,PERSON-01,687.9,18.79,22.19,3.40,20.97,17.2,0.990,1,1,29.8,0.24,29.85,30.0,0
1779285634133,1024,UAS-01,720.8,19.04,22.34,3.30,21.24,18.5,0.990,1,1,27.0,0.09,29.67,30.1,0
1779285634167,1025,UAS-02,405.8,18.98,22.46,3.48,21.36,19.2,0.990,1,1,27.0,0.27,29.57,30.1,0
1779285634200,1026,GND-VEH-01,453.7,18.67,22.15,3.47,21.27,17.6,0.990,1,1,29.0,0.24,29.70,30.2,0
1779285634233,1027,PERSON-01,499.0,18.90,22.64,3.74,22.02,18.0,0.990,1,1,28.2,0.01,29.35,29.9,0
1779285634267,1028,UAS-01,480.8,19.03,22.43,3.40,20.44,18.7,0.990,1,1,27.0,0.41,29.70,30.0,0
1779285634300,1029,UAS-02,392.8,19.11,22.48,3.37,20.93,17.8,0.990,1,1,27.2,0.15,29.42,30.0,0
1779285634333,1030,GND-VEH-01,414.8,19.14,22.98,3.85,21.47,17.7,0.990,1,1,27.0,0.06,29.33,30.1,0
1779285634367,1031,PERSON-01,387.3,19.00,22.34,3.34,22.09,17.2,0.982,1,1,27.0,0.19,30.02,30.2,0
1779285634400,1032,UAS-01,532.7,19.13,22.68,3.56,20.87,16.9,0.990,1,1,27.0,0.06,29.67,30.0,0
1779285634433,1033,UAS-02,414.5,19.24,22.62,3.38,21.77,16.6,0.984,1,1,29.3,0.07,29.86,30.0,0
1779285634467,1034,GND-VEH-01,729.5,19.15,22.53,3.38,21.44,19.2,0.990,1,1,27.0,0.37,29.87,30.1,0
1779285634500,1035,PERSON-01,726.5,18.79,22.17,3.38,20.73,19.6,0.990,1,1,27.0,0.27,29.63,30.1,0
1779285634533,1036,UAS-01,594.2,18.99,22.36,3.37,21.08,19.4,0.990,1,1,29.7,0.25,29.41,30.0,0
1779285634567,1037,UAS-02,316.3,19.30,22.68,3.39,20.25,17.7,0.990,1,1,28.5,0.12,29.56,29.8,0
1779285634600,1038,GND-VEH-01,348.0,19.23,22.68,3.45,21.43,16.6,0.990,1,1,27.0,0.02,29.41,30.1,0
1779285634633,1039,PERSON-01,354.7,19.09,22.67,3.57,21.31,16.4,0.990,1,1,27.7,0.01,29.99,30.1,0
1779285634667,1040,UAS-01,571.4,18.88,22.14,3.25,21.40,18.5,0.969,1,1,27.0,0.35,29.38,30.0,0
1779285634700,1041,UAS-02,776.1,19.21,22.84,3.62,22.13,17.7,0.990,1,1,27.0,0.41,29.45,30.0,0
1779285634733,1042,GND-VEH-01,701.0,19.16,22.81,3.65,21.78,18.3,0.990,1,1,28.8,0.12,29.88,29.9,0
1779285634767,1043,PERSON-01,425.8,19.04,22.25,3.21,21.34,17.9,0.990,1,1,27.0,0.09,29.68,30.1,0
1779285634800,1044,UAS-01,542.8,18.84,22.12,3.28,20.46,18.9,0.983,1,1,27.7,0.16,29.61,30.0,0
1779285634833,1045,UAS-02,526.9,19.06,22.16,3.10,21.31,16.4,0.990,1,1,29.9,0.11,29.80,30.0,0
1779285634867,1046,GND-VEH-01,538.0,18.93,22.30,3.38,20.70,18.8,0.990,1,1,27.0,0.26,29.52,30.0,0
1779285634900,1047,PERSON-01,418.2,18.92,22.25,3.33,21.37,16.1,0.990,1,1,28.3,0.01,29.60,30.1,0
1779285634933,1048,UAS-01,345.5,19.03,22.72,3.69,21.01,19.0,0.990,1,1,28.3,0.09,29.76,30.0,0
1779285634967,1049,UAS-02,621.6,18.88,22.24,3.36,20.89,16.8,0.985,1,1,27.0,0.02,29.72,29.9,0
1779285635000,1050,GND-VEH-01,381.2,18.95,22.82,3.87,21.66,17.0,0.990,1,1,27.0,0.30,29.35,30.1,0
1779285635033,1051,PERSON-01,652.5,19.27,22.42,3.15,20.11,17.4,0.990,1,1,27.0,0.18,30.03,30.1,0
1779285635067,1052,UAS-01,503.7,19.08,22.69,3.61,21.36,17.8,0.977,1,1,27.3,0.09,29.73,30.0,0
1779285635100,1053,UAS-02,493.3,19.25,22.53,3.28,20.45,18.9,0.979,1,1,27.0,0.36,29.77,30.0,0
1779285635133,1054,GND-VEH-01,510.5,18.94,22.50,3.56,21.20,17.4,0.990,1,1,28.7,0.41,29.91,30.0,0
1779285635167,1055,PERSON-01,431.7,19.01,22.56,3.55,21.19,17.9,0.990,1,1,28.1,0.00,29.21,30.0,0
1779285635200,1056,UAS-01,897.6,19.20,22.67,3.47,21.57,19.1,0.982,1,1,27.0,0.11,29.84,30.0,0
1779285635233,1057,UAS-02,522.2,18.78,22.17,3.39,21.54,18.0,0.990,1,1,27.6,0.08,29.74,30.1,0
1779285635267,1058,GND-VEH-01,363.5,19.20,22.86,3.65,21.05,19.0,0.979,1,1,27.0,0.28,30.14,30.0,0
1779285635300,1059,PERSON-01,775.1,18.76,21.95,3.20,21.38,17.5,0.990,1,1,27.0,0.31,29.54,30.0,0
1779285635333,1060,UAS-01,468.0,19.09,22.43,3.34,20.93,17.8,0.990,1,1,27.0,0.17,30.12,29.9,0
1779285635367,1061,UAS-02,906.4,18.93,22.50,3.57,21.10,17.2,0.990,1,1,27.0,0.10,29.71,30.1,0
1779285635400,1062,GND-VEH-01,748.4,18.79,22.01,3.23,20.69,16.7,0.990,1,1,27.4,0.02,29.62,30.0,0
1779285635433,1063,PERSON-01,372.8,19.03,22.55,3.51,21.66,17.3,0.990,1,1,27.0,0.21,29.98,30.1,0
1779285635467,1064,UAS-01,707.3,18.92,22.47,3.55,21.79,17.7,0.971,1,1,27.3,0.19,29.92,30.1,0
1779285635500,1065,UAS-02,305.2,18.91,22.50,3.59,21.21,17.2,0.990,1,1,27.0,0.05,29.77,30.0,0
1779285635533,1066,GND-VEH-01,589.8,19.03,22.47,3.44,20.97,17.8,0.990,1,1,27.0,0.06,29.79,30.0,0
1779285635567,1067,PERSON-01,474.0,19.24,22.60,3.35,21.76,17.3,0.971,1,1,27.0,0.44,29.74,30.2,0
1779285635600,1068,UAS-01,647.5,18.99,22.33,3.33,20.21,19.1,0.990,1,1,27.0,0.38,29.59,30.0,0
1779285635633,1069,UAS-02,434.6,19.02,22.55,3.53,21.78,17.2,0.986,1,1,27.0,0.26,29.83,30.0,0
1779285635667,1070,GND-VEH-01,407.8,18.96,22.34,3.37,21.03,17.3,0.976,1,1,27.6,0.36,29.98,30.0,0
1779285635700,1071,PERSON-01,331.9,18.76,22.49,3.73,21.72,20.0,0.990,1,1,28.7,0.06,30.05,29.9,0
1779285635733,1072,UAS-01,311.1,19.27,22.73,3.46,21.27,18.2,0.990,1,1,27.0,0.09,29.24,30.0,0
1779285635767,1073,UAS-02,517.0,19.06,22.24,3.18,21.17,18.4,0.990,1,1,29.1,0.00,29.85,29.9,0
1779285635800,1074,GND-VEH-01,396.9,18.94,22.52,3.58,20.94,18.6,0.975,1,1,27.0,0.04,29.52,29.8,0
1779285635833,1075,PERSON-01,593.9,19.01,22.77,3.76,21.57,18.0,0.979,1,1,27.0,0.58,29.52,30.0,0
1779285635867,1076,UAS-01,311.0,18.98,22.61,3.63,20.82,18.4,0.988,1,1,27.3,0.31,29.28,30.0,0
1779285635900,1077,UAS-02,639.2,18.73,22.19,3.46,21.37,18.5,0.990,1,1,27.0,0.17,29.79,29.9,0
1779285635933,1078,GND-VEH-01,303.5,19.14,22.68,3.54,21.21,17.9,0.986,1,1,27.0,0.20,29.58,30.1,0
1779285635967,1079,PERSON-01,546.1,18.90,22.16,3.26,21.18,17.4,0.990,1,1,27.3,0.29,29.56,30.0,0
1779285636000,1080,UAS-01,745.3,19.11,22.64,3.54,21.92,18.6,0.990,1,1,29.7,0.11,29.81,30.0,0
1779285636033,1081,UAS-02,443.2,18.98,21.98,3.00,19.78,17.0,0.990,1,1,27.0,0.27,29.65,30.2,0
1779285636067,1082,GND-VEH-01,509.7,19.08,22.44,3.36,21.66,18.9,0.990,1,1,27.0,0.16,29.96,30.0,0
1779285636100,1083,PERSON-01,308.3,18.95,22.59,3.63,22.32,18.1,0.986,1,1,28.1,0.08,29.82,29.8,0
1779285636133,1084,UAS-01,382.9,19.19,22.68,3.49,20.83,17.8,0.990,1,1,27.0,0.10,29.80,29.9,0
1779285636167,1085,UAS-02,421.8,18.64,22.08,3.44,21.07,16.6,0.987,1,1,27.1,0.03,30.04,30.1,0
1779285636200,1086,GND-VEH-01,351.5,19.11,22.44,3.33,20.26,19.4,0.990,1,1,27.0,0.32,29.64,30.0,0
1779285636233,1087,PERSON-01,332.3,19.04,22.35,3.31,21.27,18.5,0.990,1,1,27.0,0.25,29.70,29.9,0
1779285636267,1088,UAS-01,598.1,18.90,22.34,3.44,21.07,17.4,0.990,1,1,27.0,0.14,29.79,30.0,0
1779285636300,1089,UAS-02,535.4,19.19,22.54,3.34,21.26,18.9,0.990,1,1,27.0,0.21,29.79,30.0,0
1779285636333,1090,GND-VEH-01,333.3,19.26,22.62,3.37,21.24,17.4,0.990,1,1,27.0,0.21,29.74,30.1,0
1779285636367,1091,PERSON-01,715.9,19.03,22.41,3.39,21.25,17.2,0.990,1,1,27.0,0.14,30.16,30.0,0
1779285636400,1092,UAS-01,515.7,19.18,22.81,3.63,22.03,17.9,0.990,1,1,28.3,0.17,29.61,30.2,0
1779285636433,1093,UAS-02,800.8,18.85,22.23,3.38,21.51,19.1,0.990,1,1,27.0,0.08,29.55,30.0,0
1779285636467,1094,GND-VEH-01,426.7,18.94,22.20,3.26,20.12,16.8,0.990,1,1,27.0,0.37,29.41,30.0,0
1779285636500,1095,PERSON-01,515.0,19.12,22.63,3.51,21.73,18.8,0.978,1,1,27.0,0.18,30.18,29.9,0
1779285636533,1096,UAS-01,462.9,18.99,22.21,3.23,21.39,18.0,0.971,1,1,27.0,0.34,29.59,29.9,0
1779285636567,1097,UAS-02,634.7,18.79,22.00,3.20,20.69,17.5,0.990,1,1,27.4,0.00,29.92,29.8,0
1779285636600,1098,GND-VEH-01,398.0,18.91,22.02,3.11,20.46,17.4,0.977,1,1,28.1,0.10,29.68,30.1,0
1779285636633,1099,PERSON-01,303.1,18.91,22.38,3.47,20.96,18.4,0.990,1,1,28.2,0.19,29.92,30.2,0
1779285636667,1100,UAS-01,434.3,19.03,22.61,3.58,20.91,17.2,0.987,1,1,27.5,0.15,29.76,30.0,0
1779285636700,1101,UAS-02,404.3,18.88,22.21,3.33,20.63,18.8,0.989,1,1,28.5,0.25,29.47,30.2,0
1779285636733,1102,GND-VEH-01,472.4,19.20,22.46,3.26,21.41,16.9,0.990,1,1,31.4,0.05,30.09,30.1,0
1779285636767,1103,PERSON-01,425.9,19.04,22.81,3.76,21.88,19.1,0.990,1,1,27.0,0.03,29.97,30.1,0
1779285636800,1104,UAS-01,797.1,18.97,22.39,3.42,20.82,17.0,0.990,1,1,27.0,0.02,29.38,30.0,0
1779285636833,1105,UAS-02,601.8,19.01,22.57,3.56,21.59,19.0,0.990,1,1,27.0,0.05,30.09,30.0,0
1779285636867,1106,GND-VEH-01,511.7,19.07,22.39,3.32,20.95,19.3,0.990,1,1,28.2,0.34,29.68,30.1,0
1779285636900,1107,PERSON-01,415.7,18.86,22.33,3.47,20.69,18.7,0.990,1,1,28.9,0.26,29.81,30.0,0
1779285636933,1108,UAS-01,355.3,18.85,22.43,3.58,21.56,17.6,0.989,1,1,29.1,0.26,29.66,30.0,0
1779285636967,1109,UAS-02,664.3,18.97,22.48,3.51,21.80,17.7,0.990,1,1,28.5,0.17,29.78,30.1,0
1779285637000,1110,GND-VEH-01,792.3,18.77,22.07,3.31,20.45,18.6,0.990,1,1,27.0,0.14,29.82,29.9,0
1779285637033,1111,PERSON-01,438.0,19.04,22.64,3.61,21.63,19.1,0.990,1,1,27.0,0.02,29.61,30.0,0
1779285637067,1112,UAS-01,365.6,18.74,22.23,3.49,21.71,19.4,0.990,1,1,27.4,0.16,29.73,30.0,0
1779285637100,1113,UAS-02,368.5,18.85,22.39,3.53,21.52,17.7,0.990,1,1,27.6,0.05,29.61,30.0,0
1779285637133,1114,GND-VEH-01,479.7,19.11,22.39,3.29,20.70,18.8,0.990,1,1,27.9,0.30,30.06,29.9,0
1779285637167,1115,PERSON-01,523.0,18.93,22.58,3.65,21.66,17.1,0.978,1,1,27.0,0.12,29.42,30.0,0
1779285637200,1116,UAS-01,514.7,19.07,22.48,3.41,21.01,17.6,0.986,1,1,28.2,0.04,30.24,30.0,0
1779285637233,1117,UAS-02,554.9,18.92,22.57,3.64,21.87,19.1,0.990,1,1,27.0,0.05,29.91,30.1,0
1779285637267,1118,GND-VEH-01,347.0,19.15,22.65,3.51,20.62,19.4,0.990,1,1,27.0,0.03,29.65,29.9,0
1779285637300,1119,PERSON-01,408.6,19.22,22.98,3.76,21.43,18.1,0.985,1,1,29.7,0.25,30.07,30.1,0
1779285637333,1120,UAS-01,545.5,18.75,21.96,3.21,20.87,18.9,0.988,1,1,27.0,0.01,29.79,29.9,0
1779285637367,1121,UAS-02,614.8,19.31,22.83,3.51,21.36,17.3,0.984,1,1,27.9,0.54,29.62,30.1,0
1779285637400,1122,GND-VEH-01,440.3,19.14,22.65,3.52,21.64,18.2,0.990,1,1,29.5,0.11,30.21,30.1,0
1779285637433,1123,PERSON-01,611.3,18.79,21.95,3.16,21.31,17.1,0.980,1,1,27.9,0.11,29.43,30.0,0
1779285637467,1124,UAS-01,734.9,19.16,22.53,3.37,20.93,18.8,0.990,1,1,27.7,0.09,29.88,29.9,0
1779285637500,1125,UAS-02,384.2,18.96,22.23,3.26,20.75,16.9,0.990,1,1,27.0,0.17,30.10,29.8,0
1779285637533,1126,GND-VEH-01,706.5,18.82,22.12,3.30,20.86,16.7,0.990,1,1,27.0,0.09,29.87,29.8,0
1779285637567,1127,PERSON-01,715.4,19.19,22.32,3.13,21.48,16.4,0.990,1,1,27.0,0.19,29.82,30.0,0
1779285637600,1128,UAS-01,625.7,18.93,22.47,3.54,21.94,17.3,0.969,1,1,27.0,0.12,30.00,30.0,0
1779285637633,1129,UAS-02,551.9,19.01,22.49,3.48,21.65,19.0,0.990,1,1,27.0,0.05,30.06,29.9,0
1779285637667,1130,GND-VEH-01,498.3,19.00,22.35,3.35,20.76,17.5,0.990,1,1,29.0,0.28,30.02,30.0,0
1779285637700,1131,PERSON-01,438.7,19.06,22.43,3.38,21.31,17.7,0.990,1,1,27.0,0.46,29.84,30.0,0
1779285637733,1132,UAS-01,559.4,19.16,22.79,3.63,20.71,18.2,0.990,1,1,28.6,0.12,30.08,30.1,0
1779285637767,1133,UAS-02,592.3,19.18,22.59,3.42,21.16,16.9,0.990,1,1,29.4,0.05,29.69,30.0,0
1779285637800,1134,GND-VEH-01,419.3,19.13,22.39,3.26,20.71,17.3,0.990,1,1,27.0,0.34,29.98,30.1,0
1779285637833,1135,PERSON-01,417.6,18.80,22.34,3.54,21.49,18.0,0.990,1,1,27.2,0.05,29.69,29.9,0
1779285637867,1136,UAS-01,516.8,19.36,22.76,3.40,21.13,18.3,0.986,1,1,28.5,0.03,29.99,29.9,0
1779285637900,1137,UAS-02,532.8,18.83,22.18,3.34,20.94,17.7,0.977,1,1,27.0,0.03,30.25,30.0,0
1779285637933,1138,GND-VEH-01,414.0,19.05,22.36,3.31,21.31,17.7,0.990,1,1,27.0,0.18,30.07,29.9,0
1779285637967,1139,PERSON-01,804.3,18.92,22.13,3.21,21.56,17.2,0.990,1,1,27.0,0.13,29.66,30.0,0
1779285638000,1140,UAS-01,593.7,18.96,22.08,3.11,21.03,18.4,0.990,1,1,27.0,0.40,29.84,29.9,0
1779285638033,1141,UAS-02,310.4,19.19,22.87,3.68,21.60,19.3,0.990,1,1,27.4,0.22,30.22,30.1,0
1779285638067,1142,GND-VEH-01,311.7,19.01,22.46,3.45,21.17,19.2,0.990,1,1,27.0,0.14,29.71,30.0,0
1779285638100,1143,PERSON-01,615.6,18.96,22.36,3.40,21.34,17.6,0.990,1,1,27.0,0.19,29.87,29.9,0
1779285638133,1144,UAS-01,428.5,18.66,21.82,3.16,21.44,16.7,0.990,1,1,27.0,0.07,29.83,30.0,0
1779285638167,1145,UAS-02,492.2,19.02,22.28,3.26,20.59,18.9,0.990,1,1,27.0,0.01,30.32,30.0,0
1779285638200,1146,GND-VEH-01,398.9,18.72,22.02,3.30,21.09,18.8,0.990,1,1,28.6,0.34,29.68,30.1,0
1779285638233,1147,PERSON-01,591.8,18.96,22.39,3.43,21.39,18.3,0.990,1,1,27.0,0.02,29.98,30.2,0
1779285638267,1148,UAS-01,367.6,18.86,22.64,3.78,21.91,18.1,0.990,1,1,27.0,0.12,30.05,30.1,0
1779285638300,1149,UAS-02,525.3,19.00,22.79,3.78,22.17,18.0,0.990,1,1,27.0,0.13,30.16,30.0,0
1779285638333,1150,GND-VEH-01,441.4,19.19,22.66,3.47,20.89,17.4,0.990,1,1,27.6,0.18,29.97,30.0,0
1779285638367,1151,PERSON-01,594.4,19.01,22.47,3.46,21.71,18.5,0.980,1,1,28.3,0.25,29.59,30.0,0
1779285638400,1152,UAS-01,355.4,19.13,22.75,3.62,22.14,17.5,0.990,1,1,27.7,0.15,30.13,30.0,0
1779285638433,1153,UAS-02,351.3,18.91,22.19,3.29,21.38,17.0,0.990,1,1,27.0,0.11,30.23,29.9,0
1779285638467,1154,GND-VEH-01,406.0,18.94,22.59,3.65,21.06,17.6,0.990,1,1,27.6,0.51,30.01,30.1,0
1779285638500,1155,PERSON-01,453.8,19.00,22.66,3.66,21.70,18.5,0.990,1,1,27.0,0.19,30.21,29.8,0
1779285638533,1156,UAS-01,367.4,19.03,22.59,3.56,21.15,17.9,0.990,1,1,29.2,0.20,29.83,30.0,0
1779285638567,1157,UAS-02,361.5,19.16,22.64,3.48,21.39,17.5,0.990,1,1,27.0,0.32,29.97,29.9,0
1779285638600,1158,GND-VEH-01,490.8,18.87,22.21,3.34,20.53,19.9,0.989,1,1,27.0,0.01,30.11,29.9,0
1779285638633,1159,PERSON-01,571.6,18.78,21.89,3.11,20.58,18.6,0.990,1,1,30.4,0.20,29.83,29.9,0
1779285638667,1160,UAS-01,338.0,19.08,22.36,3.27,20.41,19.5,0.990,1,1,27.0,0.20,30.00,29.8,0
1779285638700,1161,UAS-02,438.4,19.37,22.56,3.19,20.90,16.9,0.990,1,1,27.0,0.20,30.22,30.1,0
1779285638733,1162,GND-VEH-01,335.9,19.10,22.44,3.34,21.20,19.4,0.983,1,1,27.0,0.12,29.96,30.1,0
1779285638767,1163,PERSON-01,589.7,19.15,22.36,3.21,21.15,17.4,0.990,1,1,27.0,0.32,30.13,30.1,0
1779285638800,1164,UAS-01,351.4,18.91,22.52,3.61,21.66,16.5,0.990,1,1,27.0,0.02,29.86,30.0,0
1779285638833,1165,UAS-02,628.2,19.00,22.47,3.46,21.05,18.6,0.990,1,1,27.0,0.09,30.11,29.9,0
1779285638867,1166,GND-VEH-01,817.8,19.20,22.16,2.96,20.28,18.4,0.990,1,1,27.0,0.11,29.57,29.9,0
1779285638900,1167,PERSON-01,328.9,18.90,22.31,3.42,21.32,17.5,0.990,1,1,27.0,0.07,30.00,30.0,0
1779285638933,1168,UAS-01,357.0,19.09,22.65,3.56,21.91,18.0,0.990,1,1,27.0,0.08,29.97,30.0,0
1779285638967,1169,UAS-02,387.3,19.06,22.88,3.82,22.02,17.5,0.988,1,1,27.0,0.15,29.84,30.0,0
1779285639000,1170,GND-VEH-01,455.8,18.84,22.59,3.75,21.88,17.8,0.990,1,1,27.0,0.20,30.01,30.0,0
1779285639033,1171,PERSON-01,616.0,19.20,22.54,3.34,21.67,17.0,0.990,1,1,28.6,0.13,29.60,30.0,0
1779285639067,1172,UAS-01,426.3,19.07,22.71,3.64,22.08,18.3,0.990,1,1,27.8,0.13,30.05,29.9,0
1779285639100,1173,UAS-02,358.3,19.12,22.41,3.30,20.73,18.6,0.990,1,1,27.2,0.05,29.98,30.1,0
1779285639133,1174,GND-VEH-01,496.9,18.88,22.08,3.20,20.07,16.8,0.990,1,1,27.0,0.23,29.74,30.1,0
1779285639167,1175,PERSON-01,371.0,19.00,22.69,3.69,22.04,17.3,0.990,1,1,29.4,0.10,29.98,29.9,0
1779285639200,1176,UAS-01,536.7,18.71,22.14,3.43,21.24,17.9,0.971,1,1,28.0,0.09,29.97,29.9,0
1779285639233,1177,UAS-02,520.2,18.97,22.57,3.60,21.51,17.2,0.990,1,1,27.0,0.11,29.86,30.0,0
1779285639267,1178,GND-VEH-01,580.1,19.18,22.69,3.51,21.76,16.9,0.990,1,1,27.0,0.01,29.64,30.0,0
1779285639300,1179,PERSON-01,471.3,19.02,22.48,3.46,20.54,18.7,0.969,1,1,28.8,0.09,29.74,30.0,0
1779285639333,1180,UAS-01,550.6,19.24,22.75,3.51,20.66,17.5,0.990,1,1,28.0,0.13,29.76,30.1,0
1779285639367,1181,UAS-02,366.1,18.90,22.36,3.46,21.18,17.5,0.990,1,1,27.0,0.31,29.82,29.9,0
1779285639400,1182,GND-VEH-01,476.0,19.14,23.02,3.88,22.45,16.0,0.990,1,1,27.3,0.37,29.92,29.9,0
1779285639433,1183,PERSON-01,561.0,18.91,22.13,3.22,20.56,17.6,0.990,1,1,28.4,0.04,29.73,30.1,0
1779285639467,1184,UAS-01,779.8,19.00,22.47,3.47,21.10,19.2,0.984,1,1,27.0,0.15,30.03,30.1,0
1779285639500,1185,UAS-02,645.4,18.85,22.48,3.63,21.45,19.0,0.990,1,1,27.0,0.22,29.65,30.0,0
1779285639533,1186,GND-VEH-01,514.8,18.88,22.04,3.16,20.44,17.5,0.986,1,1,29.6,0.46,29.55,30.1,0
1779285639567,1187,PERSON-01,313.9,19.16,22.61,3.45,21.57,17.2,0.990,1,1,28.0,0.18,29.83,29.9,0
1779285639600,1188,UAS-01,357.9,19.13,22.86,3.74,21.53,16.3,0.988,1,1,27.0,0.38,29.54,30.0,0
1779285639633,1189,UAS-02,411.1,18.84,22.06,3.22,21.62,17.2,0.990,1,1,27.0,0.06,29.74,30.1,0
1779285639667,1190,GND-VEH-01,728.0,18.96,22.15,3.20,21.00,17.0,0.990,1,1,27.0,0.03,29.58,30.0,0
1779285639700,1191,PERSON-01,368.9,18.94,22.47,3.53,20.85,16.2,0.990,1,1,27.0,0.36,29.90,30.1,0
1779285639733,1192,UAS-01,503.4,18.86,22.26,3.40,21.30,19.6,0.990,1,1,27.0,0.40,30.02,29.9,0
1779285639767,1193,UAS-02,587.7,19.20,22.82,3.62,21.18,18.3,0.980,1,1,27.7,0.06,30.27,30.0,0
1779285639800,1194,GND-VEH-01,786.5,18.97,22.27,3.30,20.81,18.5,0.990,1,1,27.5,0.08,30.02,29.9,0
1779285639833,1195,PERSON-01,527.3,18.98,22.67,3.70,21.09,16.8,0.990,1,1,27.0,0.51,30.08,29.9,0
1779285639867,1196,UAS-01,524.0,19.01,22.54,3.53,21.16,18.0,0.990,1,1,28.8,0.30,29.96,30.1,0
1779285639900,1197,UAS-02,876.9,19.04,22.11,3.07,20.24,19.2,0.990,1,1,27.2,0.13,29.71,29.9,0
1779285639933,1198,GND-VEH-01,407.8,18.89,22.68,3.79,22.03,17.6,0.990,1,1,28.8,0.07,30.06,30.1,0
1779285639967,1199,PERSON-01,417.1,18.85,22.44,3.60,21.08,18.8,0.987,1,1,29.6,0.07,29.98,30.0,0
1779285640000,1200,UAS-01,745.6,18.98,22.35,3.37,21.18,18.2,0.990,1,1,27.0,0.23,29.98,30.1,0
1779285640033,1201,UAS-02,405.3,18.86,22.84,3.99,22.27,16.4,0.986,1,1,27.3,0.34,30.31,30.0,0
1779285640067,1202,GND-VEH-01,430.3,18.98,22.44,3.46,20.90,16.4,0.990,1,1,28.1,0.21,30.24,29.9,0
1779285640100,1203,PERSON-01,310.8,18.88,22.29,3.40,20.51,18.6,0.990,1,1,27.0,0.01,29.69,30.0,0
1779285640133,1204,UAS-01,768.7,19.12,22.30,3.18,20.96,17.7,0.990,1,1,27.0,0.13,30.17,30.1,0
1779285640167,1205,UAS-02,328.6,18.95,22.80,3.85,21.84,16.6,0.982,1,1,28.6,0.12,29.91,30.0,0
1779285640200,1206,GND-VEH-01,355.9,18.73,22.01,3.28,20.64,17.7,0.990,1,1,27.0,0.22,30.06,30.0,0
1779285640233,1207,PERSON-01,345.8,18.96,22.39,3.43,20.81,19.0,0.990,1,1,28.2,0.31,29.72,29.9,0
1779285640267,1208,UAS-01,725.6,18.91,22.20,3.29,20.82,19.5,0.990,1,1,27.0,0.26,30.25,29.9,0
1779285640300,1209,UAS-02,320.4,19.08,22.40,3.32,21.15,17.5,0.990,1,1,27.0,0.21,30.12,30.1,0
1779285640333,1210,GND-VEH-01,333.9,19.20,22.50,3.30,20.95,18.4,0.990,1,1,27.0,0.25,30.15,30.1,0
1779285640367,1211,PERSON-01,394.6,18.84,22.48,3.64,22.05,18.4,0.974,1,1,27.0,0.25,30.17,30.0,0
1779285640400,1212,UAS-01,480.6,19.06,22.60,3.53,21.07,20.5,0.990,1,1,28.0,0.20,29.91,29.9,0
1779285640433,1213,UAS-02,409.9,18.97,22.39,3.42,20.59,17.0,0.990,1,1,28.6,0.12,30.07,30.0,0
1779285640467,1214,GND-VEH-01,498.1,18.76,22.24,3.48,21.14,16.8,0.990,1,1,27.0,0.11,29.95,30.0,0
1779285640500,1215,PERSON-01,434.4,19.19,22.70,3.51,20.91,16.8,0.977,1,1,27.5,0.13,30.36,30.0,0
1779285640533,1216,UAS-01,588.4,18.94,22.46,3.52,20.80,19.2,0.990,1,1,27.0,0.01,29.88,30.2,0
1779285640567,1217,UAS-02,304.2,18.94,22.68,3.74,21.10,17.2,0.990,1,1,27.0,0.15,29.82,30.0,0
1779285640600,1218,GND-VEH-01,356.5,18.74,22.30,3.56,21.63,18.8,0.990,1,1,27.0,0.36,29.97,29.9,0
1779285640633,1219,PERSON-01,309.9,19.10,22.63,3.53,20.71,16.8,0.990,1,1,29.7,0.11,29.84,30.0,0
1779285640667,1220,UAS-01,935.1,19.07,22.54,3.47,21.96,17.8,0.989,1,1,27.2,0.17,29.98,30.2,0
1779285640700,1221,UAS-02,448.6,18.79,22.35,3.56,21.01,17.8,0.990,1,1,27.0,0.11,30.07,30.0,0
1779285640733,1222,GND-VEH-01,346.0,18.73,22.03,3.29,21.09,18.2,0.990,1,1,28.6,0.23,29.74,30.0,0
1779285640767,1223,PERSON-01,506.3,19.07,22.33,3.27,21.09,18.5,0.990,1,1,27.0,0.12,30.26,29.9,0
1779285640800,1224,UAS-01,660.7,19.02,22.46,3.45,21.40,17.4,0.990,1,1,27.0,0.00,29.80,30.0,0
1779285640833,1225,UAS-02,612.5,19.00,22.34,3.35,21.22,17.4,0.990,1,1,29.9,0.22,30.14,30.0,0
1779285640867,1226,GND-VEH-01,449.0,19.03,22.38,3.35,20.93,19.1,0.990,1,1,28.8,0.05,30.27,30.0,0
1779285640900,1227,PERSON-01,662.6,19.06,22.74,3.68,21.26,17.6,0.989,1,1,27.7,0.06,30.02,29.9,0
1779285640933,1228,UAS-01,309.4,19.11,22.58,3.47,20.89,19.5,0.990,1,1,27.0,0.04,29.97,30.1,0
1779285640967,1229,UAS-02,338.5,19.17,22.87,3.70,22.19,18.0,0.984,1,1,28.7,0.06,30.12,29.8,0
1779285641000,1230,GND-VEH-01,574.0,19.02,22.36,3.35,20.72,19.6,0.989,1,1,28.5,0.26,30.31,29.9,0
1779285641033,1231,PERSON-01,566.6,19.01,22.52,3.51,21.64,17.6,0.987,1,1,27.0,0.12,30.40,29.9,0
1779285641067,1232,UAS-01,331.5,18.74,22.12,3.38,21.16,18.4,0.977,1,1,27.8,0.11,30.09,30.0,0
1779285641100,1233,UAS-02,602.6,18.86,22.43,3.57,21.75,17.3,0.977,1,1,27.0,0.07,29.78,30.2,0
1779285641133,1234,GND-VEH-01,720.2,19.02,22.49,3.47,21.03,18.1,0.990,1,1,28.0,0.03,29.85,30.1,0
1779285641167,1235,PERSON-01,429.4,18.64,22.02,3.38,21.03,19.6,0.990,1,1,27.0,0.25,29.88,29.9,0
1779285641200,1236,UAS-01,335.4,18.67,22.16,3.49,21.96,16.9,0.988,1,1,27.0,0.11,29.82,29.9,0
1779285641233,1237,UAS-02,342.3,18.94,22.71,3.77,21.39,18.8,0.990,1,1,27.0,0.08,29.94,30.0,0
1779285641267,1238,GND-VEH-01,610.0,19.13,22.65,3.52,21.50,16.9,0.990,1,1,28.7,0.19,30.08,30.1,0
1779285641300,1239,PERSON-01,429.7,19.09,22.43,3.34,20.90,18.4,0.990,1,1,29.7,0.18,30.37,29.9,0
1779285641333,1240,UAS-01,366.3,19.07,22.34,3.27,20.94,17.0,0.990,1,1,27.0,0.13,30.09,30.1,0
1779285641367,1241,UAS-02,573.3,18.96,22.39,3.43,20.91,17.6,0.990,1,1,32.2,0.20,29.87,30.1,0
1779285641400,1242,GND-VEH-01,658.5,19.05,22.51,3.46,21.28,17.0,0.990,1,1,27.0,0.17,30.06,30.0,0
1779285641433,1243,PERSON-01,578.3,19.07,22.48,3.40,20.46,19.1,0.981,1,1,27.0,0.11,29.77,30.1,0
1779285641467,1244,UAS-01,357.3,19.18,22.98,3.80,21.53,18.6,0.990,1,1,27.0,0.14,30.58,30.0,0
1779285641500,1245,UAS-02,456.3,18.72,22.27,3.55,21.23,16.9,0.990,1,1,27.0,0.12,29.86,30.1,0
1779285641533,1246,GND-VEH-01,657.0,18.78,22.08,3.30,21.31,18.1,0.990,1,1,28.0,0.26,30.29,30.0,0
1779285641567,1247,PERSON-01,427.4,18.83,22.20,3.37,21.34,17.7,0.990,1,1,27.0,0.24,29.84,30.1,0
1779285641600,1248,UAS-01,579.7,19.22,22.73,3.50,21.33,18.4,0.990,1,1,29.0,0.43,29.79,30.0,0
1779285641633,1249,UAS-02,658.1,19.02,22.14,3.12,20.26,19.2,0.984,1,1,27.0,0.38,30.42,30.0,0
1779285641667,1250,GND-VEH-01,323.6,18.92,22.75,3.82,22.32,17.5,0.978,1,1,27.0,0.21,30.43,30.1,0
1779285641700,1251,PERSON-01,700.1,18.92,22.29,3.37,21.04,18.9,0.989,1,1,30.0,0.12,30.39,30.1,0
1779285641733,1252,UAS-01,941.0,19.16,22.27,3.12,20.70,17.1,0.990,1,1,27.0,0.05,30.00,30.1,0
1779285641767,1253,UAS-02,646.3,19.11,22.36,3.25,21.29,19.6,0.990,1,1,29.5,0.03,30.02,30.1,0
1779285641800,1254,GND-VEH-01,354.0,18.93,22.41,3.48,21.20,18.7,0.990,1,1,28.8,0.11,30.44,29.9,0
1779285641833,1255,PERSON-01,328.4,19.07,22.61,3.55,20.94,18.6,0.990,1,1,27.0,0.11,29.86,30.0,0
1779285641867,1256,UAS-01,337.1,19.20,22.77,3.57,20.89,18.0,0.990,1,1,28.9,0.19,30.21,30.0,0
1779285641900,1257,UAS-02,613.9,19.34,22.64,3.30,21.43,17.9,0.990,1,1,27.3,0.20,29.81,30.0,0
1779285641933,1258,GND-VEH-01,300.3,18.83,22.37,3.54,21.57,17.9,0.990,1,1,28.4,0.13,30.47,30.0,0
1779285641967,1259,PERSON-01,432.0,18.84,22.47,3.63,22.02,17.6,0.990,1,1,28.2,0.17,30.07,29.9,0
1779285642000,1260,UAS-01,559.6,19.17,22.64,3.47,20.85,18.1,0.990,1,1,27.0,0.06,29.92,30.0,0
1779285642033,1261,UAS-02,548.3,19.07,22.28,3.21,20.95,18.2,0.990,1,1,27.2,0.29,29.50,29.9,0
1779285642067,1262,GND-VEH-01,301.5,19.03,22.52,3.49,21.12,18.8,0.990,1,1,28.1,0.10,29.94,30.1,0
1779285642100,1263,PERSON-01,525.6,18.97,22.19,3.22,21.78,17.8,0.990,1,1,27.0,0.16,29.62,30.1,0
1779285642133,1264,UAS-01,384.8,18.77,22.15,3.38,21.28,18.4,0.984,1,1,28.3,0.20,29.75,30.0,0
1779285642167,1265,UAS-02,483.6,18.88,22.31,3.43,21.05,19.2,0.990,1,1,27.8,0.16,30.16,30.0,0
1779285642200,1266,GND-VEH-01,699.7,19.03,22.65,3.63,21.15,18.8,0.990,1,1,27.0,0.02,30.07,29.9,0
1779285642233,1267,PERSON-01,846.1,19.05,22.28,3.23,20.49,18.3,0.990,1,1,27.3,0.10,30.22,30.2,0
1779285642267,1268,UAS-01,648.4,19.23,22.58,3.35,20.66,17.2,0.990,1,1,27.0,0.00,29.97,30.1,0
1779285642300,1269,UAS-02,444.1,19.16,22.58,3.41,20.67,17.2,0.970,1,1,27.0,0.03,30.11,29.9,0
1779285642333,1270,GND-VEH-01,361.9,19.08,22.54,3.46,21.31,18.5,0.960,1,1,27.0,0.20,30.29,30.0,0
1779285642367,1271,PERSON-01,355.8,18.92,22.41,3.49,20.74,19.1,0.990,1,1,27.0,0.14,30.03,30.1,0
1779285642400,1272,UAS-01,647.0,18.98,22.44,3.46,20.96,17.3,0.990,1,1,27.0,0.11,29.97,29.8,0
1779285642433,1273,UAS-02,355.3,18.90,22.36,3.46,21.27,18.6,0.990,1,1,27.0,0.07,30.08,30.0,0
1779285642467,1274,GND-VEH-01,348.6,19.11,22.63,3.52,21.41,18.6,0.990,1,1,30.5,0.19,30.09,30.0,0
1779285642500,1275,PERSON-01,1006.3,18.97,22.24,3.27,21.67,18.3,0.990,1,1,28.2,0.11,30.07,30.0,0
1779285642533,1276,UAS-01,371.3,18.97,22.50,3.52,22.04,16.9,0.990,1,1,29.9,0.03,30.11,29.9,0
1779285642567,1277,UAS-02,736.1,18.96,22.22,3.26,21.39,18.2,0.990,1,1,28.0,0.06,30.03,29.9,0
1779285642600,1278,GND-VEH-01,343.0,18.95,22.45,3.50,21.26,17.8,0.990,1,1,27.0,0.04,29.62,30.0,0
1779285642633,1279,PERSON-01,391.1,18.93,22.59,3.66,21.12,19.5,0.990,1,1,27.0,0.03,30.08,30.0,0
1779285642667,1280,UAS-01,629.6,18.97,22.04,3.07,20.26,18.8,0.990,1,1,27.3,0.55,30.51,29.8,0
1779285642700,1281,UAS-02,394.4,18.71,22.49,3.78,21.64,18.6,0.969,1,1,28.9,0.18,30.37,29.8,0
1779285642733,1282,GND-VEH-01,496.4,19.27,22.58,3.31,21.32,19.6,0.990,1,1,27.0,0.14,30.35,30.1,0
1779285642767,1283,PERSON-01,434.5,18.89,22.45,3.56,21.40,18.2,0.989,1,1,27.8,0.25,29.87,30.1,0
1779285642800,1284,UAS-01,842.5,19.24,22.26,3.03,20.89,17.1,0.986,1,1,27.5,0.05,30.19,30.1,0
1779285642833,1285,UAS-02,554.6,19.09,22.41,3.31,21.07,17.2,0.990,1,1,27.6,0.03,30.14,30.0,0
1779285642867,1286,GND-VEH-01,768.6,19.02,22.61,3.59,21.69,17.0,0.990,1,1,27.0,0.03,30.26,30.2,0
1779285642900,1287,PERSON-01,519.0,18.91,22.35,3.44,21.19,17.9,0.990,1,1,27.0,0.25,30.55,30.0,0
1779285642933,1288,UAS-01,558.9,18.96,22.58,3.62,21.91,18.9,0.990,1,1,27.0,0.31,29.89,30.1,0
1779285642967,1289,UAS-02,464.7,18.90,22.67,3.77,21.67,20.4,0.990,1,1,27.0,0.04,30.36,30.0,0
1779285643000,1290,GND-VEH-01,687.3,18.97,22.51,3.54,21.76,17.3,0.990,1,1,27.7,0.22,29.71,29.9,0
1779285643033,1291,PERSON-01,621.8,19.33,22.94,3.61,21.06,19.0,0.990,1,1,27.0,0.07,30.06,29.9,0
1779285643067,1292,UAS-01,416.7,19.15,22.73,3.57,21.62,18.1,0.990,1,1,27.0,0.39,30.05,30.1,0
1779285643100,1293,UAS-02,712.8,19.01,22.30,3.29,20.71,18.3,0.990,1,1,27.0,0.00,30.27,30.1,0
1779285643133,1294,GND-VEH-01,362.0,19.19,22.84,3.65,21.42,18.0,0.990,1,1,27.5,0.15,30.32,30.0,0
1779285643167,1295,PERSON-01,571.3,19.02,22.23,3.21,20.84,18.0,0.990,1,1,27.0,0.05,30.23,29.9,0
1779285643200,1296,UAS-01,679.6,19.05,22.53,3.48,21.43,19.1,0.990,1,1,27.0,0.12,29.69,30.1,0
1779285643233,1297,UAS-02,301.9,18.98,22.38,3.40,21.51,18.3,0.984,1,1,27.0,0.07,30.33,29.9,0
1779285643267,1298,GND-VEH-01,387.3,19.06,22.58,3.52,21.58,17.4,0.990,1,1,27.7,0.20,30.12,29.9,0
1779285643300,1299,PERSON-01,585.9,18.95,22.35,3.39,22.15,16.8,0.990,1,1,27.0,0.20,30.59,30.1,0
1779285643333,1300,UAS-01,520.6,19.03,22.82,3.79,21.79,16.3,0.990,1,1,28.3,0.13,30.54,30.0,0
1779285643367,1301,UAS-02,338.7,19.10,22.83,3.72,21.10,17.6,0.990,1,1,27.1,0.03,29.92,30.0,0
1779285643400,1302,GND-VEH-01,767.8,19.04,22.58,3.54,21.73,17.3,0.990,1,1,27.0,0.13,30.50,29.8,0
1779285643433,1303,PERSON-01,735.0,18.75,22.05,3.30,20.85,18.5,0.990,1,1,27.1,0.16,30.41,29.8,0
1779285643467,1304,UAS-01,1079.7,19.31,22.37,3.05,20.90,17.2,0.989,1,1,27.0,0.13,30.26,29.9,0
1779285643500,1305,UAS-02,489.4,18.77,22.20,3.43,21.84,17.1,0.990,1,1,27.0,0.19,30.14,29.9,0
1779285643533,1306,GND-VEH-01,798.1,18.62,21.83,3.20,20.55,19.2,0.989,1,1,27.0,0.01,30.20,29.9,0
1779285643567,1307,PERSON-01,334.7,19.02,22.73,3.71,21.13,17.0,0.989,1,1,27.0,0.20,30.15,30.0,0
1779285643600,1308,UAS-01,540.1,18.75,22.33,3.58,20.76,18.6,0.990,1,1,29.6,0.03,30.24,30.0,0
1779285643633,1309,UAS-02,630.7,19.31,22.64,3.33,21.73,16.5,0.988,1,1,27.7,0.06,30.77,29.8,0
1779285643667,1310,GND-VEH-01,543.9,19.16,22.71,3.56,21.37,18.1,0.988,1,1,27.0,0.06,30.26,30.2,0
1779285643700,1311,PERSON-01,310.4,18.77,22.37,3.60,21.65,17.4,0.990,1,1,27.1,0.06,29.92,30.0,0
1779285643733,1312,UAS-01,510.8,18.73,22.14,3.41,21.51,19.5,0.990,1,1,27.0,0.16,30.05,30.0,0
1779285643767,1313,UAS-02,319.3,18.96,22.41,3.44,20.39,17.7,0.990,1,1,28.3,0.02,30.06,29.9,0
1779285643800,1314,GND-VEH-01,315.6,18.75,22.27,3.52,21.54,18.1,0.990,1,1,27.3,0.14,29.88,30.0,0
1779285643833,1315,PERSON-01,306.8,18.90,22.51,3.61,21.30,19.5,0.989,1,1,27.0,0.11,29.90,30.2,0
1779285643867,1316,UAS-01,661.1,18.87,22.14,3.27,21.16,19.1,0.990,1,1,28.7,0.11,30.41,29.8,0
1779285643900,1317,UAS-02,973.8,18.88,22.15,3.27,20.82,17.3,0.990,1,1,27.0,0.05,30.57,30.2,0
1779285643933,1318,GND-VEH-01,398.4,18.94,22.66,3.72,21.22,19.4,0.990,1,1,27.0,0.12,29.80,29.8,0
1779285643967,1319,PERSON-01,339.0,18.92,22.39,3.48,21.47,16.5,0.989,1,1,28.6,0.21,29.87,29.9,0
1779285644000,1320,UAS-01,735.7,18.87,21.97,3.10,20.71,18.0,0.990,1,1,27.3,0.07,30.14,30.0,0
1779285644033,1321,UAS-02,610.7,19.00,22.36,3.36,20.58,17.2,0.990,1,1,27.5,0.04,30.54,30.1,0
1779285644067,1322,GND-VEH-01,302.8,19.15,22.96,3.80,21.95,16.5,0.990,1,1,29.6,0.20,30.33,30.0,0
1779285644100,1323,PERSON-01,350.8,18.99,22.48,3.50,21.36,18.3,0.990,1,1,28.9,0.08,29.90,30.2,0
1779285644133,1324,UAS-01,675.1,18.75,22.40,3.65,22.31,17.0,0.990,1,1,27.0,0.18,29.97,29.9,0
1779285644167,1325,UAS-02,426.9,18.98,22.39,3.41,21.17,17.6,0.987,1,1,27.0,0.04,30.06,30.2,0
1779285644200,1326,GND-VEH-01,369.7,18.98,22.36,3.38,21.16,17.7,0.977,1,1,27.0,0.06,30.42,29.9,0
1779285644233,1327,PERSON-01,804.5,19.21,22.66,3.44,20.89,17.9,0.990,1,1,27.0,0.46,30.25,30.0,0
1779285644267,1328,UAS-01,640.2,18.94,22.51,3.58,21.10,17.4,0.979,1,1,27.0,0.13,30.04,30.0,0
1779285644300,1329,UAS-02,304.5,18.83,22.27,3.45,21.34,18.2,0.990,1,1,27.0,0.24,30.40,30.1,0
1779285644333,1330,GND-VEH-01,644.1,19.18,22.60,3.43,21.16,17.5,0.979,1,1,27.0,0.16,30.06,30.0,0
1779285644367,1331,PERSON-01,697.1,18.86,21.92,3.07,20.88,17.2,0.990,1,1,27.0,0.15,30.03,30.0,0
1779285644400,1332,UAS-01,629.2,18.93,22.49,3.56,22.14,17.7,0.981,1,1,27.4,0.15,30.51,30.1,0
1779285644433,1333,UAS-02,395.2,18.75,22.15,3.41,20.87,17.2,0.986,1,1,27.0,0.21,29.97,30.0,0
1779285644467,1334,GND-VEH-01,314.2,18.93,22.50,3.57,21.68,16.5,0.981,1,1,27.0,0.04,30.02,30.0,0
1779285644500,1335,PERSON-01,617.1,19.37,22.69,3.32,21.23,18.6,0.990,1,1,27.0,0.15,29.82,30.1,0
1779285644533,1336,UAS-01,372.4,18.96,22.43,3.47,20.94,19.0,0.990,1,1,27.0,0.09,30.31,30.0,0
1779285644567,1337,UAS-02,814.7,18.84,22.24,3.40,21.58,16.3,0.990,1,1,27.0,0.05,30.60,29.9,0
1779285644600,1338,GND-VEH-01,389.5,19.25,22.59,3.34,21.71,17.6,0.990,1,1,27.0,0.19,30.15,30.1,0
1779285644633,1339,PERSON-01,501.2,18.92,22.44,3.52,21.04,18.7,0.982,1,1,27.0,0.13,30.44,30.1,0
1779285644667,1340,UAS-01,413.9,18.95,22.55,3.59,21.35,18.2,0.990,1,1,27.0,0.15,29.96,30.0,0
1779285644700,1341,UAS-02,454.4,19.10,22.54,3.44,21.29,17.2,0.990,1,1,27.0,0.03,30.37,30.0,0
1779285644733,1342,GND-VEH-01,714.5,19.18,22.40,3.22,21.45,17.7,0.978,1,1,27.8,0.06,30.59,29.9,0
1779285644767,1343,PERSON-01,507.5,18.90,22.42,3.51,21.03,18.8,0.988,1,1,27.0,0.36,30.25,29.9,0
1779285644800,1344,UAS-01,525.7,19.08,22.68,3.60,20.86,18.4,0.990,1,1,27.0,0.18,30.19,29.9,0
1779285644833,1345,UAS-02,662.2,18.99,22.66,3.67,21.84,17.6,0.967,1,1,27.0,0.04,30.22,29.9,0
1779285644867,1346,GND-VEH-01,682.6,18.99,22.38,3.39,21.40,16.6,0.990,1,1,27.0,0.05,29.96,29.9,0
1779285644900,1347,PERSON-01,410.0,18.87,22.05,3.18,20.69,18.4,0.990,1,1,27.9,0.07,30.03,30.1,0
1779285644933,1348,UAS-01,444.8,19.05,22.50,3.45,21.53,16.6,0.990,1,1,27.6,0.11,30.59,30.1,0
1779285644967,1349,UAS-02,628.0,18.90,22.44,3.54,20.45,18.8,0.958,1,1,27.7,0.49,29.95,30.2,0
1779285645000,1350,GND-VEH-01,515.6,19.05,22.32,3.28,20.28,19.0,0.990,1,1,27.0,0.49,30.53,30.1,0
1779285645033,1351,PERSON-01,637.5,19.12,22.71,3.59,20.83,17.5,0.990,1,1,30.1,0.17,29.98,29.9,0
1779285645067,1352,UAS-01,613.8,19.23,22.71,3.48,20.96,18.9,0.990,1,1,28.1,0.46,30.26,30.0,0
1779285645100,1353,UAS-02,393.9,19.14,22.71,3.57,21.12,16.6,0.988,1,1,27.0,0.23,30.36,30.0,0
1779285645133,1354,GND-VEH-01,837.5,19.02,21.97,2.95,20.46,18.7,0.990,1,1,27.0,0.06,30.23,30.0,0
1779285645167,1355,PERSON-01,472.2,19.01,22.69,3.67,21.10,17.5,0.990,1,1,28.0,0.22,30.50,30.0,0
1779285645200,1356,UAS-01,439.2,19.05,22.44,3.38,21.00,18.5,0.990,1,1,28.7,0.28,30.42,30.2,0
1779285645233,1357,UAS-02,808.7,19.31,22.53,3.21,21.65,17.2,0.990,1,1,27.0,0.12,30.20,30.1,0
1779285645267,1358,GND-VEH-01,478.2,19.06,22.40,3.34,21.57,17.4,0.990,1,1,27.0,0.37,30.55,30.0,0
1779285645300,1359,PERSON-01,395.4,19.03,22.52,3.49,21.35,17.4,0.990,1,1,27.0,0.04,30.19,29.9,0
1779285645333,1360,UAS-01,678.2,18.91,22.53,3.63,22.01,18.3,0.990,1,1,27.2,0.31,30.10,30.0,0
1779285645367,1361,UAS-02,431.6,18.80,22.36,3.57,20.98,19.8,0.990,1,1,27.9,0.31,30.38,30.0,0
1779285645400,1362,GND-VEH-01,690.1,18.91,22.57,3.66,21.46,17.7,0.990,1,1,27.0,0.14,30.06,29.9,0
1779285645433,1363,PERSON-01,584.9,18.72,22.12,3.40,21.30,16.7,0.990,1,1,28.0,0.08,30.05,30.2,0
1779285645467,1364,UAS-01,440.8,19.24,23.07,3.83,21.68,18.6,0.989,1,1,27.5,0.12,30.30,29.9,0
1779285645500,1365,UAS-02,619.8,19.10,22.35,3.26,21.28,16.3,0.990,1,1,27.0,0.12,30.46,30.0,0
1779285645533,1366,GND-VEH-01,469.3,19.11,22.59,3.48,20.98,18.6,0.990,1,1,31.9,0.11,29.80,29.9,0
1779285645567,1367,PERSON-01,473.8,19.02,22.42,3.39,20.54,19.6,0.990,1,1,27.0,0.11,30.50,30.0,0
1779285645600,1368,UAS-01,710.5,19.05,22.43,3.38,20.38,19.1,0.990,1,1,27.9,0.23,30.36,30.1,0
1779285645633,1369,UAS-02,358.5,18.94,22.45,3.51,21.12,18.6,0.982,1,1,27.0,0.44,30.39,30.1,0
1779285645667,1370,GND-VEH-01,434.0,18.80,22.24,3.45,21.34,16.7,0.983,1,1,28.7,0.25,30.33,30.1,0
1779285645700,1371,PERSON-01,537.6,18.76,22.24,3.48,22.15,17.3,0.990,1,1,27.0,0.18,30.11,29.9,0
1779285645733,1372,UAS-01,501.1,18.95,22.22,3.27,20.97,16.6,0.978,1,1,28.2,0.00,29.95,30.0,0
1779285645767,1373,UAS-02,452.5,19.06,22.48,3.43,20.72,18.5,0.990,1,1,28.0,0.03,29.65,29.9,0
1779285645800,1374,GND-VEH-01,341.0,18.76,22.39,3.64,21.40,18.3,0.986,1,1,27.0,0.06,30.63,30.1,0
1779285645833,1375,PERSON-01,311.2,19.14,22.79,3.64,21.36,19.3,0.990,1,1,27.0,0.33,29.99,29.9,0
1779285645867,1376,UAS-01,342.4,18.96,22.58,3.62,21.68,15.9,0.990,1,1,27.0,0.30,30.31,30.0,0
1779285645900,1377,UAS-02,496.7,18.70,22.01,3.32,21.38,17.4,0.990,1,1,27.0,0.17,30.82,30.0,0
1779285645933,1378,GND-VEH-01,521.1,19.01,22.44,3.43,21.47,18.1,0.990,1,1,27.8,0.20,30.30,30.1,0
1779285645967,1379,PERSON-01,454.6,18.89,22.10,3.21,20.92,17.3,0.990,1,1,27.9,0.17,30.47,29.9,0
1779285646000,1380,UAS-01,657.5,18.75,22.01,3.26,20.93,17.9,0.989,1,1,27.7,0.35,30.42,30.0,0
1779285646033,1381,UAS-02,356.8,18.91,22.20,3.29,20.76,17.3,0.990,1,1,27.9,0.03,30.07,30.0,0
1779285646067,1382,GND-VEH-01,447.6,18.96,22.28,3.33,20.39,20.2,0.990,1,1,27.6,0.21,30.10,30.1,0
1779285646100,1383,PERSON-01,631.8,19.04,22.21,3.18,21.20,19.1,0.990,1,1,27.0,0.03,30.39,30.1,0
1779285646133,1384,UAS-01,305.3,19.08,22.78,3.71,22.30,17.5,0.990,1,1,27.2,0.31,30.74,29.9,0
1779285646167,1385,UAS-02,307.6,18.97,22.46,3.49,20.63,17.7,0.990,1,1,27.5,0.07,30.09,30.0,0
1779285646200,1386,GND-VEH-01,630.7,19.06,22.40,3.34,21.65,18.5,0.990,1,1,27.0,0.26,30.33,30.0,0
1779285646233,1387,PERSON-01,793.3,19.17,22.21,3.04,20.94,17.7,0.990,1,1,27.1,0.08,30.20,30.0,0
1779285646267,1388,UAS-01,585.4,18.99,22.45,3.46,20.74,18.2,0.990,1,1,27.0,0.20,30.33,30.1,0
1779285646300,1389,UAS-02,522.4,18.86,21.98,3.12,20.75,17.8,0.990,1,1,29.1,0.11,29.78,29.8,0
1779285646333,1390,GND-VEH-01,473.0,18.81,22.35,3.53,21.55,18.4,0.990,1,1,28.5,0.28,30.06,30.1,0
1779285646367,1391,PERSON-01,356.1,18.86,22.34,3.48,21.80,17.2,0.990,1,1,27.0,0.04,30.09,29.9,0
1779285646400,1392,UAS-01,324.8,19.01,22.63,3.62,21.46,18.8,0.990,1,1,28.5,0.03,30.03,30.0,0
1779285646433,1393,UAS-02,317.4,19.32,22.95,3.63,21.94,19.0,0.990,1,1,28.2,0.22,30.33,29.9,0
1779285646467,1394,GND-VEH-01,477.7,19.26,22.46,3.21,21.11,18.4,0.984,1,1,27.7,0.26,30.15,29.9,0
1779285646500,1395,PERSON-01,327.0,19.07,22.58,3.51,21.18,18.6,0.990,1,1,27.6,0.14,30.64,29.9,0
1779285646533,1396,UAS-01,631.7,18.96,22.47,3.51,21.65,18.1,0.990,1,1,27.5,0.15,30.71,30.0,0
1779285646567,1397,UAS-02,350.8,19.13,22.49,3.35,21.17,17.7,0.984,1,1,27.0,0.36,30.49,30.0,0
1779285646600,1398,GND-VEH-01,302.3,18.96,22.38,3.42,21.13,18.1,0.984,1,1,27.0,0.10,30.42,30.1,0
1779285646633,1399,PERSON-01,734.6,18.93,22.36,3.44,20.60,18.4,0.985,1,1,27.0,0.23,30.12,30.2,0
1779285646667,1400,UAS-01,301.6,18.96,22.66,3.70,21.64,18.9,0.990,1,1,27.0,0.07,30.24,29.9,0
1779285646700,1401,UAS-02,314.5,18.97,22.39,3.42,20.85,18.6,0.990,1,1,27.0,0.15,30.20,30.0,0
1779285646733,1402,GND-VEH-01,782.5,18.84,22.39,3.56,20.38,18.1,0.990,1,1,27.0,0.32,30.49,30.0,0
1779285646767,1403,PERSON-01,473.4,19.03,22.51,3.49,21.04,18.0,0.990,1,1,29.4,0.45,30.05,29.9,0
1779285646800,1404,UAS-01,548.0,18.87,22.53,3.66,22.08,17.2,0.981,1,1,29.2,0.01,30.28,30.1,0
1779285646833,1405,UAS-02,502.9,18.69,22.10,3.41,21.04,17.4,0.987,1,1,29.9,0.28,30.15,30.0,0
1779285646867,1406,GND-VEH-01,422.3,18.73,22.19,3.46,21.14,19.6,0.990,1,1,27.0,0.28,30.46,30.1,0
1779285646900,1407,PERSON-01,490.4,19.21,22.64,3.43,21.18,18.0,0.990,1,1,29.1,0.01,30.52,29.9,0
1779285646933,1408,UAS-01,821.9,19.08,22.46,3.38,21.82,18.3,0.990,1,1,27.0,0.20,30.53,30.1,0
1779285646967,1409,UAS-02,410.6,18.83,22.50,3.67,21.98,18.6,0.986,1,1,29.4,0.27,30.26,29.9,0
1779285647000,1410,GND-VEH-01,566.9,19.10,22.53,3.43,21.10,18.4,0.990,1,1,27.0,0.25,30.21,30.1,0
1779285647033,1411,PERSON-01,327.7,19.15,22.57,3.42,21.85,18.8,0.990,1,1,28.7,0.08,30.22,29.9,0
1779285647067,1412,UAS-01,503.8,19.33,22.67,3.34,20.41,17.4,0.990,1,1,30.4,0.21,30.46,30.1,0
1779285647100,1413,UAS-02,304.4,19.19,22.63,3.44,20.76,19.0,0.990,1,1,27.5,0.13,30.39,30.1,0
1779285647133,1414,GND-VEH-01,344.8,18.99,22.74,3.74,21.59,18.5,0.990,1,1,27.0,0.51,30.35,30.1,0
1779285647167,1415,PERSON-01,475.4,19.24,22.65,3.41,21.25,17.3,0.971,1,1,28.3,0.27,30.55,30.0,0
1779285647200,1416,UAS-01,704.3,19.08,22.36,3.28,21.20,18.3,0.965,1,1,29.5,0.19,30.58,30.0,0
1779285647233,1417,UAS-02,300.5,18.90,22.10,3.20,20.25,19.5,0.990,1,1,28.0,0.07,30.70,29.9,0
1779285647267,1418,GND-VEH-01,468.7,18.99,22.07,3.08,20.99,16.9,0.990,1,1,27.0,0.03,30.21,30.1,0
1779285647300,1419,PERSON-01,476.2,19.04,22.64,3.60,21.33,17.1,0.990,1,1,27.0,0.13,30.60,30.1,0
1779285647333,1420,UAS-01,573.3,19.16,22.47,3.31,20.86,19.8,0.990,1,1,27.0,0.20,30.39,30.1,0
1779285647367,1421,UAS-02,582.1,18.96,22.21,3.25,21.38,18.4,0.981,1,1,27.0,0.19,30.90,29.9,0
1779285647400,1422,GND-VEH-01,388.7,18.88,22.46,3.58,21.47,18.1,0.990,1,1,27.0,0.30,30.67,30.2,0
1779285647433,1423,PERSON-01,308.1,19.07,22.78,3.70,21.30,18.9,0.990,1,1,27.0,0.20,30.44,29.9,0
1779285647467,1424,UAS-01,466.3,19.02,22.75,3.73,20.99,17.6,0.990,1,1,27.0,0.01,30.45,30.0,0
1779285647500,1425,UAS-02,369.0,19.36,22.98,3.62,21.78,19.4,0.990,1,1,27.0,0.25,30.34,29.9,0
1779285647533,1426,GND-VEH-01,495.2,18.97,22.47,3.50,21.72,18.4,0.978,1,1,27.3,0.06,30.16,29.9,0
1779285647567,1427,PERSON-01,352.8,19.23,22.80,3.56,21.39,18.4,0.990,1,1,27.0,0.02,30.33,30.1,0
1779285647600,1428,UAS-01,310.2,18.93,22.67,3.74,21.33,18.1,0.990,1,1,27.1,0.50,30.77,30.1,0
1779285647633,1429,UAS-02,826.2,19.23,22.33,3.10,21.06,18.1,0.990,1,1,30.5,0.04,30.26,29.9,0
1779285647667,1430,GND-VEH-01,353.9,18.81,22.26,3.44,20.94,18.3,0.990,1,1,29.3,0.08,30.12,30.0,0
1779285647700,1431,PERSON-01,431.6,18.94,22.01,3.07,20.82,18.1,0.990,1,1,27.0,0.02,29.94,30.0,0
1779285647733,1432,UAS-01,757.6,18.85,22.35,3.50,21.08,17.3,0.990,1,1,28.1,0.21,30.77,30.0,0
1779285647767,1433,UAS-02,418.3,18.71,22.09,3.38,21.30,18.3,0.990,1,1,27.0,0.06,30.42,30.0,0
1779285647800,1434,GND-VEH-01,422.3,19.11,22.44,3.33,21.75,18.1,0.970,1,1,27.0,0.18,29.98,29.9,0
1779285647833,1435,PERSON-01,434.0,18.95,22.28,3.33,21.26,17.2,0.990,1,1,27.0,0.33,30.30,30.0,0
1779285647867,1436,UAS-01,567.2,19.18,22.48,3.30,21.55,18.0,0.990,1,1,30.3,0.01,30.44,29.9,0
1779285647900,1437,UAS-02,554.6,18.95,22.21,3.26,20.19,18.8,0.968,1,1,27.7,0.17,30.62,29.9,0
1779285647933,1438,GND-VEH-01,374.7,19.31,23.14,3.84,21.78,17.6,0.990,1,1,27.0,0.05,30.67,30.0,0
1779285647967,1439,PERSON-01,586.4,19.05,22.59,3.54,21.19,19.3,0.990,1,1,29.2,0.19,30.12,30.0,0
1779285648000,1440,UAS-01,609.8,19.17,22.55,3.38,20.61,17.5,0.979,1,1,27.0,0.01,30.18,30.0,0
1779285648033,1441,UAS-02,358.2,19.26,22.80,3.55,21.41,19.6,0.990,1,1,27.0,0.28,30.29,29.9,0
1779285648067,1442,GND-VEH-01,332.8,18.75,22.43,3.68,22.12,17.2,0.990,1,1,28.4,0.12,30.55,30.0,0
1779285648100,1443,PERSON-01,621.9,18.94,22.25,3.31,20.22,19.5,0.990,1,1,27.0,0.13,30.44,30.1,0
1779285648133,1444,UAS-01,418.9,19.01,22.24,3.23,20.87,18.4,0.990,1,1,28.3,0.28,30.60,29.9,0
1779285648167,1445,UAS-02,996.4,18.99,22.31,3.31,21.49,17.3,0.990,1,1,27.0,0.08,30.27,30.1,0
1779285648200,1446,GND-VEH-01,571.1,19.28,22.51,3.23,20.46,17.6,0.990,1,1,27.8,0.23,30.14,29.9,0
1779285648233,1447,PERSON-01,801.9,19.03,22.21,3.18,21.58,17.5,0.990,1,1,27.0,0.25,30.87,30.0,0
1779285648267,1448,UAS-01,811.1,19.07,22.05,2.98,21.12,16.9,0.980,1,1,27.0,0.56,30.67,29.9,0
1779285648300,1449,UAS-02,349.2,18.94,22.95,4.01,21.39,19.0,0.983,1,1,27.0,0.13,30.62,30.0,0
1779285648333,1450,GND-VEH-01,600.7,19.01,22.43,3.42,20.99,17.0,0.990,1,1,27.0,0.18,30.88,30.0,0
1779285648367,1451,PERSON-01,685.7,19.04,22.33,3.29,21.10,18.4,0.990,1,1,27.0,0.19,30.15,30.0,0
1779285648400,1452,UAS-01,389.8,19.10,22.71,3.61,22.02,19.1,0.990,1,1,27.6,0.38,30.74,30.0,0
1779285648433,1453,UAS-02,603.3,19.15,22.68,3.53,21.54,17.1,0.980,1,1,27.0,0.01,30.66,30.0,0
1779285648467,1454,GND-VEH-01,317.2,18.97,22.45,3.47,21.58,17.3,0.990,1,1,27.0,0.02,30.51,30.0,0
1779285648500,1455,PERSON-01,320.1,19.01,22.56,3.55,21.34,17.5,0.990,1,1,28.6,0.01,30.54,29.9,0
1779285648533,1456,UAS-01,378.8,18.88,22.36,3.48,20.58,19.1,0.988,1,1,27.0,0.14,30.45,30.1,0
1779285648567,1457,UAS-02,513.0,19.32,22.71,3.40,21.60,17.4,0.968,1,1,27.0,0.32,30.23,30.0,0
1779285648600,1458,GND-VEH-01,333.9,19.00,22.74,3.74,22.09,19.1,0.990,1,1,27.0,0.20,30.57,30.0,0
1779285648633,1459,PERSON-01,380.7,19.00,22.23,3.24,20.54,18.2,0.990,1,1,28.3,0.28,30.23,30.0,0
1779285648667,1460,UAS-01,464.4,18.93,22.48,3.55,21.27,18.3,0.990,1,1,27.0,0.08,30.32,30.0,0
1779285648700,1461,UAS-02,545.2,18.94,22.52,3.58,20.66,19.4,0.975,1,1,31.6,0.02,30.64,30.0,0
1779285648733,1462,GND-VEH-01,533.9,18.90,22.28,3.38,20.82,19.0,0.990,1,1,27.0,0.05,30.19,29.9,0
1779285648767,1463,PERSON-01,635.9,18.98,22.37,3.39,21.06,18.0,0.990,1,1,27.0,0.10,30.34,30.1,0
1779285648800,1464,UAS-01,855.8,19.00,22.13,3.14,20.77,18.5,0.990,1,1,27.4,0.37,30.72,30.0,0
1779285648833,1465,UAS-02,366.3,18.88,22.33,3.45,21.43,18.0,0.990,1,1,28.0,0.29,30.06,30.1,0
1779285648867,1466,GND-VEH-01,454.8,19.14,22.43,3.29,20.63,19.1,0.990,1,1,27.0,0.20,30.22,30.0,0
1779285648900,1467,PERSON-01,720.2,18.92,22.43,3.51,21.13,18.4,0.990,1,1,27.0,0.10,30.98,30.1,0
1779285648933,1468,UAS-01,357.6,19.00,22.46,3.46,20.64,18.8,0.990,1,1,27.7,0.29,30.32,29.9,0
1779285648967,1469,UAS-02,403.7,18.86,22.51,3.65,21.66,18.9,0.990,1,1,29.6,0.17,30.71,29.9,0
1779285649000,1470,GND-VEH-01,347.6,19.18,22.48,3.30,21.41,17.9,0.990,1,1,28.1,0.03,30.67,30.0,0
1779285649033,1471,PERSON-01,619.8,18.96,22.27,3.31,21.13,17.5,0.990,1,1,30.5,0.06,30.13,30.0,0
1779285649067,1472,UAS-01,684.1,19.02,22.33,3.31,20.55,19.0,0.990,1,1,27.0,0.26,30.57,30.0,0
1779285649100,1473,UAS-02,611.5,18.99,22.26,3.27,21.17,18.1,0.990,1,1,29.6,0.27,30.43,30.0,0
1779285649133,1474,GND-VEH-01,562.1,18.70,22.19,3.48,21.54,18.8,0.990,1,1,29.3,0.19,30.58,29.9,0
1779285649167,1475,PERSON-01,403.5,18.96,22.28,3.32,21.73,18.0,0.990,1,1,28.6,0.08,30.19,30.0,0
1779285649200,1476,UAS-01,853.5,18.94,21.89,2.95,20.27,17.6,0.990,1,1,27.5,0.02,30.33,30.1,0
1779285649233,1477,UAS-02,424.6,18.82,22.40,3.58,21.63,19.2,0.980,1,1,27.0,0.22,30.57,30.0,0
1779285649267,1478,GND-VEH-01,419.5,18.99,22.53,3.54,21.47,16.1,0.988,1,1,29.3,0.03,30.43,30.1,0
1779285649300,1479,PERSON-01,345.2,19.11,22.63,3.52,20.82,17.9,0.986,1,1,27.3,0.07,30.30,29.9,0
1779285649333,1480,UAS-01,421.9,19.21,22.81,3.60,21.18,18.4,0.990,1,1,27.0,0.03,30.67,29.9,0
1779285649367,1481,UAS-02,506.7,19.04,22.41,3.37,20.99,19.1,0.990,1,1,28.5,0.23,30.53,29.9,0
1779285649400,1482,GND-VEH-01,359.4,19.01,22.70,3.69,20.77,17.6,0.990,1,1,27.0,0.23,30.33,29.9,0
1779285649433,1483,PERSON-01,485.8,19.00,22.28,3.29,21.24,18.6,0.990,1,1,27.2,0.47,30.60,30.0,0
1779285649467,1484,UAS-01,662.2,18.84,22.38,3.55,22.04,16.1,0.990,1,1,28.5,0.01,30.81,30.1,0
1779285649500,1485,UAS-02,331.9,18.79,22.23,3.44,20.72,18.4,0.990,1,1,28.4,0.13,30.92,30.0,0
1779285649533,1486,GND-VEH-01,308.6,18.92,22.23,3.31,21.10,17.8,0.989,1,1,27.0,0.33,30.30,30.1,0
1779285649567,1487,PERSON-01,557.1,19.05,22.53,3.48,21.32,18.9,0.990,1,1,27.0,0.06,30.43,29.9,0
1779285649600,1488,UAS-01,466.3,19.10,22.38,3.28,20.90,19.2,0.990,1,1,28.7,0.28,30.58,30.0,0
1779285649633,1489,UAS-02,320.5,19.03,22.49,3.46,21.77,18.4,0.983,1,1,27.0,0.14,30.61,30.0,0
1779285649667,1490,GND-VEH-01,729.8,19.08,22.61,3.53,22.09,17.7,0.990,1,1,30.6,0.34,30.68,30.0,0
1779285649700,1491,PERSON-01,457.3,19.08,22.61,3.52,21.42,17.0,0.985,1,1,29.1,0.15,30.08,30.1,0
1779285649733,1492,UAS-01,373.4,19.22,22.79,3.57,21.51,17.4,0.990,1,1,27.8,0.30,30.48,30.1,0
1779285649767,1493,UAS-02,319.6,19.14,22.48,3.34,21.11,18.6,0.990,1,1,27.0,0.25,30.77,30.0,0
1779285649800,1494,GND-VEH-01,627.2,19.01,22.47,3.46,20.63,16.4,0.990,1,1,27.2,0.23,30.69,29.9,0
1779285649833,1495,PERSON-01,496.9,19.00,22.52,3.52,21.44,18.8,0.990,1,1,28.4,0.25,30.37,30.0,0
1779285649867,1496,UAS-01,375.6,19.00,22.62,3.63,21.66,18.2,0.990,1,1,27.9,0.10,30.65,30.1,0
1779285649900,1497,UAS-02,623.8,19.12,22.59,3.47,21.68,18.0,0.971,1,1,27.0,0.14,30.44,29.9,0
1779285649933,1498,GND-VEH-01,446.6,19.13,22.75,3.63,20.91,18.7,0.984,1,1,27.0,0.13,30.24,29.9,0
1779285649967,1499,PERSON-01,411.3,19.11,22.47,3.37,20.77,17.7,0.976,1,1,29.6,0.01,30.56,29.8,0
1779285650000,1500,UAS-01,541.3,18.87,22.11,3.24,20.79,16.5,0.990,1,1,28.6,0.07,30.48,30.1,0
1779285650033,1501,UAS-02,377.5,18.66,21.97,3.31,21.10,17.8,0.990,1,1,27.0,0.18,30.31,29.9,0
1779285650067,1502,GND-VEH-01,590.7,18.98,22.48,3.50,22.04,17.2,0.989,1,1,29.0,0.39,30.58,30.2,0
1779285650100,1503,PERSON-01,358.8,19.19,22.57,3.38,21.51,17.5,0.969,1,1,29.6,0.24,30.65,29.9,0
1779285650133,1504,UAS-01,821.1,18.92,21.97,3.06,20.88,17.6,0.990,1,1,27.0,0.09,30.46,30.1,0
1779285650167,1505,UAS-02,379.8,19.05,22.67,3.62,21.76,19.5,0.990,1,1,27.0,0.01,30.55,30.0,0
1779285650200,1506,GND-VEH-01,514.7,19.00,22.42,3.42,20.82,17.1,0.987,1,1,27.0,0.24,30.78,30.0,0
1779285650233,1507,PERSON-01,557.5,18.92,22.35,3.43,20.92,17.7,0.986,1,1,27.0,0.03,30.49,29.9,0
1779285650267,1508,UAS-01,641.8,18.85,22.21,3.36,20.58,17.3,0.990,1,1,27.0,0.04,30.95,29.9,0
1779285650300,1509,UAS-02,400.3,19.02,22.60,3.58,21.52,16.9,0.990,1,1,27.0,0.15,30.62,30.2,0
1779285650333,1510,GND-VEH-01,492.1,18.87,22.75,3.88,21.53,17.0,0.990,1,1,27.0,0.07,30.37,30.1,0
1779285650367,1511,PERSON-01,642.2,19.32,22.87,3.55,21.29,17.8,0.990,1,1,27.0,0.36,30.65,30.1,0
1779285650400,1512,UAS-01,648.7,18.92,22.33,3.40,21.81,17.0,0.990,1,1,28.1,0.18,30.38,29.9,0
1779285650433,1513,UAS-02,475.0,19.09,22.68,3.59,21.07,19.5,0.983,1,1,28.2,0.03,30.50,30.1,0
1779285650467,1514,GND-VEH-01,330.6,19.13,22.66,3.53,21.56,15.8,0.990,1,1,29.4,0.17,30.36,30.0,0
1779285650500,1515,PERSON-01,398.2,18.87,22.18,3.31,21.48,18.4,0.990,1,1,27.7,0.14,30.46,30.1,0
1779285650533,1516,UAS-01,394.2,19.05,22.60,3.55,21.06,18.2,0.990,1,1,27.0,0.16,29.96,30.0,0
1779285650567,1517,UAS-02,458.4,19.08,22.49,3.42,21.70,17.5,0.990,1,1,29.6,0.26,30.44,29.9,0
1779285650600,1518,GND-VEH-01,405.4,18.95,22.25,3.31,21.23,18.8,0.990,1,1,27.0,0.27,30.43,30.0,0
1779285650633,1519,PERSON-01,317.1,18.89,22.32,3.44,21.69,18.6,0.971,1,1,29.5,0.14,30.84,30.0,0
1779285650667,1520,UAS-01,420.4,19.10,22.76,3.66,21.73,18.8,0.990,1,1,27.5,0.04,30.68,30.1,0
1779285650700,1521,UAS-02,579.8,19.26,22.92,3.66,20.85,17.9,0.988,1,1,27.0,0.10,30.56,30.0,0
1779285650733,1522,GND-VEH-01,700.8,18.82,22.64,3.82,21.67,19.4,0.989,1,1,27.0,0.49,30.71,30.1,0
1779285650767,1523,PERSON-01,516.4,19.31,22.90,3.59,21.66,16.9,0.990,1,1,27.0,0.05,30.31,30.0,0
1779285650800,1524,UAS-01,701.8,18.99,22.47,3.49,21.31,17.0,0.990,1,1,29.9,0.13,30.78,30.1,0
1779285650833,1525,UAS-02,426.8,19.20,22.71,3.50,21.42,18.4,0.989,1,1,27.7,0.12,30.36,30.1,0
1779285650867,1526,GND-VEH-01,445.2,18.83,22.25,3.42,21.59,17.6,0.990,1,1,27.0,0.27,30.29,30.0,0
1779285650900,1527,PERSON-01,893.0,19.21,22.26,3.05,20.38,17.5,0.990,1,1,27.0,0.32,30.81,29.9,0
1779285650933,1528,UAS-01,650.0,18.88,22.26,3.38,21.79,17.0,0.988,1,1,27.2,0.24,30.90,29.9,0
1779285650967,1529,UAS-02,307.4,18.76,22.17,3.42,21.12,16.8,0.990,1,1,29.0,0.05,30.51,30.0,0
1779285651000,1530,GND-VEH-01,330.5,18.67,22.32,3.65,21.61,16.9,0.990,1,1,29.2,0.08,30.58,30.1,0
1779285651033,1531,PERSON-01,463.4,19.17,22.59,3.42,21.73,18.1,0.987,1,1,27.0,0.06,30.85,30.1,0
1779285651067,1532,UAS-01,521.1,19.07,22.62,3.54,22.07,16.7,0.982,1,1,28.3,0.09,30.60,30.0,0
1779285651100,1533,UAS-02,538.0,18.98,22.41,3.43,21.05,17.0,0.990,1,1,29.0,0.03,30.68,29.9,0
1779285651133,1534,GND-VEH-01,363.6,19.06,22.79,3.73,21.34,19.2,0.990,1,1,29.1,0.33,30.58,30.0,0
1779285651167,1535,PERSON-01,571.2,19.02,22.83,3.81,21.71,18.2,0.990,1,1,28.7,0.10,30.42,30.1,0
1779285651200,1536,UAS-01,596.9,18.92,22.46,3.54,22.15,17.7,0.990,1,1,27.0,0.18,30.06,30.1,0
1779285651233,1537,UAS-02,550.9,19.12,22.58,3.46,21.08,16.0,0.990,1,1,27.0,0.12,30.44,30.1,0
1779285651267,1538,GND-VEH-01,585.6,19.22,22.62,3.40,21.04,17.0,0.989,1,1,27.0,0.07,30.47,29.9,0
1779285651300,1539,PERSON-01,783.2,19.24,22.71,3.47,21.12,17.6,0.972,1,1,28.5,0.24,30.45,30.0,0
1779285651333,1540,UAS-01,444.3,18.94,22.28,3.33,20.59,20.4,0.990,1,1,28.3,0.10,30.77,29.9,0
1779285651367,1541,UAS-02,623.2,18.92,22.20,3.28,21.17,17.1,0.989,1,1,27.0,0.24,30.33,30.1,0
1779285651400,1542,GND-VEH-01,634.3,18.99,22.29,3.30,21.40,17.5,0.987,1,1,27.0,0.21,30.34,29.9,0
1779285651433,1543,PERSON-01,560.8,18.88,22.46,3.58,21.46,17.6,0.990,1,1,27.8,0.00,30.51,30.0,0
1779285651467,1544,UAS-01,599.1,19.15,22.46,3.31,21.18,17.7,0.990,1,1,27.0,0.40,30.71,30.1,0
1779285651500,1545,UAS-02,719.4,18.92,22.43,3.50,21.09,18.0,0.990,1,1,27.0,0.16,30.57,29.9,0
1779285651533,1546,GND-VEH-01,480.1,19.01,22.51,3.50,21.58,18.1,0.990,1,1,28.1,0.15,30.43,30.1,0
1779285651567,1547,PERSON-01,388.9,18.97,22.35,3.38,21.30,19.1,0.981,1,1,28.8,0.08,30.60,30.0,0
1779285651600,1548,UAS-01,395.0,18.95,22.27,3.33,21.24,17.4,0.990,1,1,27.0,0.21,30.58,30.0,0
1779285651633,1549,UAS-02,320.2,18.91,22.44,3.53,21.57,16.1,0.990,1,1,27.0,0.09,30.88,30.2,0
1779285651667,1550,GND-VEH-01,372.6,19.15,22.64,3.50,21.33,17.1,0.990,1,1,27.0,0.14,30.71,29.9,0
1779285651700,1551,PERSON-01,753.8,19.05,22.46,3.41,20.82,18.6,0.990,1,1,28.5,0.02,30.34,30.1,0
1779285651733,1552,UAS-01,465.6,19.00,22.36,3.36,20.65,17.7,0.990,1,1,27.0,0.41,30.42,29.8,0
1779285651767,1553,UAS-02,673.6,18.95,22.18,3.23,21.18,16.7,0.990,1,1,30.6,0.24,30.94,30.0,0
1779285651800,1554,GND-VEH-01,344.2,19.19,22.82,3.63,21.86,18.2,0.990,1,1,31.7,0.11,30.22,30.1,0
1779285651833,1555,PERSON-01,478.2,18.93,22.33,3.40,21.70,18.0,0.990,1,1,28.2,0.46,30.44,29.9,0
1779285651867,1556,UAS-01,416.4,18.98,22.65,3.67,21.23,17.5,0.990,1,1,27.0,0.23,30.88,29.9,0
1779285651900,1557,UAS-02,887.8,18.97,22.42,3.45,21.21,18.6,0.985,1,1,29.1,0.05,30.67,30.1,0
1779285651933,1558,GND-VEH-01,528.4,18.79,21.93,3.14,21.49,16.4,0.990,1,1,29.5,0.21,30.39,29.9,0
1779285651967,1559,PERSON-01,455.6,19.02,22.53,3.51,21.83,17.1,0.980,1,1,28.5,0.16,30.29,30.1,0
1779285652000,1560,UAS-01,518.9,18.96,22.24,3.27,20.15,18.9,0.990,1,1,27.0,0.05,30.26,30.0,0
1779285652033,1561,UAS-02,385.0,18.83,22.59,3.75,22.50,17.1,0.982,1,1,27.0,0.21,30.36,30.0,0
1779285652067,1562,GND-VEH-01,405.5,18.87,22.49,3.61,20.99,18.8,0.975,1,1,27.0,0.10,30.33,30.1,0
1779285652100,1563,PERSON-01,451.7,19.18,22.61,3.44,20.47,17.5,0.990,1,1,27.0,0.15,30.82,29.9,0
1779285652133,1564,UAS-01,495.7,18.94,22.30,3.36,21.19,16.6,0.990,1,1,27.3,0.31,30.80,29.9,0
1779285652167,1565,UAS-02,379.5,18.96,22.60,3.64,21.29,19.0,0.990,1,1,27.0,0.37,30.18,30.0,0
1779285652200,1566,GND-VEH-01,482.9,19.11,22.77,3.66,21.17,17.9,0.990,1,1,27.0,0.17,30.35,30.1,0
1779285652233,1567,PERSON-01,309.7,19.33,22.80,3.47,21.27,17.5,0.990,1,1,27.0,0.01,30.26,30.2,0
1779285652267,1568,UAS-01,368.0,19.34,22.81,3.47,20.65,19.2,0.990,1,1,27.0,0.08,31.07,29.8,0
1779285652300,1569,UAS-02,389.5,19.05,22.61,3.55,21.76,17.3,0.990,1,1,29.5,0.04,30.33,29.9,0
1779285652333,1570,GND-VEH-01,329.2,18.93,22.59,3.66,21.73,16.4,0.984,1,1,27.0,0.33,30.22,30.0,0
1779285652367,1571,PERSON-01,433.0,19.31,22.73,3.42,21.38,16.1,0.990,1,1,27.8,0.16,30.52,30.0,0
1779285652400,1572,UAS-01,348.3,18.86,22.35,3.49,21.43,17.2,0.990,1,1,27.0,0.09,30.81,30.0,0
1779285652433,1573,UAS-02,590.5,18.91,22.31,3.40,20.89,17.1,0.990,1,1,27.6,0.54,30.70,30.2,0
1779285652467,1574,GND-VEH-01,410.9,19.21,22.71,3.49,21.78,17.5,0.990,1,1,29.0,0.08,31.10,30.0,0
1779285652500,1575,PERSON-01,700.2,19.09,22.20,3.11,20.79,17.8,0.974,1,1,27.3,0.02,30.47,30.0,0
1779285652533,1576,UAS-01,632.0,19.15,22.40,3.25,21.78,17.9,0.990,1,1,28.2,0.07,30.55,29.9,0
1779285652567,1577,UAS-02,517.8,19.00,22.26,3.26,21.36,16.9,0.987,1,1,27.0,0.01,30.98,30.0,0
1779285652600,1578,GND-VEH-01,391.1,19.00,22.60,3.59,21.47,17.6,0.990,1,1,27.0,0.47,30.78,30.1,0
1779285652633,1579,PERSON-01,393.1,18.93,22.05,3.12,21.17,17.9,0.990,1,1,27.0,0.31,30.37,30.1,0
1779285652667,1580,UAS-01,369.7,19.26,22.89,3.63,21.53,19.6,0.990,1,1,28.1,0.08,30.82,30.0,0
1779285652700,1581,UAS-02,505.1,18.84,22.61,3.77,21.88,17.4,0.990,1,1,27.0,0.21,30.67,29.9,0
1779285652733,1582,GND-VEH-01,646.4,19.06,22.59,3.53,20.88,17.3,0.990,1,1,27.0,0.02,30.69,30.0,0
1779285652767,1583,PERSON-01,420.7,19.12,22.56,3.44,21.12,19.1,0.990,1,1,28.2,0.00,30.60,29.9,0
1779285652800,1584,UAS-01,737.5,19.22,22.63,3.41,21.38,19.4,0.990,1,1,27.0,0.06,30.21,30.1,0
1779285652833,1585,UAS-02,408.0,18.96,22.63,3.68,22.06,17.6,0.990,1,1,28.5,0.13,30.91,30.0,0
1779285652867,1586,GND-VEH-01,405.1,18.83,22.25,3.42,20.83,19.3,0.990,1,1,27.7,0.24,30.24,30.0,0
1779285652900,1587,PERSON-01,305.0,19.11,22.53,3.42,21.20,18.8,0.990,1,1,28.7,0.04,30.30,30.0,0
1779285652933,1588,UAS-01,318.5,19.06,22.66,3.60,22.01,19.9,0.981,1,1,28.5,0.04,30.89,30.1,0
1779285652967,1589,UAS-02,327.3,19.16,22.75,3.59,21.19,19.5,0.990,1,1,27.0,0.19,30.42,30.0,0
1779285653000,1590,GND-VEH-01,847.0,18.82,22.11,3.30,20.99,19.1,0.990,1,1,31.5,0.33,30.56,30.0,0
1779285653033,1591,PERSON-01,646.1,19.00,22.56,3.56,21.46,18.9,0.990,1,1,27.0,0.15,30.78,30.1,0
1779285653067,1592,UAS-01,334.3,18.95,22.61,3.66,21.13,18.2,0.990,1,1,27.0,0.06,30.57,30.0,0
1779285653100,1593,UAS-02,305.2,19.19,22.64,3.45,21.34,17.7,0.988,1,1,28.7,0.11,30.51,30.0,0
1779285653133,1594,GND-VEH-01,478.8,19.11,22.44,3.33,21.11,16.5,0.990,1,1,27.5,0.27,30.75,30.0,0
1779285653167,1595,PERSON-01,507.5,18.75,22.13,3.38,21.36,18.5,0.990,1,1,27.4,0.15,30.76,30.1,0
1779285653200,1596,UAS-01,372.9,18.84,22.60,3.77,21.37,18.1,0.990,1,1,29.4,0.22,30.65,30.0,0
1779285653233,1597,UAS-02,511.2,19.06,22.62,3.55,20.89,17.7,0.990,1,1,27.9,0.16,30.50,30.1,0
1779285653267,1598,GND-VEH-01,408.9,18.85,22.58,3.73,21.07,20.1,0.990,1,1,27.0,0.02,30.29,30.0,0
1779285653300,1599,PERSON-01,797.0,18.72,22.05,3.33,21.22,18.0,0.990,1,1,27.0,0.41,30.45,29.9,0
1779285653333,1600,UAS-01,651.5,18.79,21.80,3.01,20.46,18.5,0.990,1,1,27.0,0.09,30.40,30.1,0
1779285653367,1601,UAS-02,649.8,19.11,22.71,3.60,21.36,18.0,0.983,1,1,27.0,0.03,31.27,30.0,0
1779285653400,1602,GND-VEH-01,424.1,18.78,22.20,3.42,21.38,19.7,0.990,1,1,27.0,0.18,30.48,29.8,0
1779285653433,1603,PERSON-01,554.5,18.66,21.56,2.89,20.39,18.3,0.980,1,1,27.0,0.16,30.54,29.9,0
1779285653467,1604,UAS-01,405.4,19.18,22.70,3.52,21.36,17.5,0.990,1,1,27.0,0.21,30.79,30.1,0
1779285653500,1605,UAS-02,326.0,18.93,22.55,3.62,21.76,17.7,0.989,1,1,27.0,0.23,30.59,29.9,0
1779285653533,1606,GND-VEH-01,803.2,18.99,22.13,3.15,20.89,18.2,0.990,1,1,27.0,0.03,30.90,30.1,0
1779285653567,1607,PERSON-01,409.3,18.91,22.64,3.73,22.21,17.5,0.990,1,1,27.0,0.23,30.44,30.0,0
1779285653600,1608,UAS-01,625.7,19.25,22.51,3.26,20.41,18.9,0.990,1,1,28.9,0.05,30.85,30.1,0
1779285653633,1609,UAS-02,443.5,19.25,22.63,3.38,21.08,18.1,0.990,1,1,28.0,0.07,30.53,29.9,0
1779285653667,1610,GND-VEH-01,332.1,19.11,22.75,3.64,21.48,17.9,0.990,1,1,30.2,0.13,30.62,30.0,0
1779285653700,1611,PERSON-01,323.5,19.20,22.77,3.57,22.03,15.9,0.990,1,1,27.0,0.13,30.54,30.0,0
1779285653733,1612,UAS-01,379.5,18.86,22.51,3.66,21.91,17.7,0.975,1,1,27.2,0.19,30.99,29.9,0
1779285653767,1613,UAS-02,406.0,19.03,22.27,3.24,21.15,17.7,0.990,1,1,27.6,0.14,30.44,30.0,0
1779285653800,1614,GND-VEH-01,337.2,19.36,23.05,3.69,22.27,17.6,0.990,1,1,27.2,0.06,30.59,30.0,0
1779285653833,1615,PERSON-01,660.8,19.02,22.14,3.12,21.09,18.6,0.990,1,1,27.0,0.35,30.53,29.9,0
1779285653867,1616,UAS-01,648.9,19.07,22.47,3.40,21.56,16.1,0.980,1,1,31.9,0.10,30.58,30.0,0
1779285653900,1617,UAS-02,407.5,18.99,22.41,3.42,21.45,18.4,0.990,1,1,27.0,0.14,31.13,29.9,0
1779285653933,1618,GND-VEH-01,483.0,19.07,22.56,3.49,21.28,17.2,0.990,1,1,32.4,0.17,30.44,30.1,0
1779285653967,1619,PERSON-01,490.9,19.23,22.43,3.19,20.94,17.6,0.990,1,1,29.8,0.30,30.55,30.1,0
1779285654000,1620,UAS-01,666.9,19.13,22.19,3.06,20.34,17.8,0.989,1,1,29.3,0.13,30.66,30.0,0
1779285654033,1621,UAS-02,377.1,19.17,22.76,3.59,22.07,18.0,0.990,1,1,27.0,0.13,30.81,30.1,0
1779285654067,1622,GND-VEH-01,517.0,18.83,22.38,3.55,20.95,16.6,0.986,1,1,27.0,0.13,30.52,30.0,0
1779285654100,1623,PERSON-01,408.2,19.13,22.52,3.40,21.17,17.4,0.990,1,1,27.0,0.07,30.87,30.1,0
1779285654133,1624,UAS-01,443.7,18.95,22.34,3.39,21.46,17.4,0.990,1,1,27.0,0.42,30.45,29.9,0
1779285654167,1625,UAS-02,611.7,19.06,22.71,3.65,21.72,18.7,0.990,1,1,29.3,0.01,30.93,30.0,0
1779285654200,1626,GND-VEH-01,680.9,18.71,22.07,3.36,20.74,18.9,0.990,1,1,29.8,0.23,31.11,29.8,0
1779285654233,1627,PERSON-01,459.4,18.84,22.20,3.36,21.43,17.8,0.990,1,1,27.0,0.12,30.78,30.0,0
1779285654267,1628,UAS-01,546.7,19.29,22.92,3.63,20.70,18.8,0.990,1,1,27.0,0.58,30.62,30.0,0
1779285654300,1629,UAS-02,515.8,19.45,22.90,3.45,20.96,18.2,0.990,1,1,27.0,0.17,30.95,30.2,0
1779285654333,1630,GND-VEH-01,465.4,19.13,22.58,3.46,21.34,19.1,0.982,1,1,29.9,0.03,30.84,30.0,0
1779285654367,1631,PERSON-01,504.4,19.03,22.42,3.39,21.49,18.2,0.990,1,1,27.0,0.32,30.65,29.9,0
1779285654400,1632,UAS-01,368.2,18.93,22.53,3.60,21.54,18.2,0.984,1,1,27.0,0.38,30.60,30.1,0
1779285654433,1633,UAS-02,623.1,18.74,22.38,3.63,21.74,18.1,0.990,1,1,27.0,0.08,30.32,30.0,0
1779285654467,1634,GND-VEH-01,450.8,18.96,22.03,3.07,20.67,18.0,0.979,1,1,27.0,0.05,30.71,30.0,0
1779285654500,1635,PERSON-01,375.7,19.09,22.70,3.62,21.81,17.5,0.990,1,1,28.6,0.18,30.64,29.9,0
1779285654533,1636,UAS-01,463.1,19.06,22.33,3.28,20.31,18.1,0.990,1,1,28.9,0.03,30.79,30.2,0
1779285654567,1637,UAS-02,766.5,18.96,22.14,3.18,21.02,17.8,0.981,1,1,27.8,0.13,30.55,30.1,0
1779285654600,1638,GND-VEH-01,414.1,19.03,22.40,3.37,20.58,18.6,0.990,1,1,27.0,0.33,30.37,30.1,0
1779285654633,1639,PERSON-01,362.7,18.99,22.48,3.49,21.25,17.2,0.990,1,1,27.0,0.01,30.44,30.0,0
1779285654667,1640,UAS-01,682.7,19.24,22.44,3.21,21.38,17.9,0.990,1,1,29.2,0.24,30.69,30.0,0
1779285654700,1641,UAS-02,394.1,18.75,22.26,3.52,21.82,16.3,0.990,1,1,27.0,0.05,30.49,30.0,0
1779285654733,1642,GND-VEH-01,325.1,19.20,23.06,3.86,22.07,17.2,0.990,1,1,27.0,0.15,31.14,29.9,0
1779285654767,1643,PERSON-01,313.9,19.00,22.65,3.65,21.01,17.7,0.963,1,1,27.0,0.02,30.29,30.2,0
1779285654800,1644,UAS-01,428.4,19.06,22.86,3.80,21.29,18.6,0.990,1,1,30.8,0.21,30.53,29.9,0
1779285654833,1645,UAS-02,760.0,18.85,22.27,3.42,21.50,17.2,0.990,1,1,27.6,0.32,30.52,29.9,0
1779285654867,1646,GND-VEH-01,496.1,18.78,22.11,3.33,21.14,17.3,0.982,1,1,29.2,0.52,30.97,30.1,0
1779285654900,1647,PERSON-01,398.7,18.88,22.35,3.47,21.08,17.5,0.990,1,1,27.0,0.14,30.55,30.1,0
1779285654933,1648,UAS-01,549.8,18.68,21.81,3.13,20.86,17.4,0.990,1,1,29.7,0.31,30.90,29.9,0
1779285654967,1649,UAS-02,501.8,19.00,22.27,3.27,21.00,18.5,0.987,1,1,27.0,0.02,30.70,30.1,0
1779285655000,1650,GND-VEH-01,612.6,18.58,21.85,3.27,21.19,18.2,0.987,1,1,29.2,0.11,30.76,30.0,0
1779285655033,1651,PERSON-01,501.1,19.02,22.59,3.57,21.42,19.0,0.989,1,1,27.0,0.38,30.50,30.1,0
1779285655067,1652,UAS-01,453.5,18.82,22.38,3.56,20.72,17.9,0.989,1,1,27.0,0.12,30.72,30.1,0
1779285655100,1653,UAS-02,411.2,19.05,22.81,3.76,21.04,20.2,0.980,1,1,29.6,0.05,30.68,29.7,0
1779285655133,1654,GND-VEH-01,473.4,19.17,22.56,3.38,20.51,18.0,0.990,1,1,27.0,0.23,30.85,29.9,0
1779285655167,1655,PERSON-01,638.4,19.19,23.01,3.82,22.00,18.5,0.990,1,1,27.0,0.41,30.59,30.2,0
1779285655200,1656,UAS-01,424.4,19.02,22.62,3.60,21.85,16.9,0.990,1,1,27.0,0.02,30.39,30.1,0
1779285655233,1657,UAS-02,692.3,19.19,22.18,2.98,20.10,18.0,0.990,1,1,27.0,0.13,31.05,29.9,0
1779285655267,1658,GND-VEH-01,397.0,18.97,22.62,3.65,21.16,18.4,0.990,1,1,27.0,0.10,30.84,30.1,0
1779285655300,1659,PERSON-01,644.5,18.69,21.97,3.28,20.61,18.7,0.979,1,1,27.0,0.46,30.95,30.1,0
1779285655333,1660,UAS-01,449.1,18.99,22.57,3.58,20.92,17.5,0.990,1,1,30.1,0.24,30.72,29.9,0
1779285655367,1661,UAS-02,310.9,19.03,22.83,3.80,21.71,19.2,0.990,1,1,27.0,0.03,30.32,30.1,0
1779285655400,1662,GND-VEH-01,794.3,19.21,22.18,2.98,20.97,18.1,0.990,1,1,27.0,0.13,30.88,29.9,0
1779285655433,1663,PERSON-01,938.5,19.23,22.54,3.31,20.56,18.7,0.990,1,1,29.9,0.08,30.69,30.1,0
1779285655467,1664,UAS-01,387.3,19.18,22.63,3.45,21.42,16.7,0.988,1,1,27.0,0.08,30.76,29.9,0
1779285655500,1665,UAS-02,380.3,18.94,22.37,3.44,21.16,18.4,0.990,1,1,27.0,0.37,31.00,30.1,0
1779285655533,1666,GND-VEH-01,327.6,19.15,22.60,3.46,21.41,17.1,0.978,1,1,28.5,0.11,30.92,30.0,0
1779285655567,1667,PERSON-01,398.1,19.06,22.60,3.54,21.76,16.8,0.990,1,1,27.0,0.05,30.62,30.1,0
1779285655600,1668,UAS-01,630.5,18.89,22.15,3.26,21.05,18.1,0.978,1,1,27.5,0.16,31.05,30.0,0
1779285655633,1669,UAS-02,431.4,18.70,22.09,3.38,21.52,18.1,0.990,1,1,27.0,0.20,30.66,30.1,0
1779285655667,1670,GND-VEH-01,667.8,19.33,22.52,3.19,21.67,17.2,0.990,1,1,27.0,0.23,30.91,29.9,0
1779285655700,1671,PERSON-01,335.5,18.96,22.62,3.65,22.15,18.3,0.990,1,1,27.0,0.03,30.82,30.0,0
1779285655733,1672,UAS-01,540.6,19.09,22.40,3.31,21.40,17.2,0.990,1,1,27.0,0.05,30.63,29.9,0
1779285655767,1673,UAS-02,399.4,19.14,22.28,3.14,20.38,18.7,0.980,1,1,27.8,0.08,30.91,30.0,0
1779285655800,1674,GND-VEH-01,432.2,18.94,22.24,3.30,20.45,19.0,0.983,1,1,27.0,0.04,30.38,30.1,0
1779285655833,1675,PERSON-01,411.3,18.91,22.43,3.53,20.86,18.6,0.990,1,1,28.7,0.15,30.98,29.9,0
1779285655867,1676,UAS-01,708.0,19.02,22.15,3.13,20.96,18.5,0.990,1,1,27.2,0.19,30.79,30.1,0
1779285655900,1677,UAS-02,761.1,18.88,22.19,3.30,20.75,19.9,0.990,1,1,27.0,0.06,30.96,30.0,0
1779285655933,1678,GND-VEH-01,492.8,18.80,22.17,3.37,21.26,19.1,0.990,1,1,29.5,0.40,30.73,30.1,0
1779285655967,1679,PERSON-01,750.5,19.05,22.58,3.53,21.68,17.5,0.990,1,1,27.0,0.18,30.82,30.0,0
1779285656000,1680,UAS-01,344.5,19.15,22.41,3.26,21.05,17.9,0.979,1,1,31.3,0.34,31.03,29.9,0
1779285656033,1681,UAS-02,304.7,18.95,22.83,3.88,22.29,17.4,0.985,1,1,27.0,0.02,30.97,30.0,0
1779285656067,1682,GND-VEH-01,367.3,18.77,22.09,3.33,21.00,17.8,0.990,1,1,27.2,0.54,30.99,29.9,0
1779285656100,1683,PERSON-01,310.6,18.98,22.83,3.85,21.63,18.5,0.976,1,1,27.0,0.09,30.73,30.2,0
1779285656133,1684,UAS-01,521.1,19.19,22.51,3.31,21.14,18.2,0.990,1,1,27.0,0.12,30.97,30.1,0
1779285656167,1685,UAS-02,750.5,18.94,22.38,3.44,21.22,19.2,0.990,1,1,27.0,0.02,30.66,30.1,0
1779285656200,1686,GND-VEH-01,621.0,18.87,22.25,3.37,20.92,17.9,0.990,1,1,31.6,0.30,30.62,30.0,0
1779285656233,1687,PERSON-01,761.4,19.10,22.49,3.40,21.14,18.9,0.990,1,1,27.0,0.16,30.74,30.1,0
1779285656267,1688,UAS-01,708.4,19.17,22.76,3.58,22.07,17.9,0.990,1,1,27.2,0.10,30.78,30.0,0
1779285656300,1689,UAS-02,413.6,19.28,22.80,3.52,21.65,17.9,0.990,1,1,27.0,0.14,30.58,30.1,0
1779285656333,1690,GND-VEH-01,621.4,18.80,22.14,3.33,20.93,18.0,0.986,1,1,27.2,0.09,30.56,30.0,0
1779285656367,1691,PERSON-01,310.0,19.02,22.79,3.77,22.19,17.8,0.990,1,1,28.0,0.12,31.01,30.0,0
1779285656400,1692,UAS-01,329.7,18.90,22.39,3.49,20.85,17.8,0.990,1,1,27.0,0.01,31.27,30.1,0
1779285656433,1693,UAS-02,392.4,18.81,22.34,3.52,21.44,17.7,0.988,1,1,28.8,0.14,30.76,30.1,0
1779285656467,1694,GND-VEH-01,776.9,18.95,22.17,3.22,21.45,18.7,0.990,1,1,27.0,0.03,30.92,30.0,0
1779285656500,1695,PERSON-01,634.7,19.18,22.60,3.42,20.79,18.8,0.985,1,1,28.2,0.22,30.87,30.1,0
1779285656533,1696,UAS-01,320.1,19.15,22.87,3.71,21.36,18.1,0.990,1,1,27.0,0.04,30.37,29.9,0
1779285656567,1697,UAS-02,546.6,18.96,22.32,3.36,20.48,19.2,0.985,1,1,28.8,0.32,31.12,30.1,0
1779285656600,1698,GND-VEH-01,674.2,19.19,22.70,3.51,21.40,17.3,0.990,1,1,28.1,0.17,30.59,30.1,0
1779285656633,1699,PERSON-01,583.4,18.95,22.15,3.19,20.66,18.6,0.990,1,1,27.0,0.39,30.51,30.1,0
1779285656667,1700,UAS-01,356.9,18.91,22.69,3.78,21.56,18.8,0.983,1,1,28.6,0.15,31.01,30.1,0
1779285656700,1701,UAS-02,390.3,18.88,22.48,3.61,21.18,17.7,0.990,1,1,27.0,0.27,30.96,30.0,0
1779285656733,1702,GND-VEH-01,355.3,18.93,22.23,3.31,20.71,17.9,0.990,1,1,27.0,0.29,31.01,29.9,0
1779285656767,1703,PERSON-01,439.3,18.93,22.12,3.18,20.79,19.3,0.990,1,1,28.0,0.39,31.25,30.0,0
1779285656800,1704,UAS-01,354.2,18.91,22.50,3.60,21.65,17.5,0.990,1,1,27.7,0.27,30.91,30.0,0
1779285656833,1705,UAS-02,342.8,18.95,22.63,3.68,21.64,16.6,0.987,1,1,29.8,0.23,30.99,30.0,0
1779285656867,1706,GND-VEH-01,663.5,18.73,21.92,3.19,20.97,18.8,0.990,1,1,29.1,0.30,30.69,30.0,0
1779285656900,1707,PERSON-01,493.1,18.88,22.17,3.29,20.44,17.0,0.990,1,1,27.0,0.09,30.96,29.9,0
1779285656933,1708,UAS-01,345.7,18.92,22.33,3.41,21.32,19.2,0.990,1,1,28.0,0.44,30.66,30.1,0
1779285656967,1709,UAS-02,318.7,18.88,22.49,3.61,21.40,18.1,0.990,1,1,28.2,0.07,31.00,30.2,0
1779285657000,1710,GND-VEH-01,375.0,18.86,22.11,3.25,20.84,18.1,0.990,1,1,27.0,0.13,30.30,30.1,0
1779285657033,1711,PERSON-01,516.1,18.86,22.13,3.27,21.04,19.7,0.990,1,1,27.0,0.15,31.07,30.1,0
1779285657067,1712,UAS-01,819.9,19.29,22.85,3.56,22.16,17.4,0.990,1,1,27.0,0.09,30.69,30.0,0
1779285657100,1713,UAS-02,506.7,19.03,22.52,3.50,21.67,19.3,0.989,1,1,27.0,0.23,30.70,30.0,0
1779285657133,1714,GND-VEH-01,305.2,18.91,22.36,3.45,20.81,18.1,0.990,1,1,27.4,0.09,30.77,30.0,0
1779285657167,1715,PERSON-01,622.4,19.08,22.31,3.23,21.61,17.4,0.989,1,1,29.7,0.03,31.06,30.1,0
1779285657200,1716,UAS-01,323.3,18.92,22.55,3.63,22.15,17.3,0.967,1,1,30.8,0.02,31.05,30.0,0
1779285657233,1717,UAS-02,645.0,19.06,22.79,3.72,21.48,17.3,0.990,1,1,27.5,0.16,30.70,29.9,0
1779285657267,1718,GND-VEH-01,460.3,19.08,22.45,3.37,20.99,17.3,0.989,1,1,27.0,0.03,30.85,29.8,0
1779285657300,1719,PERSON-01,337.8,18.94,22.62,3.68,21.25,16.5,0.989,1,1,28.4,0.31,31.16,29.8,0
1779285657333,1720,UAS-01,400.1,18.96,22.27,3.31,21.48,17.0,0.981,1,1,27.8,0.11,30.58,29.9,0
1779285657367,1721,UAS-02,882.8,18.96,22.36,3.41,21.06,16.7,0.990,1,1,27.0,0.37,31.03,30.0,0
1779285657400,1722,GND-VEH-01,694.5,19.06,22.14,3.08,20.32,17.6,0.990,1,1,27.0,0.51,30.62,29.9,0
1779285657433,1723,PERSON-01,338.1,19.04,22.44,3.40,21.10,18.7,0.990,1,1,27.0,0.08,30.96,30.1,0
1779285657467,1724,UAS-01,926.9,18.90,21.82,2.91,20.27,19.0,0.970,1,1,30.1,0.02,30.75,30.0,0
1779285657500,1725,UAS-02,371.3,18.82,22.27,3.45,21.38,18.6,0.976,1,1,27.0,0.12,30.75,30.1,0
1779285657533,1726,GND-VEH-01,557.8,18.76,22.03,3.26,20.61,18.4,0.990,1,1,27.0,0.05,30.60,29.9,0
1779285657567,1727,PERSON-01,628.3,19.13,22.40,3.27,20.52,18.0,0.990,1,1,27.0,0.02,30.86,30.1,0
1779285657600,1728,UAS-01,389.7,19.03,22.65,3.61,20.61,17.7,0.975,1,1,27.0,0.01,30.58,30.0,0
1779285657633,1729,UAS-02,516.3,18.84,22.16,3.32,20.86,19.1,0.990,1,1,27.0,0.08,30.93,30.0,0
1779285657667,1730,GND-VEH-01,1022.7,19.19,22.55,3.37,21.66,17.3,0.990,1,1,27.0,0.16,31.41,29.9,0
1779285657700,1731,PERSON-01,375.0,19.12,22.61,3.49,21.23,17.9,0.986,1,1,27.8,0.07,30.70,29.9,0
1779285657733,1732,UAS-01,675.7,18.80,21.98,3.18,20.93,17.9,0.986,1,1,27.0,0.46,31.11,30.0,0
1779285657767,1733,UAS-02,432.2,18.91,22.77,3.86,22.21,19.1,0.990,1,1,27.0,0.13,31.03,29.9,0
1779285657800,1734,GND-VEH-01,415.2,18.92,22.50,3.57,21.76,17.5,0.989,1,1,27.0,0.33,30.36,30.0,0
1779285657833,1735,PERSON-01,626.9,19.00,22.26,3.26,20.93,18.9,0.990,1,1,28.5,0.33,31.13,30.1,0
1779285657867,1736,UAS-01,496.8,19.29,22.72,3.42,20.99,17.0,0.990,1,1,28.3,0.17,30.75,30.1,0
1779285657900,1737,UAS-02,444.0,19.14,22.68,3.54,21.80,19.3,0.990,1,1,27.0,0.09,30.42,30.1,0
1779285657933,1738,GND-VEH-01,357.8,19.16,22.62,3.46,21.57,18.6,0.990,1,1,27.0,0.07,31.06,30.1,0
1779285657967,1739,PERSON-01,559.7,19.12,22.54,3.42,21.84,15.9,0.972,1,1,27.0,0.16,30.51,30.0,0
1779285658000,1740,UAS-01,434.1,18.99,22.50,3.52,21.42,17.3,0.990,1,1,27.0,0.16,30.86,30.0,0
1779285658033,1741,UAS-02,520.9,18.97,22.27,3.30,20.74,17.5,0.990,1,1,27.0,0.21,31.02,29.9,0
1779285658067,1742,GND-VEH-01,307.9,19.14,22.91,3.77,21.41,18.1,0.990,1,1,28.3,0.06,31.27,30.1,0
1779285658100,1743,PERSON-01,513.6,18.93,22.39,3.45,21.92,16.3,0.990,1,1,29.3,0.08,30.97,29.9,0
1779285658133,1744,UAS-01,303.0,19.25,22.68,3.43,21.11,18.0,0.975,1,1,30.3,0.55,31.15,29.9,0
1779285658167,1745,UAS-02,354.1,19.20,22.96,3.76,21.70,16.7,0.990,1,1,27.3,0.07,30.61,30.0,0
1779285658200,1746,GND-VEH-01,843.6,19.04,22.23,3.19,20.94,16.2,0.990,1,1,27.8,0.17,30.87,30.0,0
1779285658233,1747,PERSON-01,496.6,19.05,22.56,3.51,21.10,17.4,0.984,1,1,29.0,0.14,30.91,30.0,0
1779285658267,1748,UAS-01,664.4,18.79,21.68,2.90,20.02,18.8,0.990,1,1,27.0,0.22,31.05,29.9,0
1779285658300,1749,UAS-02,311.1,18.92,22.45,3.53,20.22,19.9,0.990,1,1,28.5,0.15,31.03,30.0,0
1779285658333,1750,GND-VEH-01,331.1,18.90,22.63,3.73,22.35,17.1,0.990,1,1,27.0,0.51,30.89,29.9,0
1779285658367,1751,PERSON-01,702.9,19.01,22.42,3.41,20.66,18.5,0.990,1,1,27.0,0.04,30.54,29.9,0
1779285658400,1752,UAS-01,413.5,19.02,22.50,3.49,21.15,18.7,0.990,1,1,29.4,0.08,30.71,30.1,0
1779285658433,1753,UAS-02,793.8,18.96,22.25,3.29,21.31,18.0,0.990,1,1,27.9,0.39,31.50,30.0,0
1779285658467,1754,GND-VEH-01,333.3,19.23,22.99,3.76,21.52,17.3,0.990,1,1,28.6,0.38,30.86,30.1,0
1779285658500,1755,PERSON-01,399.6,19.06,22.69,3.64,20.96,17.5,0.990,1,1,27.0,0.20,31.39,29.9,0
1779285658533,1756,UAS-01,317.3,18.96,22.45,3.50,20.54,17.8,0.990,1,1,27.2,0.03,30.91,30.0,0
1779285658567,1757,UAS-02,329.0,18.85,22.45,3.60,22.15,17.9,0.990,1,1,27.0,0.28,30.70,29.9,0
1779285658600,1758,GND-VEH-01,819.9,18.98,22.61,3.64,21.43,17.5,0.990,1,1,27.0,0.10,31.36,30.0,0
1779285658633,1759,PERSON-01,742.4,19.20,22.46,3.26,20.77,18.3,0.959,1,1,28.9,0.46,31.07,30.0,0
1779285658667,1760,UAS-01,359.2,18.96,22.63,3.67,21.94,17.2,0.990,1,1,27.0,0.08,31.01,30.1,0
1779285658700,1761,UAS-02,688.5,19.11,22.29,3.18,20.64,18.3,0.985,1,1,27.1,0.02,30.78,30.1,0
1779285658733,1762,GND-VEH-01,345.7,19.09,22.59,3.50,21.53,18.6,0.990,1,1,28.4,0.02,31.09,30.0,0
1779285658767,1763,PERSON-01,431.7,19.00,22.26,3.26,20.89,17.8,0.990,1,1,27.0,0.12,31.36,29.9,0
1779285658800,1764,UAS-01,517.3,19.04,22.91,3.87,22.42,19.2,0.990,1,1,27.0,0.41,31.16,29.9,0
1779285658833,1765,UAS-02,773.8,19.14,22.34,3.20,21.33,18.9,0.990,1,1,28.3,0.04,30.72,30.0,0
1779285658867,1766,GND-VEH-01,495.7,18.91,22.26,3.35,20.92,19.5,0.990,1,1,27.0,0.05,31.30,30.0,0
1779285658900,1767,PERSON-01,500.5,18.91,22.36,3.45,21.37,18.6,0.990,1,1,27.0,0.02,30.80,30.1,0
1779285658933,1768,UAS-01,485.8,19.12,22.69,3.57,21.93,18.6,0.990,1,1,28.2,0.09,30.88,30.1,0
1779285658967,1769,UAS-02,460.9,19.15,22.75,3.60,21.53,18.9,0.974,1,1,27.0,0.18,30.93,29.9,0
1779285659000,1770,GND-VEH-01,332.7,19.21,22.91,3.70,21.99,17.7,0.985,1,1,27.0,0.55,30.85,29.9,0
1779285659033,1771,PERSON-01,540.8,18.95,22.30,3.35,21.35,16.6,0.980,1,1,29.3,0.33,31.03,29.9,0
1779285659067,1772,UAS-01,371.2,18.93,22.52,3.59,20.95,18.2,0.990,1,1,27.5,0.08,30.93,30.1,0
1779285659100,1773,UAS-02,338.8,18.88,22.57,3.69,21.78,17.1,0.990,1,1,27.3,0.08,31.27,30.0,0
1779285659133,1774,GND-VEH-01,374.1,18.98,22.41,3.44,20.17,18.5,0.990,1,1,27.1,0.09,30.98,30.1,0
1779285659167,1775,PERSON-01,566.7,18.69,22.45,3.76,21.40,18.8,0.982,1,1,27.0,0.02,30.67,30.0,0
1779285659200,1776,UAS-01,659.6,18.88,22.13,3.25,20.98,18.7,0.990,1,1,27.5,0.41,30.96,30.1,0
1779285659233,1777,UAS-02,582.1,19.02,22.01,2.99,20.50,16.6,0.990,1,1,27.0,0.08,30.97,30.1,0
1779285659267,1778,GND-VEH-01,505.4,18.97,22.23,3.26,20.86,19.1,0.990,1,1,27.0,0.02,30.75,30.0,0
1779285659300,1779,PERSON-01,399.9,19.04,22.64,3.60,22.15,17.9,0.988,1,1,28.7,0.25,30.51,30.0,0
1779285659333,1780,UAS-01,305.6,18.80,22.32,3.53,21.80,17.5,0.990,1,1,29.4,0.02,31.11,29.9,0
1779285659367,1781,UAS-02,433.3,19.08,22.76,3.68,21.93,16.8,0.990,1,1,28.2,0.05,31.04,29.9,0
1779285659400,1782,GND-VEH-01,438.2,18.93,22.34,3.40,21.41,18.5,0.990,1,1,28.7,0.10,31.05,30.0,0
1779285659433,1783,PERSON-01,414.6,18.88,22.23,3.34,20.83,17.6,0.990,1,1,29.0,0.31,30.98,30.0,0
1779285659467,1784,UAS-01,408.9,18.95,22.63,3.68,22.33,18.0,0.990,1,1,27.0,0.23,30.95,30.0,0
1779285659500,1785,UAS-02,452.8,18.90,22.21,3.31,20.53,19.6,0.990,1,1,27.0,0.05,31.39,30.1,0
1779285659533,1786,GND-VEH-01,381.0,19.09,22.76,3.67,21.79,17.4,0.990,1,1,27.0,0.16,30.93,30.0,0
1779285659567,1787,PERSON-01,362.8,18.94,22.57,3.62,21.36,18.7,0.984,1,1,28.7,0.16,30.88,30.0,0
1779285659600,1788,UAS-01,341.3,18.96,22.43,3.46,21.36,17.6,0.987,1,1,28.1,0.04,30.91,29.9,0
1779285659633,1789,UAS-02,482.4,19.03,22.47,3.44,20.61,19.2,0.990,1,1,27.0,0.13,31.15,30.0,0
1779285659667,1790,GND-VEH-01,524.1,19.01,22.36,3.35,21.77,18.1,0.990,1,1,27.5,0.30,31.02,29.9,0
1779285659700,1791,PERSON-01,869.4,18.75,22.05,3.30,21.04,18.5,0.990,1,1,27.4,0.12,31.17,30.1,0
1779285659733,1792,UAS-01,561.1,19.10,22.58,3.48,20.85,17.8,0.990,1,1,27.0,0.30,30.36,30.0,0
1779285659767,1793,UAS-02,419.9,18.81,22.44,3.63,21.77,18.9,0.990,1,1,27.2,0.16,30.91,30.0,0
1779285659800,1794,GND-VEH-01,669.7,18.90,22.26,3.36,21.56,15.8,0.990,1,1,27.0,0.10,30.53,30.1,0
1779285659833,1795,PERSON-01,316.1,18.76,22.23,3.47,21.36,18.2,0.987,1,1,27.6,0.35,30.73,29.9,0
1779285659867,1796,UAS-01,412.1,18.97,22.46,3.49,21.13,18.3,0.990,1,1,28.6,0.42,31.05,30.0,0
1779285659900,1797,UAS-02,612.0,19.24,22.48,3.25,21.10,19.3,0.985,1,1,29.2,0.06,30.73,29.9,0
1779285659933,1798,GND-VEH-01,640.1,18.91,22.02,3.12,21.33,16.6,0.990,1,1,27.0,0.05,31.32,30.0,0
1779285659967,1799,PERSON-01,360.8,19.04,22.72,3.68,22.14,17.9,0.990,1,1,27.0,0.16,30.87,30.1,0
