timestamp,frame_id,target_id,range_m,ambient_temp_c,target_temp_c,delta_t_c,snr_db,netd_mk,detection_confidence,detected,classified,classification_latency_ms,track_error_m,sensor_temp_c,frame_rate_hz,dropped_frame
1779285600000,0,UAS-01,406.5,19.18,22.43,3.25,17.93,21.5,0.990,1,1,31.5,0.47,28.08,30.0,0
1779285600033,1,UAS-02,435.2,19.07,22.19,3.13,17.77,22.8,0.990,1,1,31.0,0.29,27.76,30.2,0
1779285600067,2,GND-VEH-01,500.1,19.15,22.01,2.86,18.36,19.7,0.984,1,1,31.0,0.08,28.43,29.9,0
1779285600100,3,PERSON-01,500.5,19.03,22.04,3.00,17.80,22.5,0.990,1,1,34.4,0.24,27.78,30.1,0
1779285600133,4,UAS-01,473.7,18.97,22.01,3.03,18.20,22.1,0.990,1,1,31.0,0.30,27.63,19.8,1
1779285600167,5,UAS-02,703.0,19.10,22.31,3.21,18.50,21.0,0.976,1,1,31.0,0.16,28.20,30.0,0
1779285600200,6,GND-VEH-01,850.5,18.91,22.00,3.09,18.06,20.6,0.990,1,1,32.9,0.05,28.41,29.9,0
1779285600233,7,PERSON-01,700.2,19.03,21.84,2.81,17.51,21.6,0.990,1,1,31.0,0.25,28.14,30.0,0
1779285600267,8,UAS-01,447.7,18.81,22.01,3.19,18.67,21.4,0.990,1,1,31.0,0.09,28.02,30.2,0
1779285600300,9,UAS-02,585.3,18.97,22.08,3.12,18.09,20.3,0.990,1,1,31.0,0.17,27.99,22.2,1
1779285600333,10,GND-VEH-01,569.5,19.28,22.48,3.20,17.94,22.6,0.985,1,1,32.8,0.08,28.17,30.1,0
1779285600367,11,PERSON-01,578.0,19.07,22.16,3.09,18.04,21.7,0.974,1,1,31.0,0.17,27.89,29.8,0
1779285600400,12,UAS-01,462.9,18.94,21.88,2.94,17.84,21.4,0.989,1,1,31.0,0.16,27.70,29.9,0
1779285600433,13,UAS-02,318.8,19.06,22.37,3.32,18.80,22.9,0.990,1,1,31.0,0.17,27.91,30.0,0
1779285600467,14,GND-VEH-01,400.3,18.86,22.25,3.39,18.50,21.2,0.990,1,1,33.3,0.36,27.98,30.0,0
1779285600500,15,PERSON-01,546.1,19.02,22.04,3.02,18.25,21.1,0.990,1,1,31.0,0.02,27.71,30.0,0
1779285600533,16,UAS-01,327.7,18.75,21.84,3.09,17.77,22.2,0.990,1,1,31.9,0.07,27.91,30.1,0
1779285600567,17,UAS-02,392.7,19.09,22.12,3.03,18.71,21.1,0.990,1,1,31.0,0.05,28.24,29.9,0
1779285600600,18,GND-VEH-01,644.2,19.01,22.04,3.04,18.42,21.2,0.988,1,1,31.2,0.23,27.99,30.0,0
1779285600633,19,PERSON-01,513.2,18.98,21.86,2.88,18.38,22.0,0.990,1,1,31.0,0.25,27.84,29.9,0
1779285600667,20,UAS-01,642.9,19.00,22.29,3.29,17.92,21.4,0.990,1,1,32.4,0.23,28.22,20.3,1
1779285600700,21,UAS-02,580.1,18.93,22.13,3.20,18.27,21.4,0.985,1,1,31.2,0.09,27.98,30.0,0
1779285600733,22,GND-VEH-01,441.0,19.13,21.96,2.83,17.26,22.9,0.990,1,1,31.0,0.34,28.37,30.1,0
1779285600767,23,PERSON-01,551.4,19.06,22.41,3.35,19.31,22.5,0.990,1,1,31.0,0.46,28.07,30.0,0
1779285600800,24,UAS-01,402.1,19.00,22.08,3.09,18.49,23.1,0.987,1,1,31.0,0.37,27.97,30.0,0
1779285600833,25,UAS-02,662.3,19.02,22.33,3.31,17.80,22.8,0.990,1,1,31.1,0.33,27.91,29.9,0
1779285600867,26,GND-VEH-01,430.7,19.15,22.18,3.03,18.65,20.9,0.962,1,1,31.0,0.13,27.65,29.9,0
1779285600900,27,PERSON-01,584.6,18.82,21.73,2.91,18.26,23.0,0.990,1,1,33.1,0.15,28.01,29.9,0
1779285600933,28,UAS-01,482.0,18.80,21.74,2.94,18.03,21.4,0.990,1,1,31.0,0.54,28.56,30.0,0
1779285600967,29,UAS-02,522.6,19.01,22.32,3.31,18.98,20.6,0.990,1,1,31.0,0.02,28.11,30.0,0
1779285601000,30,GND-VEH-01,451.7,18.85,22.10,3.25,18.19,22.4,0.982,1,1,31.0,0.08,27.78,30.2,0
1779285601033,31,PERSON-01,450.8,18.72,22.02,3.30,18.01,21.9,0.990,1,1,32.4,0.11,28.08,19.8,1
1779285601067,32,UAS-01,481.4,18.79,21.78,2.99,18.62,21.4,0.990,1,1,31.0,0.28,28.11,20.3,1
1779285601100,33,UAS-02,619.9,19.06,22.04,2.98,17.75,22.1,0.990,1,1,31.9,0.01,27.85,20.9,1
1779285601133,34,GND-VEH-01,376.0,18.92,22.17,3.24,18.36,22.5,0.990,1,1,31.6,0.30,28.25,29.9,0
1779285601167,35,PERSON-01,700.2,18.96,21.91,2.94,18.73,20.8,0.990,1,1,31.5,0.04,28.10,30.0,0
1779285601200,36,UAS-01,372.3,18.79,21.94,3.14,18.62,21.5,0.990,1,1,31.8,0.24,28.16,30.1,0
1779285601233,37,UAS-02,303.5,18.96,22.55,3.60,19.17,22.9,0.990,1,1,31.0,0.10,27.90,29.9,0
1779285601267,38,GND-VEH-01,528.3,18.67,21.95,3.28,18.54,21.2,0.990,1,1,31.4,0.39,28.31,30.0,0
1779285601300,39,PERSON-01,879.7,18.95,21.94,2.99,18.15,22.9,0.987,1,1,32.8,0.23,28.22,30.1,0
1779285601333,40,UAS-01,328.0,19.11,22.42,3.31,18.92,22.6,0.990,1,1,31.7,0.10,28.40,30.1,0
1779285601367,41,UAS-02,726.5,19.17,21.91,2.75,17.94,20.5,0.969,1,1,31.0,0.03,28.19,30.1,0
1779285601400,42,GND-VEH-01,393.7,19.01,22.47,3.46,18.93,22.5,0.990,1,1,31.9,0.49,28.07,29.9,0
1779285601433,43,PERSON-01,731.6,19.01,21.97,2.97,17.84,21.6,0.987,1,1,31.0,0.05,28.51,30.0,0
1779285601467,44,UAS-01,498.5,18.81,22.23,3.42,18.51,21.7,0.990,1,1,32.3,0.39,27.90,30.1,0
1779285601500,45,UAS-02,357.4,19.12,22.14,3.02,17.44,22.6,0.990,1,1,31.0,0.36,28.15,29.9,0
1779285601533,46,GND-VEH-01,727.8,19.09,22.19,3.10,18.10,23.0,0.990,1,1,31.0,0.16,28.70,30.1,0
1779285601567,47,PERSON-01,478.5,18.96,22.07,3.11,18.66,20.0,0.990,1,1,32.1,0.32,28.07,29.9,0
1779285601600,48,UAS-01,688.5,19.22,22.15,2.94,17.89,23.0,0.990,1,1,31.0,0.08,28.35,30.0,0
1779285601633,49,UAS-02,304.7,19.10,22.40,3.30,18.43,21.2,0.956,1,1,31.3,0.39,28.38,30.1,0
1779285601667,50,GND-VEH-01,1141.8,19.01,21.82,2.81,17.81,21.6,0.990,1,1,31.9,0.04,28.49,22.5,1
1779285601700,51,PERSON-01,675.5,18.76,21.76,3.00,18.24,21.1,0.990,1,1,31.0,0.10,27.98,30.0,0
1779285601733,52,UAS-01,338.7,19.03,22.05,3.02,17.33,23.0,0.990,1,1,31.0,0.19,27.64,30.0,0
1779285601767,53,UAS-02,961.8,18.96,22.03,3.07,18.12,23.4,0.990,1,1,33.3,0.09,28.48,30.1,0
1779285601800,54,GND-VEH-01,300.0,19.04,22.13,3.09,18.46,21.2,0.985,1,1,33.7,0.25,28.34,29.9,0
1779285601833,55,PERSON-01,741.1,18.90,21.78,2.88,17.42,21.9,0.990,1,1,31.0,0.31,27.89,30.0,0
1779285601867,56,UAS-01,495.8,18.90,22.08,3.18,18.10,21.3,0.990,1,1,31.0,0.11,28.41,30.0,0
1779285601900,57,UAS-02,419.6,19.03,22.21,3.18,17.35,23.4,0.990,1,1,32.2,0.46,27.89,30.0,0
1779285601933,58,GND-VEH-01,560.4,19.01,22.03,3.03,18.23,23.8,0.990,1,1,31.2,0.42,27.98,30.1,0
1779285601967,59,PERSON-01,375.7,18.73,22.06,3.32,18.76,21.5,0.990,1,1,32.0,0.06,27.70,30.0,0
1779285602000,60,UAS-01,514.5,18.84,21.96,3.12,17.91,22.9,0.990,1,1,31.0,0.49,28.49,29.9,0
1779285602033,61,UAS-02,438.0,18.82,22.09,3.27,17.54,21.9,0.990,1,1,31.0,0.39,28.84,30.0,0
1779285602067,62,GND-VEH-01,465.7,18.99,22.17,3.18,18.21,24.1,0.973,1,1,32.0,0.21,28.10,29.9,0
1779285602100,63,PERSON-01,343.5,19.12,22.51,3.39,18.67,20.3,0.990,1,1,31.0,0.28,27.64,30.0,0
1779285602133,64,UAS-01,468.4,19.20,22.48,3.27,18.82,22.1,0.990,1,1,31.0,0.28,28.27,30.0,0
1779285602167,65,UAS-02,348.2,18.87,22.54,3.67,18.89,23.0,0.990,1,1,31.0,0.40,28.17,30.0,0
1779285602200,66,GND-VEH-01,757.7,19.12,22.10,2.98,17.81,21.8,0.990,1,1,31.6,0.32,28.32,29.9,0
1779285602233,67,PERSON-01,578.6,18.95,22.33,3.38,18.31,23.2,0.990,1,1,31.3,0.69,28.20,30.1,0
1779285602267,68,UAS-01,367.9,18.78,22.12,3.34,18.52,23.0,0.977,1,1,31.0,0.25,28.02,30.0,0
1779285602300,69,UAS-02,710.7,18.87,21.88,3.00,18.13,21.3,0.990,1,1,31.0,0.29,28.51,29.9,0
1779285602333,70,GND-VEH-01,533.7,18.93,22.34,3.41,18.71,22.8,0.989,1,1,31.7,0.14,28.06,30.1,0
1779285602367,71,PERSON-01,419.7,19.10,22.24,3.15,18.70,22.5,0.977,1,1,31.0,0.39,28.36,30.1,0
1779285602400,72,UAS-01,651.4,18.77,22.18,3.41,18.92,21.6,0.990,1,1,32.4,0.23,28.17,30.1,0
1779285602433,73,UAS-02,725.7,18.94,22.08,3.13,18.68,20.9,0.989,1,1,31.8,0.11,28.48,29.9,0
1779285602467,74,GND-VEH-01,507.0,18.78,21.82,3.04,17.31,21.8,0.990,1,1,33.0,0.17,27.90,30.0,0
1779285602500,75,PERSON-01,391.7,19.21,22.42,3.21,18.10,20.4,0.987,1,1,32.9,0.30,28.38,30.1,0
1779285602533,76,UAS-01,742.1,19.23,22.19,2.96,18.28,21.4,0.974,1,1,33.3,0.69,28.06,30.1,0
1779285602567,77,UAS-02,333.8,19.15,22.29,3.14,18.37,21.9,0.990,1,1,31.0,0.22,28.49,29.9,0
1779285602600,78,GND-VEH-01,717.3,19.00,22.19,3.19,18.64,22.2,0.990,1,1,31.0,0.13,28.36,30.0,0
1779285602633,79,PERSON-01,563.1,19.08,22.17,3.08,18.99,22.6,0.982,1,1,31.0,0.31,28.51,30.1,0
1779285602667,80,UAS-01,554.0,19.04,22.45,3.41,18.40,22.9,0.990,1,1,31.1,0.18,28.49,30.1,0
1779285602700,81,UAS-02,579.6,18.81,22.09,3.28,19.19,21.4,0.986,1,1,31.2,0.08,28.38,29.9,0
1779285602733,82,GND-VEH-01,609.8,19.16,22.51,3.35,18.26,20.2,0.979,1,1,31.0,0.03,27.95,30.0,0
1779285602767,83,PERSON-01,589.9,18.92,22.37,3.44,18.02,23.1,0.990,1,1,31.0,0.03,28.27,30.0,0
1779285602800,84,UAS-01,344.4,18.85,22.11,3.26,18.72,21.6,0.985,1,1,32.3,0.17,28.08,22.0,1
1779285602833,85,UAS-02,344.3,19.11,22.40,3.29,18.80,21.3,0.990,1,1,31.0,0.19,28.79,30.0,0
1779285602867,86,GND-VEH-01,387.3,18.96,22.54,3.58,18.44,22.4,0.990,1,1,31.0,0.29,28.48,29.9,0
1779285602900,87,PERSON-01,460.5,19.30,22.20,2.90,17.74,22.5,0.990,1,1,31.0,0.29,28.45,30.0,0
1779285602933,88,UAS-01,568.8,18.91,21.88,2.97,18.31,21.1,0.990,1,1,31.0,0.02,28.19,30.0,0
1779285602967,89,UAS-02,336.8,18.71,22.24,3.53,18.27,22.5,0.990,1,1,33.9,0.08,28.25,30.1,0
1779285603000,90,GND-VEH-01,471.2,18.97,21.89,2.93,17.91,24.3,0.982,1,1,32.3,0.01,28.26,30.1,0
1779285603033,91,PERSON-01,306.8,19.18,22.23,3.06,18.07,21.7,0.990,1,1,33.2,0.15,28.17,29.9,0
1779285603067,92,UAS-01,464.6,18.86,21.90,3.04,18.32,22.6,0.990,1,1,31.0,0.29,28.28,30.1,0
1779285603100,93,UAS-02,371.8,19.07,22.07,3.00,17.40,21.7,0.982,1,1,31.0,0.16,28.36,29.8,0
1779285603133,94,GND-VEH-01,745.2,18.99,22.21,3.22,18.28,24.2,0.990,1,1,31.1,0.06,28.39,30.0,0
1779285603167,95,PERSON-01,786.3,18.78,22.01,3.23,18.04,22.5,0.972,1,1,31.0,0.06,28.26,30.1,0
1779285603200,96,UAS-01,604.7,19.07,22.25,3.19,18.24,22.6,0.990,1,1,31.5,0.55,28.82,29.9,0
1779285603233,97,UAS-02,511.7,18.92,21.86,2.94,17.75,22.4,0.990,1,1,31.0,0.59,28.47,30.1,0
1779285603267,98,GND-VEH-01,598.9,18.87,21.97,3.10,18.21,23.4,0.990,1,1,32.6,0.11,28.43,23.0,1
1779285603300,99,PERSON-01,620.4,18.89,21.99,3.10,17.67,22.1,0.990,1,1,31.0,0.03,28.32,30.0,0
1779285603333,100,UAS-01,393.7,19.05,22.13,3.09,18.54,21.9,0.990,1,1,33.4,0.11,28.42,29.9,0
1779285603367,101,UAS-02,494.7,18.95,22.18,3.23,18.54,21.8,0.990,1,1,31.0,0.24,28.22,29.8,0
1779285603400,102,GND-VEH-01,755.3,19.05,22.36,3.31,18.29,22.2,0.990,1,1,31.2,0.22,28.82,29.9,0
1779285603433,103,PERSON-01,588.6,18.87,21.86,2.99,18.19,22.3,0.990,1,1,32.8,0.12,28.64,30.1,0
1779285603467,104,UAS-01,430.6,18.94,22.11,3.17,18.64,21.3,0.986,1,1,32.6,0.20,28.50,30.0,0
1779285603500,105,UAS-02,475.0,19.14,22.12,2.97,18.16,23.0,0.990,1,1,32.5,0.12,28.35,30.1,0
1779285603533,106,GND-VEH-01,374.1,19.20,22.42,3.22,17.87,23.7,0.990,1,1,32.3,0.00,28.20,29.9,0
1779285603567,107,PERSON-01,330.4,19.15,22.47,3.32,18.50,22.7,0.990,1,1,31.0,0.34,28.36,30.1,0
1779285603600,108,UAS-01,388.7,18.87,22.22,3.35,18.31,20.8,0.990,1,1,31.0,0.26,28.84,30.0,0
1779285603633,109,UAS-02,582.4,18.99,21.98,2.99,18.38,19.7,0.990,1,1,31.0,0.06,28.15,29.9,0
1779285603667,110,GND-VEH-01,476.2,19.10,22.19,3.09,17.52,23.1,0.990,1,1,33.1,0.31,28.41,19.2,1
1779285603700,111,PERSON-01,586.4,19.06,22.23,3.17,18.03,23.1,0.990,1,1,31.8,0.23,28.81,30.0,0
1779285603733,112,UAS-01,601.8,18.97,21.97,3.01,18.50,23.1,0.990,1,1,34.9,0.38,28.33,30.0,0
1779285603767,113,UAS-02,597.7,18.80,21.57,2.77,17.50,24.0,0.986,1,1,31.0,0.05,28.60,29.9,0
1779285603800,114,GND-VEH-01,311.5,19.08,22.27,3.19,18.95,22.1,0.990,1,1,31.0,0.28,28.28,30.2,0
1779285603833,115,PERSON-01,544.5,18.92,21.78,2.86,17.77,20.4,0.990,1,1,32.7,0.13,28.18,29.8,0
1779285603867,116,UAS-01,418.0,18.98,21.98,3.01,18.44,21.9,0.990,1,1,31.0,0.31,28.59,30.0,0
1779285603900,117,UAS-02,533.0,18.85,21.83,2.98,18.04,22.3,0.990,1,1,31.0,0.09,28.92,30.0,0
1779285603933,118,GND-VEH-01,901.6,18.98,21.79,2.82,17.24,21.7,0.990,1,1,31.0,0.11,28.61,22.6,1
1779285603967,119,PERSON-01,492.5,18.87,22.11,3.24,18.19,22.0,0.990,1,1,33.1,0.36,28.38,29.9,0
1779285604000,120,UAS-01,626.6,18.97,22.30,3.33,18.71,21.0,0.990,1,1,31.0,0.09,28.74,30.0,0
1779285604033,121,UAS-02,507.1,19.23,22.63,3.40,18.64,22.5,0.990,1,1,31.0,0.03,28.31,29.9,0
1779285604067,122,GND-VEH-01,650.9,18.89,21.66,2.77,17.21,20.7,0.990,1,1,31.3,0.08,28.81,30.1,0
1779285604100,123,PERSON-01,363.8,19.01,22.08,3.07,17.69,21.1,0.989,1,1,31.0,0.33,28.20,30.0,0
1779285604133,124,UAS-01,448.5,18.97,22.28,3.31,18.61,20.6,0.990,1,1,31.0,0.22,28.25,30.1,0
1779285604167,125,UAS-02,449.0,19.26,22.42,3.16,17.93,20.9,0.973,1,1,33.6,0.12,28.81,30.0,0
1779285604200,126,GND-VEH-01,444.2,18.80,21.89,3.10,18.11,22.1,0.990,1,1,31.0,0.17,28.97,24.0,1
1779285604233,127,PERSON-01,404.7,18.75,21.89,3.14,18.51,23.5,0.990,1,1,31.0,0.26,28.85,22.1,1
1779285604267,128,UAS-01,838.5,18.96,21.90,2.94,17.58,21.9,0.990,1,1,32.2,0.21,28.69,30.0,0
1779285604300,129,UAS-02,308.6,19.05,22.26,3.21,18.40,21.5,0.990,1,1,31.0,0.15,28.80,30.0,0
1779285604333,130,GND-VEH-01,317.9,18.96,22.23,3.26,18.23,22.6,0.990,1,1,31.0,0.11,28.92,30.1,0
1779285604367,131,PERSON-01,416.3,18.87,21.96,3.09,17.51,21.5,0.976,1,1,31.5,0.16,28.40,29.9,0
1779285604400,132,UAS-01,413.5,19.03,21.83,2.80,17.48,22.7,0.990,1,1,31.7,0.53,28.16,29.9,0
1779285604433,133,UAS-02,322.7,19.08,22.13,3.05,18.26,21.3,0.983,1,1,31.0,0.40,28.84,30.2,0
1779285604467,134,GND-VEH-01,405.2,19.17,22.39,3.22,18.12,23.1,0.990,1,1,31.0,0.46,28.27,30.0,0
1779285604500,135,PERSON-01,397.6,18.80,22.27,3.47,19.00,21.8,0.990,1,1,31.0,0.40,28.29,30.1,0
1779285604533,136,UAS-01,572.8,19.13,22.04,2.92,17.74,21.8,0.990,1,1,32.4,0.02,28.67,30.1,0
1779285604567,137,UAS-02,666.3,19.25,22.55,3.30,18.00,21.2,0.988,1,1,31.0,0.03,28.81,30.1,0
1779285604600,138,GND-VEH-01,327.9,19.05,22.21,3.16,17.86,23.0,0.981,1,1,31.0,0.40,28.63,30.0,0
1779285604633,139,PERSON-01,306.9,18.73,22.38,3.65,18.83,22.0,0.990,1,1,31.2,0.04,28.64,30.0,0
1779285604667,140,UAS-01,327.6,19.01,22.16,3.15,18.73,21.7,0.984,1,1,31.0,0.36,28.03,30.0,0
1779285604700,141,UAS-02,1048.3,19.15,21.88,2.74,17.36,23.8,0.990,1,1,32.7,0.06,28.18,29.9,0
1779285604733,142,GND-VEH-01,750.7,18.94,21.83,2.89,17.73,20.8,0.978,1,1,32.1,0.01,28.52,30.0,0
1779285604767,143,PERSON-01,478.3,18.92,21.83,2.91,18.17,21.2,0.954,1,1,31.0,0.01,28.55,20.8,1
1779285604800,144,UAS-01,362.8,19.12,22.21,3.10,17.77,21.7,0.990,1,1,31.3,0.11,28.78,29.9,0
1779285604833,145,UAS-02,371.4,19.01,22.30,3.29,18.43,22.1,0.990,1,1,33.4,0.37,28.40,30.1,0
1779285604867,146,GND-VEH-01,450.3,18.96,21.79,2.83,17.66,22.6,0.990,1,1,31.0,0.20,29.02,30.0,0
1779285604900,147,PERSON-01,359.4,18.98,22.00,3.02,18.10,21.2,0.990,1,1,31.0,0.31,28.40,30.0,0
1779285604933,148,UAS-01,313.9,19.12,22.75,3.64,18.60,21.0,0.990,1,1,34.2,0.03,28.47,29.9,0
1779285604967,149,UAS-02,658.6,18.97,22.20,3.23,18.56,21.4,0.990,1,1,32.3,0.45,28.97,30.0,0
1779285605000,150,GND-VEH-01,452.8,19.06,22.13,3.07,18.10,21.6,0.990,1,1,31.0,0.13,28.92,30.0,0
1779285605033,151,PERSON-01,316.9,18.77,21.94,3.17,17.32,23.3,0.990,1,1,31.0,0.51,28.17,29.9,0
1779285605067,152,UAS-01,367.5,18.85,22.17,3.32,19.14,21.8,0.990,1,1,31.4,0.41,28.55,29.9,0
1779285605100,153,UAS-02,310.4,18.85,22.24,3.39,18.80,22.9,0.990,1,1,31.0,0.02,28.63,30.1,0
1779285605133,154,GND-VEH-01,368.0,19.08,22.62,3.54,19.10,20.5,0.989,1,1,34.4,0.14,28.07,29.9,0
1779285605167,155,PERSON-01,680.0,19.09,22.06,2.97,18.39,20.2,0.990,1,1,31.0,0.16,28.50,30.1,0
1779285605200,156,UAS-01,425.5,19.04,22.27,3.23,18.13,22.4,0.990,1,1,31.7,0.18,28.24,20.2,1
1779285605233,157,UAS-02,867.3,19.43,22.26,2.83,17.81,20.3,0.986,1,1,31.0,0.07,28.89,30.1,0
1779285605267,158,GND-VEH-01,311.4,19.00,22.41,3.40,17.96,23.5,0.986,1,1,31.0,0.10,28.46,30.0,0
1779285605300,159,PERSON-01,539.2,18.99,21.90,2.91,17.09,22.1,0.990,1,1,31.0,0.01,28.67,30.0,0
1779285605333,160,UAS-01,304.8,19.16,22.08,2.92,18.74,21.1,0.990,1,1,35.4,0.33,28.79,19.0,1
1779285605367,161,UAS-02,566.3,19.24,22.46,3.22,18.78,22.4,0.990,1,1,32.6,0.09,28.37,30.1,0
1779285605400,162,GND-VEH-01,704.2,19.03,21.84,2.82,17.88,22.0,0.988,1,1,31.0,0.17,28.52,30.0,0
1779285605433,163,PERSON-01,677.4,19.05,22.00,2.96,17.39,22.3,0.990,1,1,31.0,0.33,28.76,30.0,0
1779285605467,164,UAS-01,400.1,18.78,21.95,3.17,18.79,22.4,0.990,1,1,31.0,0.35,28.33,30.0,0
1779285605500,165,UAS-02,591.7,18.76,21.84,3.09,18.34,22.3,0.990,1,1,33.3,0.19,28.48,29.9,0
1779285605533,166,GND-VEH-01,645.1,19.12,22.29,3.17,18.91,21.6,0.983,1,1,31.0,0.22,28.71,29.8,0
1779285605567,167,PERSON-01,313.8,18.88,22.13,3.26,18.41,23.3,0.990,1,1,31.7,0.40,29.16,29.9,0
1779285605600,168,UAS-01,383.1,18.90,22.07,3.17,18.47,21.1,0.990,1,1,34.4,0.04,28.69,30.0,0
1779285605633,169,UAS-02,305.7,19.25,22.46,3.22,18.62,23.1,0.990,1,1,31.0,0.20,28.61,29.9,0
1779285605667,170,GND-VEH-01,593.7,19.13,22.24,3.11,17.74,23.0,0.990,1,1,31.5,0.12,28.44,29.9,0
1779285605700,171,PERSON-01,710.8,18.95,22.08,3.13,18.91,21.3,0.990,1,1,31.0,0.16,29.24,22.2,1
1779285605733,172,UAS-01,709.0,18.93,22.07,3.14,18.70,23.2,0.980,1,1,31.0,0.33,29.18,30.1,0
1779285605767,173,UAS-02,359.3,19.26,22.48,3.22,18.29,20.7,0.990,1,1,31.0,0.35,28.68,30.1,0
1779285605800,174,GND-VEH-01,354.7,19.06,22.67,3.61,19.11,23.9,0.983,1,1,33.2,0.68,28.93,30.1,0
1779285605833,175,PERSON-01,375.0,18.94,22.11,3.18,17.79,22.6,0.986,1,1,31.0,0.38,28.63,30.0,0
1779285605867,176,UAS-01,784.7,18.90,22.36,3.46,18.90,20.8,0.990,1,1,31.0,0.07,28.68,30.1,0
1779285605900,177,UAS-02,933.9,18.90,21.72,2.81,17.63,21.3,0.985,1,1,31.0,0.03,28.92,30.0,0
1779285605933,178,GND-VEH-01,505.8,18.87,22.08,3.21,18.52,22.6,0.990,1,1,31.3,0.15,29.00,29.9,0
1779285605967,179,PERSON-01,694.0,18.86,21.92,3.06,17.76,22.8,0.990,1,1,33.5,0.09,29.01,30.0,0
1779285606000,180,UAS-01,304.7,18.93,22.17,3.25,17.99,23.3,0.984,1,1,31.0,0.14,28.77,30.0,0
1779285606033,181,UAS-02,306.7,18.96,22.58,3.62,20.16,20.1,0.990,1,1,31.0,0.14,28.45,30.0,0
1779285606067,182,GND-VEH-01,542.2,19.19,22.53,3.34,18.48,23.0,0.990,1,1,31.2,0.15,29.13,29.8,0
1779285606100,183,PERSON-01,688.6,19.01,22.04,3.02,17.48,23.5,0.990,1,1,32.9,0.07,28.92,30.0,0
1779285606133,184,UAS-01,406.5,18.87,21.97,3.10,18.24,21.5,0.988,1,1,31.0,0.29,28.82,30.1,0
1779285606167,185,UAS-02,455.3,18.92,22.29,3.37,18.76,21.9,0.990,1,1,31.7,0.35,28.73,30.2,0
1779285606200,186,GND-VEH-01,374.8,18.95,22.13,3.19,18.13,22.8,0.990,1,1,32.3,0.25,28.91,29.9,0
1779285606233,187,PERSON-01,406.9,19.36,22.73,3.38,18.75,21.9,0.974,1,1,34.1,0.31,28.68,30.0,0
1779285606267,188,UAS-01,494.7,18.93,21.97,3.05,18.39,22.5,0.990,1,1,31.0,0.02,28.71,30.0,0
1779285606300,189,UAS-02,315.1,19.11,22.17,3.06,18.73,22.1,0.990,1,1,31.9,0.39,28.77,29.9,0
1779285606333,190,GND-VEH-01,491.2,18.91,22.35,3.44,18.65,22.1,0.990,1,1,31.0,0.15,28.47,23.5,1
1779285606367,191,PERSON-01,459.6,19.07,22.32,3.26,18.28,23.3,0.990,1,1,33.9,0.19,29.30,30.1,0
1779285606400,192,UAS-01,787.4,18.97,21.91,2.94,17.73,22.5,0.969,1,1,32.7,0.38,28.82,29.9,0
1779285606433,193,UAS-02,377.6,19.03,22.03,3.00,18.04,22.5,0.990,1,1,31.0,0.28,28.59,30.1,0
1779285606467,194,GND-VEH-01,354.9,18.96,22.22,3.26,18.25,23.4,0.990,1,1,32.8,0.23,29.06,30.0,0
1779285606500,195,PERSON-01,425.5,18.89,22.26,3.37,19.01,23.4,0.990,1,1,32.4,0.51,28.52,30.1,0
1779285606533,196,UAS-01,392.2,18.92,21.92,3.00,17.50,21.6,0.990,1,1,31.0,0.10,28.98,30.0,0
1779285606567,197,UAS-02,623.6,19.13,22.35,3.22,18.11,22.5,0.990,1,1,31.5,0.42,28.94,20.2,1
1779285606600,198,GND-VEH-01,374.4,18.88,22.36,3.47,18.95,22.8,0.980,1,1,31.0,0.02,28.69,30.2,0
1779285606633,199,PERSON-01,378.0,19.02,22.36,3.34,19.79,20.4,0.983,1,1,31.5,0.18,28.66,30.0,0
1779285606667,200,UAS-01,466.2,19.29,22.20,2.91,17.76,22.5,0.985,1,1,32.0,0.03,28.63,29.9,0
1779285606700,201,UAS-02,315.7,18.86,22.15,3.30,18.14,21.1,0.979,1,1,31.0,0.07,29.13,30.0,0
1779285606733,202,GND-VEH-01,545.8,19.31,22.27,2.96,18.57,21.3,0.990,1,1,31.0,0.09,28.63,30.0,0
1779285606767,203,PERSON-01,649.6,19.29,22.65,3.36,18.98,22.3,0.990,1,1,32.2,0.43,28.45,30.0,0
1779285606800,204,UAS-01,402.5,18.99,22.12,3.13,17.83,22.5,0.990,1,1,33.2,0.33,28.85,30.0,0
1779285606833,205,UAS-02,401.5,18.68,21.86,3.18,18.89,20.1,0.990,1,1,31.0,0.14,28.61,19.8,1
1779285606867,206,GND-VEH-01,856.1,19.10,22.05,2.95,18.44,22.3,0.989,1,1,31.0,0.41,28.95,30.0,0
1779285606900,207,PERSON-01,322.1,18.97,21.88,2.91,17.98,22.5,0.990,1,1,31.0,0.20,28.36,21.1,1
1779285606933,208,UAS-01,472.3,18.98,22.01,3.03,17.99,22.8,0.990,1,1,31.0,0.02,29.15,30.0,0
1779285606967,209,UAS-02,630.4,18.92,21.81,2.89,17.34,22.6,0.985,1,1,32.5,0.09,28.53,29.9,0
1779285607000,210,GND-VEH-01,533.6,18.95,22.06,3.11,17.94,21.1,0.990,1,1,31.0,0.17,28.78,30.0,0
1779285607033,211,PERSON-01,562.2,18.88,22.03,3.15,18.47,21.2,0.990,1,1,31.0,0.03,28.90,30.0,0
1779285607067,212,UAS-01,495.9,18.99,22.48,3.48,19.43,21.8,0.981,1,1,31.0,0.30,28.83,29.9,0
1779285607100,213,UAS-02,324.6,18.82,22.13,3.31,19.01,21.9,0.966,1,1,31.0,0.27,28.99,30.0,0
1779285607133,214,GND-VEH-01,589.5,19.08,22.35,3.27,17.96,20.7,0.990,1,1,32.9,0.62,28.98,29.9,0
1779285607167,215,PERSON-01,965.9,18.94,21.95,3.01,18.23,23.4,0.990,1,1,33.2,0.07,29.12,30.0,0
1779285607200,216,UAS-01,700.6,18.95,22.20,3.25,18.64,21.8,0.990,1,1,31.0,0.50,29.21,30.2,0
1779285607233,217,UAS-02,406.1,19.07,22.21,3.14,17.78,22.7,0.990,1,1,33.3,0.55,28.57,30.1,0
1779285607267,218,GND-VEH-01,384.1,19.14,22.24,3.10,17.96,21.7,0.990,1,1,33.3,0.12,28.62,30.0,0
1779285607300,219,PERSON-01,546.4,18.71,21.71,3.01,18.27,21.0,0.990,1,1,31.0,0.27,29.00,30.0,0
1779285607333,220,UAS-01,574.6,19.16,22.41,3.25,17.83,23.2,0.990,1,1,33.7,0.51,28.63,30.1,0
1779285607367,221,UAS-02,739.3,18.88,22.08,3.20,18.00,22.5,0.990,1,1,32.9,0.44,29.27,30.0,0
1779285607400,222,GND-VEH-01,398.4,18.90,22.03,3.13,18.29,22.1,0.990,1,1,31.0,0.16,29.07,29.9,0
1779285607433,223,PERSON-01,440.3,18.73,22.02,3.29,17.97,22.5,0.990,1,1,35.6,0.81,29.06,29.9,0
1779285607467,224,UAS-01,390.5,19.12,22.09,2.97,17.64,23.5,0.990,1,1,31.0,0.02,28.99,30.0,0
1779285607500,225,UAS-02,624.0,19.02,22.20,3.18,17.82,21.9,0.990,1,1,31.0,0.34,29.16,30.1,0
1779285607533,226,GND-VEH-01,503.6,18.78,22.04,3.25,18.60,21.3,0.990,1,1,32.6,0.29,28.65,30.0,0
1779285607567,227,PERSON-01,640.5,19.08,22.42,3.34,18.63,21.9,0.982,1,1,33.7,0.22,29.43,29.9,0
1779285607600,228,UAS-01,444.4,19.04,22.42,3.38,18.61,22.5,0.990,1,1,34.4,0.04,28.89,30.1,0
1779285607633,229,UAS-02,334.3,19.05,22.37,3.32,18.99,20.5,0.990,1,1,33.5,0.21,29.21,30.0,0
1779285607667,230,GND-VEH-01,310.7,18.96,22.33,3.38,18.62,21.1,0.990,1,1,31.5,0.09,28.89,30.0,0
1779285607700,231,PERSON-01,458.1,19.10,22.48,3.38,18.55,24.0,0.983,1,1,31.4,0.17,28.86,30.0,0
1779285607733,232,UAS-01,573.8,18.96,22.14,3.18,18.26,22.4,0.990,1,1,31.0,0.02,28.79,29.9,0
1779285607767,233,UAS-02,432.2,19.16,22.42,3.26,18.53,21.9,0.990,1,1,32.3,0.07,28.82,30.0,0
1779285607800,234,GND-VEH-01,569.6,18.74,21.85,3.11,17.56,22.9,0.990,1,1,31.0,0.15,29.06,29.9,0
1779285607833,235,PERSON-01,415.6,19.23,22.39,3.16,18.47,21.0,0.990,1,1,31.0,0.01,29.22,30.0,0
1779285607867,236,UAS-01,677.2,18.89,21.92,3.03,17.81,22.4,0.990,1,1,33.6,0.12,28.53,30.2,0
1779285607900,237,UAS-02,312.1,18.79,21.78,2.99,17.83,23.0,0.990,1,1,31.0,0.31,28.78,29.9,0
1779285607933,238,GND-VEH-01,672.3,19.05,22.18,3.13,17.97,22.3,0.985,1,1,33.1,0.16,29.02,29.9,0
1779285607967,239,PERSON-01,482.5,19.11,21.97,2.86,17.86,22.2,0.987,1,1,31.2,0.18,29.11,30.0,0
1779285608000,240,UAS-01,349.9,19.00,22.45,3.45,18.93,21.3,0.990,1,1,31.6,0.05,28.34,30.1,0
1779285608033,241,UAS-02,577.8,19.18,22.23,3.05,18.57,22.5,0.990,1,1,31.0,0.07,28.99,30.0,0
1779285608067,242,GND-VEH-01,431.8,19.00,22.11,3.11,18.06,21.1,0.990,1,1,31.0,0.29,28.94,30.1,0
1779285608100,243,PERSON-01,658.2,18.82,22.00,3.18,17.78,20.8,0.990,1,1,32.7,0.22,28.81,30.1,0
1779285608133,244,UAS-01,718.1,18.94,21.67,2.73,17.63,21.6,0.980,1,1,31.0,0.30,28.85,29.9,0
1779285608167,245,UAS-02,516.0,19.06,22.39,3.33,18.18,22.9,0.980,1,1,31.0,0.13,29.21,30.0,0
1779285608200,246,GND-VEH-01,496.9,19.07,22.20,3.13,17.76,24.1,0.990,1,1,35.3,0.09,28.58,22.6,1
1779285608233,247,PERSON-01,784.8,19.09,22.00,2.91,18.00,22.2,0.990,1,1,32.7,0.36,29.41,29.9,0
1779285608267,248,UAS-01,579.0,19.02,22.04,3.02,17.67,22.3,0.990,1,1,31.0,0.46,28.69,29.9,0
1779285608300,249,UAS-02,399.5,19.14,22.43,3.28,18.61,22.2,0.990,1,1,31.0,0.18,28.36,30.0,0
1779285608333,250,GND-VEH-01,385.5,18.85,22.34,3.49,18.73,22.2,0.975,1,1,31.0,0.02,28.90,29.9,0
1779285608367,251,PERSON-01,560.5,19.08,21.94,2.86,17.48,22.3,0.990,1,1,33.0,0.02,28.88,30.2,0
1779285608400,252,UAS-01,484.9,19.22,22.37,3.15,17.40,22.1,0.990,1,1,31.0,0.40,28.79,30.0,0
1779285608433,253,UAS-02,680.9,19.00,22.26,3.26,18.62,21.7,0.985,1,1,31.0,0.18,28.74,30.0,0
1779285608467,254,GND-VEH-01,551.0,18.96,22.17,3.20,17.88,22.6,0.990,1,1,31.0,0.09,29.37,30.1,0
1779285608500,255,PERSON-01,312.4,18.78,22.20,3.43,18.78,22.4,0.990,1,1,31.0,0.05,29.27,30.1,0
1779285608533,256,UAS-01,815.2,19.02,21.89,2.87,17.27,21.9,0.990,1,1,31.8,0.26,29.08,30.0,0
1779285608567,257,UAS-02,443.6,18.77,21.82,3.05,17.81,21.7,0.990,1,1,31.0,0.34,29.06,30.0,0
1779285608600,258,GND-VEH-01,732.7,19.14,22.21,3.07,18.04,22.3,0.981,1,1,32.1,0.15,28.94,30.1,0
1779285608633,259,PERSON-01,331.2,19.07,22.40,3.33,18.28,21.8,0.990,1,1,31.0,0.07,29.05,30.0,0
1779285608667,260,UAS-01,513.4,18.86,21.85,2.99,17.70,22.0,0.990,1,1,31.0,0.46,28.93,30.0,0
1779285608700,261,UAS-02,522.4,19.26,22.52,3.27,18.40,22.0,0.985,1,1,32.2,0.28,29.41,30.0,0
1779285608733,262,GND-VEH-01,400.6,19.05,22.18,3.13,18.23,22.3,0.990,1,1,31.0,0.30,29.09,30.1,0
1779285608767,263,PERSON-01,339.6,19.06,22.24,3.18,18.61,21.4,0.990,1,1,31.0,0.48,29.14,29.9,0
1779285608800,264,UAS-01,402.7,18.98,21.93,2.95,17.80,21.7,0.990,1,1,31.0,0.57,29.07,23.0,1
1779285608833,265,UAS-02,875.2,18.76,21.71,2.95,18.36,21.1,0.990,1,1,31.0,0.10,28.74,30.1,0
1779285608867,266,GND-VEH-01,423.3,19.05,22.08,3.04,18.08,21.2,0.990,1,1,32.0,0.13,28.99,30.1,0
1779285608900,267,PERSON-01,493.6,18.99,22.08,3.09,18.41,22.3,0.990,1,1,32.4,0.11,29.11,30.1,0
1779285608933,268,UAS-01,439.7,18.98,22.25,3.27,19.04,22.0,0.990,1,1,31.0,0.07,29.35,30.0,0
1779285608967,269,UAS-02,413.3,19.04,22.21,3.17,18.66,20.7,0.990,1,1,31.0,0.39,29.48,29.9,0
1779285609000,270,GND-VEH-01,549.7,18.92,22.19,3.27,19.14,21.7,0.990,1,1,34.3,0.45,29.26,20.7,1
1779285609033,271,PERSON-01,623.4,18.98,21.95,2.97,17.48,22.0,0.975,1,1,31.0,0.08,29.27,30.0,0
1779285609067,272,UAS-01,476.6,18.81,21.68,2.87,18.16,21.0,0.990,1,1,32.1,0.14,28.82,29.9,0
1779285609100,273,UAS-02,514.6,18.94,22.09,3.15,17.58,22.9,0.979,1,1,31.0,0.67,28.90,30.0,0
1779285609133,274,GND-VEH-01,547.7,19.16,22.30,3.14,17.59,22.9,0.990,1,1,32.2,0.44,29.01,30.1,0
1779285609167,275,PERSON-01,566.3,18.71,21.85,3.14,18.06,20.1,0.985,1,1,31.0,0.53,29.39,30.0,0
1779285609200,276,UAS-01,562.3,18.98,22.08,3.10,17.41,21.9,0.990,1,1,31.4,0.29,29.21,30.1,0
1779285609233,277,UAS-02,431.9,19.06,22.45,3.40,18.81,22.7,0.990,1,1,31.8,0.01,29.05,30.0,0
1779285609267,278,GND-VEH-01,381.2,18.97,22.07,3.10,17.79,22.0,0.989,1,1,31.0,0.07,28.87,30.0,0
1779285609300,279,PERSON-01,585.6,19.10,22.10,3.00,18.13,23.4,0.981,1,1,33.7,0.33,28.65,20.7,1
1779285609333,280,UAS-01,633.0,19.16,22.37,3.21,18.40,22.8,0.981,1,1,31.0,0.26,28.68,30.1,0
1779285609367,281,UAS-02,436.7,18.83,21.79,2.96,17.52,22.6,0.990,1,1,31.0,0.29,28.86,30.0,0
1779285609400,282,GND-VEH-01,644.0,18.92,21.99,3.07,18.08,20.7,0.990,1,1,31.0,0.16,29.60,30.1,0
1779285609433,283,PERSON-01,765.6,19.19,21.74,2.55,17.44,21.3,0.982,1,1,31.0,0.43,29.16,30.0,0
1779285609467,284,UAS-01,360.0,18.83,21.74,2.91,17.15,23.8,0.990,1,1,31.0,0.24,29.67,19.3,1
1779285609500,285,UAS-02,644.4,19.01,22.18,3.17,17.51,22.2,0.990,1,1,31.8,0.33,29.44,30.0,0
1779285609533,286,GND-VEH-01,383.6,19.04,22.20,3.16,18.73,21.6,0.990,1,1,34.2,0.08,28.73,29.8,0
1779285609567,287,PERSON-01,615.9,18.86,22.05,3.19,17.99,22.5,0.990,1,1,32.7,0.15,28.69,29.9,0
1779285609600,288,UAS-01,533.9,18.99,22.19,3.20,18.55,23.5,0.989,1,1,31.0,0.08,29.03,30.1,0
1779285609633,289,UAS-02,646.3,19.19,22.24,3.05,18.05,22.5,0.990,1,1,31.0,0.29,29.00,23.3,1
1779285609667,290,GND-VEH-01,574.0,19.25,22.32,3.07,17.95,21.3,0.990,1,1,31.2,0.41,29.24,29.9,0
1779285609700,291,PERSON-01,607.9,18.88,22.08,3.20,19.08,22.0,0.990,1,1,32.3,0.04,29.13,30.0,0
1779285609733,292,UAS-01,788.6,19.03,21.98,2.95,18.40,21.1,0.990,1,1,31.4,0.47,29.23,30.0,0
1779285609767,293,UAS-02,977.0,18.91,21.82,2.92,18.05,20.3,0.990,1,1,34.5,0.03,29.00,29.9,0
1779285609800,294,GND-VEH-01,492.0,18.91,21.99,3.08,18.21,22.7,0.990,1,1,31.9,0.04,29.25,29.9,0
1779285609833,295,PERSON-01,588.0,18.98,22.22,3.24,19.34,20.9,0.990,1,1,33.6,0.23,28.99,30.0,0
1779285609867,296,UAS-01,341.6,18.89,21.94,3.05,18.25,22.7,0.990,1,1,31.0,0.13,29.53,30.1,0
1779285609900,297,UAS-02,406.7,18.92,22.18,3.26,18.20,22.4,0.990,1,1,33.9,0.22,29.52,30.0,0
1779285609933,298,GND-VEH-01,362.5,18.91,22.14,3.23,17.95,22.4,0.990,1,1,31.0,0.20,29.02,30.0,0
1779285609967,299,PERSON-01,329.3,19.14,22.12,2.98,18.20,22.3,0.990,1,1,33.1,0.19,29.05,24.0,1
1779285610000,300,UAS-01,691.8,18.94,21.88,2.94,18.64,22.2,0.990,1,1,31.0,0.15,29.26,30.0,0
1779285610033,301,UAS-02,343.9,18.71,21.85,3.14,17.73,22.8,0.989,1,1,31.0,0.05,29.52,29.9,0
1779285610067,302,GND-VEH-01,544.3,18.94,22.15,3.21,18.43,21.3,0.990,1,1,31.8,0.01,29.22,30.0,0
1779285610100,303,PERSON-01,372.2,19.17,22.61,3.44,17.93,22.0,0.990,1,1,31.0,0.37,29.17,29.9,0
1779285610133,304,UAS-01,425.4,18.94,21.89,2.94,17.50,20.9,0.990,1,1,32.2,0.59,29.05,30.0,0
1779285610167,305,UAS-02,513.4,19.07,22.00,2.93,17.95,21.2,0.990,1,1,31.0,0.36,29.30,30.2,0
1779285610200,306,GND-VEH-01,516.7,18.90,21.69,2.80,18.12,22.0,0.990,1,1,31.0,0.16,29.62,29.9,0
1779285610233,307,PERSON-01,489.6,19.22,22.21,2.99,17.53,23.1,0.975,1,1,31.0,0.08,29.33,29.9,0
1779285610267,308,UAS-01,503.1,19.16,22.42,3.26,18.82,22.4,0.986,1,1,31.0,0.18,29.30,30.1,0
1779285610300,309,UAS-02,619.1,18.92,22.02,3.10,17.36,21.6,0.977,1,1,31.0,0.14,29.05,30.0,0
1779285610333,310,GND-VEH-01,363.7,18.89,21.96,3.07,18.59,21.7,0.976,1,1,33.0,0.22,28.86,23.8,1
1779285610367,311,PERSON-01,487.2,19.12,22.34,3.23,18.38,22.0,0.990,1,1,31.0,0.55,29.67,30.0,0
1779285610400,312,UAS-01,730.4,19.01,21.83,2.82,17.56,23.2,0.990,1,1,31.0,0.32,29.45,30.0,0
1779285610433,313,UAS-02,337.6,18.98,22.17,3.19,18.37,22.6,0.990,1,1,34.5,0.18,28.75,30.1,0
1779285610467,314,GND-VEH-01,367.6,19.10,22.21,3.12,17.63,22.2,0.990,1,1,31.0,0.09,29.27,30.1,0
1779285610500,315,PERSON-01,420.4,18.82,22.16,3.34,19.07,22.0,0.990,1,1,31.0,0.06,29.20,30.1,0
1779285610533,316,UAS-01,798.7,19.15,22.05,2.89,18.40,22.7,0.990,1,1,31.6,0.37,28.70,30.0,0
1779285610567,317,UAS-02,345.3,18.97,22.07,3.10,18.15,22.0,0.990,1,1,31.8,0.10,29.11,30.0,0
1779285610600,318,GND-VEH-01,486.5,19.12,22.22,3.10,17.89,22.1,0.990,1,1,31.0,0.05,29.18,30.0,0
1779285610633,319,PERSON-01,480.1,19.05,22.35,3.31,18.01,23.1,0.990,1,1,31.0,0.24,29.46,30.1,0
1779285610667,320,UAS-01,811.2,18.95,21.53,2.58,17.48,22.4,0.990,1,1,31.0,0.20,29.18,30.1,0
1779285610700,321,UAS-02,415.6,18.90,22.10,3.20,18.66,21.9,0.970,1,1,31.0,0.13,29.02,30.0,0
1779285610733,322,GND-VEH-01,344.8,18.92,22.32,3.40,17.87,22.4,0.990,1,1,32.9,0.13,29.05,30.2,0
1779285610767,323,PERSON-01,686.6,19.14,22.07,2.93,18.45,21.8,0.990,1,1,32.1,0.00,29.25,30.2,0
1779285610800,324,UAS-01,503.9,19.03,21.95,2.92,18.12,22.1,0.984,1,1,31.0,0.18,29.14,29.9,0
1779285610833,325,UAS-02,638.4,18.83,21.70,2.87,17.45,21.8,0.990,1,1,31.0,0.08,29.44,30.0,0
1779285610867,326,GND-VEH-01,419.7,19.07,22.37,3.30,19.12,21.5,0.979,1,1,31.9,0.13,29.71,29.9,0
1779285610900,327,PERSON-01,449.3,19.15,22.33,3.18,17.94,22.3,0.974,1,1,31.0,0.15,29.30,29.9,0
1779285610933,328,UAS-01,574.7,18.90,22.29,3.39,19.14,20.8,0.990,1,1,31.0,0.12,28.68,30.1,0
1779285610967,329,UAS-02,389.3,18.86,22.07,3.21,18.30,23.6,0.990,1,1,31.0,0.08,29.43,29.9,0
1779285611000,330,GND-VEH-01,483.7,18.92,22.07,3.14,18.19,21.6,0.980,1,1,31.0,0.12,29.31,30.1,0
1779285611033,331,PERSON-01,360.6,19.18,22.63,3.45,18.87,23.2,0.990,1,1,34.8,0.04,29.36,30.1,0
1779285611067,332,UAS-01,359.4,19.08,22.40,3.32,18.64,21.8,0.985,1,1,34.0,0.28,29.43,29.8,0
1779285611100,333,UAS-02,446.2,18.89,21.96,3.07,17.98,21.7,0.990,1,1,31.0,0.57,29.29,19.6,1
1779285611133,334,GND-VEH-01,446.8,19.16,22.27,3.11,18.21,22.6,0.990,1,1,33.5,0.40,29.67,30.0,0
1779285611167,335,PERSON-01,645.2,19.07,22.05,2.98,18.00,23.6,0.990,1,1,33.2,0.03,29.20,30.0,0
1779285611200,336,UAS-01,438.0,19.08,22.31,3.23,17.37,23.1,0.990,1,1,34.8,0.04,29.29,30.0,0
1779285611233,337,UAS-02,741.7,18.93,22.16,3.24,18.95,22.2,0.990,1,1,32.8,0.12,29.46,30.1,0
1779285611267,338,GND-VEH-01,601.2,18.91,22.04,3.13,18.33,23.1,0.990,1,1,31.0,0.29,29.26,30.1,0
1779285611300,339,PERSON-01,896.4,19.03,22.05,3.02,17.73,21.5,0.980,1,1,34.2,0.16,29.44,23.1,1
1779285611333,340,UAS-01,587.0,19.11,22.14,3.03,17.96,22.9,0.973,1,1,31.0,0.31,29.59,30.0,0
1779285611367,341,UAS-02,375.5,19.05,22.03,2.97,17.35,21.1,0.980,1,1,31.0,0.31,29.10,29.9,0
1779285611400,342,GND-VEH-01,593.3,18.88,21.65,2.77,17.45,21.6,0.990,1,1,31.0,0.48,29.23,30.0,0
1779285611433,343,PERSON-01,561.0,18.97,22.17,3.19,18.97,21.5,0.990,1,1,31.0,0.25,29.89,30.0,0
1779285611467,344,UAS-01,401.4,19.27,22.59,3.32,18.83,21.8,0.990,1,1,31.0,0.10,29.29,30.0,0
1779285611500,345,UAS-02,507.9,18.81,22.14,3.33,18.33,22.7,0.989,1,1,31.0,0.04,29.23,30.0,0
1779285611533,346,GND-VEH-01,532.3,18.99,21.97,2.98,18.16,22.8,0.990,1,1,31.0,0.11,29.44,30.0,0
1779285611567,347,PERSON-01,362.9,18.68,22.11,3.44,18.19,23.2,0.990,1,1,31.0,0.25,28.97,29.9,0
1779285611600,348,UAS-01,319.3,18.75,22.29,3.54,18.64,22.5,0.975,1,1,31.0,0.18,29.43,30.0,0
1779285611633,349,UAS-02,467.6,19.04,22.22,3.18,18.64,21.0,0.986,1,1,31.0,0.22,29.31,19.2,1
1779285611667,350,GND-VEH-01,310.3,19.03,22.06,3.04,17.98,21.7,0.990,1,1,32.6,0.11,29.27,30.0,0
1779285611700,351,PERSON-01,459.6,19.06,22.19,3.13,17.82,22.2,0.985,1,1,32.6,0.23,29.26,30.0,0
1779285611733,352,UAS-01,468.8,18.97,22.04,3.07,18.30,22.2,0.987,1,1,31.0,0.01,29.53,29.8,0
1779285611767,353,UAS-02,508.6,19.12,22.25,3.14,18.23,21.9,0.982,1,1,31.0,0.01,29.13,30.2,0
1779285611800,354,GND-VEH-01,636.5,18.93,21.88,2.96,18.31,21.4,0.990,1,1,31.0,0.14,29.11,22.6,1
1779285611833,355,PERSON-01,644.4,18.99,22.05,3.05,18.45,20.5,0.985,1,1,31.0,0.19,29.48,30.0,0
1779285611867,356,UAS-01,440.6,19.03,22.45,3.42,18.21,23.0,0.990,1,1,31.0,0.08,28.97,30.0,0
1779285611900,357,UAS-02,332.2,19.00,22.11,3.11,18.19,22.2,0.990,1,1,31.2,0.43,29.00,30.0,0
1779285611933,358,GND-VEH-01,543.7,18.83,21.86,3.03,17.92,21.2,0.990,1,1,31.0,0.66,29.36,30.0,0
1779285611967,359,PERSON-01,659.6,19.07,22.02,2.95,17.22,23.2,0.990,1,1,31.0,0.15,29.24,29.9,0
1779285612000,360,UAS-01,491.4,19.36,22.33,2.96,18.19,21.2,0.990,1,1,35.2,0.03,29.26,29.9,0
1779285612033,361,UAS-02,709.8,19.04,22.27,3.22,18.29,20.0,0.990,1,1,31.0,0.55,29.54,30.0,0
1779285612067,362,GND-VEH-01,834.6,18.95,21.87,2.92,17.76,23.3,0.990,1,1,31.0,0.47,29.12,30.0,0
1779285612100,363,PERSON-01,710.3,18.94,22.06,3.12,18.18,21.1,0.990,1,1,31.0,0.02,29.48,30.1,0
1779285612133,364,UAS-01,613.2,19.11,22.13,3.02,18.03,22.3,0.990,1,1,31.0,0.16,29.23,30.0,0
1779285612167,365,UAS-02,509.6,19.15,22.23,3.07,18.08,21.4,0.976,1,1,31.9,0.40,29.30,29.9,0
1779285612200,366,GND-VEH-01,303.6,18.84,22.02,3.18,17.95,22.6,0.990,1,1,32.3,0.38,29.80,22.8,1
1779285612233,367,PERSON-01,717.9,19.12,22.16,3.05,18.61,21.4,0.990,1,1,31.0,0.03,29.47,30.0,0
1779285612267,368,UAS-01,683.5,19.00,21.88,2.88,18.12,22.0,0.990,1,1,32.7,0.37,29.09,29.9,0
1779285612300,369,UAS-02,357.5,18.94,22.25,3.31,18.10,22.8,0.985,1,1,33.0,0.16,29.45,29.8,0
1779285612333,370,GND-VEH-01,665.9,19.03,21.95,2.93,17.62,21.4,0.978,1,1,31.0,0.12,29.74,23.7,1
1779285612367,371,PERSON-01,517.0,19.07,22.23,3.16,17.53,23.2,0.987,1,1,31.0,0.22,29.35,29.9,0
1779285612400,372,UAS-01,794.3,18.99,21.87,2.88,17.89,21.6,0.990,1,1,32.3,0.28,29.52,30.1,0
1779285612433,373,UAS-02,344.7,19.00,22.11,3.12,18.32,22.4,0.990,1,1,33.0,0.09,29.54,30.0,0
1779285612467,374,GND-VEH-01,328.1,18.70,22.25,3.55,19.16,21.0,0.990,1,1,31.0,0.18,29.56,30.1,0
1779285612500,375,PERSON-01,345.4,19.08,21.99,2.91,18.18,21.4,0.989,1,1,33.4,0.52,29.63,30.1,0
1779285612533,376,UAS-01,362.9,19.11,22.40,3.30,18.57,24.0,0.990,1,1,31.0,0.02,29.95,30.2,0
1779285612567,377,UAS-02,380.9,18.96,21.95,3.00,17.64,21.2,0.990,1,1,31.0,0.05,29.55,29.9,0
1779285612600,378,GND-VEH-01,649.9,18.93,21.69,2.76,18.04,21.3,0.990,1,1,31.8,0.18,29.69,30.2,0
1779285612633,379,PERSON-01,460.5,19.06,22.44,3.39,18.10,22.7,0.990,1,1,31.0,0.18,29.47,30.2,0
1779285612667,380,UAS-01,509.5,19.38,22.90,3.51,18.47,21.9,0.990,1,1,31.0,0.06,29.34,29.9,0
1779285612700,381,UAS-02,303.0,19.12,22.40,3.28,18.76,22.9,0.990,1,1,31.3,0.03,29.72,29.9,0
1779285612733,382,GND-VEH-01,658.4,18.82,21.96,3.15,18.01,23.5,0.990,1,1,31.0,0.44,29.33,30.0,0
1779285612767,383,PERSON-01,397.4,18.81,21.99,3.18,17.76,21.4,0.990,1,1,31.0,0.73,29.32,23.0,1
1779285612800,384,UAS-01,497.9,19.00,22.16,3.16,18.12,22.3,0.985,1,1,31.7,0.13,29.49,30.0,0
1779285612833,385,UAS-02,348.2,19.03,22.08,3.05,17.64,21.2,0.986,1,1,31.0,0.11,29.25,30.0,0
1779285612867,386,GND-VEH-01,412.5,18.99,22.34,3.36,18.26,21.2,0.981,1,1,31.1,0.04,29.34,30.1,0
1779285612900,387,PERSON-01,568.3,18.96,21.96,3.00,17.75,22.7,0.990,1,1,32.7,0.00,29.47,19.1,1
1779285612933,388,UAS-01,437.5,19.15,22.32,3.17,18.39,21.5,0.984,1,1,31.0,0.07,29.30,29.9,0
1779285612967,389,UAS-02,407.0,19.16,22.35,3.19,18.49,22.1,0.990,1,1,31.0,0.10,29.61,30.1,0
1779285613000,390,GND-VEH-01,385.2,18.95,22.03,3.09,18.17,21.6,0.990,1,1,32.3,0.01,29.41,29.9,0
1779285613033,391,PERSON-01,490.1,19.01,21.87,2.86,17.64,21.2,0.990,1,1,31.0,0.10,29.26,29.9,0
1779285613067,392,UAS-01,624.4,19.10,21.89,2.80,17.63,21.0,0.990,1,1,34.1,0.19,29.12,29.8,0
1779285613100,393,UAS-02,312.4,18.77,21.81,3.03,17.84,22.3,0.970,1,1,31.3,0.52,29.26,29.8,0
1779285613133,394,GND-VEH-01,406.2,18.98,22.21,3.23,17.68,22.2,0.966,1,1,31.0,0.03,29.56,30.0,0
1779285613167,395,PERSON-01,496.0,19.37,22.53,3.16,18.81,21.5,0.990,1,1,31.0,0.27,29.83,30.0,0
1779285613200,396,UAS-01,610.5,18.77,21.85,3.08,18.33,21.7,0.988,1,1,31.0,0.04,29.69,30.2,0
1779285613233,397,UAS-02,459.9,19.15,22.33,3.18,18.14,21.7,0.972,1,1,31.0,0.35,29.62,30.1,0
1779285613267,398,GND-VEH-01,356.4,19.22,22.22,3.01,18.07,23.3,0.990,1,1,31.0,0.44,29.74,30.0,0
1779285613300,399,PERSON-01,951.5,19.19,21.88,2.69,17.42,23.6,0.990,1,1,31.0,0.11,29.42,29.8,0
1779285613333,400,UAS-01,767.8,19.02,22.02,3.00,17.77,21.7,0.990,1,1,32.5,0.61,29.52,22.5,1
1779285613367,401,UAS-02,481.4,19.12,21.87,2.75,17.04,22.4,0.990,1,1,31.2,0.29,29.82,29.9,0
1779285613400,402,GND-VEH-01,400.0,19.28,22.88,3.60,19.49,21.2,0.990,1,1,31.0,0.40,29.70,30.1,0
1779285613433,403,PERSON-01,396.7,19.11,22.41,3.29,19.15,22.9,0.990,1,1,31.0,0.20,30.00,30.0,0
1779285613467,404,UAS-01,360.9,19.14,22.10,2.96,18.33,21.0,0.990,1,1,33.7,0.20,29.40,30.1,0
1779285613500,405,UAS-02,708.6,19.20,22.24,3.04,18.85,22.6,0.990,1,1,31.0,0.22,29.52,20.1,1
1779285613533,406,GND-VEH-01,366.2,18.80,22.02,3.22,18.16,23.6,0.990,1,1,33.4,0.08,29.52,30.0,0
1779285613567,407,PERSON-01,575.1,19.24,22.68,3.44,18.74,21.7,0.990,1,1,31.0,0.17,29.40,30.0,0
1779285613600,408,UAS-01,505.7,19.04,22.08,3.04,18.86,21.5,0.972,1,1,31.2,0.42,29.26,29.9,0
1779285613633,409,UAS-02,517.6,19.10,21.98,2.87,17.78,21.6,0.990,1,1,31.8,0.14,29.66,22.0,1
1779285613667,410,GND-VEH-01,469.2,18.99,22.22,3.23,18.01,23.2,0.990,1,1,31.6,0.25,29.66,29.9,0
1779285613700,411,PERSON-01,749.7,19.21,22.16,2.95,18.21,20.5,0.990,1,1,31.0,0.34,29.26,29.9,0
1779285613733,412,UAS-01,360.9,19.17,22.31,3.14,18.20,21.3,0.990,1,1,31.0,0.02,29.63,30.0,0
1779285613767,413,UAS-02,417.8,19.12,21.99,2.87,17.37,23.0,0.990,1,1,31.2,0.44,29.67,20.4,1
1779285613800,414,GND-VEH-01,302.3,19.20,22.58,3.39,17.97,22.9,0.990,1,1,31.8,0.02,29.44,30.1,0
1779285613833,415,PERSON-01,531.2,18.92,22.33,3.41,18.21,21.9,0.990,1,1,33.5,0.44,29.74,29.8,0
1779285613867,416,UAS-01,312.2,18.72,22.11,3.39,18.50,21.9,0.990,1,1,34.0,0.12,29.90,29.9,0
1779285613900,417,UAS-02,565.9,18.97,22.15,3.18,18.97,21.7,0.990,1,1,31.0,0.02,29.29,30.2,0
1779285613933,418,GND-VEH-01,591.9,18.98,22.34,3.36,18.20,21.1,0.990,1,1,31.0,0.45,29.19,30.0,0
1779285613967,419,PERSON-01,710.9,19.29,22.28,2.99,17.64,22.1,0.990,1,1,31.0,0.05,29.44,30.1,0
1779285614000,420,UAS-01,564.7,19.18,22.43,3.25,18.43,23.3,0.990,1,1,31.0,0.05,29.67,20.4,1
1779285614033,421,UAS-02,682.6,19.16,22.10,2.93,17.94,22.1,0.990,1,1,31.0,0.07,29.84,30.0,0
1779285614067,422,GND-VEH-01,456.1,18.82,21.94,3.12,18.14,21.8,0.990,1,1,31.0,0.09,29.97,29.8,0
1779285614100,423,PERSON-01,633.6,18.82,21.96,3.14,18.32,22.4,0.990,1,1,31.0,0.53,29.74,29.9,0
1779285614133,424,UAS-01,509.8,18.80,21.97,3.18,18.54,22.5,0.990,1,1,32.9,0.31,29.88,30.1,0
1779285614167,425,UAS-02,576.1,19.11,22.38,3.27,18.09,22.8,0.990,1,1,31.2,0.18,29.81,29.9,0
1779285614200,426,GND-VEH-01,353.1,18.99,21.98,2.99,18.62,20.5,0.990,1,1,33.9,0.42,29.79,30.0,0
1779285614233,427,PERSON-01,328.7,18.74,22.19,3.45,18.48,21.0,0.990,1,1,31.7,0.04,29.83,30.0,0
1779285614267,428,UAS-01,514.1,18.98,22.17,3.19,18.44,22.5,0.990,1,1,31.0,0.03,29.46,30.1,0
1779285614300,429,UAS-02,320.5,19.01,22.30,3.29,18.30,22.0,0.990,1,1,31.7,0.10,29.81,30.1,0
1779285614333,430,GND-VEH-01,520.5,19.08,22.29,3.20,18.65,22.4,0.990,1,1,31.0,0.41,29.73,30.2,0
1779285614367,431,PERSON-01,719.5,19.07,21.90,2.82,17.81,22.4,0.990,1,1,31.2,0.09,30.10,30.0,0
1779285614400,432,UAS-01,375.8,19.02,22.22,3.20,17.66,21.7,0.990,1,1,31.0,0.28,29.40,30.1,0
1779285614433,433,UAS-02,598.2,19.09,22.04,2.95,17.84,23.1,0.990,1,1,32.4,0.19,30.12,30.1,0
1779285614467,434,GND-VEH-01,316.1,19.25,22.80,3.56,18.51,21.6,0.990,1,1,32.5,0.29,29.86,30.0,0
1779285614500,435,PERSON-01,592.3,19.13,21.88,2.75,17.85,22.3,0.988,1,1,33.6,0.06,29.96,30.2,0
1779285614533,436,UAS-01,464.9,18.77,22.03,3.26,18.40,21.2,0.990,1,1,31.0,0.52,29.63,30.0,0
1779285614567,437,UAS-02,522.8,19.21,22.06,2.85,17.57,22.5,0.990,1,1,31.0,0.23,29.56,30.1,0
1779285614600,438,GND-VEH-01,325.8,18.94,22.06,3.12,18.40,22.0,0.990,1,1,33.2,0.16,30.00,30.0,0
1779285614633,439,PERSON-01,716.4,19.03,22.38,3.35,18.53,23.2,0.981,1,1,33.3,0.07,29.61,30.1,0
1779285614667,440,UAS-01,567.8,18.91,22.21,3.30,18.72,20.2,0.990,1,1,32.3,0.05,29.77,30.1,0
1779285614700,441,UAS-02,660.4,19.29,22.12,2.83,17.61,21.0,0.990,1,1,31.0,0.17,30.10,30.1,0
1779285614733,442,GND-VEH-01,332.9,18.82,21.97,3.15,18.35,20.7,0.984,1,1,31.0,0.55,29.87,20.2,1
1779285614767,443,PERSON-01,470.5,18.71,21.60,2.89,17.43,22.6,0.990,1,1,31.8,0.18,29.55,30.1,0
1779285614800,444,UAS-01,718.0,18.95,22.17,3.22,18.51,21.7,0.990,1,1,33.7,0.34,29.55,30.0,0
1779285614833,445,UAS-02,523.3,18.91,22.21,3.30,18.61,22.4,0.963,1,1,32.4,0.12,29.34,30.0,0
1779285614867,446,GND-VEH-01,608.6,18.78,21.94,3.16,18.61,21.5,0.990,1,1,31.0,0.05,30.01,30.0,0
1779285614900,447,PERSON-01,634.0,18.84,21.96,3.12,17.68,20.7,0.990,1,1,31.4,0.05,29.73,29.9,0
1779285614933,448,UAS-01,749.4,18.88,21.83,2.94,18.05,21.9,0.977,1,1,31.0,0.19,29.78,30.0,0
1779285614967,449,UAS-02,561.9,19.00,22.19,3.19,17.97,23.2,0.990,1,1,32.4,0.08,30.04,30.1,0
1779285615000,450,GND-VEH-01,558.0,18.94,22.16,3.22,18.48,22.1,0.990,1,1,32.7,0.24,29.56,30.1,0
1779285615033,451,PERSON-01,861.6,18.89,21.82,2.93,17.98,21.9,0.979,1,1,31.0,0.30,29.67,30.0,0
1779285615067,452,UAS-01,337.8,18.83,22.16,3.33,18.53,23.0,0.975,1,1,31.0,0.09,29.62,22.5,1
1779285615100,453,UAS-02,413.0,19.26,22.37,3.11,18.45,23.2,0.990,1,1,31.5,0.04,29.76,30.0,0
1779285615133,454,GND-VEH-01,332.2,19.04,22.08,3.04,17.43,23.0,0.979,1,1,31.0,0.33,29.80,20.0,1
1779285615167,455,PERSON-01,428.8,19.10,22.34,3.24,18.57,21.8,0.990,1,1,31.0,0.15,29.71,29.9,0
1779285615200,456,UAS-01,378.4,18.77,21.94,3.17,18.51,21.3,0.990,1,1,31.6,0.56,29.40,30.0,0
1779285615233,457,UAS-02,856.3,18.82,22.02,3.20,18.11,20.4,0.990,1,1,32.8,0.25,29.74,30.1,0
1779285615267,458,GND-VEH-01,819.3,18.93,21.82,2.89,17.11,21.4,0.990,1,1,33.5,0.04,29.92,29.8,0
1779285615300,459,PERSON-01,505.7,18.98,21.87,2.89,18.04,20.9,0.976,1,1,31.0,0.14,29.56,30.0,0
1779285615333,460,UAS-01,359.2,19.08,22.41,3.32,18.70,21.1,0.987,1,1,31.0,0.18,30.20,29.9,0
1779285615367,461,UAS-02,483.9,19.01,22.32,3.31,18.71,21.0,0.990,1,1,31.0,0.25,29.72,30.0,0
1779285615400,462,GND-VEH-01,374.2,19.11,22.48,3.37,18.39,21.3,0.990,1,1,32.1,0.01,29.52,21.7,1
1779285615433,463,PERSON-01,613.0,19.06,22.53,3.47,18.95,21.8,0.990,1,1,31.0,0.22,30.00,29.9,0
1779285615467,464,UAS-01,786.4,19.22,22.29,3.07,18.91,20.3,0.990,1,1,31.7,0.18,29.48,30.1,0
1779285615500,465,UAS-02,301.8,18.86,21.98,3.12,18.82,22.5,0.982,1,1,31.0,0.10,30.24,22.3,1
1779285615533,466,GND-VEH-01,600.7,18.70,21.76,3.06,18.12,22.9,0.990,1,1,31.0,0.27,29.69,30.2,0
1779285615567,467,PERSON-01,437.8,19.13,22.37,3.23,18.59,21.4,0.990,1,1,31.0,0.19,29.53,30.0,0
1779285615600,468,UAS-01,960.0,19.03,21.93,2.90,17.77,21.9,0.990,1,1,31.0,0.13,29.64,30.0,0
1779285615633,469,UAS-02,366.4,18.99,22.37,3.38,18.86,21.5,0.990,1,1,31.0,0.22,29.91,29.9,0
1779285615667,470,GND-VEH-01,466.4,19.02,22.17,3.15,18.33,22.9,0.969,1,1,31.0,0.13,30.25,29.8,0
1779285615700,471,PERSON-01,521.3,18.99,22.22,3.23,18.25,22.8,0.990,1,1,31.4,0.02,30.15,30.0,0
1779285615733,472,UAS-01,513.6,19.06,22.29,3.22,17.70,22.8,0.990,1,1,31.2,0.23,29.97,29.9,0
1779285615767,473,UAS-02,432.5,19.12,22.45,3.33,18.65,21.4,0.990,1,1,32.8,0.30,29.94,29.9,0
1779285615800,474,GND-VEH-01,410.8,18.80,21.79,2.99,17.58,22.2,0.990,1,1,33.3,0.24,29.71,29.9,0
1779285615833,475,PERSON-01,878.0,18.94,21.80,2.86,16.94,23.1,0.990,1,1,31.0,0.24,30.08,29.9,0
1779285615867,476,UAS-01,614.1,19.04,22.14,3.11,18.50,21.7,0.990,1,1,31.0,0.07,29.95,30.1,0
1779285615900,477,UAS-02,427.2,18.98,22.11,3.13,18.12,21.6,0.985,1,1,31.0,0.21,29.94,30.1,0
1779285615933,478,GND-VEH-01,464.6,19.01,22.38,3.37,18.87,22.4,0.990,1,1,31.0,0.40,29.68,30.0,0
1779285615967,479,PERSON-01,556.3,18.95,22.14,3.19,18.25,22.1,0.990,1,1,34.1,0.00,29.72,30.0,0
1779285616000,480,UAS-01,373.3,18.96,22.11,3.15,17.89,22.4,0.990,1,1,31.0,0.41,29.80,29.9,0
1779285616033,481,UAS-02,375.5,18.70,22.02,3.32,17.98,21.0,0.990,1,1,31.6,0.12,30.15,30.0,0
1779285616067,482,GND-VEH-01,374.6,18.97,22.20,3.22,18.62,22.7,0.990,1,1,31.0,0.03,29.50,23.8,1
1779285616100,483,PERSON-01,432.1,19.16,22.13,2.97,17.71,21.1,0.990,1,1,31.0,0.07,29.62,30.0,0
1779285616133,484,UAS-01,585.0,18.83,22.01,3.18,18.31,22.3,0.983,1,1,31.0,0.06,29.86,30.2,0
1779285616167,485,UAS-02,690.8,19.13,22.16,3.03,18.00,22.3,0.980,1,1,32.5,0.02,30.05,30.0,0
1779285616200,486,GND-VEH-01,549.5,19.39,22.77,3.38,18.84,22.0,0.990,1,1,33.2,0.17,29.96,29.9,0
1779285616233,487,PERSON-01,641.7,18.90,21.78,2.88,17.86,20.9,0.979,1,1,31.0,0.44,29.82,30.0,0
1779285616267,488,UAS-01,441.2,18.97,22.21,3.24,18.42,21.2,0.990,1,1,31.0,0.27,29.86,30.0,0
1779285616300,489,UAS-02,303.3,18.89,22.24,3.35,18.40,21.8,0.990,1,1,31.0,0.36,29.44,29.9,0
1779285616333,490,GND-VEH-01,333.7,19.12,22.65,3.54,18.89,22.6,0.990,1,1,34.3,0.26,29.90,29.8,0
1779285616367,491,PERSON-01,865.9,19.14,22.27,3.12,18.08,24.3,0.990,1,1,31.0,0.25,29.65,29.9,0
1779285616400,492,UAS-01,624.7,18.90,21.85,2.95,18.70,22.9,0.990,1,1,31.0,0.26,29.94,30.0,0
1779285616433,493,UAS-02,313.7,19.15,22.24,3.09,17.75,22.3,0.990,1,1,31.0,0.22,29.74,30.1,0
1779285616467,494,GND-VEH-01,475.0,19.19,22.11,2.92,17.83,24.3,0.987,1,1,31.0,0.18,29.86,30.2,0
1779285616500,495,PERSON-01,499.1,19.00,22.14,3.13,18.05,23.3,0.990,1,1,32.5,0.17,29.76,30.0,0
1779285616533,496,UAS-01,367.1,18.87,21.87,3.00,18.05,22.5,0.990,1,1,31.0,0.27,30.18,30.1,0
1779285616567,497,UAS-02,439.6,19.09,22.55,3.45,18.59,21.0,0.990,1,1,31.0,0.38,29.72,23.3,1
1779285616600,498,GND-VEH-01,307.2,19.04,22.03,2.99,17.89,21.4,0.990,1,1,31.0,0.08,29.81,30.1,0
1779285616633,499,PERSON-01,345.5,19.02,22.39,3.36,18.53,21.3,0.990,1,1,33.0,0.08,30.23,30.1,0
1779285616667,500,UAS-01,521.7,19.10,22.21,3.11,17.88,22.3,0.990,1,1,31.0,0.01,29.77,30.0,0
1779285616700,501,UAS-02,823.8,18.85,21.97,3.12,18.35,22.3,0.990,1,1,31.0,0.01,29.98,30.0,0
1779285616733,502,GND-VEH-01,453.7,18.94,21.86,2.92,17.43,20.8,0.990,1,1,33.6,0.33,30.18,30.1,0
1779285616767,503,PERSON-01,445.9,18.96,22.15,3.19,17.80,22.1,0.990,1,1,31.0,0.31,30.18,30.0,0
1779285616800,504,UAS-01,596.7,18.84,21.86,3.01,18.97,21.4,0.990,1,1,31.0,0.35,30.30,30.2,0
1779285616833,505,UAS-02,392.7,19.15,22.30,3.15,18.08,22.8,0.990,1,1,31.0,0.22,30.06,21.4,1
1779285616867,506,GND-VEH-01,711.2,18.93,22.11,3.18,18.33,21.9,0.990,1,1,31.4,0.33,29.90,30.1,0
1779285616900,507,PERSON-01,395.8,18.94,21.96,3.02,18.43,20.7,0.987,1,1,31.0,0.21,30.33,30.0,0
1779285616933,508,UAS-01,596.7,18.87,21.80,2.93,17.57,22.4,0.990,1,1,31.6,0.27,29.54,30.0,0
1779285616967,509,UAS-02,317.0,18.90,21.88,2.99,17.75,21.4,0.990,1,1,31.0,0.17,29.98,30.0,0
1779285617000,510,GND-VEH-01,764.5,18.89,21.52,2.63,17.28,21.0,0.990,1,1,31.0,0.02,30.31,30.0,0
1779285617033,511,PERSON-01,603.0,18.96,22.28,3.32,19.06,20.4,0.990,1,1,31.0,0.41,29.73,30.0,0
1779285617067,512,UAS-01,310.9,18.80,22.06,3.26,18.28,21.6,0.990,1,1,31.1,0.12,30.05,30.1,0
1779285617100,513,UAS-02,339.6,19.05,22.17,3.12,17.76,20.4,0.990,1,1,31.0,0.08,29.80,30.0,0
1779285617133,514,GND-VEH-01,625.9,18.65,21.56,2.91,17.71,20.3,0.963,1,1,31.0,0.24,30.07,29.9,0
1779285617167,515,PERSON-01,694.9,19.04,22.56,3.52,18.37,23.3,0.990,1,1,31.0,0.43,29.98,30.0,0
1779285617200,516,UAS-01,337.8,19.21,22.34,3.13,18.44,22.3,0.990,1,1,31.0,0.06,29.84,30.0,0
1779285617233,517,UAS-02,353.1,18.92,21.81,2.89,17.93,22.8,0.990,1,1,31.0,0.06,29.77,29.9,0
1779285617267,518,GND-VEH-01,481.4,19.00,22.32,3.32,19.25,20.5,0.990,1,1,31.0,0.36,30.01,30.0,0
1779285617300,519,PERSON-01,615.6,19.03,22.03,3.00,17.89,21.7,0.969,1,1,32.1,0.16,30.04,30.0,0
1779285617333,520,UAS-01,593.9,19.06,22.08,3.02,17.37,20.7,0.990,1,1,32.2,0.41,30.38,30.0,0
1779285617367,521,UAS-02,488.1,18.92,22.41,3.48,18.68,21.9,0.985,1,1,33.0,0.17,30.06,30.0,0
1779285617400,522,GND-VEH-01,352.2,18.77,22.11,3.34,18.81,22.5,0.990,1,1,31.0,0.19,29.75,30.0,0
1779285617433,523,PERSON-01,669.9,19.03,22.31,3.28,18.44,21.5,0.990,1,1,32.3,0.35,29.98,29.9,0
1779285617467,524,UAS-01,543.8,18.82,21.83,3.00,17.88,21.5,0.990,1,1,31.8,0.19,29.96,30.0,0
1779285617500,525,UAS-02,652.6,18.88,21.84,2.96,17.26,21.3,0.990,1,1,31.0,0.04,30.19,30.1,0
1779285617533,526,GND-VEH-01,904.1,19.11,21.85,2.74,17.23,21.1,0.990,1,1,33.0,0.24,29.92,29.9,0
1779285617567,527,PERSON-01,486.3,19.17,22.35,3.18,18.17,20.6,0.972,1,1,32.1,0.08,30.29,21.8,1
1779285617600,528,UAS-01,459.9,19.32,22.59,3.27,19.03,22.8,0.990,1,1,33.4,0.35,29.99,29.9,0
1779285617633,529,UAS-02,569.5,18.97,22.04,3.06,18.20,22.0,0.978,1,1,31.0,0.27,30.16,29.9,0
1779285617667,530,GND-VEH-01,483.4,18.88,22.08,3.20,18.58,21.2,0.990,1,1,31.6,0.19,30.19,30.1,0
1779285617700,531,PERSON-01,429.2,18.81,21.98,3.17,17.67,22.0,0.990,1,1,31.0,0.33,30.02,30.1,0
1779285617733,532,UAS-01,521.2,18.76,22.04,3.28,19.14,20.1,0.990,1,1,33.4,0.23,30.10,30.0,0
1779285617767,533,UAS-02,469.4,18.83,21.78,2.96,17.49,21.9,0.990,1,1,31.0,0.07,30.26,29.9,0
1779285617800,534,GND-VEH-01,884.5,18.98,22.00,3.02,17.24,22.6,0.970,1,1,34.5,0.11,30.00,30.1,0
1779285617833,535,PERSON-01,429.9,19.01,22.19,3.18,17.85,21.8,0.990,1,1,31.0,0.10,30.32,30.0,0
1779285617867,536,UAS-01,710.5,19.15,22.43,3.28,18.15,20.8,0.990,1,1,31.0,0.07,30.15,29.9,0
1779285617900,537,UAS-02,329.9,18.80,22.00,3.20,18.32,21.8,0.990,1,1,31.0,0.62,29.87,29.9,0
1779285617933,538,GND-VEH-01,475.8,19.15,22.49,3.34,18.73,20.6,0.989,1,1,32.2,0.01,30.20,30.0,0
1779285617967,539,PERSON-01,684.1,18.96,22.23,3.27,19.14,22.1,0.990,1,1,31.0,0.64,30.03,30.0,0
1779285618000,540,UAS-01,667.6,18.73,21.54,2.82,17.62,21.5,0.990,1,1,31.1,0.00,30.29,30.1,0
1779285618033,541,UAS-02,701.3,18.95,22.09,3.14,18.19,21.0,0.990,1,1,31.0,0.17,29.89,30.0,0
1779285618067,542,GND-VEH-01,310.7,19.11,22.28,3.17,18.13,21.7,0.979,1,1,31.0,0.20,30.26,29.9,0
1779285618100,543,PERSON-01,744.3,18.99,22.04,3.05,17.74,21.4,0.990,1,1,32.7,0.02,29.41,29.9,0
1779285618133,544,UAS-01,510.5,18.91,21.99,3.08,18.38,20.9,0.990,1,1,31.4,0.04,30.01,30.2,0
1779285618167,545,UAS-02,588.1,19.19,22.12,2.93,17.58,22.4,0.990,1,1,32.9,0.21,30.59,30.0,0
1779285618200,546,GND-VEH-01,641.4,19.30,22.42,3.12,18.37,21.1,0.990,1,1,31.8,0.14,30.39,30.0,0
1779285618233,547,PERSON-01,400.8,19.05,22.15,3.11,18.43,22.0,0.990,1,1,31.0,0.46,29.82,29.9,0
1779285618267,548,UAS-01,361.4,19.21,22.23,3.01,18.01,21.1,0.990,1,1,31.0,0.08,29.95,30.1,0
1779285618300,549,UAS-02,389.6,18.94,22.00,3.06,18.22,20.3,0.990,1,1,32.4,0.04,30.14,29.8,0
1779285618333,550,GND-VEH-01,311.4,19.13,22.16,3.03,18.10,22.1,0.990,1,1,31.0,0.31,29.89,29.9,0
1779285618367,551,PERSON-01,463.3,18.85,22.04,3.19,19.27,22.8,0.990,1,1,31.0,0.15,30.39,29.9,0
1779285618400,552,UAS-01,380.1,18.93,22.12,3.18,18.42,21.8,0.979,1,1,33.1,0.04,30.33,30.0,0
1779285618433,553,UAS-02,372.6,19.07,22.27,3.20,17.80,22.0,0.990,1,1,32.8,0.16,29.81,30.0,0
1779285618467,554,GND-VEH-01,435.5,19.09,22.60,3.52,18.88,22.2,0.990,1,1,31.8,0.24,30.09,19.6,1
1779285618500,555,PERSON-01,500.5,19.06,21.71,2.65,17.14,21.5,0.990,1,1,31.0,0.20,30.21,30.1,0
1779285618533,556,UAS-01,687.5,18.75,21.80,3.05,17.97,22.7,0.990,1,1,31.0,0.71,30.49,30.1,0
1779285618567,557,UAS-02,330.3,18.99,22.29,3.30,18.62,22.1,0.990,1,1,31.1,0.18,30.34,29.9,0
1779285618600,558,GND-VEH-01,374.6,19.06,22.56,3.50,18.69,21.2,0.990,1,1,31.1,0.22,30.10,30.1,0
1779285618633,559,PERSON-01,1009.2,18.80,21.83,3.03,18.00,22.2,0.990,1,1,31.0,0.03,30.61,30.0,0
1779285618667,560,UAS-01,405.6,19.26,22.22,2.96,17.41,22.8,0.980,1,1,35.2,0.07,30.21,30.0,0
1779285618700,561,UAS-02,884.6,18.92,22.08,3.15,17.54,21.1,0.983,1,1,31.0,0.02,30.19,30.0,0
1779285618733,562,GND-VEH-01,553.0,18.74,22.06,3.31,18.46,21.3,0.990,1,1,34.7,0.23,30.48,30.1,0
1779285618767,563,PERSON-01,636.4,19.20,22.13,2.92,18.00,21.6,0.983,1,1,33.9,0.30,30.15,30.0,0
1779285618800,564,UAS-01,722.2,18.99,21.92,2.92,17.66,23.2,0.980,1,1,31.0,0.05,30.16,29.9,0
1779285618833,565,UAS-02,525.6,18.87,22.03,3.17,17.92,22.5,0.980,1,1,31.0,0.17,30.19,29.8,0
1779285618867,566,GND-VEH-01,365.7,18.98,22.17,3.18,18.50,22.6,0.990,1,1,31.5,0.19,30.27,19.4,1
1779285618900,567,PERSON-01,315.5,18.97,21.87,2.91,17.30,21.9,0.990,1,1,31.0,0.14,29.71,30.2,0
1779285618933,568,UAS-01,552.0,18.82,21.88,3.05,18.47,21.5,0.972,1,1,31.0,0.43,30.21,30.0,0
1779285618967,569,UAS-02,382.0,18.96,22.21,3.24,18.10,21.6,0.990,1,1,31.0,0.34,30.07,30.0,0
1779285619000,570,GND-VEH-01,559.9,18.93,22.20,3.27,18.17,22.8,0.990,1,1,34.1,0.31,29.85,30.1,0
1779285619033,571,PERSON-01,394.4,19.20,22.53,3.34,18.59,21.5,0.990,1,1,32.3,0.04,29.95,30.0,0
1779285619067,572,UAS-01,571.5,19.06,22.15,3.09,18.31,21.8,0.990,1,1,31.7,0.47,30.35,30.0,0
1779285619100,573,UAS-02,559.7,19.19,22.47,3.28,18.90,21.7,0.990,1,1,31.8,0.12,29.92,29.9,0
1779285619133,574,GND-VEH-01,447.1,19.01,22.22,3.22,18.69,22.3,0.990,1,1,31.0,0.32,30.37,30.0,0
1779285619167,575,PERSON-01,458.6,19.05,22.30,3.25,18.45,22.6,0.990,1,1,32.0,0.05,30.10,22.8,1
1779285619200,576,UAS-01,379.6,19.07,22.42,3.35,18.25,20.8,0.990,1,1,33.9,0.26,30.02,30.1,0
1779285619233,577,UAS-02,372.6,19.07,22.39,3.32,17.59,21.8,0.990,1,1,32.1,0.39,30.03,30.0,0
1779285619267,578,GND-VEH-01,927.4,18.83,21.52,2.69,17.66,22.8,0.990,1,1,31.0,0.10,30.15,29.9,0
1779285619300,579,PERSON-01,399.0,18.93,22.18,3.24,18.63,20.4,0.990,1,1,31.9,0.29,30.40,30.0,0
1779285619333,580,UAS-01,616.3,19.02,21.92,2.91,17.24,24.3,0.986,1,1,31.0,0.04,30.52,30.0,0
1779285619367,581,UAS-02,332.8,19.00,22.30,3.29,18.55,20.9,0.990,1,1,32.7,0.73,30.32,30.1,0
1779285619400,582,GND-VEH-01,543.0,19.07,22.08,3.01,17.30,22.9,0.990,1,1,32.3,0.25,30.50,29.9,0
1779285619433,583,PERSON-01,482.8,19.02,21.88,2.87,17.18,22.0,0.972,1,1,33.4,0.23,30.25,30.0,0
1779285619467,584,UAS-01,773.8,19.06,21.79,2.74,17.62,21.6,0.983,1,1,31.0,0.54,30.37,29.8,0
1779285619500,585,UAS-02,422.8,19.20,22.59,3.39,18.86,21.8,0.969,1,1,31.0,0.25,29.80,30.0,0
1779285619533,586,GND-VEH-01,737.9,19.08,22.26,3.18,18.54,23.2,0.990,1,1,31.0,0.13,30.27,30.0,0
1779285619567,587,PERSON-01,350.5,18.81,21.88,3.07,17.66,22.8,0.990,1,1,31.5,0.25,29.95,30.0,0
1779285619600,588,UAS-01,367.2,18.91,22.04,3.13,17.95,22.6,0.983,1,1,31.0,0.16,29.85,30.0,0
1779285619633,589,UAS-02,601.8,18.97,22.08,3.11,18.04,21.9,0.990,1,1,31.0,0.12,30.12,30.0,0
1779285619667,590,GND-VEH-01,374.6,19.01,22.43,3.42,18.75,22.8,0.990,1,1,31.0,0.17,30.01,29.9,0
1779285619700,591,PERSON-01,433.0,19.22,22.46,3.24,17.76,23.2,0.990,1,1,34.1,0.42,29.96,30.0,0
1779285619733,592,UAS-01,726.2,19.19,22.19,3.01,18.84,21.0,0.990,1,1,33.5,0.21,30.31,30.1,0
1779285619767,593,UAS-02,637.2,18.82,21.68,2.85,17.26,22.6,0.990,1,1,31.0,0.04,30.49,30.1,0
1779285619800,594,GND-VEH-01,452.4,18.84,21.74,2.91,18.23,22.5,0.990,1,1,31.0,0.27,30.40,30.1,0
1779285619833,595,PERSON-01,335.2,18.84,21.82,2.99,17.96,21.7,0.990,1,1,31.9,0.10,30.05,30.0,0
1779285619867,596,UAS-01,529.4,18.69,21.66,2.97,18.29,22.3,0.989,1,1,31.0,0.62,30.58,30.0,0
1779285619900,597,UAS-02,446.7,19.04,22.15,3.12,18.38,23.0,0.988,1,1,31.0,0.06,30.39,30.0,0
1779285619933,598,GND-VEH-01,499.4,18.94,22.15,3.21,18.19,21.3,0.990,1,1,32.4,0.10,30.44,30.0,0
1779285619967,599,PERSON-01,462.4,18.97,21.88,2.91,17.41,22.8,0.990,1,1,31.0,0.06,30.48,30.0,0
1779285620000,600,UAS-01,428.1,18.89,21.91,3.01,18.20,23.3,0.990,1,1,31.0,0.04,30.23,30.0,0
1779285620033,601,UAS-02,497.5,19.17,22.51,3.34,18.01,22.5,0.990,1,1,31.0,0.08,30.13,29.9,0
1779285620067,602,GND-VEH-01,444.0,19.13,22.55,3.41,18.25,21.4,0.990,1,1,31.9,0.12,30.22,30.0,0
1779285620100,603,PERSON-01,812.1,19.03,22.13,3.10,18.43,19.9,0.979,1,1,34.1,0.15,30.55,30.1,0
1779285620133,604,UAS-01,614.6,19.19,22.56,3.37,18.56,21.3,0.990,1,1,31.0,0.35,30.55,30.1,0
1779285620167,605,UAS-02,721.7,19.11,22.15,3.04,17.64,21.4,0.990,1,1,31.0,0.49,30.32,29.9,0
1779285620200,606,GND-VEH-01,524.3,19.31,22.73,3.42,18.58,22.2,0.990,1,1,31.0,0.00,30.46,30.1,0
1779285620233,607,PERSON-01,485.3,18.96,21.93,2.97,18.13,22.8,0.990,1,1,31.6,0.19,30.89,30.1,0
1779285620267,608,UAS-01,508.6,19.01,22.13,3.12,18.56,21.3,0.990,1,1,31.0,0.51,30.50,30.1,0
1779285620300,609,UAS-02,441.1,19.40,22.60,3.21,18.69,20.8,0.990,1,1,32.1,0.55,30.20,30.0,0
1779285620333,610,GND-VEH-01,341.3,19.08,22.26,3.18,18.64,21.5,0.969,1,1,33.3,0.21,30.06,30.1,0
1779285620367,611,PERSON-01,685.5,19.04,21.90,2.86,18.27,23.4,0.990,1,1,31.0,0.18,30.45,21.9,1
1779285620400,612,UAS-01,701.8,19.06,22.36,3.30,17.81,22.0,0.987,1,1,31.0,0.37,30.70,30.1,0
1779285620433,613,UAS-02,354.0,18.98,22.11,3.14,18.50,21.0,0.980,1,1,31.7,0.01,30.34,29.9,0
1779285620467,614,GND-VEH-01,307.6,19.25,22.56,3.31,18.20,21.4,0.978,1,1,31.0,0.01,29.97,29.9,0
1779285620500,615,PERSON-01,761.7,18.72,21.51,2.79,17.78,20.9,0.990,1,1,31.0,0.25,29.92,30.1,0
1779285620533,616,UAS-01,471.7,18.94,21.81,2.87,17.97,21.7,0.989,1,1,31.1,0.12,30.36,29.9,0
1779285620567,617,UAS-02,465.7,19.11,22.34,3.23,19.26,22.6,0.990,1,1,34.1,0.49,30.56,30.1,0
1779285620600,618,GND-VEH-01,581.2,18.98,21.88,2.89,17.98,23.1,0.990,1,1,31.0,0.34,30.41,30.0,0
1779285620633,619,PERSON-01,449.9,19.25,22.77,3.53,18.30,23.0,0.990,1,1,33.3,0.03,30.64,30.0,0
1779285620667,620,UAS-01,311.2,18.93,22.22,3.29,18.32,22.0,0.990,1,1,31.0,0.01,30.42,30.1,0
1779285620700,621,UAS-02,344.3,19.18,22.27,3.10,18.06,21.5,0.990,1,1,31.9,0.20,30.57,30.1,0
1779285620733,622,GND-VEH-01,395.1,19.07,22.34,3.28,18.75,22.3,0.990,1,1,33.1,0.12,30.17,30.1,0
1779285620767,623,PERSON-01,376.0,19.09,22.26,3.17,18.13,22.4,0.990,1,1,31.0,0.27,30.52,30.0,0
1779285620800,624,UAS-01,667.9,18.83,21.79,2.95,18.23,22.1,0.968,1,1,31.0,0.33,30.16,29.9,0
1779285620833,625,UAS-02,527.7,19.16,22.31,3.15,18.15,21.5,0.990,1,1,31.0,0.68,30.48,30.0,0
1779285620867,626,GND-VEH-01,411.0,18.83,21.78,2.96,17.64,22.8,0.990,1,1,35.1,0.05,30.34,29.9,0
1779285620900,627,PERSON-01,327.4,18.91,22.15,3.24,17.86,22.8,0.990,1,1,31.6,0.11,30.24,30.0,0
1779285620933,628,UAS-01,571.6,19.05,22.22,3.17,18.06,22.4,0.990,1,1,31.8,0.27,30.77,29.9,0
1779285620967,629,UAS-02,626.2,18.85,22.18,3.33,18.75,22.1,0.969,1,1,31.2,0.37,30.49,19.3,1
1779285621000,630,GND-VEH-01,391.8,18.68,21.88,3.20,19.31,20.5,0.989,1,1,31.0,0.11,30.76,30.2,0
1779285621033,631,PERSON-01,449.1,19.08,22.07,2.99,18.16,22.0,0.990,1,1,33.3,0.02,30.10,29.8,0
1779285621067,632,UAS-01,412.2,19.00,22.16,3.16,18.67,23.2,0.990,1,1,31.2,0.49,30.14,30.0,0
1779285621100,633,UAS-02,446.2,19.09,22.38,3.29,17.71,22.5,0.983,1,1,31.3,0.33,30.68,30.0,0
1779285621133,634,GND-VEH-01,312.3,19.24,22.38,3.14,18.15,21.9,0.990,1,1,31.0,0.20,30.87,30.1,0
1779285621167,635,PERSON-01,465.7,19.29,22.38,3.10,18.27,22.7,0.974,1,1,31.0,0.28,30.39,30.1,0
1779285621200,636,UAS-01,427.1,19.06,22.32,3.26,17.86,22.3,0.990,1,1,31.0,0.04,30.54,30.1,0
1779285621233,637,UAS-02,338.3,19.04,22.54,3.50,18.58,21.6,0.990,1,1,31.0,0.09,30.73,29.9,0
1779285621267,638,GND-VEH-01,326.4,18.96,22.13,3.17,18.49,22.0,0.978,1,1,35.4,0.04,30.30,30.0,0
1779285621300,639,PERSON-01,362.3,18.93,21.66,2.73,17.69,21.6,0.990,1,1,34.3,0.14,30.23,30.1,0
1779285621333,640,UAS-01,304.7,18.81,22.21,3.40,18.24,23.0,0.990,1,1,32.9,0.00,30.91,30.1,0
1779285621367,641,UAS-02,349.3,18.96,22.37,3.42,18.00,22.6,0.990,1,1,32.0,0.36,30.30,30.0,0
1779285621400,642,GND-VEH-01,325.6,18.85,22.03,3.18,18.06,23.1,0.990,1,1,31.5,0.07,30.57,30.0,0
1779285621433,643,PERSON-01,527.9,19.36,22.61,3.24,17.96,21.5,0.968,1,1,32.5,0.01,30.60,29.9,0
1779285621467,644,UAS-01,591.6,18.97,21.89,2.92,17.50,21.1,0.990,1,1,33.1,0.46,30.10,30.1,0
1779285621500,645,UAS-02,338.9,18.86,22.14,3.28,18.17,22.7,0.990,1,1,31.3,0.24,30.36,30.1,0
1779285621533,646,GND-VEH-01,682.8,18.96,21.62,2.66,17.59,21.9,0.990,1,1,33.0,0.45,30.54,29.9,0
1779285621567,647,PERSON-01,419.4,18.95,22.24,3.30,18.66,21.2,0.990,1,1,31.0,0.10,30.64,21.8,1
1779285621600,648,UAS-01,908.5,18.92,21.57,2.65,17.96,19.8,0.990,1,1,31.0,0.70,30.85,29.9,0
1779285621633,649,UAS-02,322.5,19.23,22.57,3.33,18.58,21.8,0.990,1,1,31.0,0.27,30.60,30.1,0
1779285621667,650,GND-VEH-01,410.2,18.96,22.15,3.18,18.13,21.4,0.990,1,1,31.0,0.23,30.23,30.1,0
1779285621700,651,PERSON-01,362.0,18.97,22.21,3.24,18.80,20.6,0.990,1,1,32.7,0.38,30.93,29.9,0
1779285621733,652,UAS-01,612.0,18.90,21.91,3.01,18.20,23.4,0.986,1,1,31.0,0.53,30.84,30.0,0
1779285621767,653,UAS-02,670.7,19.05,22.36,3.31,18.46,21.9,0.990,1,1,31.0,0.17,30.19,30.1,0
1779285621800,654,GND-VEH-01,425.0,18.94,22.26,3.32,19.23,21.3,0.990,1,1,31.0,0.31,30.56,30.1,0
1779285621833,655,PERSON-01,375.1,19.15,22.39,3.24,18.27,21.8,0.988,1,1,31.0,0.10,30.57,19.3,1
1779285621867,656,UAS-01,794.9,19.18,21.81,2.63,17.42,21.9,0.982,1,1,35.4,0.02,30.75,30.1,0
1779285621900,657,UAS-02,391.7,19.09,22.37,3.27,18.05,21.6,0.990,1,1,31.0,0.43,30.29,30.0,0
1779285621933,658,GND-VEH-01,581.8,18.93,21.67,2.74,17.27,23.1,0.990,1,1,32.8,0.26,30.41,29.9,0
1779285621967,659,PERSON-01,589.7,18.70,21.91,3.21,18.41,21.8,0.990,1,1,32.0,0.20,30.67,30.1,0
1779285622000,660,UAS-01,335.7,19.07,22.48,3.41,18.45,22.3,0.990,1,1,32.7,0.03,30.76,29.9,0
1779285622033,661,UAS-02,522.1,19.06,22.26,3.20,18.40,23.3,0.986,1,1,31.0,0.17,30.49,29.9,0
1779285622067,662,GND-VEH-01,642.4,19.08,21.91,2.84,17.96,22.2,0.984,1,1,33.1,0.40,31.13,23.2,1
1779285622100,663,PERSON-01,895.4,19.18,22.47,3.29,18.14,22.2,0.990,1,1,33.6,0.10,30.40,29.8,0
1779285622133,664,UAS-01,536.7,19.03,22.10,3.07,18.07,22.0,0.990,1,1,31.0,0.04,30.01,21.4,1
1779285622167,665,UAS-02,481.3,18.99,22.33,3.35,18.91,22.0,0.989,1,1,31.0,0.21,30.40,30.1,0
1779285622200,666,GND-VEH-01,456.6,19.02,22.23,3.21,18.43,22.6,0.990,1,1,31.9,0.27,30.88,30.1,0
1779285622233,667,PERSON-01,787.9,19.29,22.30,3.02,18.02,21.2,0.983,1,1,33.6,0.04,30.34,30.0,0
1779285622267,668,UAS-01,490.4,19.10,22.03,2.93,17.57,20.2,0.990,1,1,31.0,0.21,30.84,23.8,1
1779285622300,669,UAS-02,545.8,19.27,22.33,3.06,18.45,21.4,0.990,1,1,32.1,0.33,30.74,30.1,0
1779285622333,670,GND-VEH-01,860.0,19.03,22.16,3.13,18.32,21.8,0.987,1,1,31.3,0.18,30.65,29.9,0
1779285622367,671,PERSON-01,661.4,18.82,21.81,2.99,18.17,20.5,0.990,1,1,31.4,0.19,30.78,30.1,0
1779285622400,672,UAS-01,689.9,18.93,21.79,2.86,17.84,23.2,0.990,1,1,31.0,0.11,30.25,21.3,1
1779285622433,673,UAS-02,358.6,19.08,22.16,3.08,17.50,22.7,0.990,1,1,33.2,0.43,30.78,30.1,0
1779285622467,674,GND-VEH-01,392.8,18.94,22.25,3.32,18.68,21.2,0.990,1,1,31.0,0.47,30.64,30.0,0
1779285622500,675,PERSON-01,402.6,19.16,22.25,3.09,18.22,22.4,0.990,1,1,33.7,0.34,30.58,30.0,0
1779285622533,676,UAS-01,361.0,18.70,21.74,3.04,17.67,21.9,0.961,1,1,34.4,0.18,30.54,30.0,0
1779285622567,677,UAS-02,783.1,18.92,21.84,2.92,18.42,21.0,0.990,1,1,33.2,0.14,30.89,29.9,0
1779285622600,678,GND-VEH-01,716.3,18.91,22.24,3.33,18.40,23.9,0.990,1,1,34.0,0.25,30.27,30.0,0
1779285622633,679,PERSON-01,378.8,18.91,22.35,3.44,18.30,22.3,0.990,1,1,32.5,0.22,30.67,29.9,0
1779285622667,680,UAS-01,612.0,19.00,22.02,3.02,18.06,21.1,0.990,1,1,32.4,0.40,30.78,30.1,0
1779285622700,681,UAS-02,496.1,18.94,22.32,3.38,18.14,23.2,0.990,1,1,31.0,0.22,30.58,29.9,0
1779285622733,682,GND-VEH-01,434.9,18.80,21.86,3.06,18.24,21.2,0.990,1,1,31.3,0.32,30.69,30.1,0
1779285622767,683,PERSON-01,752.8,18.85,21.82,2.96,18.28,22.9,0.990,1,1,32.2,0.32,30.65,30.0,0
1779285622800,684,UAS-01,413.5,18.88,22.25,3.37,17.87,21.9,0.990,1,1,31.2,0.47,30.55,30.0,0
1779285622833,685,UAS-02,697.0,18.90,21.82,2.93,17.61,21.2,0.980,1,1,31.0,0.06,30.19,30.0,0
1779285622867,686,GND-VEH-01,312.1,18.63,21.78,3.15,17.85,22.5,0.990,1,1,31.4,0.08,30.38,30.0,0
1779285622900,687,PERSON-01,376.1,18.88,22.26,3.38,18.06,22.7,0.990,1,1,32.1,0.33,30.97,19.7,1
1779285622933,688,UAS-01,611.1,18.98,22.01,3.03,18.17,21.8,0.990,1,1,31.0,0.21,30.64,30.0,0
1779285622967,689,UAS-02,525.3,19.21,22.35,3.14,18.48,22.2,0.990,1,1,31.0,0.45,31.05,30.0,0
1779285623000,690,GND-VEH-01,423.9,18.88,21.86,2.98,18.57,21.5,0.988,1,1,31.0,0.35,30.74,30.1,0
1779285623033,691,PERSON-01,557.6,19.01,22.31,3.30,18.56,20.5,0.990,1,1,34.1,0.07,30.61,30.0,0
1779285623067,692,UAS-01,607.2,18.79,21.94,3.16,18.10,22.9,0.990,1,1,32.6,0.00,30.36,30.1,0
1779285623100,693,UAS-02,416.9,19.14,22.09,2.95,18.33,21.1,0.990,1,1,33.4,0.35,30.48,29.9,0
1779285623133,694,GND-VEH-01,405.8,19.15,22.42,3.27,18.53,22.0,0.955,1,1,32.7,0.26,30.25,29.9,0
1779285623167,695,PERSON-01,856.7,18.94,22.05,3.11,18.79,21.5,0.990,1,1,31.1,0.26,30.71,30.0,0
1779285623200,696,UAS-01,553.6,18.85,21.90,3.05,17.29,24.3,0.988,1,1,31.0,0.22,30.77,30.0,0
1779285623233,697,UAS-02,316.6,19.13,22.43,3.29,18.88,23.0,0.990,1,1,31.0,0.20,30.68,30.0,0
1779285623267,698,GND-VEH-01,534.2,18.81,21.99,3.18,18.44,20.9,0.990,1,1,31.0,0.01,30.69,29.9,0
1779285623300,699,PERSON-01,305.3,18.90,22.56,3.66,19.29,21.4,0.990,1,1,32.2,0.02,30.50,29.8,0
1779285623333,700,UAS-01,791.2,18.91,21.89,2.98,18.56,20.8,0.990,1,1,31.3,0.06,30.75,30.0,0
1779285623367,701,UAS-02,744.1,18.95,21.75,2.80,17.74,22.8,0.990,1,1,31.0,0.23,30.86,23.5,1
1779285623400,702,GND-VEH-01,345.5,19.27,22.15,2.88,17.86,22.8,0.990,1,1,31.0,0.55,30.54,30.1,0
1779285623433,703,PERSON-01,356.9,19.09,22.46,3.36,18.63,20.8,0.990,1,1,31.0,0.19,30.52,30.0,0
1779285623467,704,UAS-01,541.6,18.83,22.15,3.32,18.97,22.0,0.990,1,1,31.0,0.25,30.78,30.0,0
1779285623500,705,UAS-02,735.3,18.83,21.93,3.10,17.66,23.4,0.987,1,1,32.1,0.23,30.77,29.9,0
1779285623533,706,GND-VEH-01,563.7,19.00,22.19,3.18,17.35,22.5,0.990,1,1,31.0,0.23,31.09,29.8,0
1779285623567,707,PERSON-01,316.9,18.95,22.06,3.11,18.13,22.0,0.990,1,1,31.0,0.07,31.02,30.0,0
1779285623600,708,UAS-01,406.5,19.08,22.25,3.16,18.16,20.9,0.975,1,1,33.2,0.07,30.85,30.1,0
1779285623633,709,UAS-02,416.0,18.81,21.76,2.95,18.19,21.6,0.990,1,1,31.0,0.49,30.49,30.0,0
1779285623667,710,GND-VEH-01,359.6,19.05,21.95,2.90,18.02,22.0,0.988,1,1,31.0,0.23,31.00,30.1,0
1779285623700,711,PERSON-01,436.8,19.11,22.06,2.95,17.79,21.9,0.990,1,1,31.0,0.05,30.58,30.1,0
1779285623733,712,UAS-01,374.5,19.02,22.26,3.24,17.59,22.7,0.990,1,1,31.0,0.15,30.89,30.1,0
1779285623767,713,UAS-02,642.5,18.87,21.95,3.08,18.03,23.5,0.973,1,1,31.0,0.06,30.89,29.9,0
1779285623800,714,GND-VEH-01,455.6,18.79,21.90,3.11,18.91,20.4,0.972,1,1,31.0,0.13,30.66,29.9,0
1779285623833,715,PERSON-01,483.9,18.96,21.99,3.03,17.45,22.1,0.990,1,1,31.9,0.08,30.82,30.0,0
1779285623867,716,UAS-01,674.6,18.80,22.05,3.25,18.11,22.9,0.984,1,1,31.0,0.31,30.54,30.1,0
1779285623900,717,UAS-02,437.8,19.19,22.41,3.22,19.39,21.8,0.990,1,1,31.0,0.01,30.94,30.0,0
1779285623933,718,GND-VEH-01,595.5,19.05,22.51,3.47,18.33,23.2,0.990,1,1,31.0,0.37,30.97,30.1,0
1779285623967,719,PERSON-01,679.4,18.95,22.00,3.05,17.71,22.2,0.990,1,1,34.4,0.27,30.50,30.0,0
1779285624000,720,UAS-01,809.6,18.83,22.05,3.22,18.55,20.0,0.979,1,1,32.2,0.21,31.14,30.1,0
1779285624033,721,UAS-02,496.5,19.06,22.35,3.29,18.94,22.7,0.990,1,1,31.0,0.30,30.66,29.9,0
1779285624067,722,GND-VEH-01,335.7,19.17,22.46,3.29,17.99,21.6,0.990,1,1,34.9,0.28,30.87,30.0,0
1779285624100,723,PERSON-01,408.0,19.42,22.44,3.02,17.33,21.4,0.990,1,1,31.0,0.61,31.11,21.0,1
1779285624133,724,UAS-01,308.1,18.87,22.47,3.60,18.65,21.5,0.990,1,1,33.2,0.18,30.50,23.0,1
1779285624167,725,UAS-02,424.9,18.83,21.80,2.97,17.90,21.3,0.990,1,1,31.0,0.31,30.64,30.0,0
1779285624200,726,GND-VEH-01,632.4,18.96,22.04,3.08,18.53,21.8,0.975,1,1,34.6,0.25,30.88,30.0,0
1779285624233,727,PERSON-01,667.1,18.82,21.48,2.66,17.27,22.6,0.990,1,1,31.6,0.21,30.38,30.1,0
1779285624267,728,UAS-01,477.6,18.75,22.09,3.34,18.79,22.5,0.982,1,1,31.1,0.01,30.76,30.0,0
1779285624300,729,UAS-02,471.0,19.28,22.60,3.32,18.57,22.8,0.990,1,1,31.0,0.05,31.11,29.9,0
1779285624333,730,GND-VEH-01,769.6,18.86,21.70,2.84,17.57,22.4,0.990,1,1,31.0,0.11,31.20,30.0,0
1779285624367,731,PERSON-01,308.6,19.10,22.18,3.08,18.29,21.7,0.990,1,1,32.8,0.48,30.93,30.0,0
1779285624400,732,UAS-01,402.3,18.97,21.96,2.99,17.76,22.6,0.990,1,1,31.6,0.46,30.90,30.0,0
1779285624433,733,UAS-02,400.3,18.82,22.06,3.24,18.23,22.9,0.963,1,1,33.0,0.52,30.83,30.1,0
1779285624467,734,GND-VEH-01,718.2,18.96,22.06,3.10,18.01,23.1,0.990,1,1,31.0,0.03,31.03,30.0,0
1779285624500,735,PERSON-01,651.6,19.19,22.22,3.03,17.85,22.8,0.990,1,1,32.2,0.22,30.91,30.1,0
1779285624533,736,UAS-01,366.8,19.09,22.45,3.36,18.58,22.6,0.990,1,1,31.0,0.06,30.51,23.5,1
1779285624567,737,UAS-02,728.7,18.96,22.20,3.23,18.25,23.4,0.990,1,1,31.0,0.22,31.01,30.0,0
1779285624600,738,GND-VEH-01,501.1,19.13,22.36,3.22,18.37,22.2,0.990,1,1,31.7,0.39,30.63,30.0,0
1779285624633,739,PERSON-01,538.4,19.12,22.08,2.96,18.46,22.0,0.987,1,1,31.9,0.25,31.10,29.9,0
1779285624667,740,UAS-01,597.8,18.89,21.72,2.83,17.86,22.2,0.990,1,1,31.0,0.16,30.97,20.4,1
1779285624700,741,UAS-02,391.8,18.92,22.30,3.38,19.12,22.7,0.990,1,1,31.0,0.24,30.44,29.9,0
1779285624733,742,GND-VEH-01,407.9,19.10,22.25,3.15,18.22,23.3,0.990,1,1,32.4,0.00,30.94,30.0,0
1779285624767,743,PERSON-01,533.6,19.08,22.07,2.99,17.67,21.7,0.990,1,1,34.7,0.24,30.98,30.1,0
1779285624800,744,UAS-01,381.4,19.12,22.13,3.02,18.55,22.1,0.990,1,1,33.4,0.16,30.80,30.1,0
1779285624833,745,UAS-02,426.0,18.92,22.29,3.36,18.60,22.7,0.989,1,1,31.0,0.27,31.08,30.1,0
1779285624867,746,GND-VEH-01,381.7,18.80,22.19,3.39,18.30,23.5,0.984,1,1,31.2,0.20,30.58,30.0,0
1779285624900,747,PERSON-01,700.7,19.07,21.98,2.91,17.40,21.1,0.990,1,1,31.0,0.02,30.84,30.0,0
1779285624933,748,UAS-01,400.4,19.09,21.85,2.76,18.21,21.4,0.990,1,1,31.0,0.03,30.84,30.1,0
1779285624967,749,UAS-02,485.2,19.04,22.10,3.05,17.89,21.9,0.990,1,1,31.6,0.09,31.06,30.0,0
1779285625000,750,GND-VEH-01,590.4,18.84,22.18,3.34,18.41,21.4,0.990,1,1,33.1,0.10,30.78,30.2,0
1779285625033,751,PERSON-01,488.2,19.04,22.15,3.11,17.93,22.2,0.990,1,1,31.0,0.13,30.84,29.9,0
1779285625067,752,UAS-01,408.7,19.16,22.69,3.52,18.65,22.6,0.990,1,1,31.0,0.44,30.89,29.8,0
1779285625100,753,UAS-02,375.5,19.05,22.24,3.19,18.10,22.3,0.982,1,1,31.2,0.46,31.20,30.0,0
1779285625133,754,GND-VEH-01,859.2,19.13,22.12,3.00,17.82,21.8,0.990,1,1,31.0,0.05,31.22,30.0,0
1779285625167,755,PERSON-01,560.6,19.15,22.07,2.93,17.93,22.5,0.990,1,1,31.7,0.51,31.36,30.1,0
1779285625200,756,UAS-01,579.9,19.11,22.22,3.11,18.01,22.1,0.979,1,1,31.4,0.25,31.13,30.0,0
1779285625233,757,UAS-02,477.1,18.78,21.97,3.19,18.88,22.6,0.990,1,1,34.6,0.23,30.72,29.9,0
1779285625267,758,GND-VEH-01,777.5,18.91,21.75,2.85,17.56,23.1,0.966,1,1,31.0,0.01,31.37,30.1,0
1779285625300,759,PERSON-01,348.9,18.88,21.97,3.09,17.31,23.1,0.977,1,1,31.0,0.13,30.92,29.9,0
1779285625333,760,UAS-01,848.1,19.00,22.09,3.10,18.36,21.7,0.990,1,1,31.0,0.09,30.98,30.1,0
1779285625367,761,UAS-02,324.1,18.91,22.08,3.17,18.59,21.8,0.990,1,1,32.2,0.29,30.76,30.1,0
1779285625400,762,GND-VEH-01,417.8,19.13,22.63,3.50,18.55,22.5,0.990,1,1,31.4,0.15,31.23,29.9,0
1779285625433,763,PERSON-01,660.1,18.95,22.16,3.21,18.62,23.1,0.990,1,1,33.1,0.15,31.35,29.8,0
1779285625467,764,UAS-01,466.9,19.16,22.48,3.31,18.29,22.6,0.970,1,1,31.5,0.49,31.04,29.9,0
1779285625500,765,UAS-02,378.9,18.78,21.74,2.96,18.65,21.9,0.990,1,1,31.9,0.02,30.54,29.8,0
1779285625533,766,GND-VEH-01,309.6,19.00,22.21,3.21,18.22,21.5,0.990,1,1,32.2,0.41,31.14,29.9,0
1779285625567,767,PERSON-01,461.3,18.98,22.26,3.28,18.06,23.1,0.990,1,1,31.0,0.30,31.18,30.0,0
1779285625600,768,UAS-01,906.7,19.04,21.98,2.94,18.37,21.3,0.990,1,1,31.0,0.30,31.33,30.2,0
1779285625633,769,UAS-02,341.0,19.13,21.98,2.85,18.55,21.9,0.990,1,1,31.6,0.22,31.30,21.8,1
1779285625667,770,GND-VEH-01,530.4,19.25,22.42,3.16,18.64,20.8,0.977,1,1,33.5,0.19,30.92,23.6,1
1779285625700,771,PERSON-01,543.7,18.73,21.79,3.06,17.17,23.2,0.990,1,1,31.7,0.08,31.08,30.0,0
1779285625733,772,UAS-01,370.0,19.09,22.46,3.36,18.03,22.5,0.965,1,1,31.0,0.06,31.17,30.1,0
1779285625767,773,UAS-02,323.3,19.14,22.27,3.13,18.32,22.3,0.990,1,1,33.4,0.21,30.89,30.0,0
1779285625800,774,GND-VEH-01,526.5,19.06,22.34,3.28,17.71,22.7,0.990,1,1,34.7,0.29,30.76,30.1,0
1779285625833,775,PERSON-01,303.5,19.05,22.27,3.22,18.38,22.5,0.990,1,1,31.8,0.43,30.94,30.1,0
1779285625867,776,UAS-01,324.6,19.01,22.33,3.32,19.30,22.7,0.990,1,1,32.0,0.28,31.44,30.1,0
1779285625900,777,UAS-02,618.0,18.92,22.34,3.42,18.53,22.9,0.990,1,1,34.1,0.13,30.86,29.9,0
1779285625933,778,GND-VEH-01,405.2,19.07,22.48,3.40,18.98,22.8,0.989,1,1,31.0,0.31,31.14,29.9,0
1779285625967,779,PERSON-01,366.2,18.84,21.79,2.95,18.49,20.4,0.990,1,1,31.7,0.02,31.07,29.9,0
1779285626000,780,UAS-01,692.0,18.78,21.95,3.17,17.96,22.4,0.990,1,1,31.0,0.48,30.87,29.9,0
1779285626033,781,UAS-02,443.5,18.96,22.31,3.36,19.02,22.0,0.990,1,1,34.6,0.02,31.12,30.1,0
1779285626067,782,GND-VEH-01,599.4,18.93,22.14,3.21,18.17,21.0,0.990,1,1,33.3,0.30,31.16,30.0,0
1779285626100,783,PERSON-01,853.5,18.94,22.08,3.14,18.31,21.7,0.986,1,1,31.7,0.18,31.18,30.1,0
1779285626133,784,UAS-01,366.9,19.00,22.41,3.41,18.01,21.5,0.990,1,1,31.0,0.08,31.47,29.9,0
1779285626167,785,UAS-02,651.7,19.05,22.02,2.97,17.61,22.4,0.990,1,1,31.0,0.25,31.00,30.1,0
1779285626200,786,GND-VEH-01,590.2,19.23,22.27,3.04,17.90,22.6,0.990,1,1,32.7,0.20,31.17,19.3,1
1779285626233,787,PERSON-01,677.9,19.04,22.34,3.31,17.77,23.7,0.983,1,1,31.0,0.32,31.07,30.2,0
1779285626267,788,UAS-01,475.9,19.07,22.22,3.15,18.12,21.2,0.990,1,1,31.2,0.30,31.05,30.0,0
1779285626300,789,UAS-02,306.8,19.00,22.32,3.33,18.84,23.3,0.990,1,1,31.0,0.41,31.06,29.9,0
1779285626333,790,GND-VEH-01,683.6,19.15,22.38,3.23,18.17,21.0,0.990,1,1,31.0,0.12,30.92,20.7,1
1779285626367,791,PERSON-01,429.3,19.06,21.94,2.88,18.17,22.2,0.990,1,1,31.3,0.03,30.78,30.0,0
1779285626400,792,UAS-01,489.9,18.86,22.24,3.39,18.87,21.6,0.989,1,1,32.8,0.28,31.27,30.0,0
1779285626433,793,UAS-02,602.2,19.12,22.53,3.41,17.86,21.9,0.971,1,1,31.0,0.10,31.01,30.0,0
1779285626467,794,GND-VEH-01,389.1,19.13,22.46,3.33,18.26,20.3,0.972,1,1,31.0,0.24,31.13,29.9,0
1779285626500,795,PERSON-01,342.9,19.10,22.56,3.46,18.64,22.7,0.990,1,1,32.2,0.19,31.29,29.9,0
1779285626533,796,UAS-01,746.0,19.15,22.31,3.16,17.59,22.2,0.990,1,1,31.0,0.18,30.87,29.9,0
1779285626567,797,UAS-02,534.5,18.86,21.94,3.09,17.80,20.2,0.990,1,1,32.7,0.12,31.33,30.0,0
1779285626600,798,GND-VEH-01,632.9,19.21,22.19,2.99,17.41,23.3,0.990,1,1,32.6,0.36,31.02,29.9,0
1779285626633,799,PERSON-01,379.7,19.16,22.66,3.50,18.32,23.4,0.969,1,1,32.3,0.05,31.52,29.9,0
1779285626667,800,UAS-01,805.3,18.98,21.78,2.80,17.17,23.5,0.990,1,1,31.0,0.53,31.10,30.1,0
1779285626700,801,UAS-02,581.6,19.12,22.27,3.15,18.38,21.7,0.990,1,1,31.0,0.06,31.26,29.9,0
1779285626733,802,GND-VEH-01,349.7,19.24,22.44,3.20,17.87,22.8,0.990,1,1,32.3,0.01,30.45,30.1,0
1779285626767,803,PERSON-01,500.4,19.14,22.53,3.38,18.96,21.4,0.982,1,1,31.2,0.38,31.49,30.1,0
1779285626800,804,UAS-01,345.1,19.14,22.13,2.99,18.73,20.6,0.990,1,1,31.1,0.11,31.54,30.1,0
1779285626833,805,UAS-02,406.3,18.91,22.20,3.29,18.73,22.9,0.989,1,1,31.0,0.18,30.81,30.1,0
1779285626867,806,GND-VEH-01,622.3,19.16,22.55,3.39,18.79,22.9,0.990,1,1,32.0,0.39,31.11,30.0,0
1779285626900,807,PERSON-01,753.5,18.80,22.09,3.29,18.24,22.4,0.990,1,1,31.0,0.23,31.15,29.9,0
1779285626933,808,UAS-01,466.8,19.04,22.43,3.39,18.18,22.4,0.987,1,1,31.0,0.47,31.14,30.0,0
1779285626967,809,UAS-02,420.1,19.11,22.38,3.27,18.40,21.6,0.990,1,1,32.6,0.29,31.27,30.1,0
1779285627000,810,GND-VEH-01,346.0,18.91,22.05,3.15,19.05,22.3,0.989,1,1,31.0,0.08,31.30,30.1,0
1779285627033,811,PERSON-01,342.3,18.99,22.25,3.25,18.38,21.9,0.990,1,1,32.2,0.17,31.75,30.2,0
1779285627067,812,UAS-01,554.4,19.04,22.22,3.18,18.62,21.4,0.990,1,1,32.1,0.13,31.20,30.1,0
1779285627100,813,UAS-02,309.0,18.81,22.03,3.22,19.12,21.9,0.984,1,1,31.0,0.20,30.87,30.0,0
1779285627133,814,GND-VEH-01,543.6,18.85,22.08,3.23,17.98,22.8,0.990,1,1,31.0,0.10,31.12,29.9,0
1779285627167,815,PERSON-01,477.5,19.16,22.24,3.08,17.66,21.9,0.990,1,1,31.0,0.13,31.65,29.9,0
1779285627200,816,UAS-01,354.9,19.14,22.19,3.05,18.25,23.5,0.990,1,1,33.0,0.03,31.46,21.7,1
1779285627233,817,UAS-02,569.4,19.00,21.84,2.84,18.72,21.8,0.990,1,1,31.3,0.12,31.33,19.7,1
1779285627267,818,GND-VEH-01,404.7,18.87,21.76,2.89,17.87,22.0,0.990,1,1,31.0,0.28,30.84,30.0,0
1779285627300,819,PERSON-01,440.0,18.78,22.14,3.35,18.28,22.1,0.990,1,1,31.1,0.37,30.96,30.1,0
1779285627333,820,UAS-01,743.6,18.80,21.61,2.81,17.79,23.8,0.990,1,1,31.8,0.04,31.15,22.4,1
1779285627367,821,UAS-02,590.6,18.71,21.86,3.15,17.92,22.1,0.978,1,1,32.0,0.28,31.16,30.2,0
1779285627400,822,GND-VEH-01,374.1,18.81,21.85,3.04,18.02,21.9,0.983,1,1,31.0,0.60,31.15,30.1,0
1779285627433,823,PERSON-01,465.1,18.90,21.75,2.85,18.49,21.8,0.990,1,1,31.0,0.05,31.54,30.1,0
1779285627467,824,UAS-01,687.4,18.81,21.85,3.04,17.53,21.2,0.984,1,1,32.1,0.07,31.24,30.1,0
1779285627500,825,UAS-02,348.6,18.91,22.24,3.33,18.00,23.1,0.990,1,1,31.0,0.09,31.05,30.0,0
1779285627533,826,GND-VEH-01,401.2,18.98,21.88,2.90,17.49,21.3,0.977,1,1,31.0,0.24,31.64,30.0,0
1779285627567,827,PERSON-01,463.6,19.19,22.31,3.12,18.53,21.3,0.990,1,1,35.0,0.07,31.32,30.0,0
1779285627600,828,UAS-01,436.7,18.93,21.92,2.99,17.65,22.8,0.990,1,1,31.0,0.02,30.88,29.9,0
1779285627633,829,UAS-02,356.3,18.71,22.17,3.46,18.33,22.8,0.990,1,1,32.6,0.12,31.57,30.1,0
1779285627667,830,GND-VEH-01,495.6,19.16,22.21,3.05,18.54,22.4,0.988,1,1,31.0,0.08,31.19,30.1,0
1779285627700,831,PERSON-01,444.5,18.82,21.87,3.04,17.57,23.5,0.988,1,1,31.0,0.18,31.10,30.0,0
1779285627733,832,UAS-01,617.1,18.96,22.02,3.07,18.85,21.1,0.990,1,1,31.0,0.12,31.50,30.0,0
1779285627767,833,UAS-02,377.0,19.26,22.25,2.99,18.15,22.0,0.990,1,1,31.0,0.64,31.46,30.0,0
1779285627800,834,GND-VEH-01,427.5,19.25,22.50,3.25,17.53,24.2,0.990,1,1,31.2,0.31,31.51,29.8,0
1779285627833,835,PERSON-01,303.9,18.95,22.29,3.34,18.81,21.0,0.965,1,1,32.5,0.06,31.21,29.9,0
1779285627867,836,UAS-01,384.9,19.14,22.44,3.30,18.45,22.8,0.970,1,1,31.0,0.05,31.36,30.0,0
1779285627900,837,UAS-02,579.2,18.87,21.80,2.94,17.49,21.5,0.984,1,1,32.1,0.03,31.20,30.0,0
1779285627933,838,GND-VEH-01,366.7,18.91,22.10,3.20,18.77,21.6,0.982,1,1,33.2,0.39,30.76,30.0,0
1779285627967,839,PERSON-01,366.7,18.93,22.02,3.09,18.29,22.1,0.990,1,1,31.9,0.34,31.23,30.1,0
1779285628000,840,UAS-01,784.8,19.17,22.71,3.54,18.63,23.3,0.990,1,1,31.0,0.37,31.30,30.1,0
1779285628033,841,UAS-02,743.5,19.01,22.11,3.10,18.53,20.9,0.990,1,1,31.0,0.05,31.19,29.9,0
1779285628067,842,GND-VEH-01,502.7,19.13,22.30,3.17,18.62,21.4,0.990,1,1,31.8,0.54,31.58,30.0,0
1779285628100,843,PERSON-01,716.2,19.12,21.84,2.72,17.95,22.3,0.990,1,1,31.0,0.24,31.56,29.9,0
1779285628133,844,UAS-01,374.7,18.93,22.26,3.33,18.56,22.0,0.984,1,1,31.5,0.34,31.25,29.9,0
1779285628167,845,UAS-02,454.2,19.01,22.09,3.08,18.25,23.0,0.985,1,1,31.6,0.17,31.32,29.9,0
1779285628200,846,GND-VEH-01,342.7,19.24,22.57,3.33,18.65,22.2,0.990,1,1,31.0,0.07,31.31,30.0,0
1779285628233,847,PERSON-01,523.2,18.79,22.20,3.41,18.90,21.6,0.971,1,1,31.0,0.24,31.04,30.1,0
1779285628267,848,UAS-01,426.1,18.87,21.96,3.08,18.23,22.8,0.990,1,1,33.6,0.38,31.15,29.9,0
1779285628300,849,UAS-02,415.3,19.24,22.31,3.06,18.00,21.1,0.990,1,1,31.0,0.05,31.10,30.0,0
1779285628333,850,GND-VEH-01,859.3,18.73,21.96,3.23,17.91,23.7,0.990,1,1,31.0,0.39,31.06,29.9,0
1779285628367,851,PERSON-01,453.9,18.94,21.85,2.91,17.43,22.0,0.990,1,1,31.0,0.26,31.27,30.0,0
1779285628400,852,UAS-01,498.9,19.16,22.12,2.96,17.51,23.5,0.990,1,1,31.1,0.67,31.76,29.9,0
1779285628433,853,UAS-02,424.4,19.09,22.32,3.23,18.95,21.1,0.990,1,1,31.0,0.22,31.39,30.2,0
1779285628467,854,GND-VEH-01,544.8,19.24,22.31,3.07,18.46,21.8,0.990,1,1,32.9,0.03,31.19,30.0,0
1779285628500,855,PERSON-01,633.5,19.01,22.00,3.00,18.02,22.6,0.990,1,1,31.8,0.15,31.19,29.9,0
1779285628533,856,UAS-01,434.6,19.02,22.47,3.45,19.56,21.7,0.970,1,1,31.0,0.30,31.41,20.5,1
1779285628567,857,UAS-02,526.2,19.10,21.86,2.75,17.94,22.8,0.990,1,1,31.4,0.15,31.47,29.9,0
1779285628600,858,GND-VEH-01,565.3,19.13,22.60,3.47,18.75,22.6,0.974,1,1,31.0,0.49,31.14,30.1,0
1779285628633,859,PERSON-01,376.2,18.81,22.19,3.38,19.47,21.5,0.990,1,1,31.0,0.29,31.58,30.0,0
1779285628667,860,UAS-01,716.5,18.91,21.72,2.81,18.17,22.1,0.990,1,1,31.1,0.24,31.23,30.1,0
1779285628700,861,UAS-02,443.1,19.34,22.45,3.12,18.19,22.4,0.976,1,1,33.5,0.28,31.09,30.0,0
1779285628733,862,GND-VEH-01,303.7,18.93,22.26,3.34,18.50,20.5,0.982,1,1,32.3,0.48,31.04,30.0,0
1779285628767,863,PERSON-01,546.3,19.09,22.12,3.03,18.58,22.2,0.990,1,1,33.8,0.17,31.05,30.0,0
1779285628800,864,UAS-01,304.8,19.22,22.43,3.21,18.82,19.8,0.990,1,1,32.6,0.15,31.82,22.6,1
1779285628833,865,UAS-02,367.5,19.02,22.26,3.24,18.48,21.0,0.990,1,1,32.7,0.19,31.10,22.4,1
1779285628867,866,GND-VEH-01,485.8,19.16,22.12,2.96,17.99,22.4,0.990,1,1,32.5,0.30,31.59,30.2,0
1779285628900,867,PERSON-01,585.4,19.10,22.50,3.40,17.93,21.6,0.990,1,1,31.0,0.47,31.45,21.1,1
1779285628933,868,UAS-01,344.2,19.08,22.44,3.36,19.09,21.2,0.987,1,1,31.0,0.13,31.32,21.9,1
1779285628967,869,UAS-02,446.6,19.07,22.01,2.94,17.92,22.4,0.977,1,1,34.2,0.10,31.30,30.1,0
1779285629000,870,GND-VEH-01,321.9,18.91,22.09,3.18,18.14,22.5,0.990,1,1,31.0,0.06,31.58,29.8,0
1779285629033,871,PERSON-01,365.5,18.98,22.26,3.28,19.28,23.2,0.990,1,1,33.2,0.25,31.50,30.1,0
1779285629067,872,UAS-01,694.6,18.88,21.95,3.07,18.42,21.9,0.990,1,1,31.0,0.11,31.63,30.0,0
1779285629100,873,UAS-02,372.3,18.94,22.13,3.19,17.98,20.0,0.990,1,1,34.4,0.36,31.09,30.0,0
1779285629133,874,GND-VEH-01,698.7,18.88,21.61,2.73,17.96,21.1,0.990,1,1,31.4,0.54,31.21,29.9,0
1779285629167,875,PERSON-01,594.9,19.00,21.99,3.00,17.96,23.3,0.977,1,1,31.0,0.03,31.62,30.1,0
1779285629200,876,UAS-01,477.1,19.11,22.38,3.27,18.62,21.7,0.990,1,1,31.5,0.17,31.50,29.9,0
1779285629233,877,UAS-02,366.8,18.96,22.17,3.21,18.36,22.2,0.990,1,1,31.0,0.51,31.10,30.2,0
1779285629267,878,GND-VEH-01,449.7,19.16,22.39,3.23,19.22,21.9,0.988,1,1,33.3,0.25,31.38,30.0,0
1779285629300,879,PERSON-01,648.0,19.15,22.14,2.99,18.35,20.5,0.990,1,1,35.0,0.50,31.60,30.1,0
1779285629333,880,UAS-01,677.9,18.72,21.46,2.74,17.68,21.4,0.990,1,1,31.0,0.29,31.64,30.0,0
1779285629367,881,UAS-02,393.4,19.11,22.33,3.22,18.79,22.0,0.990,1,1,33.5,0.39,31.72,30.1,0
1779285629400,882,GND-VEH-01,535.0,18.91,21.91,3.00,17.83,21.0,0.990,1,1,31.2,0.55,31.77,29.9,0
1779285629433,883,PERSON-01,546.6,19.20,22.08,2.88,17.90,21.2,0.990,1,1,31.9,0.09,31.38,30.0,0
1779285629467,884,UAS-01,459.6,19.15,22.24,3.09,18.52,22.7,0.990,1,1,31.5,0.08,31.14,30.0,0
1779285629500,885,UAS-02,465.2,19.08,22.11,3.04,18.29,20.9,0.990,1,1,33.7,0.33,31.79,29.9,0
1779285629533,886,GND-VEH-01,539.5,18.80,21.97,3.18,18.25,19.9,0.990,1,1,32.3,0.06,31.46,30.1,0
1779285629567,887,PERSON-01,444.3,18.90,22.19,3.30,18.20,23.9,0.977,1,1,31.0,0.20,31.71,30.1,0
1779285629600,888,UAS-01,450.5,19.19,22.21,3.02,18.07,21.7,0.990,1,1,31.0,0.23,31.54,30.0,0
1779285629633,889,UAS-02,566.1,19.15,22.21,3.06,17.77,22.1,0.990,1,1,31.6,0.07,31.54,29.9,0
1779285629667,890,GND-VEH-01,645.2,18.88,22.37,3.49,18.64,22.5,0.990,1,1,32.1,0.10,31.36,30.1,0
1779285629700,891,PERSON-01,400.5,19.13,22.39,3.26,19.06,22.9,0.990,1,1,32.8,0.03,30.97,29.9,0
1779285629733,892,UAS-01,491.0,18.90,21.86,2.96,18.02,21.5,0.990,1,1,31.0,0.51,31.29,29.9,0
1779285629767,893,UAS-02,536.2,18.92,22.03,3.11,18.17,21.1,0.985,1,1,31.0,0.02,31.72,30.2,0
1779285629800,894,GND-VEH-01,436.9,18.99,22.27,3.28,19.28,21.5,0.990,1,1,31.0,0.02,31.04,29.8,0
1779285629833,895,PERSON-01,689.8,18.95,22.11,3.16,18.14,24.5,0.986,1,1,31.0,0.33,31.13,30.0,0
1779285629867,896,UAS-01,532.3,19.13,22.07,2.94,17.42,22.2,0.990,1,1,31.0,0.19,31.03,19.6,1
1779285629900,897,UAS-02,617.5,18.94,21.91,2.97,18.26,22.7,0.978,1,1,31.5,0.24,31.48,30.1,0
1779285629933,898,GND-VEH-01,305.7,19.17,22.53,3.36,19.10,22.5,0.990,1,1,31.0,0.02,31.47,30.0,0
1779285629967,899,PERSON-01,636.8,19.22,22.38,3.17,18.58,21.6,0.990,1,1,31.0,0.05,31.32,30.0,0
1779285630000,900,UAS-01,431.0,18.96,22.13,3.18,17.99,20.7,0.990,1,1,31.0,0.26,31.18,29.9,0
1779285630033,901,UAS-02,645.8,18.92,21.97,3.05,17.72,21.2,0.990,1,1,31.0,0.51,31.46,29.8,0
1779285630067,902,GND-VEH-01,915.3,19.01,21.50,2.49,17.04,21.5,0.990,1,1,31.0,0.08,31.69,30.0,0
1779285630100,903,PERSON-01,516.6,18.90,22.32,3.42,18.57,22.0,0.963,1,1,31.0,0.20,31.48,30.1,0
1779285630133,904,UAS-01,369.4,19.03,22.41,3.38,18.80,21.2,0.990,1,1,31.0,0.12,31.53,30.0,0
1779285630167,905,UAS-02,538.7,19.10,22.33,3.23,18.21,22.0,0.990,1,1,31.6,0.32,31.39,30.1,0
1779285630200,906,GND-VEH-01,357.6,18.92,21.97,3.05,18.28,22.1,0.990,1,1,31.0,0.49,32.07,30.0,0
1779285630233,907,PERSON-01,1058.9,18.96,21.90,2.94,17.77,21.6,0.990,1,1,32.3,0.09,31.64,29.9,0
1779285630267,908,UAS-01,330.9,19.23,22.32,3.09,18.56,21.7,0.985,1,1,33.0,0.44,31.78,30.0,0
1779285630300,909,UAS-02,560.8,19.10,22.29,3.18,18.20,22.9,0.990,1,1,31.0,0.03,31.67,19.8,1
1779285630333,910,GND-VEH-01,583.2,18.87,22.30,3.43,18.36,22.9,0.990,1,1,31.0,0.36,31.25,30.1,0
1779285630367,911,PERSON-01,422.7,19.04,22.47,3.43,18.47,21.3,0.982,1,1,32.8,0.18,31.27,30.1,0
1779285630400,912,UAS-01,751.4,18.88,22.03,3.15,18.50,22.5,0.990,1,1,31.0,0.05,31.50,21.6,1
1779285630433,913,UAS-02,329.7,19.07,22.43,3.36,18.81,21.9,0.990,1,1,31.0,0.30,31.22,30.2,0
1779285630467,914,GND-VEH-01,862.4,18.71,21.83,3.12,17.46,21.9,0.983,1,1,31.4,0.22,31.36,29.8,0
1779285630500,915,PERSON-01,346.8,18.92,22.21,3.29,18.28,21.6,0.990,1,1,31.0,0.04,31.77,29.9,0
1779285630533,916,UAS-01,439.0,18.85,22.08,3.24,19.14,22.0,0.990,1,1,31.0,0.04,31.87,30.0,0
1779285630567,917,UAS-02,335.9,18.99,22.50,3.51,18.89,21.6,0.990,1,1,31.7,0.08,31.43,30.0,0
1779285630600,918,GND-VEH-01,628.4,18.64,21.87,3.23,18.74,22.3,0.990,1,1,31.0,0.08,31.72,30.1,0
1779285630633,919,PERSON-01,478.9,19.15,22.36,3.20,17.50,22.1,0.985,1,1,31.0,0.05,31.41,30.0,0
1779285630667,920,UAS-01,486.5,19.03,22.42,3.39,19.41,21.8,0.966,1,1,31.0,0.28,31.92,30.0,0
1779285630700,921,UAS-02,409.1,19.18,22.51,3.33,18.85,21.9,0.990,1,1,31.6,0.13,31.87,30.2,0
1779285630733,922,GND-VEH-01,412.5,19.03,21.93,2.90,18.05,23.6,0.990,1,1,31.5,0.08,31.82,30.1,0
1779285630767,923,PERSON-01,448.6,19.10,22.13,3.03,18.45,21.5,0.990,1,1,31.3,0.15,31.65,30.0,0
1779285630800,924,UAS-01,596.4,18.80,22.15,3.35,18.48,20.8,0.990,1,1,32.0,0.01,31.91,30.0,0
1779285630833,925,UAS-02,303.2,19.29,22.83,3.54,18.52,20.2,0.990,1,1,31.0,0.34,31.75,30.0,0
1779285630867,926,GND-VEH-01,572.5,18.70,21.75,3.06,18.19,23.0,0.988,1,1,31.1,0.18,31.82,29.9,0
1779285630900,927,PERSON-01,558.4,19.29,22.50,3.21,18.38,21.3,0.990,1,1,32.0,0.15,31.91,29.9,0
1779285630933,928,UAS-01,505.1,19.24,22.39,3.16,18.81,22.7,0.990,1,1,32.7,0.23,31.52,30.1,0
1779285630967,929,UAS-02,697.1,18.96,22.28,3.32,19.01,21.0,0.990,1,1,31.0,0.02,31.71,30.1,0
1779285631000,930,GND-VEH-01,648.4,19.12,22.53,3.42,18.35,23.3,0.990,1,1,31.0,0.11,31.53,30.0,0
1779285631033,931,PERSON-01,422.1,19.05,22.24,3.18,18.08,21.6,0.990,1,1,31.0,0.05,32.19,30.0,0
1779285631067,932,UAS-01,653.9,19.02,21.95,2.93,18.09,21.9,0.990,1,1,32.4,0.02,31.85,30.0,0
1779285631100,933,UAS-02,540.0,18.92,22.16,3.25,18.32,21.5,0.990,1,1,31.1,0.26,32.05,30.1,0
1779285631133,934,GND-VEH-01,971.6,19.01,21.97,2.96,17.67,23.5,0.990,1,1,31.0,0.39,31.89,29.9,0
1779285631167,935,PERSON-01,355.0,18.81,21.93,3.12,18.82,21.1,0.990,1,1,31.0,0.16,31.49,29.9,0
1779285631200,936,UAS-01,649.0,18.94,22.09,3.15,18.67,21.6,0.990,1,1,31.0,0.01,31.36,30.0,0
1779285631233,937,UAS-02,445.7,19.11,22.37,3.26,18.71,22.7,0.990,1,1,31.0,0.47,31.69,29.8,0
1779285631267,938,GND-VEH-01,587.0,19.05,22.17,3.12,17.69,21.8,0.990,1,1,31.0,0.09,31.77,29.8,0
1779285631300,939,PERSON-01,352.2,19.01,22.06,3.05,17.73,23.0,0.990,1,1,31.4,0.16,31.43,29.9,0
1779285631333,940,UAS-01,551.4,18.74,22.01,3.28,18.31,22.4,0.990,1,1,31.0,0.58,31.29,30.1,0
1779285631367,941,UAS-02,378.3,19.19,22.57,3.39,18.52,22.1,0.990,1,1,31.0,0.11,31.86,30.0,0
1779285631400,942,GND-VEH-01,571.7,19.14,22.48,3.34,18.55,22.2,0.990,1,1,31.0,0.19,31.74,30.2,0
1779285631433,943,PERSON-01,346.9,18.96,22.35,3.39,18.14,20.6,0.990,1,1,31.0,0.32,31.72,30.1,0
1779285631467,944,UAS-01,316.9,19.07,22.43,3.36,18.29,22.6,0.990,1,1,31.0,0.21,31.36,30.1,0
1779285631500,945,UAS-02,704.7,18.98,22.32,3.34,18.95,22.0,0.990,1,1,33.3,0.47,31.61,30.0,0
1779285631533,946,GND-VEH-01,528.3,18.83,21.85,3.02,17.90,24.2,0.986,1,1,31.0,0.33,32.27,30.0,0
1779285631567,947,PERSON-01,514.3,18.77,21.95,3.18,18.85,20.9,0.990,1,1,31.9,0.24,31.76,30.1,0
1779285631600,948,UAS-01,627.8,18.95,22.17,3.21,18.48,22.8,0.990,1,1,31.0,0.05,31.87,29.9,0
1779285631633,949,UAS-02,360.4,19.10,22.29,3.19,18.25,22.4,0.990,1,1,31.0,0.21,31.69,29.9,0
1779285631667,950,GND-VEH-01,597.4,18.95,21.81,2.86,18.43,22.5,0.982,1,1,31.0,0.36,31.94,30.0,0
1779285631700,951,PERSON-01,401.7,18.82,21.95,3.13,19.23,22.0,0.990,1,1,31.0,0.13,31.87,30.0,0
1779285631733,952,UAS-01,588.9,18.87,21.85,2.98,18.08,22.3,0.990,1,1,31.7,0.12,31.90,30.0,0
1779285631767,953,UAS-02,306.0,19.10,22.07,2.97,17.79,22.0,0.990,1,1,31.0,0.04,31.87,30.1,0
1779285631800,954,GND-VEH-01,325.4,19.05,22.52,3.46,19.29,22.5,0.990,1,1,32.0,0.02,31.64,21.6,1
1779285631833,955,PERSON-01,369.9,19.13,21.99,2.87,17.72,22.0,0.990,1,1,33.3,0.33,31.56,30.2,0
1779285631867,956,UAS-01,642.4,18.77,21.54,2.77,17.76,20.9,0.990,1,1,31.5,0.01,31.91,30.0,0
1779285631900,957,UAS-02,305.8,18.72,22.14,3.43,18.61,21.9,0.990,1,1,32.2,0.09,32.08,29.9,0
1779285631933,958,GND-VEH-01,778.1,18.94,22.14,3.20,19.25,21.0,0.990,1,1,31.0,0.09,31.58,30.0,0
1779285631967,959,PERSON-01,622.9,19.04,21.73,2.69,17.19,21.1,0.990,1,1,31.1,0.15,31.94,30.0,0
1779285632000,960,UAS-01,687.5,19.00,22.13,3.13,17.23,23.2,0.987,1,1,34.2,0.11,31.61,30.1,0
1779285632033,961,UAS-02,783.2,19.31,22.16,2.85,17.95,21.3,0.990,1,1,31.0,0.23,31.74,29.9,0
1779285632067,962,GND-VEH-01,597.1,19.05,21.87,2.81,18.34,21.0,0.975,1,1,31.0,0.07,31.89,30.0,0
1779285632100,963,PERSON-01,394.1,19.16,22.40,3.24,18.40,23.8,0.990,1,1,31.0,0.06,31.60,30.0,0
1779285632133,964,UAS-01,685.4,19.02,22.34,3.32,18.72,21.7,0.974,1,1,33.1,0.01,31.66,30.0,0
1779285632167,965,UAS-02,563.0,19.13,22.26,3.13,18.03,20.6,0.984,1,1,31.0,0.16,31.48,30.0,0
1779285632200,966,GND-VEH-01,305.8,19.01,22.41,3.40,18.61,21.6,0.990,1,1,31.0,0.11,31.91,30.0,0
1779285632233,967,PERSON-01,391.5,19.00,22.25,3.24,18.13,23.2,0.990,1,1,31.0,0.08,31.37,30.1,0
1779285632267,968,UAS-01,704.5,18.94,21.90,2.95,17.95,20.0,0.990,1,1,32.0,0.10,31.61,30.1,0
1779285632300,969,UAS-02,336.1,18.91,21.93,3.02,17.36,22.1,0.990,1,1,31.0,0.14,31.65,29.9,0
1779285632333,970,GND-VEH-01,707.8,19.11,22.46,3.35,18.66,22.5,0.990,1,1,31.0,0.34,31.67,29.9,0
1779285632367,971,PERSON-01,474.3,19.13,22.23,3.10,18.19,22.3,0.990,1,1,31.0,0.50,31.49,30.0,0
1779285632400,972,UAS-01,616.8,19.17,22.08,2.91,18.20,21.7,0.990,1,1,31.0,0.10,32.07,29.9,0
1779285632433,973,UAS-02,511.9,18.94,22.00,3.06,17.77,21.0,0.990,1,1,33.6,0.30,31.73,30.0,0
1779285632467,974,GND-VEH-01,1053.9,18.96,21.85,2.89,18.26,22.9,0.967,1,1,32.1,0.39,31.66,30.0,0
1779285632500,975,PERSON-01,566.1,19.06,21.95,2.89,17.97,21.4,0.990,1,1,31.0,0.26,31.63,30.2,0
1779285632533,976,UAS-01,839.0,19.17,21.78,2.61,17.40,22.3,0.990,1,1,31.0,0.11,31.63,30.0,0
1779285632567,977,UAS-02,1029.5,18.96,21.72,2.76,18.37,21.6,0.989,1,1,34.4,0.03,31.82,30.0,0
1779285632600,978,GND-VEH-01,378.6,18.98,22.26,3.29,18.04,22.0,0.990,1,1,31.0,0.16,32.07,30.0,0
1779285632633,979,PERSON-01,545.9,19.14,22.31,3.17,18.25,22.8,0.990,1,1,31.0,0.11,31.90,30.1,0
1779285632667,980,UAS-01,451.3,19.07,22.06,2.99,18.31,21.5,0.990,1,1,31.2,0.10,31.79,30.1,0
1779285632700,981,UAS-02,660.9,18.81,21.89,3.08,18.07,21.7,0.990,1,1,31.0,0.41,31.76,30.2,0
1779285632733,982,GND-VEH-01,471.3,19.05,22.16,3.11,17.38,22.0,0.990,1,1,31.3,0.05,31.86,30.0,0
1779285632767,983,PERSON-01,1029.3,18.90,21.53,2.63,17.15,22.2,0.990,1,1,31.8,0.05,31.67,30.0,0
1779285632800,984,UAS-01,627.7,19.26,22.56,3.30,18.33,23.4,0.990,1,1,31.0,0.22,31.81,21.5,1
1779285632833,985,UAS-02,402.3,19.05,22.04,2.99,17.58,21.4,0.990,1,1,31.7,0.24,31.99,29.9,0
1779285632867,986,GND-VEH-01,639.8,19.00,22.00,3.00,17.91,23.0,0.988,1,1,31.0,0.17,31.92,30.2,0
1779285632900,987,PERSON-01,710.2,18.91,21.98,3.06,18.59,21.4,0.983,1,1,32.7,0.22,31.68,30.0,0
1779285632933,988,UAS-01,537.1,18.71,21.83,3.13,18.59,21.7,0.990,1,1,32.1,0.27,31.69,30.1,0
1779285632967,989,UAS-02,530.5,18.99,22.13,3.14,18.77,21.4,0.990,1,1,33.4,0.19,31.64,30.0,0
1779285633000,990,GND-VEH-01,359.4,18.71,22.05,3.33,19.50,20.9,0.990,1,1,34.3,0.33,32.23,30.0,0
1779285633033,991,PERSON-01,395.9,19.04,22.32,3.28,17.74,23.2,0.990,1,1,31.0,0.05,31.75,29.9,0
1779285633067,992,UAS-01,476.5,18.88,22.30,3.42,18.51,21.8,0.989,1,1,33.5,0.02,31.75,29.8,0
1779285633100,993,UAS-02,429.5,18.98,22.07,3.09,18.33,23.5,0.990,1,1,31.1,0.25,31.69,30.0,0
1779285633133,994,GND-VEH-01,503.4,19.21,22.38,3.16,18.15,22.0,0.990,1,1,31.0,0.45,31.49,30.1,0
1779285633167,995,PERSON-01,351.2,18.98,21.95,2.97,17.37,22.3,0.990,1,1,31.0,0.04,31.53,29.8,0
1779285633200,996,UAS-01,503.4,18.94,22.39,3.45,19.03,22.8,0.986,1,1,31.1,0.26,31.82,29.9,0
1779285633233,997,UAS-02,660.7,19.01,22.05,3.04,18.50,22.0,0.986,1,1,31.8,0.30,31.67,29.9,0
1779285633267,998,GND-VEH-01,481.5,19.04,22.05,3.01,18.25,20.6,0.988,1,1,33.7,0.25,31.70,30.2,0
1779285633300,999,PERSON-01,464.3,19.00,22.23,3.23,18.17,22.8,0.990,1,1,31.0,0.14,31.80,30.1,0
1779285633333,1000,UAS-01,543.8,19.05,22.31,3.25,17.76,21.3,0.990,1,1,31.8,0.22,31.41,29.9,0
1779285633367,1001,UAS-02,749.0,19.19,22.11,2.92,18.27,21.6,0.990,1,1,31.0,0.14,31.94,30.1,0
1779285633400,1002,GND-VEH-01,394.9,18.91,21.85,2.95,18.36,21.7,0.977,1,1,31.0,0.06,31.89,19.3,1
1779285633433,1003,PERSON-01,448.7,19.15,22.66,3.52,19.76,20.2,0.962,1,1,31.0,0.06,31.98,30.1,0
1779285633467,1004,UAS-01,360.7,19.15,22.48,3.33,18.37,22.6,0.975,1,1,31.0,0.10,32.09,20.6,1
1779285633500,1005,UAS-02,372.4,19.15,22.38,3.22,18.38,21.4,0.990,1,1,31.2,0.13,32.19,22.2,1
1779285633533,1006,GND-VEH-01,541.7,19.08,22.17,3.09,18.79,21.4,0.990,1,1,33.8,0.30,31.93,22.5,1
1779285633567,1007,PERSON-01,315.9,19.19,22.55,3.36,19.16,20.7,0.990,1,1,31.6,0.25,31.66,30.1,0
1779285633600,1008,UAS-01,865.5,18.98,21.86,2.88,17.41,21.7,0.990,1,1,31.0,0.28,31.75,30.1,0
1779285633633,1009,UAS-02,400.2,19.28,22.33,3.05,18.11,20.3,0.987,1,1,33.2,0.23,31.96,29.9,0
1779285633667,1010,GND-VEH-01,628.9,18.88,21.92,3.04,18.13,22.0,0.982,1,1,31.0,0.18,31.46,30.0,0
1779285633700,1011,PERSON-01,596.5,19.07,22.49,3.43,19.33,21.5,0.990,1,1,32.7,0.25,31.78,30.1,0
1779285633733,1012,UAS-01,339.1,19.16,22.27,3.11,17.48,22.4,0.990,1,1,31.0,0.11,31.85,29.9,0
1779285633767,1013,UAS-02,624.7,19.01,21.91,2.90,17.73,23.3,0.990,1,1,31.0,0.08,32.08,30.0,0
1779285633800,1014,GND-VEH-01,609.3,19.22,22.35,3.13,18.82,20.6,0.988,1,1,31.0,0.32,31.97,30.0,0
1779285633833,1015,PERSON-01,384.5,18.63,21.80,3.17,18.44,22.1,0.990,1,1,31.4,0.01,31.67,21.7,1
1779285633867,1016,UAS-01,550.3,18.93,21.87,2.94,18.01,23.2,0.990,1,1,31.0,0.43,31.66,29.9,0
1779285633900,1017,UAS-02,730.4,18.92,22.14,3.22,18.63,22.8,0.990,1,1,31.0,0.08,32.25,30.1,0
1779285633933,1018,GND-VEH-01,346.0,19.07,22.36,3.29,18.24,21.3,0.990,1,1,31.0,0.27,32.30,30.1,0
1779285633967,1019,PERSON-01,411.1,19.08,22.30,3.22,18.11,22.4,0.988,1,1,32.0,0.19,32.16,30.0,0
1779285634000,1020,UAS-01,457.9,18.76,21.86,3.10,17.88,23.2,0.990,1,1,31.0,0.04,32.04,30.1,0
1779285634033,1021,UAS-02,563.4,18.90,21.76,2.86,18.01,22.9,0.990,1,1,31.0,0.28,31.80,29.9,0
1779285634067,1022,GND-VEH-01,341.8,18.99,22.15,3.16,17.29,21.8,0.990,1,1,31.0,0.47,31.94,30.0,0
1779285634100,1023,PERSON-01,524.2,19.30,22.40,3.10,18.75,22.3,0.990,1,1,31.0,0.14,31.81,29.9,0
1779285634133,1024,UAS-01,660.0,19.05,22.19,3.13,18.24,22.4,0.990,1,1,31.1,0.02,31.99,30.0,0
1779285634167,1025,UAS-02,609.2,18.92,21.85,2.93,17.82,22.3,0.990,1,1,31.0,0.59,31.87,30.1,0
1779285634200,1026,GND-VEH-01,633.9,19.24,22.15,2.90,18.07,22.1,0.971,1,1,31.0,0.13,32.03,29.9,0
1779285634233,1027,PERSON-01,787.2,18.95,21.85,2.90,17.77,22.7,0.990,1,1,31.0,0.46,31.52,29.9,0
1779285634267,1028,UAS-01,444.5,18.58,21.73,3.16,18.49,22.7,0.990,1,1,31.0,0.16,31.81,30.0,0
1779285634300,1029,UAS-02,819.8,19.01,21.61,2.60,17.89,21.2,0.990,1,1,33.4,0.27,32.24,29.9,0
1779285634333,1030,GND-VEH-01,388.6,19.12,22.70,3.59,19.02,22.0,0.982,1,1,32.0,0.20,32.39,30.0,0
1779285634367,1031,PERSON-01,376.9,18.86,22.00,3.13,18.38,22.1,0.990,1,1,31.2,0.31,32.35,30.0,0
1779285634400,1032,UAS-01,678.0,18.83,22.00,3.17,18.61,20.3,0.990,1,1,31.0,0.02,32.07,29.9,0
1779285634433,1033,UAS-02,820.1,19.15,21.71,2.56,17.81,23.3,0.990,1,1,32.7,0.14,31.59,30.0,0
1779285634467,1034,GND-VEH-01,468.7,18.95,22.24,3.28,18.37,20.7,0.190,0,0,31.0,0.00,31.95,22.5,1
1779285634500,1035,PERSON-01,749.3,19.09,22.12,3.03,17.78,21.6,0.976,1,1,34.0,0.03,31.87,30.0,0
1779285634533,1036,UAS-01,747.4,19.07,22.20,3.14,19.12,21.7,0.985,1,1,32.6,0.38,32.23,29.9,0
1779285634567,1037,UAS-02,668.5,18.89,21.80,2.91,17.75,22.1,0.990,1,1,31.0,0.35,32.19,30.1,0
1779285634600,1038,GND-VEH-01,372.0,18.94,22.25,3.31,18.27,22.2,0.990,1,1,32.2,0.14,32.07,30.0,0
1779285634633,1039,PERSON-01,423.9,18.82,21.78,2.96,17.94,21.8,0.990,1,1,31.0,0.59,31.84,21.0,1
1779285634667,1040,UAS-01,407.4,19.10,22.18,3.08,18.46,20.5,0.983,1,1,31.0,0.14,32.13,29.9,0
1779285634700,1041,UAS-02,368.3,19.05,22.17,3.12,17.50,22.8,0.985,1,1,31.0,0.15,31.90,30.1,0
1779285634733,1042,GND-VEH-01,541.3,18.93,22.13,3.20,18.27,23.1,0.990,1,1,31.0,0.07,32.30,19.3,1
1779285634767,1043,PERSON-01,632.0,18.81,21.65,2.84,17.91,21.3,0.990,1,1,31.0,0.18,31.93,30.2,0
1779285634800,1044,UAS-01,585.2,18.79,21.98,3.19,18.15,22.0,0.990,1,1,31.5,0.01,31.99,29.9,0
1779285634833,1045,UAS-02,371.0,19.07,22.03,2.96,17.76,20.9,0.990,1,1,33.7,0.25,32.29,30.1,0
1779285634867,1046,GND-VEH-01,554.9,18.84,22.06,3.22,18.24,23.3,0.990,1,1,31.0,0.09,32.12,30.0,0
1779285634900,1047,PERSON-01,535.4,18.94,22.19,3.25,18.39,22.1,0.990,1,1,31.9,0.16,31.98,30.0,0
1779285634933,1048,UAS-01,337.2,18.79,22.16,3.37,18.41,22.5,0.990,1,1,32.1,0.41,31.91,21.7,1
1779285634967,1049,UAS-02,356.8,19.05,22.15,3.10,18.93,22.4,0.990,1,1,32.4,0.63,31.81,29.8,0
1779285635000,1050,GND-VEH-01,531.6,18.93,21.85,2.92,17.12,22.0,0.979,1,1,31.0,0.28,32.30,29.8,0
1779285635033,1051,PERSON-01,367.7,18.72,21.72,3.00,17.49,22.1,0.990,1,1,33.7,0.29,31.95,30.0,0
1779285635067,1052,UAS-01,349.0,18.90,22.04,3.14,18.12,22.9,0.990,1,1,31.0,0.34,32.15,30.0,0
1779285635100,1053,UAS-02,350.6,18.91,22.01,3.11,18.35,22.1,0.990,1,1,31.0,0.14,32.09,30.1,0
1779285635133,1054,GND-VEH-01,396.0,18.83,22.03,3.20,17.97,22.7,0.973,1,1,31.0,0.18,31.95,30.2,0
1779285635167,1055,PERSON-01,519.5,18.89,22.02,3.13,17.96,22.1,0.990,1,1,32.1,0.13,31.86,30.1,0
1779285635200,1056,UAS-01,360.0,18.83,22.10,3.26,18.43,23.2,0.989,1,1,31.1,0.04,32.22,30.0,0
1779285635233,1057,UAS-02,588.1,18.94,21.96,3.02,18.54,19.7,0.990,1,1,32.1,0.15,31.84,19.7,1
1779285635267,1058,GND-VEH-01,541.1,19.22,22.10,2.87,17.28,22.0,0.990,1,1,32.0,0.29,32.60,30.0,0
1779285635300,1059,PERSON-01,958.0,18.98,21.99,3.01,17.83,21.8,0.990,1,1,33.1,0.19,32.44,29.8,0
1779285635333,1060,UAS-01,496.6,18.92,21.91,2.99,17.98,21.4,0.990,1,1,31.9,0.05,31.96,30.0,0
1779285635367,1061,UAS-02,840.2,18.85,21.97,3.12,17.87,21.2,0.982,1,1,31.0,0.29,32.31,30.1,0
1779285635400,1062,GND-VEH-01,550.7,19.25,22.48,3.23,18.32,21.4,0.978,1,1,31.2,0.40,32.21,29.9,0
1779285635433,1063,PERSON-01,505.1,19.14,22.24,3.09,18.06,21.2,0.990,1,1,31.0,0.20,32.31,30.0,0
1779285635467,1064,UAS-01,454.9,19.08,22.19,3.11,17.85,22.3,0.980,1,1,32.1,0.27,32.01,30.0,0
1779285635500,1065,UAS-02,483.2,19.02,22.35,3.32,17.94,21.8,0.990,1,1,31.0,0.06,32.29,30.0,0
1779285635533,1066,GND-VEH-01,309.4,19.01,22.16,3.15,17.65,21.9,0.990,1,1,31.0,0.30,32.14,29.9,0
1779285635567,1067,PERSON-01,510.8,18.95,22.25,3.30,18.67,20.9,0.990,1,1,31.0,0.42,32.42,30.2,0
1779285635600,1068,UAS-01,452.0,18.99,22.16,3.17,18.49,21.8,0.990,1,1,31.0,0.37,32.23,30.0,0
1779285635633,1069,UAS-02,601.3,19.12,22.13,3.01,17.74,21.2,0.990,1,1,33.2,0.15,32.12,29.9,0
1779285635667,1070,GND-VEH-01,482.2,18.91,21.87,2.96,17.84,23.0,0.986,1,1,31.0,0.42,31.68,30.1,0
1779285635700,1071,PERSON-01,509.9,19.07,22.44,3.37,18.79,20.8,0.990,1,1,31.0,0.16,32.34,29.9,0
1779285635733,1072,UAS-01,378.2,18.86,21.93,3.07,17.55,23.7,0.990,1,1,31.0,0.25,32.36,30.1,0
1779285635767,1073,UAS-02,649.7,18.89,21.94,3.04,18.08,23.0,0.989,1,1,35.0,0.05,32.18,30.1,0
1779285635800,1074,GND-VEH-01,444.9,19.09,22.35,3.25,18.53,21.4,0.990,1,1,31.0,0.37,32.22,30.0,0
1779285635833,1075,PERSON-01,461.1,19.11,22.17,3.06,17.89,20.6,0.990,1,1,31.0,0.13,32.02,30.2,0
1779285635867,1076,UAS-01,431.7,19.17,22.54,3.36,17.94,22.6,0.990,1,1,32.5,0.14,32.52,29.9,0
1779285635900,1077,UAS-02,393.8,19.10,22.42,3.32,18.59,22.0,0.990,1,1,31.0,0.31,32.10,30.0,0
1779285635933,1078,GND-VEH-01,316.3,19.00,22.19,3.19,17.53,22.2,0.990,1,1,31.9,0.21,32.02,30.0,0
1779285635967,1079,PERSON-01,380.3,18.94,21.95,3.01,18.60,21.9,0.990,1,1,31.0,0.09,32.08,29.9,0
1779285636000,1080,UAS-01,564.8,18.62,21.89,3.27,18.75,22.6,0.990,1,1,34.9,0.46,32.57,30.1,0
1779285636033,1081,UAS-02,308.9,19.04,22.11,3.07,17.77,20.9,0.990,1,1,32.0,0.18,32.03,30.0,0
1779285636067,1082,GND-VEH-01,452.7,18.95,22.48,3.53,18.67,23.0,0.990,1,1,31.9,0.09,32.46,30.0,0
1779285636100,1083,PERSON-01,324.3,18.72,21.92,3.20,18.80,20.0,0.990,1,1,31.0,0.19,32.44,30.2,0
1779285636133,1084,UAS-01,529.7,19.15,22.37,3.22,18.15,23.1,0.990,1,1,31.0,0.08,32.47,30.1,0
1779285636167,1085,UAS-02,399.1,19.03,22.46,3.43,18.95,21.0,0.973,1,1,31.5,0.25,31.79,29.9,0
1779285636200,1086,GND-VEH-01,461.2,18.82,22.27,3.45,18.98,21.7,0.990,1,1,33.2,0.09,31.99,30.0,0
1779285636233,1087,PERSON-01,411.6,18.92,22.15,3.23,19.01,20.1,0.990,1,1,31.0,0.08,32.03,30.1,0
1779285636267,1088,UAS-01,425.1,19.26,22.37,3.10,18.22,21.9,0.990,1,1,32.8,0.14,32.29,30.0,0
1779285636300,1089,UAS-02,310.5,19.20,22.43,3.23,18.45,21.8,0.990,1,1,31.0,0.04,32.52,30.0,0
1779285636333,1090,GND-VEH-01,544.4,18.93,22.01,3.08,17.49,24.0,0.990,1,1,31.6,0.38,32.46,30.2,0
1779285636367,1091,PERSON-01,586.7,19.19,22.52,3.33,18.46,22.8,0.987,1,1,31.0,0.21,32.18,23.4,1
1779285636400,1092,UAS-01,617.7,18.96,21.94,2.98,18.11,23.0,0.982,1,1,32.2,0.05,32.20,30.0,0
1779285636433,1093,UAS-02,318.4,19.22,22.41,3.20,18.58,21.1,0.990,1,1,31.0,0.41,32.05,30.1,0
1779285636467,1094,GND-VEH-01,392.1,19.06,22.41,3.35,18.61,22.2,0.982,1,1,34.0,0.03,32.13,30.0,0
1779285636500,1095,PERSON-01,713.6,19.15,22.15,3.00,18.22,21.5,0.990,1,1,31.0,0.37,32.19,30.0,0
1779285636533,1096,UAS-01,313.7,19.03,22.25,3.22,17.98,22.8,0.990,1,1,31.0,0.16,32.27,29.8,0
1779285636567,1097,UAS-02,625.5,19.00,22.35,3.34,18.65,22.2,0.980,1,1,31.0,0.22,32.07,30.1,0
1779285636600,1098,GND-VEH-01,323.3,19.11,22.20,3.09,17.91,22.2,0.990,1,1,31.0,0.69,32.45,30.1,0
1779285636633,1099,PERSON-01,375.6,18.87,22.11,3.24,17.93,21.7,0.977,1,1,31.0,0.00,32.35,30.0,0
1779285636667,1100,UAS-01,326.4,18.91,22.25,3.34,18.37,22.3,0.990,1,1,31.2,0.13,32.25,30.1,0
1779285636700,1101,UAS-02,305.3,19.12,22.44,3.32,17.98,22.0,0.990,1,1,31.0,0.03,32.50,29.9,0
1779285636733,1102,GND-VEH-01,557.3,18.88,21.84,2.96,18.24,21.7,0.990,1,1,31.0,0.20,32.51,23.0,1
1779285636767,1103,PERSON-01,471.0,18.96,22.31,3.35,17.74,20.6,0.988,1,1,31.4,0.10,32.42,30.1,0
1779285636800,1104,UAS-01,486.3,19.04,22.50,3.46,17.67,22.9,0.990,1,1,31.7,0.36,32.17,21.3,1
1779285636833,1105,UAS-02,348.3,18.78,22.05,3.26,18.83,22.2,0.990,1,1,32.0,0.68,32.54,30.0,0
1779285636867,1106,GND-VEH-01,353.7,19.14,22.60,3.46,18.65,22.0,0.985,1,1,31.0,0.22,32.01,30.0,0
1779285636900,1107,PERSON-01,329.4,18.89,21.90,3.01,17.81,22.3,0.990,1,1,31.0,0.01,32.15,30.0,0
1779285636933,1108,UAS-01,349.3,19.05,22.29,3.23,18.41,21.6,0.990,1,1,31.0,0.30,32.10,30.1,0
1779285636967,1109,UAS-02,768.6,19.12,22.17,3.06,17.50,22.6,0.990,1,1,31.0,0.02,32.32,23.5,1
1779285637000,1110,GND-VEH-01,440.5,19.26,22.45,3.19,18.59,21.1,0.990,1,1,33.0,0.25,32.71,30.1,0
1779285637033,1111,PERSON-01,550.3,19.20,22.31,3.11,17.83,23.0,0.990,1,1,32.5,0.29,32.43,23.4,1
1779285637067,1112,UAS-01,723.2,18.78,21.88,3.09,18.25,23.4,0.990,1,1,33.2,0.11,32.29,19.8,1
1779285637100,1113,UAS-02,319.2,18.62,21.84,3.22,17.95,21.6,0.981,1,1,33.4,0.25,32.13,30.0,0
1779285637133,1114,GND-VEH-01,302.7,19.04,22.41,3.37,18.68,20.2,0.990,1,1,33.3,0.16,32.73,30.0,0
1779285637167,1115,PERSON-01,321.4,18.84,22.16,3.33,18.55,20.0,0.990,1,1,31.0,0.09,32.47,30.0,0
1779285637200,1116,UAS-01,502.4,19.16,22.17,3.01,17.79,22.6,0.990,1,1,31.0,0.19,32.39,29.9,0
1779285637233,1117,UAS-02,414.5,19.02,22.15,3.13,17.44,21.9,0.990,1,1,31.0,0.09,32.54,30.0,0
1779285637267,1118,GND-VEH-01,328.9,19.19,22.41,3.22,18.23,21.8,0.990,1,1,32.8,0.33,32.64,20.0,1
1779285637300,1119,PERSON-01,351.1,19.02,22.43,3.41,17.81,22.4,0.990,1,1,31.5,0.14,32.53,30.1,0
1779285637333,1120,UAS-01,313.7,19.37,22.91,3.54,18.52,23.2,0.969,1,1,32.6,0.26,32.48,30.0,0
1779285637367,1121,UAS-02,309.1,18.98,22.21,3.23,18.77,22.2,0.990,1,1,31.0,0.42,32.34,30.0,0
1779285637400,1122,GND-VEH-01,465.5,18.90,22.06,3.15,17.60,22.0,0.990,1,1,31.0,0.27,32.55,30.0,0
1779285637433,1123,PERSON-01,379.0,18.99,22.26,3.27,18.67,21.0,0.988,1,1,32.3,0.20,32.34,29.9,0
1779285637467,1124,UAS-01,801.8,19.17,22.19,3.02,17.85,22.4,0.990,1,1,31.0,0.16,31.99,30.0,0
1779285637500,1125,UAS-02,347.5,19.16,22.33,3.17,17.88,22.8,0.989,1,1,31.0,0.13,32.74,30.0,0
1779285637533,1126,GND-VEH-01,311.4,18.98,21.99,3.01,17.46,23.0,0.986,1,1,31.0,0.08,32.36,29.9,0
1779285637567,1127,PERSON-01,369.4,19.07,22.27,3.21,18.36,22.5,0.977,1,1,31.0,0.25,32.61,29.9,0
1779285637600,1128,UAS-01,328.7,19.18,22.44,3.26,18.43,23.0,0.990,1,1,31.0,0.49,32.55,30.0,0
1779285637633,1129,UAS-02,330.7,19.12,21.98,2.87,17.65,22.2,0.987,1,1,31.0,0.51,32.31,30.1,0
1779285637667,1130,GND-VEH-01,320.8,18.96,22.32,3.36,18.01,23.3,0.984,1,1,31.0,0.48,32.21,30.0,0
1779285637700,1131,PERSON-01,336.1,18.69,22.06,3.37,18.08,21.6,0.990,1,1,31.2,0.20,32.80,30.0,0
1779285637733,1132,UAS-01,642.9,18.93,22.03,3.10,18.64,21.8,0.990,1,1,33.5,0.18,32.30,30.0,0
1779285637767,1133,UAS-02,522.0,18.76,21.57,2.81,17.42,22.7,0.990,1,1,31.0,0.08,32.33,30.0,0
1779285637800,1134,GND-VEH-01,582.7,19.11,22.36,3.25,18.15,23.9,0.990,1,1,31.0,0.09,32.90,29.9,0
1779285637833,1135,PERSON-01,534.9,19.00,21.91,2.90,17.59,22.3,0.990,1,1,31.2,0.26,32.46,30.2,0
1779285637867,1136,UAS-01,488.6,19.11,22.28,3.18,18.32,20.6,0.986,1,1,31.0,0.28,32.78,30.0,0
1779285637900,1137,UAS-02,542.5,18.79,21.97,3.18,17.53,23.8,0.990,1,1,31.0,0.25,32.68,29.9,0
1779285637933,1138,GND-VEH-01,510.1,18.94,22.19,3.25,18.65,22.6,0.983,1,1,31.0,0.19,32.37,30.0,0
1779285637967,1139,PERSON-01,571.7,19.00,22.33,3.33,18.73,20.0,0.990,1,1,31.0,0.31,32.12,29.9,0
1779285638000,1140,UAS-01,741.8,18.91,22.11,3.20,18.08,20.5,0.990,1,1,31.5,0.38,32.40,30.1,0
1779285638033,1141,UAS-02,353.5,18.83,22.45,3.62,18.64,21.9,0.990,1,1,31.0,0.40,32.29,29.9,0
1779285638067,1142,GND-VEH-01,1006.3,18.69,21.61,2.92,17.91,22.4,0.990,1,1,31.0,0.28,32.36,29.9,0
1779285638100,1143,PERSON-01,362.4,19.01,22.22,3.21,17.64,21.6,0.990,1,1,33.2,0.15,32.36,30.0,0
1779285638133,1144,UAS-01,580.3,19.14,22.68,3.53,18.70,22.1,0.989,1,1,31.0,0.57,32.49,30.0,0
1779285638167,1145,UAS-02,411.1,18.83,21.97,3.14,17.56,22.3,0.983,1,1,31.0,0.15,32.46,29.9,0
1779285638200,1146,GND-VEH-01,402.0,19.25,22.26,3.01,17.92,22.1,0.990,1,1,31.0,0.43,32.54,30.0,0
1779285638233,1147,PERSON-01,432.3,19.18,22.07,2.90,17.61,23.3,0.990,1,1,31.0,0.09,32.30,29.9,0
1779285638267,1148,UAS-01,331.3,18.72,22.15,3.44,19.52,20.7,0.983,1,1,31.0,0.36,32.57,29.9,0
1779285638300,1149,UAS-02,592.6,18.92,22.01,3.09,18.63,21.7,0.975,1,1,31.0,0.21,32.66,30.0,0
1779285638333,1150,GND-VEH-01,1051.8,18.98,21.80,2.83,17.16,22.3,0.990,1,1,31.0,0.30,32.26,29.9,0
1779285638367,1151,PERSON-01,364.5,18.71,22.12,3.41,18.35,22.2,0.990,1,1,31.0,0.08,32.53,30.0,0
1779285638400,1152,UAS-01,742.3,18.94,21.98,3.04,17.49,20.8,0.990,1,1,31.0,0.38,32.32,29.9,0
1779285638433,1153,UAS-02,378.9,18.99,22.30,3.31,19.07,21.9,0.990,1,1,31.1,0.15,32.76,29.9,0
1779285638467,1154,GND-VEH-01,409.2,18.90,22.27,3.37,17.96,22.3,0.984,1,1,31.0,0.29,32.22,29.9,0
1779285638500,1155,PERSON-01,466.3,19.21,22.31,3.10,17.36,23.3,0.990,1,1,31.0,0.17,32.67,30.0,0
1779285638533,1156,UAS-01,609.5,19.15,22.09,2.94,19.11,21.7,0.990,1,1,31.0,0.54,32.32,30.2,0
1779285638567,1157,UAS-02,706.6,18.98,21.85,2.87,17.94,22.6,0.984,1,1,31.0,0.07,32.35,21.8,1
1779285638600,1158,GND-VEH-01,606.8,18.89,22.08,3.18,18.28,22.6,0.990,1,1,33.3,0.11,32.64,21.6,1
1779285638633,1159,PERSON-01,318.0,19.05,22.45,3.40,18.82,21.6,0.989,1,1,31.0,0.18,32.77,30.0,0
1779285638667,1160,UAS-01,475.3,18.99,22.30,3.31,18.42,22.3,0.990,1,1,32.6,0.03,32.54,29.9,0
1779285638700,1161,UAS-02,735.5,18.99,22.10,3.12,17.71,22.7,0.990,1,1,31.0,0.14,32.58,30.0,0
1779285638733,1162,GND-VEH-01,323.7,18.99,22.24,3.25,18.24,22.9,0.987,1,1,31.0,0.29,32.40,30.0,0
1779285638767,1163,PERSON-01,819.2,18.86,21.68,2.83,17.69,22.8,0.990,1,1,32.8,0.24,32.65,29.9,0
1779285638800,1164,UAS-01,698.0,18.85,22.02,3.17,18.38,22.4,0.990,1,1,31.0,0.00,32.87,29.9,0
1779285638833,1165,UAS-02,416.5,19.08,22.11,3.04,17.49,23.3,0.990,1,1,33.1,0.24,32.83,29.8,0
1779285638867,1166,GND-VEH-01,307.2,19.05,22.57,3.51,18.70,22.6,0.990,1,1,31.6,0.36,32.68,30.0,0
1779285638900,1167,PERSON-01,319.2,19.36,22.70,3.34,18.50,20.6,0.990,1,1,31.0,0.09,32.47,29.8,0
1779285638933,1168,UAS-01,593.4,19.15,21.97,2.82,17.95,21.8,0.958,1,1,31.0,0.16,32.69,30.0,0
1779285638967,1169,UAS-02,803.0,19.37,22.35,2.98,17.91,21.5,0.990,1,1,32.5,0.05,32.80,30.2,0
1779285639000,1170,GND-VEH-01,325.3,18.73,21.78,3.05,17.81,21.8,0.990,1,1,32.0,0.26,32.78,29.9,0
1779285639033,1171,PERSON-01,344.7,19.04,22.41,3.37,18.52,22.4,0.990,1,1,31.0,0.19,32.60,30.0,0
1779285639067,1172,UAS-01,397.7,18.93,22.21,3.28,18.33,21.8,0.990,1,1,33.6,0.06,32.45,30.0,0
1779285639100,1173,UAS-02,794.4,18.88,22.09,3.22,18.36,21.0,0.990,1,1,31.1,0.09,32.27,29.9,0
1779285639133,1174,GND-VEH-01,398.6,19.11,22.51,3.41,18.47,21.0,0.990,1,1,32.1,0.06,32.58,30.0,0
1779285639167,1175,PERSON-01,429.8,18.98,22.05,3.07,17.98,22.2,0.987,1,1,31.0,0.31,32.35,30.1,0
1779285639200,1176,UAS-01,337.0,18.78,22.20,3.42,19.27,22.8,0.979,1,1,33.3,0.21,32.26,29.9,0
1779285639233,1177,UAS-02,478.5,18.81,21.79,2.98,17.98,22.8,0.990,1,1,32.8,0.65,32.34,22.6,1
1779285639267,1178,GND-VEH-01,619.5,18.80,21.94,3.14,17.69,21.2,0.990,1,1,31.6,0.26,32.39,30.0,0
1779285639300,1179,PERSON-01,582.9,19.07,21.93,2.86,17.89,19.8,0.990,1,1,31.0,0.72,32.81,29.9,0
1779285639333,1180,UAS-01,601.2,19.05,22.31,3.26,18.76,20.9,0.990,1,1,31.0,0.14,32.53,30.2,0
1779285639367,1181,UAS-02,639.8,19.11,22.46,3.35,18.80,20.2,0.990,1,1,31.0,0.04,32.62,30.0,0
1779285639400,1182,GND-VEH-01,409.8,19.07,22.31,3.24,18.54,22.1,0.990,1,1,31.0,0.09,32.50,30.0,0
1779285639433,1183,PERSON-01,663.2,18.85,21.96,3.11,17.29,23.3,0.990,1,1,31.0,0.06,32.68,30.0,0
1779285639467,1184,UAS-01,358.3,19.16,22.33,3.18,18.10,22.5,0.990,1,1,31.0,0.21,32.46,30.0,0
1779285639500,1185,UAS-02,307.9,19.14,22.47,3.33,18.14,21.9,0.968,1,1,32.3,0.23,32.81,30.0,0
1779285639533,1186,GND-VEH-01,554.2,18.97,21.95,2.97,18.16,21.1,0.990,1,1,31.5,0.13,32.21,30.0,0
1779285639567,1187,PERSON-01,405.1,19.14,22.43,3.29,18.40,21.9,0.990,1,1,31.6,0.29,32.91,29.9,0
1779285639600,1188,UAS-01,677.3,19.22,22.21,2.99,17.76,22.0,0.990,1,1,31.0,0.26,32.57,30.0,0
1779285639633,1189,UAS-02,443.3,19.18,22.58,3.40,18.09,21.9,0.990,1,1,33.6,0.10,32.64,30.2,0
1779285639667,1190,GND-VEH-01,470.4,19.03,22.04,3.01,18.95,21.4,0.990,1,1,31.0,0.30,32.76,30.0,0
1779285639700,1191,PERSON-01,560.8,19.23,22.18,2.95,17.32,23.7,0.984,1,1,31.4,0.11,32.86,20.7,1
1779285639733,1192,UAS-01,403.1,18.72,21.75,3.03,18.51,22.4,0.187,0,0,31.0,0.00,32.36,30.1,0
1779285639767,1193,UAS-02,431.0,18.97,22.40,3.43,18.37,21.0,0.990,1,1,31.0,0.32,32.91,30.0,0
1779285639800,1194,GND-VEH-01,757.3,18.95,21.76,2.82,17.47,21.7,0.990,1,1,32.6,0.62,32.45,30.1,0
1779285639833,1195,PERSON-01,847.3,18.82,22.01,3.20,18.39,22.6,0.984,1,1,31.3,0.22,32.42,30.0,0
1779285639867,1196,UAS-01,387.6,19.02,22.28,3.26,18.30,22.0,0.990,1,1,31.0,0.33,32.70,29.9,0
1779285639900,1197,UAS-02,389.3,18.85,21.84,2.98,17.77,22.0,0.990,1,1,31.0,0.21,32.28,30.1,0
1779285639933,1198,GND-VEH-01,616.0,19.39,22.72,3.33,18.64,20.9,0.990,1,1,31.1,0.46,32.65,30.0,0
1779285639967,1199,PERSON-01,578.2,18.84,21.81,2.98,18.03,22.8,0.990,1,1,31.0,0.26,32.82,29.8,0
1779285640000,1200,UAS-01,661.2,19.28,22.31,3.03,18.60,22.2,0.975,1,1,32.8,0.21,32.22,30.0,0
1779285640033,1201,UAS-02,746.6,19.14,22.25,3.11,18.11,22.2,0.990,1,1,32.9,0.42,32.72,30.1,0
1779285640067,1202,GND-VEH-01,685.5,19.14,22.30,3.16,18.88,20.8,0.990,1,1,32.6,0.28,32.66,30.0,0
1779285640100,1203,PERSON-01,387.9,18.94,22.16,3.22,18.34,22.6,0.990,1,1,31.0,0.25,32.19,30.0,0
1779285640133,1204,UAS-01,570.5,18.79,21.85,3.06,18.10,22.6,0.987,1,1,31.0,0.06,32.24,30.0,0
1779285640167,1205,UAS-02,605.6,19.15,22.45,3.30,18.96,22.1,0.985,1,1,32.4,0.19,32.94,29.9,0
1779285640200,1206,GND-VEH-01,522.0,19.18,22.74,3.56,18.43,22.1,0.990,1,1,31.0,0.08,32.65,30.0,0
1779285640233,1207,PERSON-01,620.4,19.07,21.88,2.81,17.88,22.4,0.979,1,1,31.0,0.08,32.80,29.9,0
1779285640267,1208,UAS-01,332.3,19.09,22.43,3.35,17.89,21.8,0.990,1,1,31.0,0.04,32.99,30.1,0
1779285640300,1209,UAS-02,625.0,19.11,22.30,3.19,17.83,21.0,0.990,1,1,32.3,0.01,32.66,30.2,0
1779285640333,1210,GND-VEH-01,360.2,19.01,22.26,3.26,18.18,22.4,0.990,1,1,31.0,0.10,32.78,29.9,0
1779285640367,1211,PERSON-01,417.3,19.37,22.72,3.35,18.63,21.1,0.984,1,1,31.0,0.19,32.80,30.0,0
1779285640400,1212,UAS-01,628.5,18.85,21.97,3.12,18.83,22.2,0.990,1,1,31.0,0.22,32.82,29.9,0
1779285640433,1213,UAS-02,335.7,18.86,22.10,3.24,18.33,21.7,0.990,1,1,31.0,0.30,33.17,29.9,0
1779285640467,1214,GND-VEH-01,323.1,18.91,22.07,3.16,18.59,21.4,0.990,1,1,32.9,0.15,32.55,30.1,0
1779285640500,1215,PERSON-01,305.4,18.97,22.11,3.15,17.78,21.9,0.984,1,1,31.0,0.04,32.92,30.1,0
1779285640533,1216,UAS-01,607.0,18.96,22.13,3.17,18.37,21.6,0.985,1,1,31.0,0.02,32.77,21.3,1
1779285640567,1217,UAS-02,333.0,18.91,21.91,3.01,18.39,21.8,0.990,1,1,31.8,0.11,32.67,30.0,0
1779285640600,1218,GND-VEH-01,637.7,19.10,22.37,3.27,17.78,21.7,0.990,1,1,31.0,0.15,33.20,29.8,0
1779285640633,1219,PERSON-01,327.6,19.00,22.36,3.36,18.88,22.1,0.973,1,1,31.0,0.25,32.51,30.1,0
1779285640667,1220,UAS-01,673.3,18.81,21.94,3.13,18.06,21.6,0.990,1,1,31.0,0.35,32.66,30.0,0
1779285640700,1221,UAS-02,550.7,18.87,22.04,3.17,18.33,21.0,0.990,1,1,31.0,0.50,32.83,30.0,0
1779285640733,1222,GND-VEH-01,369.7,19.22,22.29,3.07,18.65,21.6,0.990,1,1,32.3,0.44,32.39,21.8,1
1779285640767,1223,PERSON-01,321.8,19.08,22.31,3.23,18.03,21.8,0.990,1,1,31.0,0.14,33.02,30.0,0
1779285640800,1224,UAS-01,520.7,18.77,21.98,3.21,17.84,24.0,0.990,1,1,31.4,0.34,32.46,30.1,0
1779285640833,1225,UAS-02,368.4,19.15,22.11,2.96,17.49,22.3,0.990,1,1,31.5,0.13,32.89,29.9,0
1779285640867,1226,GND-VEH-01,647.9,19.14,22.18,3.04,18.31,21.6,0.990,1,1,31.0,0.03,32.72,29.8,0
1779285640900,1227,PERSON-01,374.0,19.32,22.65,3.32,18.60,22.0,0.990,1,1,31.0,0.46,32.98,30.0,0
1779285640933,1228,UAS-01,302.9,18.97,21.89,2.92,18.14,23.2,0.990,1,1,31.0,0.10,32.85,30.0,0
1779285640967,1229,UAS-02,408.8,18.96,22.34,3.38,18.36,22.6,0.990,1,1,32.5,0.05,32.91,29.9,0
1779285641000,1230,GND-VEH-01,372.5,19.05,22.21,3.16,18.49,21.2,0.990,1,1,31.8,0.26,32.76,30.0,0
1779285641033,1231,PERSON-01,507.3,18.98,22.10,3.12,17.51,20.2,0.977,1,1,33.4,0.11,32.69,30.0,0
1779285641067,1232,UAS-01,562.2,19.03,22.39,3.36,17.97,22.5,0.990,1,1,31.3,0.08,32.53,29.8,0
1779285641100,1233,UAS-02,519.4,18.78,22.15,3.37,19.03,21.3,0.990,1,1,31.1,0.26,32.62,30.1,0
1779285641133,1234,GND-VEH-01,357.7,19.07,22.13,3.06,17.59,23.0,0.990,1,1,31.0,0.15,32.74,29.9,0
1779285641167,1235,PERSON-01,504.9,18.98,22.14,3.16,19.00,20.7,0.990,1,1,33.3,0.25,32.38,30.0,0
1779285641200,1236,UAS-01,608.2,19.05,22.02,2.97,17.93,20.5,0.990,1,1,31.0,0.01,32.89,29.9,0
1779285641233,1237,UAS-02,402.5,18.98,21.84,2.85,18.06,22.3,0.990,1,1,33.8,0.02,32.75,30.1,0
1779285641267,1238,GND-VEH-01,804.3,18.91,22.08,3.18,18.12,23.1,0.986,1,1,34.2,0.17,32.47,29.9,0
1779285641300,1239,PERSON-01,738.3,19.36,22.47,3.11,17.87,21.9,0.984,1,1,31.4,0.13,32.70,30.1,0
1779285641333,1240,UAS-01,624.3,18.99,22.27,3.28,18.22,22.4,0.990,1,1,34.2,0.17,32.63,29.9,0
1779285641367,1241,UAS-02,476.8,18.91,22.10,3.18,18.56,23.4,0.990,1,1,31.0,0.16,32.77,30.0,0
1779285641400,1242,GND-VEH-01,344.6,18.89,22.33,3.44,18.13,22.0,0.990,1,1,32.0,0.33,32.77,30.0,0
1779285641433,1243,PERSON-01,614.8,19.08,22.18,3.09,18.96,22.6,0.984,1,1,33.4,0.35,32.79,30.1,0
1779285641467,1244,UAS-01,333.3,19.04,22.04,3.00,18.19,21.3,0.990,1,1,31.7,0.34,32.91,30.1,0
1779285641500,1245,UAS-02,394.1,18.78,22.13,3.35,18.33,22.0,0.990,1,1,32.8,0.48,33.03,29.8,0
1779285641533,1246,GND-VEH-01,433.1,18.75,22.03,3.29,18.01,22.0,0.990,1,1,31.0,0.31,32.68,30.1,0
1779285641567,1247,PERSON-01,318.3,19.09,22.50,3.41,18.24,22.9,0.990,1,1,31.0,0.02,33.23,30.0,0
1779285641600,1248,UAS-01,382.9,19.29,22.50,3.21,18.58,22.3,0.990,1,1,31.4,0.42,33.01,30.0,0
1779285641633,1249,UAS-02,445.6,19.05,22.38,3.33,18.74,22.0,0.984,1,1,31.0,0.05,32.84,30.0,0
1779285641667,1250,GND-VEH-01,350.2,18.85,22.26,3.40,18.23,23.6,0.990,1,1,32.4,0.26,32.86,30.0,0
1779285641700,1251,PERSON-01,571.4,18.86,22.02,3.16,18.36,22.3,0.990,1,1,33.2,0.25,33.33,30.0,0
1779285641733,1252,UAS-01,572.4,18.97,22.15,3.18,18.15,23.7,0.990,1,1,31.4,0.23,33.10,30.0,0
1779285641767,1253,UAS-02,529.7,18.91,22.24,3.33,18.37,22.4,0.990,1,1,31.5,0.18,33.19,30.0,0
1779285641800,1254,GND-VEH-01,387.1,18.95,22.16,3.21,18.52,20.5,0.990,1,1,31.0,0.21,33.13,29.9,0
1779285641833,1255,PERSON-01,713.1,19.02,21.76,2.75,18.41,21.6,0.990,1,1,31.0,0.14,32.74,22.8,1
1779285641867,1256,UAS-01,357.7,18.89,22.20,3.31,18.97,22.3,0.977,1,1,31.0,0.19,32.94,30.0,0
1779285641900,1257,UAS-02,302.8,18.89,21.99,3.10,18.21,22.0,0.967,1,1,31.0,0.05,33.00,30.0,0
1779285641933,1258,GND-VEH-01,572.4,19.04,22.08,3.04,17.48,21.5,0.987,1,1,31.0,0.28,32.52,30.1,0
1779285641967,1259,PERSON-01,506.2,18.83,22.09,3.26,17.72,23.7,0.990,1,1,31.0,0.39,32.90,29.9,0
1779285642000,1260,UAS-01,466.5,19.03,21.97,2.94,17.57,19.7,0.990,1,1,31.0,0.36,32.85,30.0,0
1779285642033,1261,UAS-02,553.5,19.07,22.34,3.27,18.81,21.1,0.990,1,1,31.4,0.15,32.81,30.1,0
1779285642067,1262,GND-VEH-01,1013.4,18.86,21.78,2.92,17.93,21.3,0.990,1,1,32.7,0.20,33.10,29.9,0
1779285642100,1263,PERSON-01,421.5,18.85,21.86,3.01,17.90,21.4,0.988,1,1,32.2,0.30,32.89,29.9,0
1779285642133,1264,UAS-01,778.0,19.06,22.06,3.01,17.94,21.5,0.987,1,1,31.0,0.02,33.21,30.0,0
1779285642167,1265,UAS-02,338.7,19.16,22.17,3.01,17.72,22.5,0.990,1,1,31.0,0.02,32.65,30.1,0
1779285642200,1266,GND-VEH-01,427.8,18.94,22.24,3.31,18.30,22.6,0.968,1,1,33.1,0.07,33.22,30.1,0
1779285642233,1267,PERSON-01,441.4,19.15,22.16,3.01,18.26,20.9,0.990,1,1,31.0,0.07,32.76,29.9,0
1779285642267,1268,UAS-01,877.6,18.71,21.77,3.06,18.44,20.5,0.990,1,1,35.2,0.14,32.67,30.1,0
1779285642300,1269,UAS-02,492.3,19.13,22.24,3.11,17.79,22.9,0.990,1,1,31.0,0.06,32.73,30.1,0
1779285642333,1270,GND-VEH-01,664.8,19.13,22.04,2.91,17.93,19.7,0.990,1,1,31.0,0.25,32.52,30.0,0
1779285642367,1271,PERSON-01,329.9,18.98,22.12,3.14,18.22,23.8,0.986,1,1,31.0,0.10,32.58,29.9,0
1779285642400,1272,UAS-01,402.2,19.00,21.94,2.94,17.45,23.4,0.990,1,1,31.0,0.10,32.57,29.9,0
1779285642433,1273,UAS-02,888.4,18.99,22.07,3.09,18.29,20.9,0.990,1,1,31.0,0.04,32.52,30.0,0
1779285642467,1274,GND-VEH-01,468.2,19.05,22.44,3.39,18.26,21.6,0.990,1,1,31.0,0.55,33.03,29.9,0
1779285642500,1275,PERSON-01,454.4,18.93,22.29,3.35,18.43,22.1,0.967,1,1,31.0,0.16,32.82,30.1,0
1779285642533,1276,UAS-01,410.0,19.10,22.24,3.14,18.10,22.6,0.970,1,1,31.4,0.08,32.80,22.5,1
1779285642567,1277,UAS-02,317.7,18.95,22.14,3.19,18.08,20.7,0.974,1,1,31.0,0.11,33.16,30.0,0
1779285642600,1278,GND-VEH-01,341.3,19.06,22.41,3.35,18.72,23.1,0.986,1,1,33.0,0.18,32.82,29.9,0
1779285642633,1279,PERSON-01,535.0,18.84,22.02,3.18,18.07,22.1,0.990,1,1,31.7,0.16,33.27,29.9,0
1779285642667,1280,UAS-01,384.8,18.96,22.09,3.13,18.64,22.9,0.989,1,1,31.0,0.24,32.85,30.1,0
1779285642700,1281,UAS-02,617.8,18.91,21.94,3.03,18.46,23.1,0.990,1,1,32.2,0.38,33.17,30.0,0
1779285642733,1282,GND-VEH-01,548.3,19.06,21.96,2.90,18.14,20.9,0.990,1,1,34.0,0.54,32.90,29.9,0
1779285642767,1283,PERSON-01,790.8,19.07,22.12,3.05,18.13,20.8,0.990,1,1,36.4,0.72,32.94,30.1,0
1779285642800,1284,UAS-01,868.1,18.83,21.63,2.80,18.10,22.7,0.990,1,1,32.4,0.05,33.12,29.9,0
1779285642833,1285,UAS-02,424.0,18.95,22.24,3.29,18.34,23.3,0.990,1,1,31.0,0.10,32.80,30.1,0
1779285642867,1286,GND-VEH-01,678.6,19.08,22.01,2.93,18.10,21.6,0.984,1,1,31.0,0.04,33.02,30.1,0
1779285642900,1287,PERSON-01,485.2,18.85,22.27,3.41,19.12,21.6,0.980,1,1,32.6,0.25,32.97,30.0,0
1779285642933,1288,UAS-01,470.6,18.94,22.51,3.56,18.84,22.7,0.977,1,1,33.0,0.31,32.68,29.9,0
1779285642967,1289,UAS-02,661.8,18.90,21.85,2.95,18.49,22.1,0.990,1,1,31.6,0.50,32.94,30.1,0
1779285643000,1290,GND-VEH-01,507.6,18.82,21.87,3.05,18.16,22.4,0.990,1,1,31.0,0.62,33.19,29.8,0
1779285643033,1291,PERSON-01,481.0,18.84,21.96,3.12,18.33,21.8,0.990,1,1,31.0,0.12,33.26,30.0,0
1779285643067,1292,UAS-01,382.5,18.74,21.80,3.07,17.94,22.2,0.990,1,1,31.0,0.12,33.15,29.9,0
1779285643100,1293,UAS-02,909.6,19.10,22.35,3.25,17.81,22.6,0.990,1,1,31.0,0.19,33.04,30.1,0
1779285643133,1294,GND-VEH-01,351.1,18.84,21.97,3.13,17.72,21.1,0.990,1,1,32.5,0.23,33.37,30.0,0
1779285643167,1295,PERSON-01,451.2,19.04,22.08,3.03,18.54,21.9,0.990,1,1,33.3,0.05,33.38,30.0,0
1779285643200,1296,UAS-01,410.0,19.17,22.10,2.93,17.82,21.0,0.990,1,1,32.5,0.07,33.02,30.1,0
1779285643233,1297,UAS-02,531.0,19.13,22.43,3.31,17.61,21.9,0.978,1,1,31.4,0.37,32.89,30.0,0
1779285643267,1298,GND-VEH-01,413.9,18.95,22.16,3.21,18.39,22.4,0.990,1,1,31.0,0.28,33.46,30.1,0
1779285643300,1299,PERSON-01,403.8,18.83,22.18,3.35,18.98,21.8,0.990,1,1,31.9,0.18,33.39,29.8,0
1779285643333,1300,UAS-01,438.1,18.82,21.86,3.05,17.55,21.0,0.989,1,1,31.0,0.64,32.58,30.2,0
1779285643367,1301,UAS-02,550.3,19.06,22.03,2.97,18.08,21.1,0.990,1,1,33.5,0.15,33.23,30.1,0
1779285643400,1302,GND-VEH-01,317.5,19.16,22.39,3.23,18.48,21.8,0.990,1,1,31.0,0.34,33.10,30.0,0
1779285643433,1303,PERSON-01,509.4,18.97,21.95,2.98,18.50,21.8,0.988,1,1,32.9,0.05,33.02,30.0,0
1779285643467,1304,UAS-01,616.0,19.03,22.08,3.05,18.73,21.7,0.990,1,1,31.7,0.14,33.17,29.9,0
1779285643500,1305,UAS-02,588.2,18.95,22.16,3.21,18.97,20.8,0.983,1,1,31.0,0.42,32.97,23.8,1
1779285643533,1306,GND-VEH-01,308.6,19.00,22.25,3.25,18.53,21.0,0.990,1,1,32.0,0.33,33.12,30.0,0
1779285643567,1307,PERSON-01,445.3,19.07,22.22,3.15,18.39,22.0,0.990,1,1,31.0,0.06,33.12,30.0,0
1779285643600,1308,UAS-01,597.9,18.95,22.20,3.25,18.39,22.8,0.983,1,1,31.0,0.20,33.13,23.4,1
1779285643633,1309,UAS-02,728.1,19.07,21.75,2.67,17.59,20.3,0.990,1,1,34.1,0.13,32.57,29.9,0
1779285643667,1310,GND-VEH-01,748.8,19.07,22.28,3.21,17.60,22.3,0.990,1,1,31.0,0.27,33.08,30.0,0
1779285643700,1311,PERSON-01,588.0,18.82,21.89,3.07,17.77,24.0,0.990,1,1,31.0,0.04,33.21,30.1,0
1779285643733,1312,UAS-01,371.1,18.98,22.17,3.20,18.04,20.6,0.973,1,1,32.0,0.27,33.19,30.1,0
1779285643767,1313,UAS-02,663.1,19.02,22.17,3.16,18.33,21.7,0.977,1,1,33.0,0.21,32.80,30.0,0
1779285643800,1314,GND-VEH-01,545.2,18.91,22.25,3.34,19.11,23.3,0.990,1,1,31.9,0.04,32.77,30.1,0
1779285643833,1315,PERSON-01,597.0,18.88,22.10,3.23,18.45,21.9,0.990,1,1,34.6,0.54,33.13,30.0,0
1779285643867,1316,UAS-01,481.1,19.05,22.02,2.97,18.25,20.6,0.980,1,1,31.0,0.03,33.26,30.0,0
1779285643900,1317,UAS-02,478.7,18.94,21.93,2.99,18.06,21.4,0.990,1,1,31.0,0.40,33.40,30.1,0
1779285643933,1318,GND-VEH-01,348.6,19.26,22.60,3.34,18.22,22.9,0.990,1,1,31.1,0.26,33.27,30.0,0
1779285643967,1319,PERSON-01,380.3,19.02,22.01,2.98,17.63,21.2,0.990,1,1,31.4,0.19,33.17,21.2,1
1779285644000,1320,UAS-01,345.5,19.07,22.33,3.26,18.45,22.9,0.990,1,1,31.3,0.10,32.84,30.0,0
1779285644033,1321,UAS-02,573.4,19.23,22.29,3.06,17.45,23.4,0.987,1,1,33.4,0.13,33.26,30.1,0
1779285644067,1322,GND-VEH-01,976.8,19.26,22.26,3.01,17.75,22.0,0.972,1,1,32.6,0.01,33.18,30.0,0
1779285644100,1323,PERSON-01,410.6,19.28,22.57,3.30,18.81,22.6,0.990,1,1,31.4,0.16,33.03,29.9,0
1779285644133,1324,UAS-01,438.2,19.03,22.46,3.42,18.66,22.4,0.990,1,1,31.6,0.15,33.15,30.1,0
1779285644167,1325,UAS-02,418.1,19.25,22.49,3.24,18.48,20.4,0.990,1,1,31.0,0.18,33.33,22.9,1
1779285644200,1326,GND-VEH-01,541.9,19.01,22.12,3.11,18.64,21.6,0.990,1,1,32.0,0.44,33.38,30.1,0
1779285644233,1327,PERSON-01,346.6,18.91,21.94,3.03,17.91,21.1,0.990,1,1,31.0,0.19,33.47,30.1,0
1779285644267,1328,UAS-01,616.0,18.76,21.86,3.10,17.83,21.2,0.984,1,1,31.0,0.21,33.55,22.3,1
1779285644300,1329,UAS-02,408.5,18.98,21.97,2.99,17.13,21.5,0.990,1,1,31.0,0.37,32.99,30.0,0
1779285644333,1330,GND-VEH-01,634.8,19.00,21.75,2.75,17.64,21.7,0.990,1,1,31.5,0.02,32.84,30.0,0
1779285644367,1331,PERSON-01,387.4,18.81,21.77,2.97,18.14,22.8,0.989,1,1,31.6,0.00,33.26,30.0,0
1779285644400,1332,UAS-01,620.2,19.02,22.21,3.18,18.37,22.4,0.990,1,1,31.0,0.38,33.05,29.9,0
1779285644433,1333,UAS-02,342.8,19.08,22.28,3.19,17.72,23.2,0.988,1,1,34.2,0.27,33.15,30.0,0
1779285644467,1334,GND-VEH-01,325.9,18.97,21.75,2.78,18.06,22.3,0.990,1,1,34.9,0.06,33.16,30.1,0
1779285644500,1335,PERSON-01,399.6,18.86,22.13,3.27,18.17,23.0,0.974,1,1,31.0,0.03,33.12,30.0,0
1779285644533,1336,UAS-01,377.0,18.77,22.04,3.26,17.67,22.2,0.990,1,1,31.5,0.02,32.96,30.1,0
1779285644567,1337,UAS-02,742.1,19.18,22.20,3.02,17.44,20.9,0.990,1,1,31.0,0.01,33.23,29.9,0
1779285644600,1338,GND-VEH-01,489.0,18.98,22.26,3.28,18.33,21.8,0.990,1,1,32.4,0.23,33.28,29.9,0
1779285644633,1339,PERSON-01,301.6,19.22,22.62,3.40,18.88,21.9,0.990,1,1,31.4,0.29,33.20,29.9,0
1779285644667,1340,UAS-01,416.8,19.03,22.11,3.08,17.82,22.7,0.990,1,1,31.0,0.23,33.42,30.0,0
1779285644700,1341,UAS-02,530.0,19.14,22.48,3.34,18.10,23.1,0.990,1,1,31.0,0.56,33.33,29.9,0
1779285644733,1342,GND-VEH-01,853.0,19.00,22.04,3.04,17.86,22.0,0.990,1,1,31.0,0.38,33.15,30.1,0
1779285644767,1343,PERSON-01,535.5,19.05,22.20,3.15,18.14,21.4,0.990,1,1,31.4,0.03,33.00,29.9,0
1779285644800,1344,UAS-01,778.3,18.75,21.54,2.80,18.54,23.2,0.988,1,1,33.0,0.17,33.61,29.9,0
1779285644833,1345,UAS-02,395.1,19.04,22.36,3.32,18.44,20.5,0.987,1,1,33.3,0.26,33.46,30.1,0
1779285644867,1346,GND-VEH-01,509.8,19.05,22.02,2.97,18.10,20.1,0.979,1,1,31.6,0.04,33.66,30.0,0
1779285644900,1347,PERSON-01,605.3,18.99,22.07,3.08,17.39,23.4,0.984,1,1,32.5,0.13,33.06,30.0,0
1779285644933,1348,UAS-01,557.2,19.00,22.17,3.17,18.27,22.9,0.990,1,1,31.0,0.06,33.34,30.0,0
1779285644967,1349,UAS-02,905.3,18.90,22.03,3.13,17.85,22.9,0.990,1,1,32.5,0.20,32.99,30.1,0
1779285645000,1350,GND-VEH-01,498.6,19.02,21.98,2.96,18.12,23.1,0.990,1,1,31.0,0.38,33.24,29.9,0
1779285645033,1351,PERSON-01,1013.4,18.99,21.92,2.93,18.50,23.1,0.982,1,1,31.0,0.06,32.98,30.0,0
1779285645067,1352,UAS-01,429.6,19.07,22.41,3.34,18.27,22.3,0.990,1,1,31.0,0.19,33.20,29.9,0
1779285645100,1353,UAS-02,415.3,19.19,22.66,3.47,19.51,23.1,0.990,1,1,31.0,0.15,33.44,30.2,0
1779285645133,1354,GND-VEH-01,420.6,19.03,22.28,3.26,18.89,22.6,0.990,1,1,32.3,0.17,33.16,22.6,1
1779285645167,1355,PERSON-01,425.5,18.99,22.02,3.03,17.32,21.1,0.972,1,1,31.7,0.23,33.56,29.9,0
1779285645200,1356,UAS-01,735.0,18.89,22.22,3.33,18.39,23.2,0.990,1,1,31.4,0.08,33.44,30.1,0
1779285645233,1357,UAS-02,453.3,19.03,22.01,2.98,17.53,20.1,0.980,1,1,31.0,0.57,32.73,29.9,0
1779285645267,1358,GND-VEH-01,408.4,18.96,22.46,3.50,18.68,23.2,0.990,1,1,31.0,0.02,33.26,30.1,0
1779285645300,1359,PERSON-01,630.2,19.21,22.56,3.35,19.01,21.4,0.990,1,1,31.0,0.09,33.37,30.0,0
1779285645333,1360,UAS-01,415.5,19.22,22.28,3.06,18.31,21.8,0.986,1,1,31.9,0.46,33.13,30.0,0
1779285645367,1361,UAS-02,609.8,19.00,22.14,3.15,18.30,21.3,0.990,1,1,31.0,0.08,33.03,29.9,0
1779285645400,1362,GND-VEH-01,734.6,19.06,22.14,3.08,17.71,22.5,0.990,1,1,32.3,0.28,33.20,30.1,0
1779285645433,1363,PERSON-01,417.4,18.90,21.75,2.85,17.98,22.2,0.976,1,1,31.0,0.36,33.61,30.0,0
1779285645467,1364,UAS-01,580.3,19.08,22.23,3.15,17.74,21.6,0.990,1,1,31.0,0.06,33.36,30.0,0
1779285645500,1365,UAS-02,335.7,19.22,22.49,3.26,18.17,22.1,0.986,1,1,31.0,0.05,33.35,29.9,0
1779285645533,1366,GND-VEH-01,668.6,19.14,22.20,3.06,17.65,20.1,0.990,1,1,31.0,0.55,33.41,29.9,0
1779285645567,1367,PERSON-01,781.8,18.99,22.12,3.12,18.21,21.6,0.990,1,1,31.0,0.21,33.07,30.1,0
1779285645600,1368,UAS-01,528.3,19.03,22.18,3.14,17.72,22.4,0.987,1,1,31.1,0.24,33.53,30.1,0
1779285645633,1369,UAS-02,640.2,18.89,22.13,3.24,18.80,22.0,0.990,1,1,31.0,0.48,33.56,30.0,0
1779285645667,1370,GND-VEH-01,341.7,19.19,22.19,3.00,17.78,22.6,0.990,1,1,31.0,0.14,33.13,29.9,0
1779285645700,1371,PERSON-01,616.6,18.92,22.08,3.16,18.72,22.7,0.990,1,1,31.0,0.04,33.21,30.0,0
1779285645733,1372,UAS-01,395.6,19.04,21.95,2.92,17.60,21.6,0.990,1,1,33.5,0.17,33.25,29.9,0
1779285645767,1373,UAS-02,643.0,18.89,22.04,3.15,18.15,21.6,0.990,1,1,32.4,0.40,33.55,30.0,0
1779285645800,1374,GND-VEH-01,430.4,19.11,22.47,3.36,18.48,20.4,0.989,1,1,31.0,0.31,33.20,29.9,0
1779285645833,1375,PERSON-01,446.2,19.41,22.52,3.11,17.86,21.7,0.990,1,1,32.9,0.34,32.93,30.0,0
1779285645867,1376,UAS-01,527.5,19.09,22.30,3.20,18.09,20.0,0.990,1,1,31.9,0.03,33.09,30.1,0
1779285645900,1377,UAS-02,431.9,18.73,21.90,3.17,18.28,22.6,0.990,1,1,31.0,0.17,33.28,30.0,0
1779285645933,1378,GND-VEH-01,418.2,18.81,21.99,3.18,18.38,23.2,0.990,1,1,31.0,0.01,33.30,30.1,0
1779285645967,1379,PERSON-01,376.5,18.99,22.08,3.09,17.46,23.5,0.990,1,1,34.4,0.14,33.15,30.1,0
1779285646000,1380,UAS-01,308.8,18.68,21.95,3.27,17.53,20.8,0.990,1,1,34.9,0.34,33.33,30.0,0
1779285646033,1381,UAS-02,579.6,19.03,22.16,3.13,18.28,22.8,0.990,1,1,31.4,0.17,33.70,30.0,0
1779285646067,1382,GND-VEH-01,498.5,18.91,21.77,2.87,17.38,22.3,0.990,1,1,31.0,0.19,33.53,30.1,0
1779285646100,1383,PERSON-01,530.1,18.90,21.83,2.93,17.76,22.8,0.990,1,1,31.0,0.30,33.47,30.0,0
1779285646133,1384,UAS-01,566.2,19.07,22.13,3.06,18.24,22.4,0.990,1,1,33.2,0.39,33.30,30.0,0
1779285646167,1385,UAS-02,675.7,18.86,22.18,3.32,18.40,20.6,0.990,1,1,31.0,0.36,33.33,29.9,0
1779285646200,1386,GND-VEH-01,686.8,18.79,21.96,3.17,17.77,21.4,0.990,1,1,31.0,0.36,33.30,29.9,0
1779285646233,1387,PERSON-01,324.7,18.99,22.05,3.06,18.56,21.9,0.990,1,1,31.0,0.30,33.54,30.0,0
1779285646267,1388,UAS-01,451.9,18.83,21.96,3.13,18.49,21.5,0.990,1,1,31.3,0.19,33.72,30.0,0
1779285646300,1389,UAS-02,522.1,19.02,21.83,2.81,18.11,22.2,0.990,1,1,33.4,0.80,33.80,30.1,0
1779285646333,1390,GND-VEH-01,874.8,18.77,22.00,3.23,18.39,21.1,0.974,1,1,31.0,0.20,33.44,29.9,0
1779285646367,1391,PERSON-01,347.6,18.99,22.43,3.44,19.20,21.9,0.990,1,1,33.0,0.44,33.52,29.9,0
1779285646400,1392,UAS-01,343.0,19.12,22.29,3.17,17.98,23.6,0.990,1,1,31.0,0.32,33.74,30.1,0
1779285646433,1393,UAS-02,480.2,19.29,22.57,3.28,19.04,22.2,0.990,1,1,31.4,0.22,33.51,21.0,1
1779285646467,1394,GND-VEH-01,658.1,18.92,22.12,3.20,18.75,21.1,0.974,1,1,32.0,0.39,33.89,30.0,0
1779285646500,1395,PERSON-01,529.4,19.01,21.94,2.93,18.04,22.6,0.990,1,1,32.7,0.22,34.03,30.0,0
1779285646533,1396,UAS-01,627.7,19.16,22.32,3.16,17.70,21.5,0.990,1,1,34.0,0.29,33.21,30.1,0
1779285646567,1397,UAS-02,388.1,18.96,22.22,3.26,19.00,19.4,0.990,1,1,31.0,0.12,33.28,30.0,0
1779285646600,1398,GND-VEH-01,553.3,18.88,21.88,3.00,18.32,22.5,0.990,1,1,31.0,0.32,33.76,30.0,0
1779285646633,1399,PERSON-01,434.1,18.97,22.13,3.16,18.12,22.5,0.987,1,1,32.8,0.42,33.46,30.1,0
1779285646667,1400,UAS-01,437.5,19.25,22.48,3.23,18.34,20.7,0.990,1,1,32.4,0.46,33.18,30.0,0
1779285646700,1401,UAS-02,531.8,19.04,22.31,3.27,17.91,21.3,0.990,1,1,32.1,0.65,33.47,30.0,0
1779285646733,1402,GND-VEH-01,515.4,18.91,21.97,3.06,17.58,21.3,0.990,1,1,33.2,0.22,33.66,29.9,0
1779285646767,1403,PERSON-01,388.8,18.89,22.08,3.19,17.59,22.2,0.990,1,1,36.2,0.24,33.67,30.0,0
1779285646800,1404,UAS-01,586.8,19.04,22.09,3.06,17.58,23.0,0.967,1,1,33.1,0.15,33.63,30.0,0
1779285646833,1405,UAS-02,418.5,19.08,22.50,3.41,18.82,21.9,0.979,1,1,31.1,0.09,33.20,29.9,0
1779285646867,1406,GND-VEH-01,542.2,19.29,22.46,3.18,18.14,21.1,0.990,1,1,31.0,0.12,33.43,30.1,0
1779285646900,1407,PERSON-01,618.3,18.80,21.91,3.11,18.48,22.1,0.990,1,1,31.0,0.32,33.56,30.0,0
1779285646933,1408,UAS-01,334.0,19.10,22.52,3.42,18.14,21.8,0.984,1,1,31.0,0.21,33.95,29.9,0
1779285646967,1409,UAS-02,394.4,19.08,22.40,3.32,18.82,21.9,0.990,1,1,31.0,0.12,33.54,30.0,0
1779285647000,1410,GND-VEH-01,317.4,18.61,21.66,3.06,17.68,22.4,0.990,1,1,31.0,0.67,33.41,29.9,0
1779285647033,1411,PERSON-01,503.3,18.96,22.29,3.33,18.29,20.8,0.990,1,1,31.3,0.10,33.36,30.0,0
1779285647067,1412,UAS-01,372.8,18.83,22.37,3.54,18.80,22.1,0.987,1,1,31.0,0.06,33.16,30.0,0
1779285647100,1413,UAS-02,431.8,18.98,22.11,3.13,18.07,22.0,0.990,1,1,31.0,0.18,33.60,30.1,0
1779285647133,1414,GND-VEH-01,375.8,18.72,22.01,3.29,18.03,22.5,0.990,1,1,31.0,0.37,33.17,30.2,0
1779285647167,1415,PERSON-01,572.0,19.17,22.19,3.03,17.90,21.3,0.990,1,1,31.0,0.27,33.84,30.1,0
1779285647200,1416,UAS-01,585.9,18.82,21.83,3.00,17.67,21.8,0.985,1,1,31.0,0.10,33.22,30.0,0
1779285647233,1417,UAS-02,599.7,19.03,22.14,3.11,17.91,22.1,0.990,1,1,31.5,0.28,33.45,29.9,0
1779285647267,1418,GND-VEH-01,324.5,19.00,22.06,3.05,18.46,23.1,0.976,1,1,32.2,0.38,33.72,30.1,0
1779285647300,1419,PERSON-01,485.8,18.85,21.88,3.03,17.58,21.1,0.990,1,1,31.6,0.02,33.86,29.9,0
1779285647333,1420,UAS-01,451.9,19.06,22.38,3.32,18.86,21.9,0.990,1,1,31.0,0.13,33.25,29.9,0
1779285647367,1421,UAS-02,402.1,19.12,22.07,2.95,18.61,21.5,0.990,1,1,31.0,0.10,33.40,22.6,1
1779285647400,1422,GND-VEH-01,303.1,18.92,22.07,3.15,18.07,23.0,0.990,1,1,31.0,0.27,33.42,29.8,0
1779285647433,1423,PERSON-01,470.1,19.02,22.38,3.36,18.85,20.7,0.990,1,1,31.0,0.58,33.06,20.4,1
1779285647467,1424,UAS-01,691.2,19.04,22.32,3.28,18.26,20.3,0.990,1,1,31.0,0.38,33.44,30.1,0
1779285647500,1425,UAS-02,354.1,19.40,22.60,3.20,17.66,23.3,0.990,1,1,31.9,0.21,33.58,30.1,0
1779285647533,1426,GND-VEH-01,311.3,18.77,22.16,3.39,19.00,21.3,0.990,1,1,31.0,0.15,33.53,30.0,0
1779285647567,1427,PERSON-01,479.2,19.04,22.54,3.50,18.49,24.1,0.990,1,1,31.0,0.03,33.35,29.9,0
1779285647600,1428,UAS-01,913.3,19.06,22.05,2.99,18.30,22.1,0.988,1,1,31.0,0.34,33.41,29.9,0
1779285647633,1429,UAS-02,527.5,18.93,21.92,2.99,17.76,21.8,0.990,1,1,31.0,0.08,33.48,20.5,1
1779285647667,1430,GND-VEH-01,608.5,19.17,22.21,3.04,17.84,22.8,0.990,1,1,31.1,0.39,33.46,30.1,0
1779285647700,1431,PERSON-01,525.2,19.01,21.95,2.94,18.10,22.2,0.990,1,1,32.8,0.15,33.61,30.0,0
1779285647733,1432,UAS-01,481.0,19.09,22.15,3.06,18.14,23.7,0.990,1,1,32.0,0.50,33.04,30.1,0
1779285647767,1433,UAS-02,521.0,19.16,22.07,2.91,18.02,21.8,0.990,1,1,31.0,0.36,33.57,29.9,0
1779285647800,1434,GND-VEH-01,478.9,18.96,21.94,2.98,17.65,22.2,0.990,1,1,32.9,0.19,32.98,29.9,0
1779285647833,1435,PERSON-01,331.8,19.06,22.33,3.27,18.86,21.8,0.990,1,1,32.0,0.32,33.23,29.9,0
1779285647867,1436,UAS-01,412.0,18.85,21.84,2.98,17.98,20.1,0.990,1,1,32.8,0.18,33.87,30.0,0
1779285647900,1437,UAS-02,671.2,18.98,22.13,3.15,18.47,21.9,0.974,1,1,31.7,0.44,33.90,21.7,1
1779285647933,1438,GND-VEH-01,563.2,18.97,22.06,3.08,18.27,21.8,0.990,1,1,31.0,0.14,33.60,30.0,0
1779285647967,1439,PERSON-01,512.4,18.98,22.30,3.33,17.99,23.0,0.979,1,1,31.0,0.12,33.57,30.0,0
1779285648000,1440,UAS-01,375.5,19.02,22.28,3.26,18.57,20.5,0.990,1,1,31.0,0.28,33.48,30.0,0
1779285648033,1441,UAS-02,348.1,18.96,22.21,3.25,18.45,22.9,0.990,1,1,33.3,0.16,33.96,30.0,0
1779285648067,1442,GND-VEH-01,631.6,18.98,22.12,3.14,18.73,20.7,0.985,1,1,32.5,0.35,33.97,30.0,0
1779285648100,1443,PERSON-01,772.0,18.89,22.05,3.17,17.66,21.6,0.990,1,1,32.5,0.53,33.59,30.1,0
1779285648133,1444,UAS-01,352.3,19.05,22.17,3.12,18.53,21.8,0.990,1,1,34.0,0.08,33.70,20.0,1
1779285648167,1445,UAS-02,742.3,19.11,22.41,3.30,18.46,23.4,0.990,1,1,31.0,0.48,33.54,30.2,0
1779285648200,1446,GND-VEH-01,724.3,18.97,22.13,3.16,18.07,21.3,0.990,1,1,32.0,0.46,33.63,22.7,1
1779285648233,1447,PERSON-01,343.3,18.87,22.10,3.23,18.36,22.1,0.990,1,1,31.0,0.17,34.00,30.0,0
1779285648267,1448,UAS-01,417.9,18.96,22.22,3.26,18.25,22.3,0.981,1,1,31.0,0.40,33.60,30.0,0
1779285648300,1449,UAS-02,969.5,19.24,22.25,3.00,18.23,21.6,0.990,1,1,31.0,0.24,33.53,30.0,0
1779285648333,1450,GND-VEH-01,602.1,19.04,22.14,3.10,18.26,21.2,0.990,1,1,31.0,0.06,33.85,30.0,0
1779285648367,1451,PERSON-01,308.7,19.04,22.32,3.28,18.47,21.3,0.990,1,1,31.0,0.45,33.45,29.9,0
1779285648400,1452,UAS-01,572.4,18.96,22.23,3.27,18.54,22.2,0.982,1,1,31.0,0.07,33.74,30.0,0
1779285648433,1453,UAS-02,441.1,18.82,22.05,3.23,17.71,20.8,0.990,1,1,31.0,0.00,34.02,29.9,0
1779285648467,1454,GND-VEH-01,605.7,19.11,22.38,3.27,19.13,21.0,0.990,1,1,32.6,0.28,33.79,30.1,0
1779285648500,1455,PERSON-01,407.7,18.99,22.19,3.20,18.25,23.8,0.990,1,1,31.9,0.04,33.56,29.9,0
1779285648533,1456,UAS-01,592.3,19.19,22.67,3.48,18.41,22.9,0.968,1,1,31.0,0.14,33.34,22.1,1
1779285648567,1457,UAS-02,647.2,18.92,21.90,2.98,17.86,22.9,0.990,1,1,31.0,0.34,33.76,29.9,0
1779285648600,1458,GND-VEH-01,388.6,18.95,21.90,2.95,18.22,21.5,0.990,1,1,31.0,0.00,33.15,30.0,0
1779285648633,1459,PERSON-01,331.9,19.01,22.53,3.52,19.17,20.8,0.990,1,1,31.0,0.46,33.69,29.8,0
1779285648667,1460,UAS-01,635.0,18.95,22.15,3.21,18.45,21.7,0.990,1,1,32.7,0.41,33.84,30.1,0
1779285648700,1461,UAS-02,375.1,19.03,22.08,3.06,17.35,22.6,0.990,1,1,31.0,0.18,33.77,19.2,1
1779285648733,1462,GND-VEH-01,501.0,18.77,21.97,3.20,18.58,22.6,0.986,1,1,31.8,0.01,33.71,30.0,0
1779285648767,1463,PERSON-01,369.3,19.14,22.26,3.12,18.38,21.4,0.990,1,1,33.0,0.18,33.32,30.1,0
1779285648800,1464,UAS-01,435.7,19.29,22.41,3.13,18.33,21.5,0.990,1,1,31.0,0.01,33.60,30.1,0
1779285648833,1465,UAS-02,961.3,18.87,21.86,2.99,17.89,21.5,0.978,1,1,31.0,0.46,33.89,29.9,0
1779285648867,1466,GND-VEH-01,510.0,19.00,22.05,3.06,18.14,23.3,0.990,1,1,31.0,0.05,33.78,30.1,0
1779285648900,1467,PERSON-01,395.3,18.92,22.11,3.19,18.62,21.6,0.990,1,1,31.0,0.03,34.00,29.9,0
1779285648933,1468,UAS-01,433.4,19.00,22.10,3.10,18.36,20.5,0.990,1,1,33.8,0.04,33.53,30.1,0
1779285648967,1469,UAS-02,458.1,19.09,22.35,3.26,18.22,21.4,0.990,1,1,31.5,0.03,33.69,30.0,0
1779285649000,1470,GND-VEH-01,307.0,18.79,22.36,3.58,19.24,23.6,0.980,1,1,35.3,0.05,33.78,30.0,0
1779285649033,1471,PERSON-01,407.2,18.88,21.92,3.04,17.62,22.9,0.962,1,1,31.0,0.39,33.93,30.0,0
1779285649067,1472,UAS-01,382.7,19.21,22.67,3.46,19.16,22.2,0.973,1,1,31.0,0.32,33.91,30.0,0
1779285649100,1473,UAS-02,791.2,18.97,22.10,3.12,18.05,21.2,0.990,1,1,32.3,0.09,33.50,30.0,0
1779285649133,1474,GND-VEH-01,484.2,18.80,21.93,3.13,18.50,22.0,0.990,1,1,31.0,0.22,33.83,30.0,0
1779285649167,1475,PERSON-01,339.6,19.10,22.39,3.30,18.37,21.8,0.990,1,1,31.0,0.12,33.94,30.1,0
1779285649200,1476,UAS-01,372.9,19.10,22.44,3.34,18.79,21.3,0.982,1,1,31.5,0.16,33.76,29.9,0
1779285649233,1477,UAS-02,479.5,18.73,21.83,3.10,17.74,20.4,0.990,1,1,34.9,0.44,33.38,30.0,0
1779285649267,1478,GND-VEH-01,588.0,19.21,22.27,3.06,17.79,21.2,0.990,1,1,31.0,0.57,33.83,29.8,0
1779285649300,1479,PERSON-01,347.4,19.02,22.10,3.08,18.71,20.6,0.980,1,1,31.0,0.22,34.02,30.1,0
1779285649333,1480,UAS-01,768.1,18.71,21.61,2.90,17.29,21.5,0.984,1,1,31.9,0.19,33.87,29.9,0
1779285649367,1481,UAS-02,463.3,19.05,22.22,3.17,18.48,22.3,0.980,1,1,31.0,0.21,33.63,30.1,0
1779285649400,1482,GND-VEH-01,347.3,18.83,22.05,3.22,19.42,21.1,0.979,1,1,33.3,0.35,33.73,30.1,0
1779285649433,1483,PERSON-01,369.7,19.11,22.24,3.13,18.86,21.1,0.990,1,1,32.1,0.07,33.76,30.1,0
1779285649467,1484,UAS-01,487.6,18.90,21.89,2.98,17.44,23.5,0.974,1,1,31.0,0.41,33.57,30.0,0
1779285649500,1485,UAS-02,343.1,18.81,22.06,3.25,18.59,21.0,0.990,1,1,31.0,0.12,33.84,30.0,0
1779285649533,1486,GND-VEH-01,300.5,18.97,21.94,2.96,18.31,21.6,0.990,1,1,32.2,0.44,34.17,30.1,0
1779285649567,1487,PERSON-01,315.5,18.86,22.28,3.41,17.83,21.5,0.990,1,1,31.0,0.25,33.76,30.1,0
1779285649600,1488,UAS-01,306.4,19.05,22.16,3.11,18.73,22.2,0.989,1,1,33.0,0.45,33.52,30.0,0
1779285649633,1489,UAS-02,674.4,19.16,22.33,3.17,18.13,21.2,0.990,1,1,31.2,0.23,34.02,30.1,0
1779285649667,1490,GND-VEH-01,345.1,19.02,22.31,3.29,18.88,21.7,0.975,1,1,31.0,0.10,34.05,29.9,0
1779285649700,1491,PERSON-01,569.5,19.06,21.93,2.87,17.93,22.8,0.990,1,1,31.0,0.79,33.64,29.9,0
1779285649733,1492,UAS-01,990.1,19.10,22.25,3.15,18.29,21.9,0.982,1,1,31.0,0.03,33.95,29.9,0
1779285649767,1493,UAS-02,306.1,18.82,22.13,3.32,18.88,21.5,0.990,1,1,32.3,0.12,34.03,30.0,0
1779285649800,1494,GND-VEH-01,327.6,18.97,22.23,3.26,18.21,21.4,0.990,1,1,31.0,0.17,33.32,30.1,0
1779285649833,1495,PERSON-01,435.7,19.15,22.46,3.31,18.18,21.2,0.986,1,1,31.0,0.04,34.08,29.9,0
1779285649867,1496,UAS-01,368.5,19.10,22.43,3.34,18.89,22.0,0.990,1,1,31.0,0.16,33.67,30.0,0
1779285649900,1497,UAS-02,451.3,19.21,22.40,3.19,18.49,20.4,0.990,1,1,31.9,0.16,33.86,30.0,0
1779285649933,1498,GND-VEH-01,564.2,18.89,22.19,3.30,17.87,22.0,0.990,1,1,31.0,0.15,33.88,30.0,0
1779285649967,1499,PERSON-01,804.5,19.31,22.55,3.24,18.98,21.5,0.989,1,1,31.0,0.10,33.87,30.0,0
1779285650000,1500,UAS-01,730.2,19.19,21.96,2.77,17.83,22.7,0.990,1,1,31.0,0.15,33.79,30.0,0
1779285650033,1501,UAS-02,816.9,18.98,21.68,2.70,17.43,22.1,0.990,1,1,31.0,0.56,34.07,30.0,0
1779285650067,1502,GND-VEH-01,377.7,19.25,22.43,3.17,18.80,22.3,0.990,1,1,32.6,0.14,33.87,20.8,1
1779285650100,1503,PERSON-01,480.3,19.15,22.22,3.07,18.06,23.3,0.965,1,1,31.9,0.22,33.75,21.2,1
1779285650133,1504,UAS-01,624.8,19.18,22.19,3.02,18.20,23.1,0.990,1,1,31.0,0.35,33.76,30.1,0
1779285650167,1505,UAS-02,431.2,18.86,21.97,3.12,18.32,22.9,0.984,1,1,34.5,0.47,33.51,30.0,0
1779285650200,1506,GND-VEH-01,488.1,19.05,22.16,3.11,18.76,20.7,0.990,1,1,31.0,0.08,34.18,22.3,1
1779285650233,1507,PERSON-01,334.2,18.96,21.96,3.00,18.20,22.7,0.990,1,1,31.0,0.13,33.41,29.9,0
1779285650267,1508,UAS-01,638.2,19.09,21.90,2.81,17.43,22.7,0.990,1,1,31.0,0.13,33.49,30.2,0
1779285650300,1509,UAS-02,329.6,18.99,22.16,3.16,18.01,21.6,0.990,1,1,32.3,0.40,33.89,30.0,0
1779285650333,1510,GND-VEH-01,460.7,19.13,22.43,3.30,18.45,22.3,0.990,1,1,31.0,0.31,34.13,30.1,0
1779285650367,1511,PERSON-01,444.4,18.73,21.98,3.25,18.64,22.3,0.990,1,1,33.0,0.07,33.89,29.9,0
1779285650400,1512,UAS-01,510.0,18.84,21.88,3.04,17.49,21.5,0.990,1,1,31.0,0.28,33.83,30.0,0
1779285650433,1513,UAS-02,411.7,18.84,22.08,3.24,19.17,21.0,0.990,1,1,31.0,0.31,33.50,30.0,0
1779285650467,1514,GND-VEH-01,374.0,19.13,22.59,3.46,18.55,21.8,0.982,1,1,31.0,0.75,33.86,30.0,0
1779285650500,1515,PERSON-01,311.4,18.94,22.23,3.29,17.79,21.5,0.990,1,1,31.0,0.29,33.85,29.9,0
1779285650533,1516,UAS-01,384.2,18.78,22.18,3.39,18.59,22.7,0.983,1,1,31.0,0.09,34.10,30.0,0
1779285650567,1517,UAS-02,460.2,19.01,22.26,3.24,17.92,21.7,0.990,1,1,31.0,0.19,33.82,30.0,0
1779285650600,1518,GND-VEH-01,562.6,19.10,22.06,2.96,17.89,20.7,0.990,1,1,31.9,0.03,33.69,29.9,0
1779285650633,1519,PERSON-01,325.4,19.29,22.41,3.12,18.21,22.8,0.990,1,1,31.0,0.55,33.64,30.0,0
1779285650667,1520,UAS-01,326.1,18.99,22.15,3.16,18.41,20.8,0.990,1,1,31.2,0.12,33.98,30.0,0
1779285650700,1521,UAS-02,305.0,19.04,22.23,3.19,18.55,21.7,0.990,1,1,33.0,0.17,33.65,30.0,0
1779285650733,1522,GND-VEH-01,429.1,18.81,21.81,3.00,17.86,22.7,0.990,1,1,34.2,0.49,33.20,29.9,0
1779285650767,1523,PERSON-01,533.3,18.91,22.33,3.42,18.54,22.0,0.990,1,1,31.0,0.30,33.76,22.6,1
1779285650800,1524,UAS-01,792.5,18.74,21.93,3.19,17.75,22.4,0.990,1,1,31.0,0.35,33.76,29.9,0
1779285650833,1525,UAS-02,711.5,19.12,22.02,2.91,17.82,21.9,0.990,1,1,31.6,0.24,33.68,30.1,0
1779285650867,1526,GND-VEH-01,710.9,19.13,22.30,3.17,17.60,23.5,0.987,1,1,31.3,0.21,34.06,30.0,0
1779285650900,1527,PERSON-01,529.2,19.03,22.00,2.97,18.23,21.7,0.990,1,1,33.2,0.12,33.88,30.1,0
1779285650933,1528,UAS-01,319.2,18.99,22.24,3.25,18.42,22.1,0.990,1,1,31.0,0.20,33.88,30.0,0
1779285650967,1529,UAS-02,823.7,19.15,22.34,3.19,18.90,22.7,0.990,1,1,31.9,0.05,34.22,30.0,0
1779285651000,1530,GND-VEH-01,675.6,19.11,22.43,3.32,18.20,24.1,0.990,1,1,32.8,0.06,34.08,30.1,0
1779285651033,1531,PERSON-01,584.5,19.03,22.37,3.34,18.68,22.5,0.990,1,1,31.0,0.21,34.04,30.0,0
1779285651067,1532,UAS-01,328.1,19.29,22.69,3.40,17.92,22.2,0.990,1,1,31.0,0.37,33.78,29.9,0
1779285651100,1533,UAS-02,362.0,19.18,22.31,3.13,18.25,22.5,0.990,1,1,31.0,0.20,34.34,30.0,0
1779285651133,1534,GND-VEH-01,593.2,18.97,22.26,3.29,18.43,21.3,0.974,1,1,31.0,0.02,34.07,30.0,0
1779285651167,1535,PERSON-01,604.1,18.91,22.19,3.27,18.66,21.4,0.982,1,1,31.3,0.01,34.07,30.0,0
1779285651200,1536,UAS-01,472.3,19.11,22.54,3.43,18.16,21.8,0.990,1,1,31.0,0.06,34.32,29.8,0
1779285651233,1537,UAS-02,482.4,18.95,22.19,3.24,18.21,22.7,0.990,1,1,31.0,0.08,34.10,30.1,0
1779285651267,1538,GND-VEH-01,355.7,18.85,22.25,3.40,18.96,23.2,0.990,1,1,31.2,0.02,33.63,30.0,0
1779285651300,1539,PERSON-01,548.4,19.08,22.44,3.36,18.40,22.2,0.983,1,1,31.0,0.35,33.54,30.0,0
1779285651333,1540,UAS-01,305.2,19.11,22.41,3.30,18.12,23.1,0.990,1,1,31.2,0.31,33.64,30.0,0
1779285651367,1541,UAS-02,315.3,18.98,22.56,3.58,19.51,21.4,0.990,1,1,32.6,0.04,34.41,30.1,0
1779285651400,1542,GND-VEH-01,966.9,19.11,22.29,3.18,18.33,22.6,0.990,1,1,31.0,0.01,33.98,30.2,0
1779285651433,1543,PERSON-01,465.7,19.18,22.41,3.23,18.37,22.2,0.971,1,1,31.0,0.15,33.87,30.0,0
1779285651467,1544,UAS-01,512.5,19.03,22.49,3.47,19.21,21.6,0.990,1,1,31.5,0.02,33.95,30.2,0
1779285651500,1545,UAS-02,518.6,18.98,22.36,3.38,18.62,21.1,0.990,1,1,32.6,0.23,34.37,30.1,0
1779285651533,1546,GND-VEH-01,747.9,18.89,21.88,3.00,17.70,21.2,0.975,1,1,31.0,0.33,33.88,30.0,0
1779285651567,1547,PERSON-01,472.2,18.92,22.17,3.26,18.03,21.9,0.990,1,1,31.0,0.06,33.93,29.8,0
1779285651600,1548,UAS-01,354.7,18.96,22.08,3.13,18.20,20.9,0.986,1,1,33.3,0.01,34.26,21.8,1
1779285651633,1549,UAS-02,949.8,19.43,22.25,2.81,17.27,21.3,0.981,1,1,31.0,0.47,33.91,29.9,0
1779285651667,1550,GND-VEH-01,781.6,19.19,22.41,3.22,18.31,22.8,0.990,1,1,31.0,0.18,34.44,29.9,0
1779285651700,1551,PERSON-01,611.7,19.16,22.45,3.29,18.58,21.5,0.990,1,1,32.3,0.43,34.10,30.0,0
1779285651733,1552,UAS-01,596.5,19.33,22.43,3.10,17.62,21.9,0.990,1,1,33.7,0.19,34.05,30.1,0
1779285651767,1553,UAS-02,322.6,19.04,22.22,3.18,18.30,21.5,0.990,1,1,31.0,0.30,34.01,30.0,0
1779285651800,1554,GND-VEH-01,392.3,19.22,22.50,3.28,18.37,23.1,0.990,1,1,31.3,0.07,33.63,30.1,0
1779285651833,1555,PERSON-01,337.1,19.11,22.41,3.30,18.01,20.6,0.984,1,1,31.0,0.23,34.16,30.1,0
1779285651867,1556,UAS-01,561.0,18.84,22.07,3.23,17.95,22.3,0.990,1,1,32.1,0.06,34.13,30.1,0
1779285651900,1557,UAS-02,354.2,19.06,21.83,2.78,17.72,23.9,0.990,1,1,32.2,0.04,34.25,30.0,0
1779285651933,1558,GND-VEH-01,316.2,19.03,22.26,3.24,17.97,24.3,0.990,1,1,32.0,0.39,33.89,30.1,0
1779285651967,1559,PERSON-01,464.3,18.87,21.62,2.75,17.06,21.6,0.990,1,1,32.7,0.28,34.19,30.0,0
1779285652000,1560,UAS-01,451.0,19.07,22.41,3.34,18.97,21.8,0.990,1,1,31.0,0.58,33.58,30.0,0
1779285652033,1561,UAS-02,597.9,19.15,22.35,3.19,17.34,21.2,0.990,1,1,32.4,0.20,33.91,22.4,1
1779285652067,1562,GND-VEH-01,399.2,18.95,22.29,3.34,18.72,22.9,0.990,1,1,31.0,0.29,34.34,30.1,0
1779285652100,1563,PERSON-01,591.8,18.98,21.90,2.92,18.40,22.0,0.990,1,1,31.0,0.21,34.04,30.0,0
1779285652133,1564,UAS-01,440.4,18.99,22.06,3.07,17.63,22.2,0.984,1,1,33.9,0.07,33.89,30.1,0
1779285652167,1565,UAS-02,356.3,19.21,22.43,3.22,18.12,21.3,0.982,1,1,31.0,0.02,34.29,29.9,0
1779285652200,1566,GND-VEH-01,408.2,19.19,22.24,3.06,17.45,22.4,0.990,1,1,31.0,0.10,34.10,29.9,0
1779285652233,1567,PERSON-01,466.8,19.11,22.27,3.15,18.06,21.1,0.990,1,1,31.6,0.37,34.28,30.1,0
1779285652267,1568,UAS-01,363.8,19.05,22.05,3.00,18.36,23.1,0.990,1,1,34.0,0.50,33.78,29.9,0
1779285652300,1569,UAS-02,492.4,19.03,22.19,3.16,18.52,21.6,0.990,1,1,32.1,0.03,34.47,30.1,0
1779285652333,1570,GND-VEH-01,472.2,19.01,22.29,3.28,18.35,22.7,0.990,1,1,34.1,0.20,34.33,30.1,0
1779285652367,1571,PERSON-01,386.2,19.08,22.29,3.22,18.61,21.7,0.989,1,1,31.0,0.24,34.44,30.0,0
1779285652400,1572,UAS-01,637.3,18.76,21.94,3.18,17.72,22.0,0.989,1,1,31.2,0.14,33.78,30.1,0
1779285652433,1573,UAS-02,315.4,18.77,21.92,3.16,18.10,22.4,0.990,1,1,34.3,0.14,34.16,30.0,0
1779285652467,1574,GND-VEH-01,699.0,19.16,22.32,3.15,18.25,22.1,0.990,1,1,31.8,0.07,34.51,30.0,0
1779285652500,1575,PERSON-01,538.1,18.85,22.22,3.37,17.89,21.9,0.990,1,1,32.3,0.27,34.43,30.0,0
1779285652533,1576,UAS-01,714.0,19.06,21.94,2.88,18.58,21.7,0.990,1,1,32.8,0.09,33.98,30.2,0
1779285652567,1577,UAS-02,450.0,18.84,22.16,3.32,18.98,21.8,0.982,1,1,31.0,0.21,34.37,30.0,0
1779285652600,1578,GND-VEH-01,723.9,18.91,22.15,3.24,19.33,21.1,0.987,1,1,31.0,0.43,34.21,29.9,0
1779285652633,1579,PERSON-01,346.3,18.94,22.11,3.17,18.61,22.7,0.990,1,1,34.4,0.05,34.33,30.0,0
1779285652667,1580,UAS-01,656.9,19.03,21.96,2.93,17.58,20.8,0.990,1,1,31.0,0.40,34.16,30.1,0
1779285652700,1581,UAS-02,689.6,19.13,22.28,3.15,18.97,21.0,0.980,1,1,31.7,0.02,34.07,30.0,0
1779285652733,1582,GND-VEH-01,346.3,18.85,22.22,3.37,18.99,23.1,0.990,1,1,31.0,0.00,34.42,29.8,0
1779285652767,1583,PERSON-01,543.9,19.07,22.28,3.21,18.31,23.0,0.990,1,1,31.7,0.03,34.42,30.0,0
1779285652800,1584,UAS-01,539.6,19.03,22.35,3.32,18.31,23.4,0.990,1,1,31.0,0.07,34.12,30.1,0
1779285652833,1585,UAS-02,657.2,19.01,22.03,3.01,17.89,23.2,0.990,1,1,31.0,0.33,34.28,30.1,0
1779285652867,1586,GND-VEH-01,347.1,18.81,22.12,3.31,18.33,22.6,0.990,1,1,32.9,0.18,34.15,23.2,1
1779285652900,1587,PERSON-01,524.3,19.11,22.28,3.17,18.20,22.9,0.982,1,1,31.0,0.24,34.39,23.7,1
1779285652933,1588,UAS-01,549.4,19.18,22.58,3.40,17.73,22.6,0.990,1,1,32.2,0.01,34.19,21.5,1
1779285652967,1589,UAS-02,316.0,19.02,22.40,3.38,19.05,21.3,0.988,1,1,31.0,0.42,34.51,30.0,0
1779285653000,1590,GND-VEH-01,799.1,19.07,22.03,2.96,17.59,24.0,0.987,1,1,34.0,0.13,34.11,29.9,0
1779285653033,1591,PERSON-01,316.6,19.11,22.52,3.40,17.92,22.6,0.990,1,1,31.2,0.42,34.04,30.1,0
1779285653067,1592,UAS-01,332.3,18.76,22.22,3.46,19.03,21.2,0.990,1,1,31.0,0.01,33.82,20.8,1
1779285653100,1593,UAS-02,313.2,19.01,22.24,3.22,18.23,22.6,0.990,1,1,31.0,0.39,34.27,30.1,0
1779285653133,1594,GND-VEH-01,662.0,18.83,21.85,3.02,18.15,21.1,0.990,1,1,32.7,0.02,34.46,30.1,0
1779285653167,1595,PERSON-01,433.7,19.31,22.49,3.18,18.38,22.6,0.990,1,1,33.2,0.03,34.12,29.9,0
1779285653200,1596,UAS-01,610.2,19.07,21.82,2.75,17.34,22.7,0.990,1,1,31.7,0.15,34.05,29.9,0
1779285653233,1597,UAS-02,718.2,19.00,21.99,2.99,17.80,21.0,0.990,1,1,33.0,0.14,34.56,29.8,0
1779285653267,1598,GND-VEH-01,311.8,18.92,21.90,2.98,18.27,22.3,0.990,1,1,32.0,0.24,34.37,29.9,0
1779285653300,1599,PERSON-01,371.5,18.85,22.30,3.46,18.90,21.4,0.990,1,1,32.3,0.11,34.05,20.0,1
1779285653333,1600,UAS-01,395.3,19.11,22.34,3.24,18.39,22.4,0.990,1,1,34.1,0.06,34.18,30.1,0
1779285653367,1601,UAS-02,551.0,18.91,21.95,3.04,18.11,21.3,0.990,1,1,31.0,0.10,34.04,30.1,0
1779285653400,1602,GND-VEH-01,446.9,19.04,22.19,3.14,18.80,21.6,0.990,1,1,31.0,0.06,33.83,20.0,1
1779285653433,1603,PERSON-01,669.0,18.87,22.15,3.28,18.83,21.9,0.985,1,1,31.9,0.07,34.34,23.6,1
1779285653467,1604,UAS-01,412.4,19.03,22.38,3.35,18.48,21.0,0.990,1,1,31.7,0.53,33.69,30.1,0
1779285653500,1605,UAS-02,802.4,19.14,22.01,2.87,17.37,22.2,0.990,1,1,31.0,0.13,33.81,30.0,0
1779285653533,1606,GND-VEH-01,440.6,18.89,21.84,2.95,17.19,19.9,0.990,1,1,32.0,0.02,34.39,19.9,1
1779285653567,1607,PERSON-01,562.4,19.17,22.43,3.26,18.95,21.9,0.990,1,1,31.9,0.13,34.20,29.9,0
1779285653600,1608,UAS-01,359.0,19.23,22.68,3.45,19.25,22.0,0.990,1,1,31.0,0.46,34.36,30.0,0
1779285653633,1609,UAS-02,356.4,18.92,22.14,3.22,17.82,22.7,0.990,1,1,31.0,0.57,34.36,30.0,0
1779285653667,1610,GND-VEH-01,384.5,19.06,22.31,3.25,17.86,21.4,0.982,1,1,31.8,0.01,34.39,30.1,0
1779285653700,1611,PERSON-01,683.6,18.84,21.97,3.13,17.85,22.9,0.990,1,1,32.6,0.03,34.12,30.1,0
1779285653733,1612,UAS-01,336.7,18.93,22.03,3.10,17.40,22.3,0.990,1,1,33.6,0.18,34.21,30.0,0
1779285653767,1613,UAS-02,311.3,19.16,22.42,3.25,18.05,22.1,0.989,1,1,31.9,0.27,34.07,30.0,0
1779285653800,1614,GND-VEH-01,603.1,18.91,22.11,3.20,18.82,22.0,0.980,1,1,31.0,0.01,34.61,30.1,0
1779285653833,1615,PERSON-01,410.9,19.07,22.11,3.03,18.04,20.8,0.990,1,1,31.0,0.10,34.01,30.1,0
1779285653867,1616,UAS-01,550.4,18.78,21.80,3.01,17.84,23.9,0.990,1,1,31.1,0.10,34.42,30.0,0
1779285653900,1617,UAS-02,303.7,18.75,22.22,3.47,19.04,22.4,0.990,1,1,31.5,0.11,34.09,30.1,0
1779285653933,1618,GND-VEH-01,733.2,19.00,21.75,2.75,16.92,22.9,0.986,1,1,31.0,0.28,34.43,30.2,0
1779285653967,1619,PERSON-01,651.8,18.83,21.73,2.90,17.62,22.8,0.990,1,1,31.6,0.03,33.91,30.0,0
1779285654000,1620,UAS-01,551.6,18.93,21.85,2.93,17.64,23.3,0.987,1,1,32.2,0.07,34.39,30.0,0
1779285654033,1621,UAS-02,476.6,18.82,21.95,3.13,17.98,22.1,0.990,1,1,31.0,0.03,34.43,30.0,0
1779285654067,1622,GND-VEH-01,697.0,19.05,22.16,3.12,17.92,22.1,0.987,1,1,31.8,0.43,34.35,30.0,0
1779285654100,1623,PERSON-01,378.3,18.83,22.19,3.36,18.63,21.3,0.990,1,1,32.8,0.58,34.01,30.0,0
1779285654133,1624,UAS-01,538.4,19.17,22.21,3.04,18.13,23.0,0.985,1,1,31.0,0.14,34.20,30.0,0
1779285654167,1625,UAS-02,394.9,19.01,22.26,3.25,18.39,23.0,0.990,1,1,31.0,0.30,34.41,30.0,0
1779285654200,1626,GND-VEH-01,504.5,19.03,22.37,3.34,18.86,20.2,0.985,1,1,31.0,0.05,34.50,30.0,0
1779285654233,1627,PERSON-01,585.2,18.90,21.76,2.86,17.93,20.1,0.986,1,1,31.0,0.50,34.49,29.9,0
1779285654267,1628,UAS-01,422.9,18.89,22.18,3.30,18.92,21.2,0.989,1,1,31.0,0.28,34.23,29.9,0
1779285654300,1629,UAS-02,396.0,18.93,21.70,2.78,18.01,21.4,0.990,1,1,31.0,0.16,34.37,30.1,0
1779285654333,1630,GND-VEH-01,309.8,19.08,22.45,3.37,18.62,21.9,0.990,1,1,32.1,0.43,34.46,30.2,0
1779285654367,1631,PERSON-01,711.7,19.16,22.38,3.22,18.66,22.9,0.990,1,1,33.7,0.29,34.14,30.0,0
1779285654400,1632,UAS-01,543.7,18.82,22.01,3.18,18.47,22.6,0.990,1,1,33.4,0.29,34.18,30.0,0
1779285654433,1633,UAS-02,621.7,18.90,22.22,3.32,18.62,22.1,0.990,1,1,31.0,0.20,33.93,29.9,0
1779285654467,1634,GND-VEH-01,643.5,18.92,22.03,3.12,18.53,20.8,0.990,1,1,31.0,0.24,34.37,30.0,0
1779285654500,1635,PERSON-01,317.6,18.80,21.93,3.14,18.37,21.7,0.990,1,1,33.6,0.07,34.07,29.9,0
1779285654533,1636,UAS-01,550.9,18.89,21.92,3.03,18.31,21.0,0.990,1,1,33.3,0.12,34.34,30.1,0
1779285654567,1637,UAS-02,446.1,18.91,22.27,3.36,18.05,21.3,0.990,1,1,31.1,0.60,34.25,30.0,0
1779285654600,1638,GND-VEH-01,645.2,19.08,22.34,3.27,18.79,21.1,0.990,1,1,31.0,0.26,34.55,29.8,0
1779285654633,1639,PERSON-01,680.0,19.03,22.42,3.39,18.92,21.9,0.982,1,1,31.7,0.31,33.98,29.8,0
1779285654667,1640,UAS-01,319.8,18.96,22.60,3.64,19.05,21.7,0.990,1,1,31.0,0.43,34.65,30.1,0
1779285654700,1641,UAS-02,528.4,18.95,22.26,3.32,18.98,21.0,0.988,1,1,31.5,0.26,34.34,30.2,0
1779285654733,1642,GND-VEH-01,600.4,18.84,22.28,3.44,18.54,21.0,0.982,1,1,31.0,0.32,34.66,30.0,0
1779285654767,1643,PERSON-01,443.6,18.90,22.01,3.11,17.94,21.8,0.990,1,1,32.9,0.05,34.36,30.0,0
1779285654800,1644,UAS-01,452.7,19.14,22.26,3.11,18.33,21.6,0.990,1,1,31.2,0.18,34.57,30.0,0
1779285654833,1645,UAS-02,316.9,18.95,22.29,3.33,18.49,21.4,0.990,1,1,33.3,0.24,34.28,21.5,1
1779285654867,1646,GND-VEH-01,695.7,18.90,22.00,3.10,18.13,20.8,0.990,1,1,31.1,0.08,34.51,30.0,0
1779285654900,1647,PERSON-01,421.5,19.14,22.09,2.95,18.47,20.9,0.990,1,1,31.0,0.07,34.56,30.0,0
1779285654933,1648,UAS-01,422.1,18.83,22.00,3.17,18.04,22.4,0.990,1,1,31.0,0.26,34.51,30.1,0
1779285654967,1649,UAS-02,346.9,19.08,22.33,3.25,19.13,21.7,0.990,1,1,31.0,0.11,34.32,29.8,0
1779285655000,1650,GND-VEH-01,719.2,18.78,21.87,3.08,17.33,22.4,0.990,1,1,32.9,0.12,34.80,29.8,0
1779285655033,1651,PERSON-01,353.2,19.10,22.29,3.19,17.86,22.1,0.990,1,1,32.0,0.11,34.42,30.0,0
1779285655067,1652,UAS-01,371.2,18.83,21.83,3.00,17.86,20.1,0.990,1,1,31.0,0.14,34.06,29.9,0
1779285655100,1653,UAS-02,347.0,18.97,22.16,3.19,18.35,20.8,0.990,1,1,32.4,0.01,34.54,30.1,0
1779285655133,1654,GND-VEH-01,453.1,18.91,22.10,3.19,18.73,21.6,0.990,1,1,31.0,0.29,34.18,30.2,0
1779285655167,1655,PERSON-01,303.0,19.31,22.41,3.10,17.52,21.5,0.989,1,1,31.0,0.16,34.15,29.9,0
1779285655200,1656,UAS-01,622.6,18.66,21.83,3.17,18.45,23.4,0.990,1,1,31.0,0.42,34.81,30.1,0
1779285655233,1657,UAS-02,646.5,18.95,22.25,3.30,18.22,21.8,0.971,1,1,31.2,0.28,34.41,29.9,0
1779285655267,1658,GND-VEH-01,402.6,18.83,22.25,3.41,18.86,22.6,0.990,1,1,31.6,0.28,34.28,30.1,0
1779285655300,1659,PERSON-01,464.8,18.99,22.23,3.24,18.65,22.0,0.957,1,1,31.0,0.17,34.15,29.9,0
1779285655333,1660,UAS-01,375.8,19.33,22.34,3.01,17.62,23.2,0.990,1,1,31.0,0.34,34.23,30.0,0
1779285655367,1661,UAS-02,428.3,19.40,22.85,3.44,18.62,21.9,0.990,1,1,33.4,0.03,34.28,30.0,0
1779285655400,1662,GND-VEH-01,472.9,19.04,22.28,3.24,18.82,21.7,0.990,1,1,31.0,0.14,34.37,30.1,0
1779285655433,1663,PERSON-01,736.2,19.00,22.03,3.02,17.46,23.3,0.990,1,1,31.9,0.58,34.86,30.0,0
1779285655467,1664,UAS-01,713.5,18.84,21.96,3.12,18.26,20.8,0.990,1,1,31.6,0.26,34.55,29.9,0
1779285655500,1665,UAS-02,526.3,19.06,22.12,3.06,17.80,22.3,0.988,1,1,33.1,0.29,34.68,30.0,0
1779285655533,1666,GND-VEH-01,486.5,18.91,22.47,3.56,18.89,21.6,0.990,1,1,31.0,0.09,34.56,20.2,1
1779285655567,1667,PERSON-01,518.1,18.90,22.06,3.16,18.15,21.5,0.990,1,1,32.4,0.18,34.79,19.2,1
1779285655600,1668,UAS-01,715.1,18.96,21.74,2.78,17.44,22.1,0.990,1,1,32.6,0.21,34.76,30.0,0
1779285655633,1669,UAS-02,875.4,19.18,22.07,2.89,17.07,22.1,0.990,1,1,32.4,0.21,34.66,29.9,0
1779285655667,1670,GND-VEH-01,418.9,19.03,22.34,3.30,18.53,22.6,0.990,1,1,31.0,0.23,34.52,29.9,0
1779285655700,1671,PERSON-01,329.6,18.95,22.04,3.09,17.96,24.3,0.977,1,1,31.0,0.10,34.47,30.1,0
1779285655733,1672,UAS-01,674.7,18.88,21.68,2.80,17.29,21.4,0.983,1,1,31.4,0.03,34.61,30.1,0
1779285655767,1673,UAS-02,337.6,18.86,22.14,3.28,17.95,22.8,0.990,1,1,32.2,0.17,34.60,30.2,0
1779285655800,1674,GND-VEH-01,417.4,18.95,21.99,3.04,18.50,22.1,0.990,1,1,31.0,0.27,34.65,30.1,0
1779285655833,1675,PERSON-01,812.4,19.03,22.24,3.20,18.60,21.6,0.984,1,1,32.9,0.06,34.61,23.8,1
1779285655867,1676,UAS-01,475.9,19.17,22.36,3.19,17.92,21.9,0.990,1,1,31.5,0.01,34.58,22.2,1
1779285655900,1677,UAS-02,592.6,19.12,22.43,3.31,18.85,23.2,0.985,1,1,31.0,0.08,34.57,22.6,1
1779285655933,1678,GND-VEH-01,435.8,19.03,22.17,3.13,17.90,21.9,0.990,1,1,34.2,0.03,34.66,29.9,0
1779285655967,1679,PERSON-01,489.1,19.05,22.38,3.33,18.74,20.8,0.990,1,1,31.0,0.22,34.62,30.1,0
1779285656000,1680,UAS-01,392.2,19.03,21.96,2.93,17.63,22.4,0.984,1,1,31.3,0.28,34.34,29.9,0
1779285656033,1681,UAS-02,645.4,19.02,22.05,3.04,18.57,22.6,0.990,1,1,31.0,0.33,34.67,29.9,0
1779285656067,1682,GND-VEH-01,425.3,18.63,21.66,3.03,18.36,20.6,0.990,1,1,31.4,0.09,34.52,30.0,0
1779285656100,1683,PERSON-01,353.5,19.01,21.98,2.97,18.88,21.8,0.990,1,1,32.8,0.09,34.54,23.9,1
1779285656133,1684,UAS-01,445.1,18.94,22.33,3.39,18.24,22.3,0.988,1,1,33.8,0.06,34.39,29.9,0
1779285656167,1685,UAS-02,369.9,19.19,22.16,2.97,17.94,21.9,0.990,1,1,31.0,0.20,34.54,30.1,0
1779285656200,1686,GND-VEH-01,340.4,19.15,22.62,3.46,18.62,21.9,0.963,1,1,31.0,0.18,34.46,30.0,0
1779285656233,1687,PERSON-01,468.6,19.17,22.38,3.21,17.77,23.6,0.990,1,1,31.0,0.23,34.39,29.9,0
1779285656267,1688,UAS-01,346.3,18.99,22.34,3.35,18.35,22.6,0.988,1,1,31.0,0.04,34.91,30.0,0
1779285656300,1689,UAS-02,438.3,18.82,21.97,3.15,18.45,22.2,0.990,1,1,31.0,0.03,34.52,30.1,0
1779285656333,1690,GND-VEH-01,537.7,19.10,22.25,3.15,18.75,22.5,0.990,1,1,31.0,0.50,34.43,30.0,0
1779285656367,1691,PERSON-01,413.5,19.18,22.49,3.31,18.52,23.6,0.990,1,1,33.1,0.25,34.29,30.0,0
1779285656400,1692,UAS-01,323.9,18.89,22.21,3.32,18.40,22.0,0.990,1,1,31.0,0.28,34.42,29.9,0
1779285656433,1693,UAS-02,356.1,18.97,22.32,3.35,19.09,21.6,0.978,1,1,32.1,0.31,34.50,29.8,0
1779285656467,1694,GND-VEH-01,328.3,18.99,22.29,3.30,18.90,22.1,0.990,1,1,32.7,0.11,34.69,29.9,0
1779285656500,1695,PERSON-01,738.9,19.07,22.15,3.08,17.75,21.9,0.990,1,1,31.0,0.09,34.70,29.9,0
1779285656533,1696,UAS-01,616.9,19.09,22.17,3.08,17.93,21.5,0.973,1,1,31.3,0.24,34.25,30.0,0
1779285656567,1697,UAS-02,652.5,19.07,22.38,3.31,18.34,22.2,0.990,1,1,31.5,0.33,34.74,30.0,0
1779285656600,1698,GND-VEH-01,525.8,19.04,22.57,3.52,18.40,24.0,0.990,1,1,31.0,0.15,34.17,30.0,0
1779285656633,1699,PERSON-01,317.2,18.85,22.08,3.22,18.88,19.8,0.990,1,1,31.0,0.23,34.59,30.1,0
1779285656667,1700,UAS-01,851.6,19.27,22.29,3.02,18.26,22.1,0.990,1,1,31.1,0.17,34.59,30.1,0
1779285656700,1701,UAS-02,443.1,19.06,22.12,3.06,18.58,22.6,0.990,1,1,33.0,0.01,34.63,30.0,0
1779285656733,1702,GND-VEH-01,788.4,18.93,22.10,3.17,17.86,22.3,0.990,1,1,31.0,0.72,34.73,30.0,0
1779285656767,1703,PERSON-01,550.4,18.85,21.90,3.05,17.68,21.5,0.990,1,1,31.0,0.39,34.32,30.0,0
1779285656800,1704,UAS-01,476.4,19.27,22.49,3.22,17.98,23.1,0.986,1,1,31.4,0.08,34.53,29.9,0
1779285656833,1705,UAS-02,833.9,19.21,22.37,3.16,18.28,20.3,0.990,1,1,31.0,0.15,34.17,20.4,1
1779285656867,1706,GND-VEH-01,566.2,18.96,22.12,3.16,17.89,21.7,0.990,1,1,32.9,0.05,34.82,29.9,0
1779285656900,1707,PERSON-01,387.5,19.15,22.07,2.92,17.28,22.1,0.990,1,1,31.0,0.04,34.53,30.0,0
1779285656933,1708,UAS-01,376.9,19.13,22.35,3.21,18.21,22.8,0.990,1,1,31.0,0.08,34.42,29.8,0
1779285656967,1709,UAS-02,463.7,19.33,22.58,3.25,18.26,21.5,0.990,1,1,35.4,0.57,34.61,30.1,0
1779285657000,1710,GND-VEH-01,612.9,18.92,21.92,3.00,17.71,21.0,0.990,1,1,31.0,0.25,34.91,30.1,0
1779285657033,1711,PERSON-01,597.7,18.91,22.41,3.51,19.08,22.2,0.983,1,1,32.9,0.17,34.74,29.9,0
1779285657067,1712,UAS-01,341.9,19.10,22.28,3.18,17.86,21.5,0.990,1,1,32.0,0.04,34.26,29.9,0
1779285657100,1713,UAS-02,448.5,18.86,21.87,3.01,18.33,20.9,0.990,1,1,32.1,0.06,34.73,30.0,0
1779285657133,1714,GND-VEH-01,610.2,19.15,21.85,2.70,17.60,21.2,0.990,1,1,35.0,0.04,34.44,29.9,0
1779285657167,1715,PERSON-01,543.8,19.08,22.04,2.95,18.13,21.2,0.990,1,1,32.2,0.05,34.56,30.0,0
1779285657200,1716,UAS-01,733.5,18.84,21.83,2.99,17.76,21.7,0.990,1,1,31.0,0.16,34.59,30.1,0
1779285657233,1717,UAS-02,308.8,19.22,22.58,3.36,18.66,22.0,0.990,1,1,32.2,0.12,34.40,30.0,0
1779285657267,1718,GND-VEH-01,679.2,19.04,22.00,2.96,18.02,21.3,0.967,1,1,31.9,0.09,34.45,29.8,0
1779285657300,1719,PERSON-01,483.5,19.07,22.34,3.27,18.17,23.8,0.990,1,1,32.3,0.35,34.87,30.0,0
1779285657333,1720,UAS-01,535.4,19.08,22.41,3.33,18.01,20.7,0.990,1,1,31.0,0.29,34.45,29.9,0
1779285657367,1721,UAS-02,400.7,19.12,22.41,3.30,18.08,22.6,0.990,1,1,31.5,0.01,34.77,30.0,0
1779285657400,1722,GND-VEH-01,474.4,18.94,21.93,2.99,18.03,21.5,0.990,1,1,31.0,0.01,34.80,29.8,0
1779285657433,1723,PERSON-01,549.4,19.35,22.48,3.12,18.28,21.2,0.990,1,1,31.0,0.08,34.54,30.0,0
1779285657467,1724,UAS-01,517.5,19.17,22.12,2.95,17.89,22.3,0.990,1,1,31.0,0.31,34.96,20.4,1
1779285657500,1725,UAS-02,424.2,19.07,22.29,3.22,17.89,22.1,0.990,1,1,31.0,0.34,34.51,29.9,0
1779285657533,1726,GND-VEH-01,349.8,19.00,21.99,2.99,18.20,22.6,0.990,1,1,31.0,0.06,34.62,30.0,0
1779285657567,1727,PERSON-01,322.0,18.97,22.37,3.40,18.40,22.5,0.990,1,1,32.8,0.21,34.40,30.0,0
1779285657600,1728,UAS-01,745.4,18.82,21.95,3.13,18.45,20.8,0.985,1,1,31.0,0.40,35.01,29.9,0
1779285657633,1729,UAS-02,497.4,19.16,22.15,2.98,17.91,21.0,0.990,1,1,31.7,0.08,34.81,30.0,0
1779285657667,1730,GND-VEH-01,879.4,19.22,22.05,2.82,17.81,21.9,0.990,1,1,31.4,0.13,35.00,30.1,0
1779285657700,1731,PERSON-01,458.4,19.05,22.37,3.31,18.44,22.2,0.990,1,1,31.0,0.39,34.70,30.1,0
1779285657733,1732,UAS-01,679.8,18.96,21.74,2.78,17.83,21.6,0.990,1,1,32.2,0.19,34.35,29.9,0
1779285657767,1733,UAS-02,326.6,19.20,22.35,3.15,18.35,22.0,0.990,1,1,31.0,0.44,34.94,30.0,0
1779285657800,1734,GND-VEH-01,316.2,19.18,22.55,3.37,19.09,22.3,0.990,1,1,31.3,0.38,35.00,30.1,0
1779285657833,1735,PERSON-01,530.0,18.94,21.80,2.86,17.73,21.5,0.984,1,1,31.0,0.06,34.92,20.0,1
1779285657867,1736,UAS-01,524.0,19.13,22.26,3.13,17.98,22.5,0.990,1,1,33.4,0.23,34.72,29.9,0
1779285657900,1737,UAS-02,573.2,19.07,22.15,3.07,18.24,21.4,0.990,1,1,32.1,0.00,35.01,30.0,0
1779285657933,1738,GND-VEH-01,330.2,19.18,22.19,3.01,18.28,21.5,0.990,1,1,31.0,0.15,34.90,30.2,0
1779285657967,1739,PERSON-01,460.4,18.94,22.04,3.10,17.12,23.5,0.990,1,1,31.6,0.36,34.57,20.2,1
1779285658000,1740,UAS-01,519.0,18.94,21.75,2.81,17.65,22.5,0.983,1,1,31.0,0.45,34.72,30.0,0
1779285658033,1741,UAS-02,357.9,19.13,22.49,3.36,17.97,22.8,0.990,1,1,31.8,0.29,35.10,29.9,0
1779285658067,1742,GND-VEH-01,416.0,19.03,21.85,2.82,17.89,21.3,0.987,1,1,33.4,0.15,35.21,29.8,0
1779285658100,1743,PERSON-01,459.6,18.81,21.85,3.04,17.48,21.2,0.990,1,1,31.0,0.22,35.01,30.1,0
1779285658133,1744,UAS-01,323.5,18.90,22.44,3.54,19.16,21.8,0.990,1,1,31.0,0.18,34.95,30.0,0
1779285658167,1745,UAS-02,768.0,19.27,22.32,3.05,17.89,21.3,0.990,1,1,31.0,0.07,34.73,30.0,0
1779285658200,1746,GND-VEH-01,555.2,19.04,22.41,3.37,18.59,22.6,0.990,1,1,31.0,0.20,34.62,30.1,0
1779285658233,1747,PERSON-01,324.0,18.98,22.46,3.48,18.88,21.2,0.990,1,1,31.0,0.07,34.92,30.0,0
1779285658267,1748,UAS-01,580.7,18.88,21.81,2.93,17.94,22.0,0.990,1,1,31.4,0.23,35.00,30.0,0
1779285658300,1749,UAS-02,337.6,18.89,22.20,3.30,18.10,23.1,0.989,1,1,31.0,0.17,34.32,30.0,0
1779285658333,1750,GND-VEH-01,836.1,19.03,21.94,2.91,18.08,22.4,0.990,1,1,31.0,0.29,35.25,30.0,0
1779285658367,1751,PERSON-01,475.5,18.76,21.97,3.21,18.37,21.2,0.990,1,1,32.9,0.19,35.01,30.1,0
1779285658400,1752,UAS-01,538.6,19.26,22.36,3.10,18.15,22.3,0.990,1,1,31.0,0.18,34.80,30.0,0
1779285658433,1753,UAS-02,356.1,19.03,22.11,3.08,18.57,21.7,0.987,1,1,31.0,0.14,34.38,30.0,0
1779285658467,1754,GND-VEH-01,714.9,18.85,21.71,2.86,17.78,22.6,0.990,1,1,32.4,0.54,35.07,29.9,0
1779285658500,1755,PERSON-01,311.6,19.14,22.52,3.38,18.42,21.7,0.990,1,1,31.2,0.09,34.46,30.1,0
1779285658533,1756,UAS-01,386.7,18.92,22.11,3.18,18.47,21.2,0.990,1,1,31.0,0.28,34.60,20.4,1
1779285658567,1757,UAS-02,719.7,18.66,21.59,2.94,18.54,22.4,0.990,1,1,31.0,0.08,34.81,22.3,1
1779285658600,1758,GND-VEH-01,328.9,19.03,22.19,3.16,18.24,22.6,0.990,1,1,31.1,0.48,35.01,30.2,0
1779285658633,1759,PERSON-01,715.5,19.09,21.97,2.89,17.88,22.4,0.990,1,1,31.4,0.46,35.21,21.6,1
1779285658667,1760,UAS-01,863.1,19.06,21.79,2.74,17.80,23.0,0.990,1,1,32.1,0.16,34.56,30.1,0
1779285658700,1761,UAS-02,545.9,18.91,22.01,3.11,18.10,22.0,0.990,1,1,31.0,0.05,34.68,29.9,0
1779285658733,1762,GND-VEH-01,447.4,19.05,22.23,3.18,18.33,21.2,0.990,1,1,33.5,0.18,34.94,29.9,0
1779285658767,1763,PERSON-01,547.7,18.93,21.96,3.03,18.34,22.6,0.976,1,1,31.0,0.30,34.74,30.0,0
1779285658800,1764,UAS-01,337.9,19.00,22.28,3.29,17.84,22.3,0.990,1,1,31.2,0.00,35.02,29.9,0
1779285658833,1765,UAS-02,820.7,18.97,21.77,2.81,17.17,22.8,0.990,1,1,31.6,0.18,34.80,29.9,0
1779285658867,1766,GND-VEH-01,321.7,18.96,22.33,3.37,18.57,22.8,0.973,1,1,31.0,0.21,35.05,21.0,1
1779285658900,1767,PERSON-01,688.2,18.98,21.81,2.83,17.91,23.0,0.990,1,1,31.0,0.39,35.09,30.1,0
1779285658933,1768,UAS-01,349.1,18.75,21.90,3.16,18.42,20.7,0.990,1,1,31.0,0.37,34.46,30.0,0
1779285658967,1769,UAS-02,411.9,18.86,22.24,3.38,18.11,22.0,0.990,1,1,32.5,0.38,35.31,30.0,0
1779285659000,1770,GND-VEH-01,598.2,18.95,22.32,3.37,18.74,23.2,0.990,1,1,31.0,0.37,35.03,29.9,0
1779285659033,1771,PERSON-01,619.4,18.97,21.90,2.93,17.70,21.8,0.990,1,1,33.9,0.02,34.55,30.0,0
1779285659067,1772,UAS-01,438.7,18.90,22.45,3.55,18.86,22.5,0.990,1,1,31.0,0.06,34.96,30.0,0
1779285659100,1773,UAS-02,835.7,19.01,22.24,3.23,18.51,24.0,0.990,1,1,31.0,0.05,34.63,30.2,0
1779285659133,1774,GND-VEH-01,759.7,19.06,22.26,3.20,18.60,21.6,0.990,1,1,31.9,0.24,34.60,30.1,0
1779285659167,1775,PERSON-01,580.3,19.13,22.22,3.09,18.34,20.6,0.990,1,1,32.7,0.09,34.62,30.0,0
1779285659200,1776,UAS-01,891.5,19.08,22.19,3.11,18.28,21.7,0.990,1,1,31.9,0.34,34.99,29.9,0
1779285659233,1777,UAS-02,501.6,18.99,22.19,3.20,18.34,21.2,0.990,1,1,33.8,0.41,34.88,30.0,0
1779285659267,1778,GND-VEH-01,505.0,19.06,22.24,3.18,18.04,21.0,0.990,1,1,31.0,0.52,34.78,30.0,0
1779285659300,1779,PERSON-01,425.3,18.82,22.03,3.21,18.40,21.8,0.990,1,1,32.4,0.23,34.93,30.1,0
1779285659333,1780,UAS-01,459.6,18.67,21.91,3.23,18.38,20.9,0.989,1,1,34.1,0.21,35.18,30.1,0
1779285659367,1781,UAS-02,559.4,18.92,21.88,2.97,18.21,23.0,0.990,1,1,31.0,0.09,34.89,30.0,0
1779285659400,1782,GND-VEH-01,302.7,18.91,22.40,3.50,18.49,23.4,0.990,1,1,31.5,0.09,34.88,30.1,0
1779285659433,1783,PERSON-01,683.4,18.75,22.02,3.27,17.74,23.7,0.990,1,1,31.0,0.56,35.03,30.1,0
1779285659467,1784,UAS-01,470.0,18.88,22.35,3.48,19.10,20.2,0.990,1,1,31.9,0.01,34.81,23.0,1
1779285659500,1785,UAS-02,420.5,19.07,22.26,3.19,17.46,23.1,0.990,1,1,31.3,0.16,35.06,29.9,0
1779285659533,1786,GND-VEH-01,335.1,19.19,22.52,3.32,18.44,21.3,0.977,1,1,31.0,0.26,35.15,30.0,0
1779285659567,1787,PERSON-01,612.6,19.07,21.81,2.75,17.84,20.8,0.990,1,1,31.9,0.35,34.95,30.0,0
1779285659600,1788,UAS-01,564.5,18.93,21.81,2.88,17.78,21.0,0.990,1,1,32.6,0.37,34.73,30.0,0
1779285659633,1789,UAS-02,428.3,19.11,22.27,3.16,18.31,21.9,0.963,1,1,31.6,0.00,35.27,21.4,1
1779285659667,1790,GND-VEH-01,636.8,18.87,21.87,3.00,18.29,23.1,0.990,1,1,31.0,0.02,35.17,30.1,0
1779285659700,1791,PERSON-01,339.7,19.01,22.50,3.49,19.25,21.7,0.973,1,1,31.0,0.08,34.87,30.0,0
1779285659733,1792,UAS-01,778.2,18.94,22.02,3.09,18.70,22.2,0.990,1,1,31.0,0.34,35.31,29.9,0
1779285659767,1793,UAS-02,775.8,18.97,22.13,3.16,18.22,21.7,0.990,1,1,31.9,0.23,34.85,30.1,0
1779285659800,1794,GND-VEH-01,522.9,18.99,21.97,2.97,17.44,21.7,0.990,1,1,31.0,0.21,34.97,30.0,0
1779285659833,1795,PERSON-01,421.7,18.84,21.70,2.85,18.10,22.5,0.990,1,1,31.6,0.29,34.93,30.0,0
1779285659867,1796,UAS-01,303.8,18.69,21.83,3.14,17.94,21.8,0.990,1,1,32.3,0.25,35.16,30.0,0
1779285659900,1797,UAS-02,542.1,19.05,22.09,3.04,18.38,21.7,0.987,1,1,32.1,0.29,34.54,30.0,0
1779285659933,1798,GND-VEH-01,344.7,19.27,22.50,3.23,18.32,21.9,0.990,1,1,31.3,0.31,34.70,30.0,0
1779285659967,1799,PERSON-01,445.5,19.01,22.29,3.29,18.46,21.0,0.990,1,1,31.0,0.61,35.16,30.0,0
