timestamp,frame_id,target_id,range_m,ambient_temp_c,target_temp_c,delta_t_c,snr_db,netd_mk,detection_confidence,detected,classified,classification_latency_ms,track_error_m,sensor_temp_c,frame_rate_hz,dropped_frame
1779285600000,0,UAS-01,374.4,19.03,22.16,3.13,16.93,22.3,0.990,1,1,31.0,0.22,27.81,30.0,0
1779285600033,1,UAS-02,465.2,18.91,22.20,3.29,17.34,22.6,0.990,1,1,31.0,0.03,27.91,29.9,0
1779285600067,2,GND-VEH-01,358.2,19.01,22.28,3.27,17.48,21.3,0.990,1,1,32.4,0.03,28.50,30.2,0
1779285600100,3,PERSON-01,819.1,19.04,22.13,3.09,17.57,20.9,0.990,1,1,31.0,0.17,27.93,30.1,0
1779285600133,4,UAS-01,303.4,18.92,22.07,3.15,16.36,22.4,0.990,1,1,31.0,0.35,27.64,29.9,0
1779285600167,5,UAS-02,703.4,18.90,21.92,3.01,16.75,22.6,0.990,1,1,33.2,0.05,28.23,29.9,0
1779285600200,6,GND-VEH-01,409.3,19.03,22.00,2.97,16.76,22.3,0.981,1,1,31.0,0.40,28.09,29.9,0
1779285600233,7,PERSON-01,414.7,18.97,22.41,3.44,17.34,23.2,0.990,1,1,32.4,0.31,28.06,29.8,0
1779285600267,8,UAS-01,629.5,18.78,21.98,3.20,17.94,22.3,0.986,1,1,32.5,0.13,28.58,30.0,0
1779285600300,9,UAS-02,375.1,18.95,22.33,3.38,17.95,20.8,0.990,1,1,31.8,0.32,27.84,30.0,0
1779285600333,10,GND-VEH-01,754.8,18.97,22.13,3.16,17.36,21.8,0.990,1,1,31.8,0.22,28.17,30.1,0
1779285600367,11,PERSON-01,782.6,19.18,22.02,2.84,17.06,20.6,0.989,1,1,31.0,0.30,28.01,30.0,0
1779285600400,12,UAS-01,367.9,18.84,21.98,3.14,17.53,23.3,0.990,1,1,32.0,0.05,27.87,30.1,0
1779285600433,13,UAS-02,558.4,18.82,22.24,3.43,17.30,21.9,0.990,1,1,31.0,0.30,28.31,30.1,0
1779285600467,14,GND-VEH-01,579.2,18.87,22.15,3.28,16.87,22.4,0.990,1,1,32.3,0.08,28.42,30.1,0
1779285600500,15,PERSON-01,309.3,19.06,22.53,3.47,17.38,21.6,0.990,1,1,34.2,0.12,28.22,30.0,0
1779285600533,16,UAS-01,805.1,18.95,21.98,3.02,17.00,20.4,0.990,1,1,31.0,0.11,28.00,30.0,0
1779285600567,17,UAS-02,674.5,19.18,22.74,3.56,18.33,20.8,0.990,1,1,32.6,0.21,28.07,30.0,0
1779285600600,18,GND-VEH-01,439.7,18.94,22.31,3.37,17.05,21.5,0.990,1,1,31.7,0.14,28.32,30.0,0
1779285600633,19,PERSON-01,554.7,18.93,22.07,3.14,17.15,23.2,0.990,1,1,31.5,0.51,28.40,30.0,0
1779285600667,20,UAS-01,446.5,19.19,22.56,3.37,17.84,22.4,0.982,1,1,31.8,0.29,28.31,29.9,0
1779285600700,21,UAS-02,739.9,19.08,22.19,3.11,17.23,21.8,0.967,1,1,31.0,0.17,28.33,30.1,0
1779285600733,22,GND-VEH-01,312.1,19.12,22.50,3.38,17.96,22.4,0.990,1,1,31.6,0.37,27.93,30.1,0
1779285600767,23,PERSON-01,545.6,19.01,22.39,3.37,17.97,21.8,0.990,1,1,31.7,0.21,27.97,30.1,0
1779285600800,24,UAS-01,684.2,19.04,21.77,2.73,16.91,21.8,0.990,1,1,35.7,0.30,28.08,29.8,0
1779285600833,25,UAS-02,514.7,18.79,21.90,3.10,17.58,22.6,0.980,1,1,31.9,0.16,27.68,29.9,0
1779285600867,26,GND-VEH-01,359.1,19.05,22.51,3.46,17.52,22.4,0.990,1,1,31.0,0.33,27.98,30.1,0
1779285600900,27,PERSON-01,388.4,18.82,22.19,3.36,17.91,20.9,0.990,1,1,31.0,0.21,28.41,30.0,0
1779285600933,28,UAS-01,529.1,19.08,22.37,3.29,17.25,23.0,0.990,1,1,31.0,0.02,27.79,30.0,0
1779285600967,29,UAS-02,663.7,19.20,22.54,3.34,17.86,22.8,0.982,1,1,31.0,0.01,27.75,30.0,0
1779285601000,30,GND-VEH-01,444.9,19.09,22.39,3.29,18.25,22.9,0.989,1,1,32.1,0.48,27.56,30.0,0
1779285601033,31,PERSON-01,606.0,18.94,21.95,3.01,17.09,22.1,0.978,1,1,32.5,0.53,28.56,30.0,0
1779285601067,32,UAS-01,506.8,18.89,22.00,3.12,17.18,22.9,0.990,1,1,31.0,0.06,28.60,30.0,0
1779285601100,33,UAS-02,462.7,19.01,22.27,3.26,17.61,22.4,0.977,1,1,31.8,0.16,27.93,30.0,0
1779285601133,34,GND-VEH-01,608.6,19.09,22.21,3.13,17.54,22.1,0.990,1,1,31.0,0.55,28.38,29.9,0
1779285601167,35,PERSON-01,663.5,19.11,22.28,3.17,17.51,21.5,0.976,1,1,33.2,0.47,28.56,30.0,0
1779285601200,36,UAS-01,690.5,18.96,21.73,2.77,16.39,22.8,0.985,1,1,31.9,0.09,28.29,30.1,0
1779285601233,37,UAS-02,612.4,18.74,21.97,3.23,17.08,22.2,0.990,1,1,31.0,0.01,27.89,29.9,0
1779285601267,38,GND-VEH-01,793.6,19.10,22.30,3.20,17.05,23.5,0.990,1,1,31.0,0.16,27.95,30.1,0
1779285601300,39,PERSON-01,550.5,18.94,22.32,3.39,17.67,22.0,0.990,1,1,31.0,0.19,28.09,29.9,0
1779285601333,40,UAS-01,746.4,18.87,21.75,2.88,16.88,24.0,0.983,1,1,31.7,0.63,28.29,30.0,0
1779285601367,41,UAS-02,666.7,19.14,21.86,2.73,16.23,22.7,0.988,1,1,31.0,0.29,28.15,30.1,0
1779285601400,42,GND-VEH-01,565.4,19.06,21.92,2.86,16.94,22.7,0.990,1,1,31.0,0.61,28.46,29.9,0
1779285601433,43,PERSON-01,422.9,18.85,22.24,3.39,17.14,22.0,0.990,1,1,31.0,0.17,27.97,29.9,0
1779285601467,44,UAS-01,543.3,18.89,22.02,3.13,16.87,23.0,0.990,1,1,31.0,0.09,28.27,30.0,0
1779285601500,45,UAS-02,329.3,19.04,22.25,3.21,17.22,20.7,0.990,1,1,31.0,0.18,28.37,30.0,0
1779285601533,46,GND-VEH-01,703.4,19.10,22.18,3.08,17.70,21.5,0.990,1,1,33.4,0.29,27.50,30.2,0
1779285601567,47,PERSON-01,392.7,19.07,22.40,3.33,17.17,21.2,0.987,1,1,34.0,0.27,28.19,29.9,0
1779285601600,48,UAS-01,393.1,18.89,21.94,3.05,16.69,21.7,0.981,1,1,31.0,0.22,28.01,29.8,0
1779285601633,49,UAS-02,499.1,18.76,21.94,3.18,17.43,21.3,0.990,1,1,31.0,0.38,28.50,30.0,0
1779285601667,50,GND-VEH-01,403.9,18.92,21.96,3.04,17.63,22.3,0.990,1,1,31.0,0.30,27.93,30.0,0
1779285601700,51,PERSON-01,608.1,19.04,21.91,2.87,16.55,21.9,0.990,1,1,31.0,0.12,27.96,30.2,0
1779285601733,52,UAS-01,313.1,19.13,22.64,3.52,17.18,22.9,0.990,1,1,31.0,0.31,28.62,30.0,0
1779285601767,53,UAS-02,410.8,19.09,22.29,3.20,17.45,21.0,0.987,1,1,31.0,0.25,28.38,29.9,0
1779285601800,54,GND-VEH-01,336.2,18.93,22.21,3.28,17.33,20.7,0.990,1,1,31.0,0.31,28.00,30.2,0
1779285601833,55,PERSON-01,496.6,19.10,22.27,3.17,17.05,24.0,0.990,1,1,31.2,0.10,28.59,30.1,0
1779285601867,56,UAS-01,479.0,18.92,22.26,3.34,17.83,22.5,0.990,1,1,31.2,0.07,28.00,29.9,0
1779285601900,57,UAS-02,525.2,18.98,22.05,3.07,16.81,21.6,0.990,1,1,32.6,0.31,28.21,30.0,0
1779285601933,58,GND-VEH-01,886.1,19.23,22.21,2.98,16.94,23.4,0.990,1,1,31.0,0.01,27.90,30.1,0
1779285601967,59,PERSON-01,891.8,18.97,22.19,3.22,17.97,22.1,0.990,1,1,31.0,0.05,28.68,30.2,0
1779285602000,60,UAS-01,305.5,18.91,22.36,3.45,18.21,22.2,0.984,1,1,31.0,0.29,27.86,30.0,0
1779285602033,61,UAS-02,419.8,18.89,22.04,3.15,17.25,21.7,0.990,1,1,31.0,0.44,27.82,30.0,0
1779285602067,62,GND-VEH-01,475.2,19.24,22.60,3.37,17.14,23.2,0.990,1,1,31.3,0.20,28.26,30.2,0
1779285602100,63,PERSON-01,374.2,19.01,22.28,3.26,17.09,22.3,0.990,1,1,31.0,0.02,28.06,30.0,0
1779285602133,64,UAS-01,318.8,19.12,22.62,3.50,17.71,22.1,0.990,1,1,31.0,0.21,28.49,30.1,0
1779285602167,65,UAS-02,726.1,18.97,21.83,2.87,16.67,23.3,0.976,1,1,34.1,0.13,28.13,30.0,0
1779285602200,66,GND-VEH-01,613.6,18.89,21.78,2.89,16.77,23.5,0.990,1,1,31.0,0.16,28.37,30.1,0
1779285602233,67,PERSON-01,610.0,18.96,22.12,3.16,17.89,19.7,0.990,1,1,31.2,0.21,28.12,29.9,0
1779285602267,68,UAS-01,365.7,19.30,22.78,3.48,17.28,21.7,0.990,1,1,33.0,0.07,28.47,29.8,0
1779285602300,69,UAS-02,669.2,18.85,22.03,3.18,16.82,22.7,0.990,1,1,31.0,0.09,28.01,29.9,0
1779285602333,70,GND-VEH-01,311.3,18.77,21.82,3.05,17.42,21.7,0.978,1,1,33.5,0.10,28.02,30.1,0
1779285602367,71,PERSON-01,303.7,19.00,22.40,3.40,17.77,20.9,0.990,1,1,32.6,0.03,28.75,30.0,0
1779285602400,72,UAS-01,611.0,18.70,21.92,3.22,17.72,21.3,0.990,1,1,31.0,0.45,28.33,30.0,0
1779285602433,73,UAS-02,482.5,18.81,22.05,3.24,17.38,22.0,0.990,1,1,31.0,0.20,28.36,30.0,0
1779285602467,74,GND-VEH-01,643.3,19.07,22.09,3.01,17.23,20.2,0.990,1,1,31.0,0.13,28.19,29.9,0
1779285602500,75,PERSON-01,323.1,19.10,22.28,3.18,16.69,22.2,0.990,1,1,31.0,0.01,28.30,30.0,0
1779285602533,76,UAS-01,310.9,19.00,22.30,3.29,17.70,21.7,0.990,1,1,31.9,0.09,28.06,29.9,0
1779285602567,77,UAS-02,346.6,18.97,21.97,3.00,16.57,21.9,0.990,1,1,31.5,0.04,28.52,29.9,0
1779285602600,78,GND-VEH-01,555.3,18.89,21.86,2.97,17.62,22.0,0.983,1,1,31.0,0.26,28.41,29.8,0
1779285602633,79,PERSON-01,345.8,18.72,21.92,3.20,17.13,23.8,0.983,1,1,31.4,0.02,28.56,29.9,0
1779285602667,80,UAS-01,437.5,18.97,22.21,3.24,17.21,22.6,0.990,1,1,31.0,0.22,28.57,29.9,0
1779285602700,81,UAS-02,577.2,18.92,22.11,3.19,17.05,21.9,0.990,1,1,31.0,0.27,28.45,30.0,0
1779285602733,82,GND-VEH-01,311.6,19.30,22.79,3.48,17.21,23.3,0.990,1,1,31.0,0.25,28.53,30.2,0
1779285602767,83,PERSON-01,326.0,18.99,22.36,3.37,17.66,21.8,0.990,1,1,33.6,0.02,28.29,30.0,0
1779285602800,84,UAS-01,666.8,18.98,21.92,2.94,16.77,22.4,0.990,1,1,33.5,0.17,28.62,29.9,0
1779285602833,85,UAS-02,581.2,19.01,21.96,2.95,16.57,21.6,0.988,1,1,31.0,0.35,28.63,30.2,0
1779285602867,86,GND-VEH-01,615.8,18.93,21.75,2.81,17.11,22.6,0.990,1,1,31.0,0.25,28.59,29.8,0
1779285602900,87,PERSON-01,558.2,19.31,22.58,3.26,18.12,21.8,0.990,1,1,32.9,0.18,28.28,30.1,0
1779285602933,88,UAS-01,404.6,18.99,21.97,2.98,16.39,22.7,0.990,1,1,31.8,0.19,28.32,30.0,0
1779285602967,89,UAS-02,324.2,19.09,22.12,3.03,17.36,21.3,0.990,1,1,31.0,0.09,28.34,30.1,0
1779285603000,90,GND-VEH-01,459.8,18.93,22.18,3.25,17.75,22.9,0.990,1,1,31.5,0.04,27.84,30.1,0
1779285603033,91,PERSON-01,357.9,19.10,22.64,3.54,17.37,24.2,0.990,1,1,32.4,0.13,28.51,29.9,0
1779285603067,92,UAS-01,370.6,19.09,22.23,3.13,16.55,22.2,0.990,1,1,31.5,0.01,28.56,30.0,0
1779285603100,93,UAS-02,404.8,18.79,21.84,3.05,17.11,21.1,0.990,1,1,31.0,0.04,28.33,29.9,0
1779285603133,94,GND-VEH-01,581.4,18.86,21.95,3.09,17.72,21.4,0.989,1,1,31.0,0.13,27.99,30.1,0
1779285603167,95,PERSON-01,355.6,19.28,22.08,2.80,16.83,20.7,0.990,1,1,31.0,0.20,28.37,30.0,0
1779285603200,96,UAS-01,496.0,18.71,21.92,3.21,16.57,22.3,0.990,1,1,31.4,0.09,28.68,30.1,0
1779285603233,97,UAS-02,763.0,19.03,22.16,3.13,17.09,21.9,0.990,1,1,31.4,0.37,28.62,29.9,0
1779285603267,98,GND-VEH-01,400.7,18.90,22.27,3.38,18.74,20.7,0.990,1,1,31.0,0.18,28.68,30.1,0
1779285603300,99,PERSON-01,524.9,19.06,22.12,3.07,17.02,22.6,0.990,1,1,31.0,0.58,28.80,30.1,0
1779285603333,100,UAS-01,421.5,18.92,21.95,3.03,17.40,22.7,0.977,1,1,33.0,0.20,28.26,30.0,0
1779285603367,101,UAS-02,475.3,18.90,22.22,3.31,17.58,21.7,0.990,1,1,31.0,0.04,28.13,30.0,0
1779285603400,102,GND-VEH-01,707.9,19.16,22.52,3.36,17.31,21.7,0.986,1,1,31.0,0.03,28.59,29.9,0
1779285603433,103,PERSON-01,382.1,19.18,22.48,3.30,17.77,21.9,0.990,1,1,31.0,0.04,28.89,30.1,0
1779285603467,104,UAS-01,380.6,18.97,22.14,3.16,17.18,22.1,0.990,1,1,31.8,0.09,28.33,30.0,0
1779285603500,105,UAS-02,425.3,19.01,22.17,3.16,17.12,21.0,0.968,1,1,32.7,0.02,28.55,30.0,0
1779285603533,106,GND-VEH-01,346.9,19.07,21.92,2.84,17.06,23.5,0.990,1,1,31.8,0.26,28.61,30.1,0
1779285603567,107,PERSON-01,968.7,19.01,21.94,2.94,16.65,22.7,0.990,1,1,31.0,0.34,28.04,30.0,0
1779285603600,108,UAS-01,369.1,19.13,22.63,3.51,18.42,23.0,0.990,1,1,32.8,0.25,28.11,30.0,0
1779285603633,109,UAS-02,314.2,19.01,22.17,3.16,17.57,22.2,0.984,1,1,32.6,0.14,28.70,30.0,0
1779285603667,110,GND-VEH-01,460.8,19.09,22.23,3.15,17.36,21.7,0.990,1,1,33.9,0.05,28.30,29.9,0
1779285603700,111,PERSON-01,382.1,18.97,22.17,3.21,16.92,21.6,0.990,1,1,31.0,0.04,28.32,30.2,0
1779285603733,112,UAS-01,826.2,18.86,21.97,3.12,17.40,23.0,0.985,1,1,31.0,0.18,28.11,30.0,0
1779285603767,113,UAS-02,570.9,18.86,22.05,3.19,16.65,22.7,0.990,1,1,31.0,0.16,28.77,29.8,0
1779285603800,114,GND-VEH-01,882.3,19.15,21.95,2.80,16.14,22.0,0.990,1,1,33.2,0.49,28.28,30.0,0
1779285603833,115,PERSON-01,480.0,19.16,22.10,2.93,16.86,22.4,0.990,1,1,31.0,0.36,28.58,30.2,0
1779285603867,116,UAS-01,313.1,19.02,22.20,3.18,17.55,21.3,0.990,1,1,34.0,0.05,28.80,30.1,0
1779285603900,117,UAS-02,485.4,19.17,22.32,3.14,16.79,21.0,0.990,1,1,31.0,0.66,28.54,30.0,0
1779285603933,118,GND-VEH-01,305.6,18.96,22.20,3.23,17.27,21.8,0.990,1,1,31.0,0.15,28.64,30.1,0
1779285603967,119,PERSON-01,749.5,19.07,22.01,2.94,16.90,23.3,0.990,1,1,31.0,0.39,28.54,29.9,0
1779285604000,120,UAS-01,857.4,18.91,21.75,2.84,16.58,23.6,0.990,1,1,31.0,0.05,28.67,30.0,0
1779285604033,121,UAS-02,636.4,18.88,21.69,2.81,16.93,22.6,0.987,1,1,31.0,0.18,28.48,30.0,0
1779285604067,122,GND-VEH-01,325.9,18.85,22.16,3.31,17.52,23.6,0.990,1,1,31.0,0.27,28.93,30.0,0
1779285604100,123,PERSON-01,456.4,18.81,22.34,3.53,17.82,23.0,0.989,1,1,31.2,0.05,28.45,30.1,0
1779285604133,124,UAS-01,431.5,18.96,22.31,3.36,17.82,21.7,0.990,1,1,31.0,0.13,28.57,30.1,0
1779285604167,125,UAS-02,508.8,18.93,21.79,2.85,16.51,21.6,0.990,1,1,32.3,0.06,28.28,30.0,0
1779285604200,126,GND-VEH-01,323.4,19.05,22.41,3.36,17.13,21.7,0.981,1,1,31.0,0.10,28.40,29.9,0
1779285604233,127,PERSON-01,399.4,19.26,22.48,3.23,17.39,22.3,0.990,1,1,31.0,0.26,28.10,30.0,0
1779285604267,128,UAS-01,434.9,19.08,22.31,3.23,16.79,23.7,0.982,1,1,33.6,0.56,28.65,29.9,0
1779285604300,129,UAS-02,406.0,19.01,22.55,3.54,17.70,21.0,0.990,1,1,31.0,0.21,28.56,29.9,0
1779285604333,130,GND-VEH-01,714.1,18.94,21.98,3.04,17.17,20.7,0.990,1,1,33.6,0.41,28.54,30.0,0
1779285604367,131,PERSON-01,445.4,19.00,22.51,3.51,17.30,22.4,0.973,1,1,31.0,0.17,28.86,30.1,0
1779285604400,132,UAS-01,383.6,19.07,22.43,3.36,17.33,22.5,0.990,1,1,32.3,0.10,28.18,30.1,0
1779285604433,133,UAS-02,579.2,18.98,22.06,3.08,16.92,21.1,0.990,1,1,32.4,0.06,28.43,30.0,0
1779285604467,134,GND-VEH-01,367.9,19.15,22.27,3.12,17.50,22.0,0.976,1,1,31.4,0.13,28.56,29.9,0
1779285604500,135,PERSON-01,619.2,18.88,21.73,2.84,17.24,21.1,0.990,1,1,31.3,0.38,28.15,30.1,0
1779285604533,136,UAS-01,415.7,19.08,22.66,3.58,17.42,22.6,0.967,1,1,32.7,0.14,28.32,30.0,0
1779285604567,137,UAS-02,423.2,19.15,22.45,3.30,17.10,20.6,0.986,1,1,31.5,0.40,28.35,29.9,0
1779285604600,138,GND-VEH-01,455.5,18.66,21.59,2.93,16.52,21.9,0.990,1,1,31.0,0.28,28.54,29.9,0
1779285604633,139,PERSON-01,337.4,18.90,22.19,3.29,17.83,22.8,0.981,1,1,33.2,0.12,28.20,30.1,0
1779285604667,140,UAS-01,774.5,19.31,22.24,2.92,17.20,21.9,0.990,1,1,32.5,0.19,28.31,30.0,0
1779285604700,141,UAS-02,380.0,18.99,22.22,3.22,17.32,21.6,0.985,1,1,31.0,0.11,28.49,29.9,0
1779285604733,142,GND-VEH-01,418.5,18.88,21.72,2.84,16.63,22.2,0.990,1,1,31.0,0.17,28.11,30.0,0
1779285604767,143,PERSON-01,679.8,19.11,22.06,2.96,16.68,21.7,0.990,1,1,31.0,0.28,28.90,29.8,0
1779285604800,144,UAS-01,488.8,19.01,22.21,3.20,17.78,22.4,0.990,1,1,31.0,0.19,28.36,30.0,0
1779285604833,145,UAS-02,385.0,19.07,22.17,3.11,17.28,23.2,0.990,1,1,32.0,0.39,28.78,30.1,0
1779285604867,146,GND-VEH-01,417.7,19.04,22.03,3.00,17.40,20.8,0.975,1,1,32.4,0.27,28.58,30.0,0
1779285604900,147,PERSON-01,482.2,18.90,22.12,3.22,17.38,23.4,0.990,1,1,31.0,0.28,28.44,30.0,0
1779285604933,148,UAS-01,510.4,18.98,22.21,3.23,18.01,22.4,0.990,1,1,32.0,0.51,28.93,29.9,0
1779285604967,149,UAS-02,449.2,18.72,21.76,3.04,17.45,23.6,0.990,1,1,32.4,0.25,28.75,30.0,0
1779285605000,150,GND-VEH-01,472.5,18.97,22.16,3.19,17.10,23.3,0.990,1,1,31.0,0.19,28.68,30.0,0
1779285605033,151,PERSON-01,562.2,18.77,21.92,3.15,17.46,21.6,0.982,1,1,32.4,0.34,28.49,30.1,0
1779285605067,152,UAS-01,335.7,18.95,22.52,3.57,17.83,22.6,0.990,1,1,31.0,0.53,28.97,30.0,0
1779285605100,153,UAS-02,421.9,19.03,22.15,3.12,17.11,21.3,0.990,1,1,31.0,0.13,29.03,30.1,0
1779285605133,154,GND-VEH-01,634.7,18.71,21.61,2.91,16.45,22.3,0.981,1,1,32.3,0.27,28.74,30.0,0
1779285605167,155,PERSON-01,369.1,18.97,21.95,2.98,17.18,21.8,0.990,1,1,31.0,0.13,29.00,30.0,0
1779285605200,156,UAS-01,364.6,18.80,22.08,3.29,17.56,21.2,0.990,1,1,31.0,0.24,28.60,29.9,0
1779285605233,157,UAS-02,414.3,19.14,22.36,3.22,17.15,23.4,0.987,1,1,31.1,0.08,28.88,30.0,0
1779285605267,158,GND-VEH-01,449.0,18.88,22.31,3.44,17.55,23.8,0.990,1,1,31.2,0.18,28.18,30.0,0
1779285605300,159,PERSON-01,374.2,18.93,21.95,3.03,17.62,21.6,0.968,1,1,31.0,0.18,28.52,30.0,0
1779285605333,160,UAS-01,576.9,18.99,22.07,3.08,17.35,21.4,0.990,1,1,33.9,0.10,28.48,29.9,0
1779285605367,161,UAS-02,609.0,18.70,21.95,3.25,17.24,22.3,0.990,1,1,31.0,0.59,28.61,29.9,0
1779285605400,162,GND-VEH-01,568.2,18.92,22.05,3.13,16.91,21.7,0.978,1,1,31.2,0.27,28.79,30.1,0
1779285605433,163,PERSON-01,429.9,19.09,22.71,3.62,18.65,21.6,0.990,1,1,31.0,0.24,28.82,30.1,0
1779285605467,164,UAS-01,665.6,19.00,22.42,3.42,17.70,21.6,0.977,1,1,31.0,0.32,28.33,30.0,0
1779285605500,165,UAS-02,500.7,19.08,22.12,3.04,16.74,20.8,0.990,1,1,31.0,0.04,28.71,29.9,0
1779285605533,166,GND-VEH-01,601.9,19.04,22.14,3.09,17.11,23.6,0.977,1,1,31.5,0.02,29.02,30.0,0
1779285605567,167,PERSON-01,364.4,19.03,22.30,3.27,17.23,22.3,0.990,1,1,31.8,0.31,28.88,23.8,1
1779285605600,168,UAS-01,639.8,19.00,22.08,3.08,16.90,22.7,0.980,1,1,31.0,0.01,28.99,30.0,0
1779285605633,169,UAS-02,544.3,19.04,22.28,3.25,17.65,21.9,0.984,1,1,32.6,0.21,29.26,30.0,0
1779285605667,170,GND-VEH-01,352.8,18.97,22.22,3.25,16.99,22.4,0.989,1,1,31.0,0.13,28.48,30.0,0
1779285605700,171,PERSON-01,844.9,19.02,21.83,2.81,16.75,22.2,0.982,1,1,31.0,0.02,28.60,29.8,0
1779285605733,172,UAS-01,770.6,19.15,22.19,3.05,16.68,23.0,0.990,1,1,32.4,0.29,28.64,30.1,0
1779285605767,173,UAS-02,472.7,19.22,22.41,3.19,17.79,21.7,0.990,1,1,31.0,0.24,28.57,29.9,0
1779285605800,174,GND-VEH-01,505.3,18.95,22.54,3.58,18.32,21.7,0.990,1,1,31.5,0.12,28.71,30.1,0
1779285605833,175,PERSON-01,842.0,18.98,21.93,2.95,16.35,21.9,0.981,1,1,33.4,0.21,28.50,30.1,0
1779285605867,176,UAS-01,347.3,18.93,22.20,3.27,17.42,23.2,0.990,1,1,31.0,0.17,28.66,30.0,0
1779285605900,177,UAS-02,317.2,19.09,22.35,3.26,18.12,23.2,0.977,1,1,32.1,0.30,29.10,30.0,0
1779285605933,178,GND-VEH-01,617.3,18.93,21.80,2.87,17.41,21.2,0.990,1,1,31.0,0.02,28.65,30.0,0
1779285605967,179,PERSON-01,579.7,18.94,22.23,3.29,17.03,21.4,0.990,1,1,31.0,0.26,29.20,29.9,0
1779285606000,180,UAS-01,420.5,19.15,22.13,2.98,16.38,23.6,0.990,1,1,31.4,0.00,28.42,30.0,0
1779285606033,181,UAS-02,476.4,18.90,22.11,3.21,17.09,23.0,0.990,1,1,31.0,0.04,28.57,30.1,0
1779285606067,182,GND-VEH-01,627.6,19.08,22.49,3.41,18.18,20.8,0.990,1,1,31.0,0.16,28.67,30.0,0
1779285606100,183,PERSON-01,323.2,18.87,22.11,3.24,17.46,21.8,0.984,1,1,32.5,0.01,29.13,30.0,0
1779285606133,184,UAS-01,467.4,18.85,22.07,3.22,17.92,19.9,0.974,1,1,33.5,0.56,28.49,29.9,0
1779285606167,185,UAS-02,674.5,19.14,22.13,2.98,17.45,20.8,0.990,1,1,31.0,0.27,29.01,30.0,0
1779285606200,186,GND-VEH-01,500.3,19.18,22.26,3.08,17.08,21.7,0.990,1,1,32.4,0.26,28.64,30.1,0
1779285606233,187,PERSON-01,345.2,19.06,22.50,3.44,17.54,21.5,0.987,1,1,32.0,0.14,28.86,29.9,0
1779285606267,188,UAS-01,420.3,18.86,22.41,3.55,17.97,23.1,0.978,1,1,31.0,0.06,29.03,30.0,0
1779285606300,189,UAS-02,473.7,19.02,22.29,3.28,16.87,19.8,0.980,1,1,31.0,0.09,28.50,30.0,0
1779285606333,190,GND-VEH-01,582.4,18.95,22.18,3.23,17.45,21.4,0.990,1,1,31.0,0.35,28.53,29.9,0
1779285606367,191,PERSON-01,558.7,19.28,22.57,3.29,17.56,21.3,0.990,1,1,31.0,0.08,28.65,30.0,0
1779285606400,192,UAS-01,365.5,19.31,22.60,3.29,16.94,22.9,0.990,1,1,31.6,0.03,28.68,30.0,0
1779285606433,193,UAS-02,669.6,18.65,21.44,2.80,16.64,21.9,0.990,1,1,33.5,0.02,28.67,30.1,0
1779285606467,194,GND-VEH-01,389.9,19.19,22.41,3.21,17.52,21.2,0.977,1,1,31.1,0.14,28.96,30.0,0
1779285606500,195,PERSON-01,485.6,19.08,22.29,3.20,17.28,21.1,0.990,1,1,33.7,0.10,28.65,30.0,0
1779285606533,196,UAS-01,475.8,19.01,22.39,3.38,17.20,21.8,0.990,1,1,33.2,0.02,28.31,29.9,0
1779285606567,197,UAS-02,361.1,18.91,22.30,3.39,18.04,21.6,0.990,1,1,33.6,0.02,28.41,29.9,0
1779285606600,198,GND-VEH-01,496.9,18.87,21.76,2.88,16.80,21.6,0.990,1,1,31.0,0.23,28.61,30.2,0
1779285606633,199,PERSON-01,451.3,18.92,22.20,3.28,17.17,22.0,0.966,1,1,32.5,0.13,28.83,30.1,0
1779285606667,200,UAS-01,568.0,19.10,21.92,2.83,16.16,23.0,0.985,1,1,31.0,0.33,28.81,30.0,0
1779285606700,201,UAS-02,476.5,19.26,22.46,3.19,17.13,22.9,0.990,1,1,34.3,0.24,28.44,30.0,0
1779285606733,202,GND-VEH-01,608.4,18.80,21.69,2.90,16.35,22.4,0.976,1,1,31.0,0.17,28.47,30.0,0
1779285606767,203,PERSON-01,589.6,19.13,22.46,3.33,17.10,23.2,0.990,1,1,33.0,0.23,28.44,30.0,0
1779285606800,204,UAS-01,313.8,18.99,22.51,3.52,17.84,22.2,0.990,1,1,31.0,0.11,28.61,30.1,0
1779285606833,205,UAS-02,393.5,19.08,22.43,3.35,17.70,21.4,0.989,1,1,31.0,0.56,28.87,30.0,0
1779285606867,206,GND-VEH-01,528.4,18.67,21.91,3.25,17.38,24.2,0.990,1,1,31.0,0.12,28.63,30.0,0
1779285606900,207,PERSON-01,536.1,18.97,22.10,3.13,17.56,23.0,0.990,1,1,31.0,0.13,28.76,30.1,0
1779285606933,208,UAS-01,397.6,19.05,22.42,3.37,18.23,22.4,0.990,1,1,31.7,0.34,28.35,30.0,0
1779285606967,209,UAS-02,415.6,19.14,22.20,3.06,17.35,20.8,0.990,1,1,31.0,0.41,28.60,29.8,0
1779285607000,210,GND-VEH-01,554.7,18.99,22.29,3.30,16.90,22.2,0.981,1,1,31.0,0.07,29.15,30.1,0
1779285607033,211,PERSON-01,503.2,19.29,22.25,2.96,17.66,21.2,0.990,1,1,31.0,0.37,28.61,29.9,0
1779285607067,212,UAS-01,479.0,19.05,22.14,3.09,17.15,20.1,0.971,1,1,35.5,0.37,28.60,30.0,0
1779285607100,213,UAS-02,387.2,19.14,22.37,3.24,17.13,22.9,0.990,1,1,31.0,0.35,29.29,29.9,0
1779285607133,214,GND-VEH-01,454.8,19.10,22.21,3.11,16.31,21.6,0.981,1,1,31.0,0.25,28.78,29.9,0
1779285607167,215,PERSON-01,433.6,19.00,21.88,2.88,17.01,22.2,0.990,1,1,33.9,0.02,28.96,29.9,0
1779285607200,216,UAS-01,365.4,18.84,21.93,3.09,17.35,20.8,0.983,1,1,31.0,0.15,29.30,30.0,0
1779285607233,217,UAS-02,635.8,19.13,22.21,3.07,16.28,21.6,0.989,1,1,31.0,0.52,28.79,29.9,0
1779285607267,218,GND-VEH-01,388.8,19.18,22.33,3.15,16.85,23.9,0.980,1,1,31.0,0.15,28.75,30.0,0
1779285607300,219,PERSON-01,486.5,19.21,22.64,3.43,17.47,21.4,0.990,1,1,31.0,0.16,28.67,30.0,0
1779285607333,220,UAS-01,364.6,18.95,21.82,2.87,16.27,20.6,0.990,1,1,31.0,0.26,29.07,29.9,0
1779285607367,221,UAS-02,332.2,19.03,21.97,2.94,16.76,22.4,0.990,1,1,31.0,0.30,28.86,30.0,0
1779285607400,222,GND-VEH-01,660.2,19.07,22.19,3.12,16.75,22.3,0.985,1,1,31.0,0.55,28.81,30.2,0
1779285607433,223,PERSON-01,698.5,18.95,21.90,2.95,17.64,23.6,0.982,1,1,32.1,0.19,28.97,30.0,0
1779285607467,224,UAS-01,406.5,18.87,22.05,3.18,16.70,22.3,0.989,1,1,31.0,0.12,28.81,30.1,0
1779285607500,225,UAS-02,539.8,18.84,21.99,3.15,17.09,22.7,0.975,1,1,32.7,0.27,29.07,30.0,0
1779285607533,226,GND-VEH-01,488.2,19.00,22.37,3.38,16.81,21.6,0.989,1,1,31.5,0.09,28.82,30.1,0
1779285607567,227,PERSON-01,395.5,18.85,21.77,2.92,16.98,23.4,0.990,1,1,31.0,0.11,29.08,29.9,0
1779285607600,228,UAS-01,620.7,18.88,21.86,2.98,16.74,22.3,0.990,1,1,31.0,0.31,29.08,29.8,0
1779285607633,229,UAS-02,370.2,18.89,21.96,3.07,17.25,21.8,0.990,1,1,32.3,0.02,28.88,29.9,0
1779285607667,230,GND-VEH-01,717.3,18.72,21.63,2.91,17.36,20.4,0.990,1,1,31.0,0.10,29.03,29.9,0
1779285607700,231,PERSON-01,548.1,19.09,22.04,2.96,16.94,20.3,0.990,1,1,31.9,0.09,29.00,29.9,0
1779285607733,232,UAS-01,498.6,18.95,22.22,3.26,16.97,23.1,0.988,1,1,31.0,0.00,29.14,29.9,0
1779285607767,233,UAS-02,635.2,18.97,21.87,2.90,16.82,21.4,0.986,1,1,33.2,0.29,28.69,30.1,0
1779285607800,234,GND-VEH-01,617.0,19.04,22.25,3.21,17.46,20.5,0.990,1,1,31.0,0.47,29.30,29.8,0
1779285607833,235,PERSON-01,306.4,19.01,22.34,3.33,16.94,22.8,0.988,1,1,31.4,0.29,28.98,30.0,0
1779285607867,236,UAS-01,521.8,18.86,21.78,2.92,16.38,23.0,0.990,1,1,31.9,0.00,29.05,30.1,0
1779285607900,237,UAS-02,583.4,19.08,22.16,3.08,17.01,22.2,0.990,1,1,32.5,0.01,29.38,30.0,0
1779285607933,238,GND-VEH-01,442.4,19.25,22.40,3.15,17.23,20.9,0.990,1,1,31.0,0.31,28.88,30.0,0
1779285607967,239,PERSON-01,958.6,19.06,22.15,3.08,17.28,20.0,0.990,1,1,31.0,0.26,28.60,30.0,0
1779285608000,240,UAS-01,306.2,19.05,22.24,3.19,17.94,21.7,0.982,1,1,31.0,0.18,28.55,30.1,0
1779285608033,241,UAS-02,934.4,18.80,21.86,3.06,17.44,21.5,0.986,1,1,31.0,0.15,29.16,30.0,0
1779285608067,242,GND-VEH-01,486.4,18.85,22.03,3.18,16.97,22.0,0.978,1,1,31.0,0.15,29.03,30.0,0
1779285608100,243,PERSON-01,485.1,18.91,22.15,3.24,17.00,22.3,0.990,1,1,31.0,0.06,28.91,29.9,0
1779285608133,244,UAS-01,347.9,19.03,22.14,3.11,17.13,23.4,0.990,1,1,32.4,0.07,29.46,30.1,0
1779285608167,245,UAS-02,473.1,19.12,22.50,3.38,17.16,23.1,0.990,1,1,31.0,0.16,28.99,30.1,0
1779285608200,246,GND-VEH-01,622.2,19.02,22.26,3.23,17.94,21.4,0.990,1,1,31.0,0.42,29.09,30.0,0
1779285608233,247,PERSON-01,699.5,18.95,21.81,2.86,16.85,22.5,0.975,1,1,31.0,0.37,29.21,30.0,0
1779285608267,248,UAS-01,641.2,18.73,21.93,3.21,16.94,21.7,0.990,1,1,31.8,0.22,28.84,29.9,0
1779285608300,249,UAS-02,362.3,18.95,21.72,2.78,17.13,23.1,0.990,1,1,34.2,0.05,28.97,30.2,0
1779285608333,250,GND-VEH-01,883.1,18.91,21.85,2.94,16.33,22.0,0.990,1,1,31.0,0.53,29.32,29.9,0
1779285608367,251,PERSON-01,823.8,18.97,21.83,2.86,16.42,23.0,0.990,1,1,31.5,0.19,28.58,30.0,0
1779285608400,252,UAS-01,417.9,18.89,22.00,3.11,17.35,22.2,0.990,1,1,31.1,0.07,28.51,29.9,0
1779285608433,253,UAS-02,435.9,18.87,22.01,3.14,16.97,22.5,0.990,1,1,31.0,0.08,29.05,29.9,0
1779285608467,254,GND-VEH-01,412.7,19.12,22.13,3.01,17.18,21.4,0.990,1,1,31.0,0.12,29.05,30.1,0
1779285608500,255,PERSON-01,416.0,19.12,22.58,3.47,17.72,22.1,0.990,1,1,31.0,0.23,29.22,30.0,0
1779285608533,256,UAS-01,408.7,19.10,22.32,3.23,17.56,22.9,0.990,1,1,31.0,0.43,29.26,29.9,0
1779285608567,257,UAS-02,704.7,19.17,22.14,2.96,16.95,22.5,0.983,1,1,31.2,0.06,29.31,30.0,0
1779285608600,258,GND-VEH-01,633.1,19.10,22.35,3.25,17.22,22.5,0.990,1,1,31.0,0.49,28.97,30.1,0
1779285608633,259,PERSON-01,481.1,19.06,22.45,3.39,17.52,22.9,0.990,1,1,31.4,0.17,28.87,30.0,0
1779285608667,260,UAS-01,573.3,19.12,22.13,3.01,17.17,20.7,0.973,1,1,34.0,0.34,29.29,30.0,0
1779285608700,261,UAS-02,482.9,19.03,21.96,2.92,16.48,21.2,0.990,1,1,31.6,0.05,28.90,29.9,0
1779285608733,262,GND-VEH-01,377.2,18.98,22.16,3.18,17.60,21.5,0.990,1,1,32.1,0.07,29.18,30.0,0
1779285608767,263,PERSON-01,464.0,18.87,22.38,3.52,17.53,23.3,0.990,1,1,31.0,0.61,29.15,30.0,0
1779285608800,264,UAS-01,677.4,18.89,22.23,3.34,17.25,21.9,0.990,1,1,31.4,0.52,29.47,30.0,0
1779285608833,265,UAS-02,457.4,19.05,22.03,2.98,17.20,22.1,0.990,1,1,31.0,0.17,28.79,29.9,0
1779285608867,266,GND-VEH-01,567.7,18.99,22.10,3.10,16.66,22.3,0.990,1,1,31.4,0.02,28.96,29.8,0
1779285608900,267,PERSON-01,379.2,19.16,22.53,3.37,17.13,22.2,0.990,1,1,31.2,0.43,28.99,30.1,0
1779285608933,268,UAS-01,355.8,18.83,22.06,3.23,18.32,20.5,0.974,1,1,31.0,0.29,28.78,30.0,0
1779285608967,269,UAS-02,742.7,18.96,21.97,3.02,17.79,21.0,0.990,1,1,31.2,0.22,28.68,29.9,0
1779285609000,270,GND-VEH-01,320.3,18.79,21.81,3.03,16.06,23.3,0.990,1,1,31.8,0.34,28.93,30.1,0
1779285609033,271,PERSON-01,314.1,19.27,22.10,2.83,16.53,23.0,0.990,1,1,31.0,0.05,29.04,30.1,0
1779285609067,272,UAS-01,419.7,18.96,22.08,3.12,16.90,22.1,0.990,1,1,31.0,0.12,29.01,30.0,0
1779285609100,273,UAS-02,358.1,19.32,22.46,3.14,17.17,21.4,0.978,1,1,32.5,0.29,29.05,29.8,0
1779285609133,274,GND-VEH-01,324.3,19.00,22.18,3.17,17.81,21.5,0.990,1,1,33.9,0.19,28.79,30.1,0
1779285609167,275,PERSON-01,547.1,19.05,22.22,3.17,16.54,22.1,0.990,1,1,32.6,0.16,29.16,30.1,0
1779285609200,276,UAS-01,417.2,19.26,22.63,3.38,17.01,21.9,0.990,1,1,31.0,0.24,29.20,29.9,0
1779285609233,277,UAS-02,642.9,19.03,21.89,2.86,16.32,20.8,0.990,1,1,34.6,0.19,29.05,30.0,0
1779285609267,278,GND-VEH-01,494.9,19.10,22.60,3.49,17.98,21.5,0.990,1,1,32.3,0.24,29.44,30.0,0
1779285609300,279,PERSON-01,310.8,19.01,22.36,3.35,17.28,22.6,0.982,1,1,32.1,0.10,29.22,30.0,0
1779285609333,280,UAS-01,407.6,18.93,21.98,3.05,17.10,21.4,0.990,1,1,31.0,0.36,29.08,29.9,0
1779285609367,281,UAS-02,363.1,18.92,22.15,3.23,16.77,23.7,0.988,1,1,31.0,0.07,29.53,30.1,0
1779285609400,282,GND-VEH-01,351.6,19.15,22.39,3.24,17.13,22.1,0.990,1,1,31.0,0.05,28.74,30.1,0
1779285609433,283,PERSON-01,842.9,19.16,22.13,2.96,17.45,22.5,0.990,1,1,31.0,0.36,29.46,30.1,0
1779285609467,284,UAS-01,567.1,19.34,22.41,3.07,17.21,21.2,0.990,1,1,32.8,0.40,29.06,30.0,0
1779285609500,285,UAS-02,355.7,18.90,22.08,3.18,17.88,21.1,0.984,1,1,31.0,0.27,29.02,30.1,0
1779285609533,286,GND-VEH-01,304.6,19.33,22.61,3.28,17.64,21.8,0.990,1,1,31.0,0.16,29.21,30.2,0
1779285609567,287,PERSON-01,638.1,18.93,22.06,3.13,16.66,21.7,0.990,1,1,32.7,0.54,28.84,30.0,0
1779285609600,288,UAS-01,493.2,18.91,22.33,3.42,17.09,23.0,0.990,1,1,32.2,0.09,28.94,30.0,0
1779285609633,289,UAS-02,433.4,19.09,22.38,3.29,17.31,21.1,0.990,1,1,32.9,0.02,29.35,30.1,0
1779285609667,290,GND-VEH-01,434.6,18.93,21.90,2.98,16.71,23.1,0.982,1,1,31.0,0.21,28.83,30.0,0
1779285609700,291,PERSON-01,461.9,19.05,22.15,3.10,17.37,21.3,0.990,1,1,31.2,0.37,29.29,29.9,0
1779285609733,292,UAS-01,510.9,19.07,22.33,3.26,17.38,23.9,0.990,1,1,31.0,0.02,29.22,29.9,0
1779285609767,293,UAS-02,622.1,18.97,21.68,2.72,16.08,22.5,0.974,1,1,31.0,0.11,29.04,29.9,0
1779285609800,294,GND-VEH-01,530.7,19.07,22.37,3.30,18.15,21.0,0.989,1,1,31.8,0.16,29.33,30.0,0
1779285609833,295,PERSON-01,386.4,18.90,22.09,3.18,17.01,22.4,0.990,1,1,31.0,0.01,29.33,30.0,0
1779285609867,296,UAS-01,567.7,19.28,22.17,2.89,16.68,21.5,0.973,1,1,31.0,0.12,28.80,30.0,0
1779285609900,297,UAS-02,453.0,19.10,22.17,3.07,16.73,22.8,0.990,1,1,31.0,0.32,28.88,30.1,0
1779285609933,298,GND-VEH-01,752.4,18.97,21.76,2.79,16.41,22.3,0.990,1,1,32.5,0.09,29.17,29.9,0
1779285609967,299,PERSON-01,599.3,19.08,22.22,3.14,16.82,23.2,0.990,1,1,32.7,0.14,29.14,30.0,0
1779285610000,300,UAS-01,531.4,18.89,22.02,3.13,18.01,23.1,0.986,1,1,31.1,0.31,29.26,30.0,0
1779285610033,301,UAS-02,354.0,18.99,22.15,3.16,17.74,22.1,0.990,1,1,31.0,0.07,29.07,29.9,0
1779285610067,302,GND-VEH-01,379.2,18.83,21.93,3.09,16.43,22.5,0.990,1,1,31.0,0.12,29.40,30.0,0
1779285610100,303,PERSON-01,656.7,18.90,22.11,3.21,17.01,22.6,0.990,1,1,34.1,0.16,29.25,30.0,0
1779285610133,304,UAS-01,471.0,19.12,22.50,3.38,16.76,23.6,0.990,1,1,35.0,0.25,29.28,30.0,0
1779285610167,305,UAS-02,481.6,18.95,22.36,3.40,17.99,21.0,0.990,1,1,31.8,0.08,29.11,29.9,0
1779285610200,306,GND-VEH-01,518.6,19.15,22.16,3.00,17.42,20.2,0.990,1,1,32.0,0.30,28.84,29.9,0
1779285610233,307,PERSON-01,764.0,18.86,21.88,3.02,16.88,22.6,0.990,1,1,32.0,0.30,29.11,29.9,0
1779285610267,308,UAS-01,469.6,18.76,21.76,3.00,17.09,23.6,0.990,1,1,32.5,0.08,29.07,29.9,0
1779285610300,309,UAS-02,437.9,19.03,22.23,3.19,17.10,22.7,0.990,1,1,33.2,0.08,29.23,30.1,0
1779285610333,310,GND-VEH-01,338.0,19.15,22.29,3.14,17.44,22.7,0.990,1,1,31.7,0.21,29.50,30.0,0
1779285610367,311,PERSON-01,505.0,19.02,22.28,3.26,17.48,22.3,0.990,1,1,31.7,0.09,29.24,30.0,0
1779285610400,312,UAS-01,346.5,19.00,22.10,3.10,18.06,22.0,0.990,1,1,32.7,0.23,28.91,30.0,0
1779285610433,313,UAS-02,589.0,19.00,22.54,3.54,17.90,21.0,0.990,1,1,34.2,0.36,29.27,30.0,0
1779285610467,314,GND-VEH-01,681.9,18.92,21.89,2.97,16.58,22.0,0.990,1,1,31.0,0.37,29.10,29.9,0
1779285610500,315,PERSON-01,367.4,18.96,22.28,3.31,17.57,22.4,0.990,1,1,31.0,0.10,29.20,30.0,0
1779285610533,316,UAS-01,371.0,18.80,21.89,3.09,17.33,22.2,0.982,1,1,31.0,0.31,29.31,29.9,0
1779285610567,317,UAS-02,621.4,19.22,22.53,3.31,17.80,21.4,0.990,1,1,31.9,0.01,28.98,30.1,0
1779285610600,318,GND-VEH-01,524.7,19.19,22.47,3.28,17.31,22.7,0.990,1,1,31.1,0.05,28.96,30.1,0
1779285610633,319,PERSON-01,606.5,18.83,21.80,2.97,16.95,21.8,0.990,1,1,31.0,0.24,29.39,30.1,0
1779285610667,320,UAS-01,439.3,19.01,22.24,3.23,17.65,21.5,0.990,1,1,33.3,0.16,29.36,29.9,0
1779285610700,321,UAS-02,374.8,18.90,22.04,3.13,16.89,23.4,0.990,1,1,31.0,0.02,28.98,29.9,0
1779285610733,322,GND-VEH-01,764.4,18.91,21.76,2.85,16.72,23.0,0.990,1,1,34.7,0.03,29.54,30.0,0
1779285610767,323,PERSON-01,580.5,19.15,22.26,3.11,16.22,24.1,0.987,1,1,32.9,0.07,29.39,30.0,0
1779285610800,324,UAS-01,305.6,18.75,21.75,3.00,17.06,21.4,0.990,1,1,33.8,0.19,29.18,29.9,0
1779285610833,325,UAS-02,427.1,18.92,22.08,3.16,17.69,21.4,0.990,1,1,31.0,0.05,29.30,30.0,0
1779285610867,326,GND-VEH-01,424.9,19.04,22.43,3.39,16.61,24.4,0.990,1,1,31.4,0.59,29.30,29.9,0
1779285610900,327,PERSON-01,363.1,19.29,22.66,3.38,18.52,20.8,0.990,1,1,31.0,0.39,29.78,30.1,0
1779285610933,328,UAS-01,626.1,19.05,21.99,2.94,17.33,22.5,0.990,1,1,31.0,0.03,29.46,30.0,0
1779285610967,329,UAS-02,370.6,18.84,21.98,3.15,17.27,21.8,0.990,1,1,32.9,0.43,29.36,30.1,0
1779285611000,330,GND-VEH-01,352.4,18.74,21.76,3.03,16.85,21.1,0.986,1,1,31.0,0.10,28.99,29.8,0
1779285611033,331,PERSON-01,502.5,19.15,22.57,3.42,17.88,20.4,0.990,1,1,31.0,0.02,29.28,29.9,0
1779285611067,332,UAS-01,410.5,18.61,21.86,3.25,16.81,22.0,0.987,1,1,31.7,0.06,29.16,30.0,0
1779285611100,333,UAS-02,444.6,19.18,22.47,3.29,17.92,21.1,0.972,1,1,31.6,0.04,28.96,30.0,0
1779285611133,334,GND-VEH-01,715.7,18.91,21.77,2.86,16.09,22.2,0.990,1,1,31.6,0.31,29.71,29.9,0
1779285611167,335,PERSON-01,420.3,19.04,22.00,2.96,16.90,23.0,0.990,1,1,31.0,0.31,29.29,30.0,0
1779285611200,336,UAS-01,467.9,19.25,22.35,3.10,18.07,22.0,0.990,1,1,34.3,0.66,29.45,30.1,0
1779285611233,337,UAS-02,717.1,18.89,21.96,3.07,16.72,22.5,0.990,1,1,34.2,0.15,28.96,30.0,0
1779285611267,338,GND-VEH-01,317.4,18.88,21.65,2.77,17.05,22.7,0.982,1,1,31.2,0.05,28.96,29.9,0
1779285611300,339,PERSON-01,318.2,19.12,22.37,3.26,17.76,21.5,0.982,1,1,31.0,0.27,29.62,30.0,0
1779285611333,340,UAS-01,401.7,18.99,22.38,3.38,18.24,21.5,0.990,1,1,32.2,0.10,29.55,30.0,0
1779285611367,341,UAS-02,681.5,18.78,21.44,2.66,16.30,22.0,0.990,1,1,31.0,0.40,29.40,29.9,0
1779285611400,342,GND-VEH-01,344.2,18.78,21.86,3.08,17.59,21.1,0.989,1,1,31.0,0.02,29.07,30.0,0
1779285611433,343,PERSON-01,373.3,19.22,22.52,3.30,17.91,21.7,0.990,1,1,32.5,0.14,29.37,30.0,0
1779285611467,344,UAS-01,514.8,18.91,22.43,3.53,18.02,22.0,0.990,1,1,33.1,0.03,29.30,29.8,0
1779285611500,345,UAS-02,383.4,18.79,22.04,3.25,17.99,22.0,0.990,1,1,31.5,0.39,29.23,29.8,0
1779285611533,346,GND-VEH-01,477.0,18.83,22.03,3.19,17.27,21.6,0.990,1,1,31.6,0.16,29.58,30.0,0
1779285611567,347,PERSON-01,330.6,18.93,22.35,3.42,17.79,21.0,0.990,1,1,31.0,0.34,29.36,30.1,0
1779285611600,348,UAS-01,382.2,18.96,21.83,2.87,16.36,21.6,0.966,1,1,33.5,0.16,29.63,30.0,0
1779285611633,349,UAS-02,623.3,19.03,22.22,3.19,16.98,22.1,0.990,1,1,31.7,0.41,29.14,29.9,0
1779285611667,350,GND-VEH-01,810.6,18.98,21.71,2.72,17.26,22.1,0.990,1,1,31.4,0.50,29.23,29.9,0
1779285611700,351,PERSON-01,611.1,19.15,22.36,3.21,17.71,21.1,0.975,1,1,31.2,0.27,29.61,22.8,1
1779285611733,352,UAS-01,676.5,18.96,21.74,2.78,16.20,21.5,0.990,1,1,31.0,0.28,29.09,30.2,0
1779285611767,353,UAS-02,598.4,19.17,22.40,3.22,16.58,23.0,0.990,1,1,31.0,0.08,29.35,30.1,0
1779285611800,354,GND-VEH-01,448.9,18.96,22.06,3.10,17.14,21.8,0.990,1,1,32.4,0.06,29.23,30.1,0
1779285611833,355,PERSON-01,1157.3,19.09,21.85,2.76,16.31,21.0,0.990,1,1,32.5,0.08,29.55,29.9,0
1779285611867,356,UAS-01,699.9,18.89,22.17,3.28,16.79,23.3,0.990,1,1,31.5,0.47,29.55,30.2,0
1779285611900,357,UAS-02,621.2,18.96,22.34,3.38,17.44,23.1,0.990,1,1,31.0,0.03,29.47,29.9,0
1779285611933,358,GND-VEH-01,852.9,19.17,22.29,3.12,17.08,22.9,0.990,1,1,32.5,0.22,29.54,29.9,0
1779285611967,359,PERSON-01,585.7,19.17,22.21,3.04,16.88,23.0,0.990,1,1,31.2,0.01,29.01,30.1,0
1779285612000,360,UAS-01,704.0,18.77,21.84,3.07,16.50,24.0,0.990,1,1,31.0,0.23,29.30,29.9,0
1779285612033,361,UAS-02,333.5,18.89,22.24,3.35,17.00,22.1,0.990,1,1,31.0,0.07,29.70,30.1,0
1779285612067,362,GND-VEH-01,483.3,18.95,22.19,3.24,17.29,23.0,0.989,1,1,31.0,0.38,29.41,30.1,0
1779285612100,363,PERSON-01,515.9,19.03,22.30,3.26,16.78,24.1,0.990,1,1,32.0,0.01,29.44,30.0,0
1779285612133,364,UAS-01,703.5,19.06,22.03,2.97,16.81,22.5,0.978,1,1,31.0,0.18,29.78,30.1,0
1779285612167,365,UAS-02,1003.4,18.93,22.22,3.28,16.88,21.9,0.982,1,1,32.7,0.46,29.32,30.1,0
1779285612200,366,GND-VEH-01,319.5,18.96,21.70,2.74,16.25,23.0,0.976,1,1,31.0,0.52,29.35,29.9,0
1779285612233,367,PERSON-01,521.9,19.05,22.47,3.41,17.91,21.8,0.989,1,1,31.0,0.21,29.48,30.0,0
1779285612267,368,UAS-01,349.1,18.59,21.73,3.13,17.64,21.3,0.984,1,1,31.6,0.02,29.13,30.1,0
1779285612300,369,UAS-02,503.1,19.26,22.32,3.06,17.10,21.8,0.990,1,1,31.6,0.41,29.31,30.0,0
1779285612333,370,GND-VEH-01,680.3,18.75,21.78,3.03,17.10,21.6,0.990,1,1,31.0,0.74,29.61,30.0,0
1779285612367,371,PERSON-01,719.9,19.02,21.85,2.83,17.20,22.4,0.990,1,1,31.0,0.06,29.21,29.8,0
1779285612400,372,UAS-01,466.3,19.14,22.36,3.22,18.26,21.6,0.978,1,1,31.0,0.14,29.21,30.0,0
1779285612433,373,UAS-02,383.1,18.77,21.90,3.13,17.76,21.3,0.990,1,1,31.7,0.49,29.65,29.8,0
1779285612467,374,GND-VEH-01,501.2,18.97,21.99,3.02,16.43,21.3,0.990,1,1,31.0,0.29,29.23,30.0,0
1779285612500,375,PERSON-01,543.8,18.96,22.25,3.29,18.01,21.6,0.990,1,1,31.0,0.01,29.21,30.0,0
1779285612533,376,UAS-01,693.5,18.98,22.00,3.02,17.29,20.6,0.990,1,1,31.0,0.14,29.63,30.1,0
1779285612567,377,UAS-02,407.3,19.04,22.24,3.19,17.62,22.1,0.987,1,1,31.6,0.35,29.03,29.9,0
1779285612600,378,GND-VEH-01,692.6,18.85,21.90,3.04,16.45,23.2,0.988,1,1,31.0,0.32,29.19,30.1,0
1779285612633,379,PERSON-01,658.1,18.98,22.25,3.27,17.53,23.8,0.982,1,1,32.0,0.65,29.74,30.0,0
1779285612667,380,UAS-01,413.0,18.75,21.74,2.99,17.38,22.8,0.990,1,1,31.3,0.42,29.70,30.1,0
1779285612700,381,UAS-02,656.8,19.26,22.38,3.12,16.65,21.7,0.990,1,1,31.0,0.39,29.36,29.9,0
1779285612733,382,GND-VEH-01,364.9,19.03,22.51,3.48,17.53,21.0,0.990,1,1,31.0,0.46,29.56,30.0,0
1779285612767,383,PERSON-01,561.2,19.19,22.41,3.22,17.54,22.3,0.990,1,1,31.0,0.22,29.09,29.9,0
1779285612800,384,UAS-01,359.0,19.07,22.31,3.23,17.09,22.4,0.990,1,1,33.8,0.02,29.26,30.0,0
1779285612833,385,UAS-02,636.5,18.87,22.09,3.22,17.04,22.9,0.990,1,1,31.0,0.59,29.30,30.0,0
1779285612867,386,GND-VEH-01,446.9,19.19,21.99,2.80,17.39,21.7,0.990,1,1,31.1,0.51,29.27,30.0,0
1779285612900,387,PERSON-01,536.3,19.20,22.27,3.06,16.42,21.7,0.955,1,1,32.4,0.00,29.27,29.9,0
1779285612933,388,UAS-01,306.6,19.03,22.18,3.15,17.46,23.0,0.987,1,1,34.8,0.35,29.65,30.2,0
1779285612967,389,UAS-02,742.7,19.11,21.79,2.68,16.59,22.4,0.990,1,1,31.3,0.15,29.45,30.1,0
1779285613000,390,GND-VEH-01,476.5,18.94,22.36,3.42,18.20,22.5,0.990,1,1,31.0,0.49,29.23,30.0,0
1779285613033,391,PERSON-01,313.3,18.75,22.01,3.26,17.50,22.2,0.990,1,1,31.0,0.06,29.36,30.1,0
1779285613067,392,UAS-01,579.9,18.93,22.06,3.12,17.68,22.4,0.980,1,1,33.8,0.09,29.30,30.2,0
1779285613100,393,UAS-02,434.8,19.01,22.41,3.40,17.88,21.5,0.979,1,1,32.4,0.38,29.29,30.0,0
1779285613133,394,GND-VEH-01,401.1,19.00,22.13,3.13,17.60,22.5,0.990,1,1,33.0,0.28,29.15,29.8,0
1779285613167,395,PERSON-01,683.3,19.26,22.25,2.99,17.21,21.0,0.990,1,1,33.9,0.03,29.33,29.9,0
1779285613200,396,UAS-01,422.0,19.12,22.27,3.15,17.15,22.3,0.967,1,1,31.0,0.02,29.65,30.1,0
1779285613233,397,UAS-02,644.9,18.87,21.92,3.05,17.15,21.6,0.990,1,1,34.4,0.21,29.48,30.1,0
1779285613267,398,GND-VEH-01,484.2,19.01,21.94,2.92,16.52,23.4,0.990,1,1,31.0,0.03,29.89,29.9,0
1779285613300,399,PERSON-01,950.3,19.05,21.78,2.73,16.71,23.0,0.990,1,1,31.2,0.28,29.59,29.9,0
1779285613333,400,UAS-01,820.2,19.09,22.20,3.11,18.07,20.5,0.990,1,1,31.0,0.06,29.91,30.0,0
1779285613367,401,UAS-02,508.5,18.85,22.27,3.42,17.47,22.3,0.990,1,1,31.1,0.19,29.87,30.1,0
1779285613400,402,GND-VEH-01,590.7,19.15,22.26,3.10,16.74,23.8,0.990,1,1,31.1,0.01,29.67,30.1,0
1779285613433,403,PERSON-01,326.7,18.86,22.14,3.28,17.59,22.2,0.990,1,1,31.0,0.02,29.89,29.9,0
1779285613467,404,UAS-01,333.3,18.74,22.10,3.36,17.35,23.5,0.990,1,1,31.0,0.29,29.47,30.1,0
1779285613500,405,UAS-02,762.7,18.98,22.08,3.10,17.47,22.3,0.990,1,1,32.3,0.11,29.95,29.9,0
1779285613533,406,GND-VEH-01,449.8,19.00,22.08,3.08,17.46,21.7,0.985,1,1,31.0,0.13,29.32,30.1,0
1779285613567,407,PERSON-01,520.9,18.62,21.53,2.92,16.91,20.7,0.990,1,1,31.0,0.18,29.91,29.9,0
1779285613600,408,UAS-01,721.7,18.99,21.99,3.00,17.33,21.6,0.990,1,1,31.0,0.21,29.84,30.0,0
1779285613633,409,UAS-02,334.2,19.02,22.07,3.04,17.32,23.3,0.990,1,1,32.0,0.09,29.76,30.0,0
1779285613667,410,GND-VEH-01,485.2,19.19,22.32,3.12,16.28,23.7,0.990,1,1,31.9,0.04,29.33,30.1,0
1779285613700,411,PERSON-01,403.6,19.00,22.23,3.23,18.39,21.7,0.983,1,1,31.0,0.46,29.63,30.1,0
1779285613733,412,UAS-01,492.0,19.07,22.09,3.02,17.66,20.4,0.990,1,1,31.0,0.06,29.67,30.1,0
1779285613767,413,UAS-02,685.1,19.21,22.11,2.91,16.86,21.4,0.990,1,1,33.7,0.09,29.46,30.0,0
1779285613800,414,GND-VEH-01,590.8,18.94,21.92,2.98,16.99,21.5,0.986,1,1,31.0,0.16,29.49,30.0,0
1779285613833,415,PERSON-01,410.9,19.04,22.18,3.14,16.72,21.7,0.990,1,1,31.0,0.47,29.47,29.9,0
1779285613867,416,UAS-01,922.3,19.04,21.88,2.83,17.22,20.1,0.990,1,1,31.0,0.10,29.99,30.0,0
1779285613900,417,UAS-02,422.0,19.04,22.40,3.35,18.50,20.4,0.990,1,1,31.3,0.02,29.92,30.0,0
1779285613933,418,GND-VEH-01,628.3,18.87,22.08,3.21,18.07,22.0,0.989,1,1,31.0,0.29,29.12,30.2,0
1779285613967,419,PERSON-01,326.5,19.00,22.01,3.01,17.60,20.5,0.985,1,1,31.0,0.54,29.66,22.9,1
1779285614000,420,UAS-01,710.6,18.88,21.82,2.94,15.78,23.3,0.982,1,1,31.0,0.20,29.96,30.0,0
1779285614033,421,UAS-02,695.3,19.26,22.25,3.00,16.46,22.2,0.972,1,1,31.0,0.19,29.71,30.1,0
1779285614067,422,GND-VEH-01,555.8,18.90,22.17,3.27,17.14,22.3,0.990,1,1,32.1,0.18,29.75,30.0,0
1779285614100,423,PERSON-01,337.1,19.29,22.40,3.11,17.45,22.1,0.990,1,1,31.0,0.01,29.80,30.0,0
1779285614133,424,UAS-01,591.7,19.16,22.26,3.11,17.63,22.3,0.987,1,1,31.9,0.08,29.90,30.1,0
1779285614167,425,UAS-02,369.6,19.02,22.52,3.50,18.08,22.1,0.990,1,1,31.0,0.29,29.80,29.9,0
1779285614200,426,GND-VEH-01,374.8,19.12,22.18,3.05,17.79,22.1,0.990,1,1,31.0,0.28,29.48,29.9,0
1779285614233,427,PERSON-01,644.0,19.22,22.24,3.02,17.25,21.6,0.990,1,1,31.2,0.29,29.64,30.0,0
1779285614267,428,UAS-01,307.9,18.92,22.28,3.36,17.76,21.4,0.990,1,1,31.0,0.12,29.77,30.1,0
1779285614300,429,UAS-02,448.7,19.06,22.28,3.22,17.70,22.2,0.989,1,1,33.2,0.06,29.98,29.9,0
1779285614333,430,GND-VEH-01,357.0,19.19,22.23,3.03,17.20,22.3,0.985,1,1,32.6,0.34,29.50,30.0,0
1779285614367,431,PERSON-01,335.3,19.01,22.00,2.99,16.13,21.4,0.990,1,1,32.2,0.17,29.44,30.2,0
1779285614400,432,UAS-01,848.8,19.14,22.37,3.23,17.23,22.4,0.971,1,1,31.0,0.27,29.85,29.9,0
1779285614433,433,UAS-02,402.9,18.91,22.21,3.30,17.70,21.8,0.990,1,1,31.0,0.16,29.97,30.1,0
1779285614467,434,GND-VEH-01,660.9,18.97,21.89,2.92,17.49,22.8,0.985,1,1,31.0,0.20,29.62,22.3,1
1779285614500,435,PERSON-01,333.0,19.22,22.36,3.14,17.87,22.5,0.990,1,1,32.1,0.16,30.04,30.0,0
1779285614533,436,UAS-01,654.1,18.94,21.85,2.91,17.20,21.3,0.990,1,1,31.0,0.05,29.87,30.0,0
1779285614567,437,UAS-02,392.9,18.77,21.97,3.20,17.12,21.5,0.990,1,1,31.0,0.18,29.90,30.0,0
1779285614600,438,GND-VEH-01,350.8,18.96,22.14,3.18,17.23,21.9,0.990,1,1,31.0,0.02,29.83,29.8,0
1779285614633,439,PERSON-01,472.3,18.97,22.32,3.35,17.54,21.8,0.971,1,1,31.1,0.09,30.21,29.9,0
1779285614667,440,UAS-01,387.9,19.09,22.29,3.20,17.46,21.2,0.968,1,1,31.0,0.39,29.77,30.1,0
1779285614700,441,UAS-02,557.3,19.12,22.30,3.18,17.42,20.7,0.990,1,1,31.4,0.38,29.79,29.9,0
1779285614733,442,GND-VEH-01,798.4,18.92,21.80,2.88,16.57,22.8,0.990,1,1,31.0,0.13,29.81,30.1,0
1779285614767,443,PERSON-01,536.6,19.01,22.07,3.07,16.28,22.2,0.990,1,1,31.0,0.18,29.77,30.1,0
1779285614800,444,UAS-01,390.4,19.07,22.18,3.11,17.46,21.2,0.977,1,1,32.4,0.02,29.43,30.0,0
1779285614833,445,UAS-02,638.9,18.87,21.95,3.07,17.03,21.3,0.974,1,1,32.7,0.16,29.66,30.1,0
1779285614867,446,GND-VEH-01,301.8,19.11,22.39,3.28,18.01,21.3,0.986,1,1,31.0,0.44,29.84,29.9,0
1779285614900,447,PERSON-01,520.0,19.09,22.34,3.25,16.58,21.8,0.975,1,1,31.0,0.09,29.69,29.9,0
1779285614933,448,UAS-01,531.1,19.14,22.48,3.34,17.50,22.7,0.990,1,1,31.0,0.16,29.79,30.0,0
1779285614967,449,UAS-02,519.3,19.05,22.50,3.44,17.64,24.3,0.986,1,1,31.0,0.41,29.66,30.0,0
1779285615000,450,GND-VEH-01,446.9,19.21,22.25,3.04,17.33,22.1,0.987,1,1,31.0,0.04,29.89,30.1,0
1779285615033,451,PERSON-01,1013.4,19.10,22.16,3.05,17.68,22.9,0.990,1,1,31.5,0.39,29.58,30.1,0
1779285615067,452,UAS-01,698.6,19.11,22.31,3.20,17.11,22.5,0.990,1,1,31.0,0.30,29.82,30.0,0
1779285615100,453,UAS-02,328.1,19.08,22.41,3.33,17.29,20.7,0.990,1,1,33.9,0.42,29.61,30.0,0
1779285615133,454,GND-VEH-01,711.5,19.04,22.10,3.07,16.56,23.2,0.990,1,1,32.2,0.17,29.76,30.1,0
1779285615167,455,PERSON-01,489.2,19.04,22.26,3.22,17.43,23.1,0.990,1,1,32.6,0.12,29.90,30.0,0
1779285615200,456,UAS-01,770.0,18.95,22.03,3.08,16.48,22.7,0.985,1,1,31.2,0.01,29.76,30.0,0
1779285615233,457,UAS-02,641.6,18.87,22.35,3.47,18.10,22.6,0.990,1,1,31.0,0.22,29.90,29.9,0
1779285615267,458,GND-VEH-01,591.3,19.12,22.20,3.09,16.94,22.6,0.990,1,1,31.0,0.52,30.02,30.1,0
1779285615300,459,PERSON-01,507.0,19.05,22.10,3.05,16.77,22.0,0.986,1,1,31.0,0.04,29.90,30.1,0
1779285615333,460,UAS-01,453.4,19.04,21.94,2.90,16.77,21.3,0.990,1,1,31.0,0.33,29.91,30.0,0
1779285615367,461,UAS-02,303.6,18.86,22.11,3.25,17.98,20.9,0.990,1,1,31.0,0.18,29.65,29.8,0
1779285615400,462,GND-VEH-01,539.2,19.18,22.48,3.31,17.75,23.1,0.990,1,1,31.9,0.13,29.55,29.9,0
1779285615433,463,PERSON-01,596.8,18.82,21.93,3.11,17.11,21.8,0.975,1,1,31.0,0.05,30.01,30.0,0
1779285615467,464,UAS-01,565.0,19.14,22.33,3.19,18.11,22.2,0.990,1,1,31.0,0.32,29.58,29.8,0
1779285615500,465,UAS-02,727.2,18.92,22.09,3.17,17.14,22.0,0.975,1,1,32.2,0.68,29.94,30.1,0
1779285615533,466,GND-VEH-01,470.6,19.08,22.00,2.92,16.23,20.3,0.986,1,1,31.0,0.15,29.72,29.9,0
1779285615567,467,PERSON-01,542.3,18.93,22.06,3.13,17.39,21.5,0.972,1,1,31.5,0.37,30.22,30.0,0
1779285615600,468,UAS-01,301.7,18.98,22.08,3.09,16.70,21.4,0.987,1,1,31.0,0.26,29.50,30.0,0
1779285615633,469,UAS-02,364.3,18.99,22.46,3.46,16.86,21.8,0.990,1,1,34.3,0.04,29.67,29.9,0
1779285615667,470,GND-VEH-01,357.3,18.99,22.15,3.17,17.81,21.8,0.976,1,1,31.9,0.40,29.55,30.0,0
1779285615700,471,PERSON-01,356.0,19.03,22.11,3.08,16.77,23.1,0.990,1,1,32.3,0.32,29.67,30.0,0
1779285615733,472,UAS-01,613.9,19.05,22.16,3.11,16.83,22.1,0.990,1,1,31.0,0.02,30.06,30.1,0
1779285615767,473,UAS-02,463.9,19.15,22.33,3.18,18.34,21.3,0.990,1,1,31.0,0.31,30.10,29.9,0
1779285615800,474,GND-VEH-01,652.1,19.13,22.38,3.24,17.44,22.0,0.990,1,1,31.6,0.28,29.80,30.1,0
1779285615833,475,PERSON-01,433.1,19.12,22.28,3.15,17.21,22.1,0.987,1,1,33.7,0.11,29.76,29.9,0
1779285615867,476,UAS-01,520.1,18.86,22.18,3.32,17.87,22.1,0.990,1,1,31.7,0.19,30.09,30.1,0
1779285615900,477,UAS-02,432.8,19.29,22.20,2.91,16.71,21.7,0.990,1,1,31.2,0.18,30.03,30.0,0
1779285615933,478,GND-VEH-01,701.7,19.25,22.27,3.02,17.08,22.2,0.979,1,1,31.0,0.19,30.03,30.0,0
1779285615967,479,PERSON-01,582.3,18.98,21.97,2.99,16.76,23.1,0.986,1,1,31.0,0.63,29.66,30.0,0
1779285616000,480,UAS-01,732.2,19.07,21.93,2.86,16.21,23.5,0.990,1,1,32.4,0.28,29.92,29.8,0
1779285616033,481,UAS-02,389.0,18.91,21.94,3.03,16.86,22.3,0.988,1,1,31.0,0.28,29.92,30.1,0
1779285616067,482,GND-VEH-01,504.4,19.03,21.80,2.76,16.99,21.1,0.990,1,1,32.7,0.44,29.87,30.0,0
1779285616100,483,PERSON-01,376.8,19.29,22.42,3.13,17.37,22.1,0.990,1,1,32.7,0.23,30.07,30.0,0
1779285616133,484,UAS-01,550.2,19.20,22.33,3.13,17.80,20.3,0.987,1,1,31.0,0.26,29.53,29.9,0
1779285616167,485,UAS-02,531.1,18.84,21.84,2.99,16.67,21.1,0.990,1,1,32.8,0.05,29.93,30.0,0
1779285616200,486,GND-VEH-01,414.0,19.02,22.07,3.05,16.65,21.8,0.990,1,1,31.0,0.02,29.82,29.9,0
1779285616233,487,PERSON-01,462.5,19.03,22.30,3.27,17.42,22.3,0.979,1,1,32.6,0.36,29.70,30.0,0
1779285616267,488,UAS-01,594.1,18.95,21.86,2.91,17.09,23.3,0.990,1,1,31.0,0.06,29.91,30.1,0
1779285616300,489,UAS-02,492.8,19.24,22.64,3.40,17.46,20.6,0.990,1,1,31.8,0.03,30.25,29.9,0
1779285616333,490,GND-VEH-01,525.7,18.95,21.93,2.98,16.75,21.1,0.969,1,1,33.4,0.44,30.39,30.0,0
1779285616367,491,PERSON-01,325.7,18.83,22.02,3.18,17.55,21.7,0.990,1,1,31.0,0.00,29.82,29.9,0
1779285616400,492,UAS-01,424.1,19.08,22.23,3.15,17.41,21.4,0.990,1,1,31.0,0.07,29.82,29.9,0
1779285616433,493,UAS-02,486.2,19.24,22.01,2.78,16.25,22.2,0.990,1,1,32.1,0.23,29.86,30.1,0
1779285616467,494,GND-VEH-01,554.3,18.91,21.96,3.04,17.95,21.5,0.990,1,1,33.0,0.14,29.87,30.1,0
1779285616500,495,PERSON-01,411.6,18.65,21.96,3.30,17.68,21.6,0.990,1,1,32.0,0.26,30.25,30.0,0
1779285616533,496,UAS-01,748.7,19.21,22.30,3.09,16.97,23.7,0.990,1,1,31.0,0.05,29.90,30.1,0
1779285616567,497,UAS-02,308.8,18.88,22.03,3.15,17.60,20.9,0.990,1,1,31.0,0.03,29.57,30.1,0
1779285616600,498,GND-VEH-01,403.2,19.07,22.26,3.20,16.95,23.6,0.990,1,1,31.0,0.05,30.33,30.0,0
1779285616633,499,PERSON-01,611.2,18.85,21.74,2.88,16.80,22.5,0.990,1,1,31.1,0.19,29.36,19.9,1
1779285616667,500,UAS-01,756.2,19.27,22.35,3.08,16.75,21.1,0.990,1,1,31.0,0.06,29.93,29.9,0
1779285616700,501,UAS-02,348.7,19.14,22.19,3.06,16.43,22.5,0.990,1,1,31.0,0.26,29.69,29.9,0
1779285616733,502,GND-VEH-01,362.7,18.94,21.86,2.92,17.34,20.8,0.980,1,1,31.0,0.23,29.85,30.1,0
1779285616767,503,PERSON-01,532.6,19.01,21.99,2.99,16.74,21.4,0.988,1,1,31.0,0.04,29.70,29.8,0
1779285616800,504,UAS-01,644.8,19.12,22.18,3.06,16.57,22.2,0.990,1,1,32.7,0.16,30.10,30.0,0
1779285616833,505,UAS-02,346.2,19.13,22.45,3.32,18.33,22.1,0.990,1,1,31.0,0.29,30.01,30.0,0
1779285616867,506,GND-VEH-01,356.3,19.24,22.45,3.21,18.00,21.7,0.990,1,1,31.5,0.48,30.00,30.0,0
1779285616900,507,PERSON-01,343.8,19.25,22.28,3.02,17.14,20.8,0.990,1,1,31.5,0.19,30.07,30.0,0
1779285616933,508,UAS-01,521.7,18.96,22.22,3.26,16.45,22.5,0.982,1,1,34.1,0.06,30.34,30.1,0
1779285616967,509,UAS-02,476.9,18.84,21.99,3.15,17.75,21.4,0.990,1,1,31.0,0.31,30.03,29.9,0
1779285617000,510,GND-VEH-01,483.0,18.96,22.15,3.19,17.28,21.5,0.990,1,1,32.0,0.02,30.02,30.0,0
1779285617033,511,PERSON-01,497.5,18.88,22.46,3.58,17.01,23.7,0.990,1,1,31.0,0.17,29.93,30.0,0
1779285617067,512,UAS-01,481.9,18.98,22.20,3.22,17.41,21.4,0.990,1,1,31.0,0.42,29.71,30.0,0
1779285617100,513,UAS-02,459.8,18.97,22.09,3.12,16.82,23.2,0.990,1,1,31.2,0.38,29.84,30.1,0
1779285617133,514,GND-VEH-01,376.2,19.19,22.69,3.50,17.43,23.0,0.971,1,1,33.0,0.02,30.35,29.9,0
1779285617167,515,PERSON-01,577.9,18.96,21.94,2.98,16.42,23.2,0.990,1,1,31.0,0.13,29.96,29.9,0
1779285617200,516,UAS-01,733.4,19.02,22.04,3.03,17.42,21.1,0.990,1,1,31.0,0.13,30.30,30.1,0
1779285617233,517,UAS-02,523.5,18.89,21.90,3.01,16.92,22.3,0.990,1,1,31.0,0.23,29.98,30.0,0
1779285617267,518,GND-VEH-01,649.1,19.23,22.62,3.39,17.39,22.0,0.986,1,1,32.4,0.26,29.96,30.0,0
1779285617300,519,PERSON-01,507.1,18.75,21.90,3.14,17.00,23.0,0.990,1,1,31.6,0.04,29.86,30.0,0
1779285617333,520,UAS-01,725.4,18.60,21.67,3.07,16.41,21.8,0.964,1,1,31.0,0.03,30.43,29.9,0
1779285617367,521,UAS-02,679.2,19.07,22.06,2.99,17.22,22.1,0.990,1,1,31.0,0.06,29.93,30.0,0
1779285617400,522,GND-VEH-01,323.3,18.78,22.22,3.44,17.19,23.7,0.990,1,1,31.0,0.01,30.23,30.0,0
1779285617433,523,PERSON-01,475.3,18.85,22.02,3.18,17.32,21.0,0.990,1,1,31.0,0.25,30.12,30.0,0
1779285617467,524,UAS-01,320.7,18.97,22.34,3.37,18.51,20.6,0.990,1,1,31.0,0.14,29.82,30.0,0
1779285617500,525,UAS-02,303.0,19.16,22.63,3.47,17.06,21.7,0.990,1,1,31.0,0.32,30.13,30.1,0
1779285617533,526,GND-VEH-01,425.2,18.99,22.31,3.31,17.32,23.9,0.990,1,1,31.1,0.45,29.87,30.0,0
1779285617567,527,PERSON-01,445.8,19.06,22.26,3.21,17.54,22.2,0.990,1,1,33.0,0.34,30.27,30.1,0
1779285617600,528,UAS-01,568.4,19.07,22.16,3.09,17.78,21.8,0.986,1,1,33.6,0.25,29.57,30.0,0
1779285617633,529,UAS-02,652.0,18.94,21.97,3.03,16.76,22.5,0.990,1,1,31.2,0.05,30.13,30.1,0
1779285617667,530,GND-VEH-01,344.0,18.95,22.19,3.24,16.69,21.7,0.990,1,1,31.0,0.07,29.81,30.1,0
1779285617700,531,PERSON-01,692.5,18.85,21.86,3.01,17.05,22.3,0.990,1,1,31.0,0.54,30.59,30.1,0
1779285617733,532,UAS-01,388.5,18.96,22.19,3.23,16.80,21.8,0.990,1,1,31.0,0.34,30.18,30.2,0
1779285617767,533,UAS-02,367.9,19.15,22.59,3.43,17.75,20.3,0.960,1,1,31.0,0.30,30.19,29.9,0
1779285617800,534,GND-VEH-01,535.3,18.96,22.02,3.06,16.32,23.4,0.990,1,1,31.0,0.20,30.05,30.1,0
1779285617833,535,PERSON-01,425.4,18.92,22.03,3.11,16.89,22.1,0.990,1,1,31.0,0.35,29.89,30.1,0
1779285617867,536,UAS-01,428.0,18.76,21.95,3.18,17.17,22.9,0.980,1,1,31.0,0.16,29.89,30.2,0
1779285617900,537,UAS-02,409.3,19.27,22.44,3.17,17.88,21.3,0.990,1,1,31.0,0.38,30.23,29.9,0
1779285617933,538,GND-VEH-01,364.1,19.13,22.25,3.12,17.53,23.0,0.990,1,1,31.0,0.17,29.86,30.1,0
1779285617967,539,PERSON-01,322.3,19.21,22.47,3.26,17.75,22.8,0.990,1,1,33.5,0.06,29.65,30.1,0
1779285618000,540,UAS-01,329.3,18.91,22.19,3.28,17.32,22.2,0.990,1,1,31.0,0.18,30.08,30.0,0
1779285618033,541,UAS-02,359.9,18.89,22.30,3.42,17.18,23.1,0.990,1,1,31.0,0.20,30.06,30.0,0
1779285618067,542,GND-VEH-01,510.0,19.27,22.39,3.12,17.09,21.5,0.990,1,1,31.0,0.29,29.97,30.0,0
1779285618100,543,PERSON-01,742.5,19.37,22.44,3.07,17.02,22.3,0.990,1,1,33.4,0.00,30.08,29.9,0
1779285618133,544,UAS-01,689.9,19.01,22.03,3.02,16.56,22.9,0.990,1,1,31.0,0.04,30.12,29.9,0
1779285618167,545,UAS-02,425.8,18.98,22.49,3.51,18.08,21.7,0.990,1,1,31.0,0.08,30.01,29.9,0
1779285618200,546,GND-VEH-01,412.8,19.01,21.94,2.93,17.17,22.5,0.986,1,1,31.0,0.26,30.28,30.0,0
1779285618233,547,PERSON-01,520.0,19.26,22.43,3.17,16.82,21.0,0.990,1,1,32.4,0.28,30.58,29.9,0
1779285618267,548,UAS-01,619.9,19.09,22.29,3.20,17.10,23.5,0.990,1,1,32.6,0.12,29.67,30.1,0
1779285618300,549,UAS-02,424.4,19.03,22.31,3.28,16.48,22.7,0.990,1,1,31.0,0.11,30.12,30.1,0
1779285618333,550,GND-VEH-01,319.1,18.86,21.95,3.08,17.43,21.9,0.990,1,1,31.0,0.21,30.08,30.0,0
1779285618367,551,PERSON-01,698.2,19.05,21.97,2.92,16.14,22.3,0.990,1,1,33.0,0.08,30.28,29.9,0
1779285618400,552,UAS-01,396.5,18.65,21.86,3.21,16.99,22.5,0.990,1,1,35.2,0.15,29.84,30.0,0
1779285618433,553,UAS-02,449.7,19.11,22.45,3.33,17.37,22.0,0.990,1,1,33.2,0.16,30.18,30.0,0
1779285618467,554,GND-VEH-01,912.1,18.74,21.64,2.90,16.86,21.5,0.990,1,1,34.5,0.53,30.08,30.1,0
1779285618500,555,PERSON-01,455.7,19.20,22.42,3.23,17.77,23.4,0.990,1,1,31.0,0.02,30.08,30.1,0
1779285618533,556,UAS-01,805.3,19.02,22.11,3.08,17.36,22.7,0.990,1,1,31.0,0.27,30.28,30.0,0
1779285618567,557,UAS-02,432.9,18.89,22.03,3.14,17.76,21.1,0.983,1,1,31.0,0.12,30.47,29.9,0
1779285618600,558,GND-VEH-01,629.9,18.95,21.95,3.01,16.65,21.7,0.989,1,1,31.0,0.19,30.11,30.0,0
1779285618633,559,PERSON-01,797.0,18.89,22.04,3.15,17.57,21.5,0.990,1,1,31.0,0.00,29.80,30.0,0
1779285618667,560,UAS-01,436.2,19.07,22.19,3.13,17.15,21.5,0.990,1,1,31.0,0.27,30.38,30.0,0
1779285618700,561,UAS-02,606.3,19.12,22.07,2.95,17.01,22.4,0.990,1,1,31.3,0.19,29.99,30.1,0
1779285618733,562,GND-VEH-01,420.5,18.87,21.97,3.09,16.98,21.5,0.988,1,1,31.0,0.04,30.78,29.9,0
1779285618767,563,PERSON-01,313.3,18.84,22.17,3.32,16.90,22.2,0.990,1,1,31.0,0.07,30.08,30.1,0
1779285618800,564,UAS-01,493.9,19.14,22.71,3.57,17.52,22.2,0.990,1,1,31.0,0.20,30.05,29.9,0
1779285618833,565,UAS-02,469.7,18.92,21.79,2.87,16.68,21.4,0.990,1,1,31.0,0.24,30.64,30.0,0
1779285618867,566,GND-VEH-01,629.8,19.31,22.46,3.16,17.84,21.6,0.985,1,1,31.2,0.13,30.23,30.1,0
1779285618900,567,PERSON-01,300.3,18.90,21.99,3.09,16.94,22.8,0.990,1,1,31.0,0.18,30.25,30.0,0
1779285618933,568,UAS-01,427.5,19.03,22.05,3.01,17.11,21.6,0.986,1,1,31.0,0.14,30.11,29.9,0
1779285618967,569,UAS-02,518.9,19.01,22.16,3.16,17.14,23.2,0.990,1,1,32.2,0.57,30.14,29.9,0
1779285619000,570,GND-VEH-01,355.1,18.81,21.87,3.05,16.61,22.1,0.990,1,1,31.0,0.28,29.86,30.0,0
1779285619033,571,PERSON-01,317.5,19.16,22.34,3.18,16.47,22.3,0.990,1,1,31.0,0.20,30.38,29.9,0
1779285619067,572,UAS-01,337.4,18.90,22.00,3.10,17.59,22.5,0.990,1,1,31.0,0.02,30.20,30.2,0
1779285619100,573,UAS-02,391.3,18.99,22.28,3.29,16.68,22.8,0.990,1,1,31.0,0.17,29.87,30.2,0
1779285619133,574,GND-VEH-01,604.4,19.21,22.37,3.16,16.97,19.9,0.990,1,1,31.0,0.31,30.24,30.0,0
1779285619167,575,PERSON-01,943.3,18.88,22.17,3.29,17.63,21.9,0.990,1,1,31.0,0.14,30.01,30.0,0
1779285619200,576,UAS-01,359.5,18.81,22.16,3.36,17.35,20.9,0.980,1,1,32.7,0.13,30.14,30.0,0
1779285619233,577,UAS-02,633.9,19.16,22.01,2.85,17.38,22.1,0.990,1,1,32.9,0.59,29.78,30.0,0
1779285619267,578,GND-VEH-01,750.1,18.99,22.31,3.31,17.43,21.1,0.990,1,1,31.0,0.39,30.49,30.1,0
1779285619300,579,PERSON-01,488.2,18.93,22.02,3.09,17.23,20.8,0.970,1,1,31.0,0.38,30.25,30.0,0
1779285619333,580,UAS-01,362.2,19.16,22.14,2.98,17.25,21.6,0.990,1,1,31.0,0.40,30.15,30.1,0
1779285619367,581,UAS-02,582.7,19.14,22.36,3.22,16.81,21.7,0.990,1,1,32.0,0.35,30.47,30.0,0
1779285619400,582,GND-VEH-01,468.9,19.24,22.53,3.29,17.38,19.5,0.990,1,1,31.0,0.39,30.08,30.1,0
1779285619433,583,PERSON-01,1013.9,18.89,21.82,2.93,16.83,22.9,0.990,1,1,31.0,0.01,30.24,30.0,0
1779285619467,584,UAS-01,416.0,19.23,22.54,3.31,17.12,22.6,0.984,1,1,32.3,0.33,30.03,30.0,0
1779285619500,585,UAS-02,499.7,19.10,22.48,3.38,17.58,22.1,0.990,1,1,31.2,0.54,30.00,30.0,0
1779285619533,586,GND-VEH-01,555.6,19.04,22.40,3.36,17.70,21.1,0.976,1,1,31.6,0.23,30.19,30.0,0
1779285619567,587,PERSON-01,452.5,19.21,22.43,3.21,17.21,23.0,0.989,1,1,31.2,0.19,30.27,29.9,0
1779285619600,588,UAS-01,362.1,18.97,22.06,3.09,17.05,21.4,0.990,1,1,32.0,0.15,30.22,29.9,0
1779285619633,589,UAS-02,450.5,18.99,22.16,3.16,17.54,23.3,0.990,1,1,31.9,0.03,30.04,29.9,0
1779285619667,590,GND-VEH-01,410.6,18.81,22.25,3.44,18.41,22.7,0.983,1,1,31.0,0.06,30.20,30.0,0
1779285619700,591,PERSON-01,351.5,19.01,22.38,3.38,17.23,24.0,0.990,1,1,31.0,0.12,30.31,30.0,0
1779285619733,592,UAS-01,339.3,18.74,22.11,3.37,18.11,23.4,0.990,1,1,32.9,0.11,30.15,29.9,0
1779285619767,593,UAS-02,552.9,18.99,22.02,3.03,17.09,20.8,0.984,1,1,33.1,0.08,30.41,29.9,0
1779285619800,594,GND-VEH-01,556.2,19.32,22.35,3.03,16.40,24.3,0.985,1,1,31.0,0.15,30.43,29.9,0
1779285619833,595,PERSON-01,379.6,18.92,22.08,3.16,16.74,22.4,0.990,1,1,31.0,0.06,30.58,30.0,0
1779285619867,596,UAS-01,693.6,18.95,21.77,2.82,16.68,22.4,0.978,1,1,33.4,0.14,30.12,30.2,0
1779285619900,597,UAS-02,328.4,19.06,22.32,3.27,17.29,20.9,0.990,1,1,31.4,0.05,30.24,30.0,0
1779285619933,598,GND-VEH-01,456.5,19.10,22.01,2.91,16.73,23.0,0.975,1,1,31.0,0.24,30.29,30.1,0
1779285619967,599,PERSON-01,669.5,18.69,21.92,3.23,18.12,21.9,0.990,1,1,31.4,0.10,30.65,30.0,0
1779285620000,600,UAS-01,338.0,18.84,21.80,2.96,17.52,20.5,0.990,1,1,31.0,0.20,29.77,30.0,0
1779285620033,601,UAS-02,470.6,19.10,22.37,3.27,16.95,21.1,0.990,1,1,32.6,0.07,30.04,30.1,0
1779285620067,602,GND-VEH-01,456.1,18.84,21.94,3.10,16.52,23.1,0.990,1,1,31.0,0.08,29.90,30.2,0
1779285620100,603,PERSON-01,621.0,18.81,21.74,2.93,16.86,22.8,0.990,1,1,31.0,0.34,30.00,30.0,0
1779285620133,604,UAS-01,545.5,18.85,22.30,3.46,18.22,20.7,0.990,1,1,31.0,0.03,30.16,30.0,0
1779285620167,605,UAS-02,535.3,19.23,22.50,3.27,17.49,22.8,0.990,1,1,31.7,0.00,30.18,30.1,0
1779285620200,606,GND-VEH-01,486.9,19.03,22.23,3.21,16.78,22.6,0.990,1,1,31.0,0.33,30.53,30.0,0
1779285620233,607,PERSON-01,423.5,19.27,22.41,3.14,17.50,22.2,0.990,1,1,32.8,0.21,30.18,30.0,0
1779285620267,608,UAS-01,562.1,18.96,22.34,3.38,17.99,21.1,0.980,1,1,31.5,0.26,30.79,30.0,0
1779285620300,609,UAS-02,769.9,18.71,22.02,3.31,17.75,21.6,0.983,1,1,31.0,0.03,30.78,30.0,0
1779285620333,610,GND-VEH-01,948.0,18.99,21.87,2.88,16.91,22.3,0.990,1,1,31.0,0.24,30.15,30.0,0
1779285620367,611,PERSON-01,445.4,18.95,22.11,3.16,17.15,21.8,0.990,1,1,31.0,0.28,30.29,29.9,0
1779285620400,612,UAS-01,442.2,19.09,22.24,3.15,17.23,22.1,0.990,1,1,31.3,0.16,30.36,19.2,1
1779285620433,613,UAS-02,387.9,19.10,22.32,3.22,17.90,21.0,0.990,1,1,31.0,0.15,30.52,30.0,0
1779285620467,614,GND-VEH-01,541.5,18.76,21.83,3.07,17.12,22.0,0.990,1,1,31.0,0.35,30.85,29.8,0
1779285620500,615,PERSON-01,492.7,19.17,22.64,3.47,18.08,22.9,0.990,1,1,31.2,0.16,30.47,30.1,0
1779285620533,616,UAS-01,368.5,19.19,22.21,3.02,17.14,21.4,0.990,1,1,31.0,0.44,30.20,29.9,0
1779285620567,617,UAS-02,715.8,18.85,21.92,3.07,17.21,23.2,0.990,1,1,31.2,0.26,30.33,30.0,0
1779285620600,618,GND-VEH-01,788.4,19.11,22.48,3.38,17.31,21.1,0.990,1,1,33.7,0.33,30.21,30.0,0
1779285620633,619,PERSON-01,438.3,19.12,22.25,3.13,17.42,22.0,0.990,1,1,31.4,0.02,30.51,30.0,0
1779285620667,620,UAS-01,678.4,19.06,21.85,2.80,16.09,21.9,0.979,1,1,32.0,0.01,30.72,29.9,0
1779285620700,621,UAS-02,715.0,18.94,22.08,3.14,17.59,20.8,0.990,1,1,31.0,0.38,30.77,30.1,0
1779285620733,622,GND-VEH-01,374.6,19.18,22.49,3.31,17.08,21.7,0.990,1,1,34.3,0.34,30.63,30.0,0
1779285620767,623,PERSON-01,315.2,19.15,22.68,3.53,18.21,22.8,0.990,1,1,31.8,0.00,30.73,30.1,0
1779285620800,624,UAS-01,629.5,19.15,22.07,2.92,16.05,21.8,0.978,1,1,31.0,0.29,30.39,30.1,0
1779285620833,625,UAS-02,570.9,19.00,21.81,2.81,16.88,20.7,0.990,1,1,31.4,0.25,30.66,29.9,0
1779285620867,626,GND-VEH-01,516.8,18.88,22.06,3.18,16.50,21.6,0.990,1,1,32.6,0.02,30.34,30.1,0
1779285620900,627,PERSON-01,488.1,19.23,22.62,3.38,17.70,23.5,0.990,1,1,31.3,0.26,29.79,29.9,0
1779285620933,628,UAS-01,622.7,18.97,22.42,3.45,17.48,22.4,0.990,1,1,31.0,0.15,30.93,30.2,0
1779285620967,629,UAS-02,366.6,19.00,21.85,2.84,17.44,21.6,0.990,1,1,31.9,0.13,30.17,30.0,0
1779285621000,630,GND-VEH-01,421.2,18.90,22.25,3.35,18.02,20.3,0.990,1,1,31.0,0.20,30.37,29.9,0
1779285621033,631,PERSON-01,452.7,18.71,21.85,3.14,17.22,22.1,0.990,1,1,31.0,0.29,30.47,30.0,0
1779285621067,632,UAS-01,333.9,18.92,21.96,3.04,17.06,22.3,0.988,1,1,31.0,0.17,30.25,29.9,0
1779285621100,633,UAS-02,337.1,19.20,22.10,2.90,16.41,23.6,0.990,1,1,31.0,0.08,30.71,30.0,0
1779285621133,634,GND-VEH-01,708.2,18.87,22.01,3.14,16.55,22.6,0.990,1,1,31.0,0.13,30.83,30.0,0
1779285621167,635,PERSON-01,531.5,19.15,22.37,3.21,17.12,21.8,0.976,1,1,31.0,0.26,30.57,30.0,0
1779285621200,636,UAS-01,423.3,18.99,22.43,3.44,18.35,21.3,0.990,1,1,31.0,0.10,30.66,29.9,0
1779285621233,637,UAS-02,388.3,18.91,21.69,2.79,17.36,20.8,0.985,1,1,31.0,0.09,30.48,30.0,0
1779285621267,638,GND-VEH-01,331.2,18.96,21.88,2.93,16.79,21.5,0.990,1,1,31.0,0.02,30.49,30.1,0
1779285621300,639,PERSON-01,592.8,19.06,22.40,3.34,17.56,22.4,0.990,1,1,32.0,0.01,30.14,30.0,0
1779285621333,640,UAS-01,376.1,18.97,21.91,2.95,15.95,23.0,0.990,1,1,31.0,0.09,30.25,30.0,0
1779285621367,641,UAS-02,620.0,19.19,22.09,2.90,16.29,22.6,0.990,1,1,34.7,0.01,30.43,29.9,0
1779285621400,642,GND-VEH-01,410.2,19.25,22.66,3.41,17.73,22.8,0.987,1,1,31.0,0.12,30.26,30.0,0
1779285621433,643,PERSON-01,309.2,19.05,22.24,3.19,17.84,20.8,0.990,1,1,31.0,0.09,30.45,29.8,0
1779285621467,644,UAS-01,333.7,18.92,22.12,3.19,16.87,21.7,0.990,1,1,34.3,0.52,30.67,30.1,0
1779285621500,645,UAS-02,435.1,19.19,22.59,3.39,18.02,22.0,0.974,1,1,34.0,0.37,30.47,30.1,0
1779285621533,646,GND-VEH-01,308.6,19.17,22.23,3.07,16.33,21.6,0.990,1,1,33.1,0.26,30.36,29.9,0
1779285621567,647,PERSON-01,453.7,18.75,21.92,3.17,17.25,22.1,0.987,1,1,34.2,0.30,30.45,29.9,0
1779285621600,648,UAS-01,443.8,19.00,22.10,3.09,17.63,22.3,0.983,1,1,32.2,0.26,30.50,30.0,0
1779285621633,649,UAS-02,467.4,19.03,22.21,3.18,17.41,21.1,0.990,1,1,32.8,0.25,30.83,30.0,0
1779285621667,650,GND-VEH-01,440.8,18.99,22.35,3.36,17.65,22.6,0.982,1,1,31.0,0.58,30.33,30.1,0
1779285621700,651,PERSON-01,639.6,18.85,21.50,2.65,16.79,21.6,0.990,1,1,31.0,0.07,30.86,30.0,0
1779285621733,652,UAS-01,340.1,18.93,22.47,3.53,18.08,22.5,0.990,1,1,31.5,0.14,30.05,30.0,0
1779285621767,653,UAS-02,305.0,19.29,22.54,3.25,16.86,21.5,0.990,1,1,32.0,0.11,30.67,30.1,0
1779285621800,654,GND-VEH-01,842.1,18.83,21.52,2.69,16.34,22.2,0.981,1,1,31.7,0.18,30.54,29.8,0
1779285621833,655,PERSON-01,506.3,19.06,22.03,2.97,17.91,20.1,0.990,1,1,31.1,0.28,30.35,29.9,0
1779285621867,656,UAS-01,501.2,19.11,22.30,3.20,17.37,22.3,0.967,1,1,31.6,0.11,30.44,30.1,0
1779285621900,657,UAS-02,526.0,19.08,22.15,3.07,17.59,20.9,0.990,1,1,31.0,0.38,30.88,30.1,0
1779285621933,658,GND-VEH-01,320.5,19.04,22.28,3.24,17.76,21.8,0.981,1,1,31.0,0.20,30.60,30.0,0
1779285621967,659,PERSON-01,304.5,18.78,21.95,3.17,17.07,22.0,0.990,1,1,31.0,0.34,30.53,30.0,0
1779285622000,660,UAS-01,518.8,19.00,21.80,2.81,17.60,21.7,0.979,1,1,33.4,0.12,30.49,29.8,0
1779285622033,661,UAS-02,374.4,18.99,22.13,3.14,17.01,21.3,0.990,1,1,33.2,0.11,30.39,29.9,0
1779285622067,662,GND-VEH-01,484.0,19.06,22.22,3.15,16.76,22.1,0.990,1,1,31.4,0.57,30.45,29.9,0
1779285622100,663,PERSON-01,316.7,18.89,22.26,3.37,17.96,22.2,0.978,1,1,33.1,0.13,30.49,30.0,0
1779285622133,664,UAS-01,403.1,18.99,22.38,3.39,17.61,22.1,0.990,1,1,33.2,0.38,30.60,30.2,0
1779285622167,665,UAS-02,449.5,18.99,22.15,3.16,17.34,20.7,0.981,1,1,31.0,0.34,30.42,30.0,0
1779285622200,666,GND-VEH-01,506.8,19.13,22.34,3.21,17.61,21.9,0.979,1,1,32.1,0.09,30.59,29.8,0
1779285622233,667,PERSON-01,500.2,18.90,21.86,2.96,17.43,21.3,0.990,1,1,32.7,0.00,30.69,30.1,0
1779285622267,668,UAS-01,458.6,18.92,22.11,3.19,17.05,21.7,0.990,1,1,31.1,0.02,30.64,29.9,0
1779285622300,669,UAS-02,442.8,19.18,22.72,3.54,17.79,22.5,0.990,1,1,31.0,0.16,30.51,30.0,0
1779285622333,670,GND-VEH-01,573.4,18.96,22.06,3.10,17.26,22.6,0.990,1,1,31.0,0.11,30.24,30.0,0
1779285622367,671,PERSON-01,801.0,18.86,21.81,2.95,16.65,23.9,0.977,1,1,32.8,0.38,30.62,30.0,0
1779285622400,672,UAS-01,351.0,18.99,22.25,3.26,16.97,22.1,0.990,1,1,31.0,0.38,30.38,30.2,0
1779285622433,673,UAS-02,305.4,19.02,22.13,3.11,17.64,21.6,0.990,1,1,33.6,0.35,30.71,30.1,0
1779285622467,674,GND-VEH-01,587.4,19.14,22.08,2.95,16.19,22.6,0.989,1,1,31.0,0.30,31.05,30.0,0
1779285622500,675,PERSON-01,427.9,18.92,22.03,3.11,16.74,21.7,0.990,1,1,32.6,0.23,30.62,30.1,0
1779285622533,676,UAS-01,553.6,18.95,22.00,3.05,17.64,20.4,0.990,1,1,31.0,0.47,30.53,30.0,0
1779285622567,677,UAS-02,698.7,19.02,22.21,3.19,17.03,22.0,0.990,1,1,31.0,0.26,30.60,29.9,0
1779285622600,678,GND-VEH-01,625.5,19.01,22.07,3.07,17.33,23.7,0.990,1,1,31.0,0.16,31.04,30.0,0
1779285622633,679,PERSON-01,589.0,18.94,22.06,3.12,16.71,21.9,0.990,1,1,31.0,0.47,30.77,29.8,0
1779285622667,680,UAS-01,530.3,19.15,22.40,3.25,16.90,22.3,0.990,1,1,31.0,0.30,30.60,30.0,0
1779285622700,681,UAS-02,348.4,19.11,22.52,3.41,17.60,22.0,0.990,1,1,31.0,0.08,30.18,29.9,0
1779285622733,682,GND-VEH-01,981.0,18.85,21.79,2.94,17.42,22.8,0.990,1,1,31.0,0.07,30.98,29.9,0
1779285622767,683,PERSON-01,381.4,19.12,22.35,3.23,17.25,21.4,0.990,1,1,31.3,0.12,31.07,30.1,0
1779285622800,684,UAS-01,464.8,19.15,22.38,3.24,17.47,21.3,0.990,1,1,31.0,0.06,30.77,30.1,0
1779285622833,685,UAS-02,863.4,18.99,21.96,2.97,17.30,21.8,0.986,1,1,36.0,0.45,30.91,30.2,0
1779285622867,686,GND-VEH-01,701.7,19.23,22.23,3.00,17.07,22.2,0.990,1,1,31.0,0.17,30.47,29.9,0
1779285622900,687,PERSON-01,707.1,19.18,22.19,3.00,16.96,22.9,0.978,1,1,31.0,0.01,30.38,29.9,0
1779285622933,688,UAS-01,739.5,19.09,21.99,2.89,16.94,23.3,0.989,1,1,32.6,0.32,30.92,30.0,0
1779285622967,689,UAS-02,782.5,18.84,21.71,2.87,17.14,21.6,0.990,1,1,32.6,0.23,30.65,30.0,0
1779285623000,690,GND-VEH-01,619.0,18.84,22.08,3.25,17.41,22.2,0.990,1,1,31.7,0.26,30.57,29.9,0
1779285623033,691,PERSON-01,500.4,19.19,22.18,2.98,16.67,21.5,0.990,1,1,31.5,0.18,30.76,30.1,0
1779285623067,692,UAS-01,846.2,18.85,21.92,3.07,16.94,22.0,0.990,1,1,31.5,0.16,30.67,29.9,0
1779285623100,693,UAS-02,584.0,19.13,22.14,3.01,16.91,22.9,0.990,1,1,31.8,0.19,30.68,29.9,0
1779285623133,694,GND-VEH-01,667.2,19.15,22.46,3.30,17.35,22.5,0.978,1,1,31.0,0.25,30.72,29.9,0
1779285623167,695,PERSON-01,573.6,18.85,22.16,3.30,17.76,23.3,0.975,1,1,31.0,0.25,31.14,30.0,0
1779285623200,696,UAS-01,580.0,19.07,22.17,3.10,17.27,21.1,0.990,1,1,31.0,0.09,30.95,30.2,0
1779285623233,697,UAS-02,441.2,18.87,22.34,3.47,17.10,23.2,0.990,1,1,31.0,0.05,30.34,30.0,0
1779285623267,698,GND-VEH-01,517.4,18.83,22.03,3.20,17.58,21.1,0.990,1,1,32.3,0.41,30.68,29.9,0
1779285623300,699,PERSON-01,653.0,18.79,21.74,2.95,17.66,23.1,0.990,1,1,32.4,0.15,30.96,29.9,0
1779285623333,700,UAS-01,531.0,18.78,21.74,2.96,16.84,21.0,0.990,1,1,31.0,0.16,31.08,30.1,0
1779285623367,701,UAS-02,303.6,19.00,22.37,3.37,17.28,22.8,0.990,1,1,31.0,0.20,30.30,30.2,0
1779285623400,702,GND-VEH-01,604.2,18.89,21.88,2.99,16.89,21.1,0.990,1,1,31.0,0.37,30.86,29.8,0
1779285623433,703,PERSON-01,939.4,18.96,21.98,3.02,16.55,20.9,0.983,1,1,33.5,0.20,30.66,30.1,0
1779285623467,704,UAS-01,524.2,18.96,22.20,3.23,17.86,22.2,0.975,1,1,33.2,0.27,31.01,29.9,0
1779285623500,705,UAS-02,509.6,18.80,21.84,3.04,17.83,20.7,0.990,1,1,33.6,0.03,30.80,30.0,0
1779285623533,706,GND-VEH-01,557.2,18.89,22.18,3.29,17.87,21.2,0.990,1,1,32.9,0.07,30.62,30.0,0
1779285623567,707,PERSON-01,448.6,18.98,22.05,3.06,17.02,21.0,0.990,1,1,31.0,0.38,31.38,30.0,0
1779285623600,708,UAS-01,506.8,19.17,22.46,3.29,17.09,21.9,0.988,1,1,31.0,0.22,31.02,30.0,0
1779285623633,709,UAS-02,950.8,19.14,21.91,2.77,15.75,22.5,0.981,1,1,33.5,0.21,30.61,30.0,0
1779285623667,710,GND-VEH-01,501.6,19.11,22.66,3.55,17.36,21.6,0.990,1,1,31.0,0.01,31.02,30.1,0
1779285623700,711,PERSON-01,619.7,19.01,22.10,3.09,17.18,22.5,0.971,1,1,34.1,0.27,30.73,30.1,0
1779285623733,712,UAS-01,587.0,18.80,22.05,3.25,17.87,22.2,0.965,1,1,31.0,0.13,31.18,30.1,0
1779285623767,713,UAS-02,538.3,18.86,21.99,3.13,17.43,21.0,0.990,1,1,31.0,0.32,30.57,30.1,0
1779285623800,714,GND-VEH-01,371.0,18.78,21.84,3.06,17.39,20.2,0.986,1,1,34.1,0.23,30.74,29.9,0
1779285623833,715,PERSON-01,562.0,19.09,22.29,3.21,17.68,21.2,0.990,1,1,31.7,0.30,30.81,30.0,0
1779285623867,716,UAS-01,468.8,18.90,22.19,3.30,18.01,20.8,0.975,1,1,31.0,0.08,30.97,29.9,0
1779285623900,717,UAS-02,494.4,19.08,21.83,2.75,17.58,21.6,0.990,1,1,31.0,0.03,30.44,30.1,0
1779285623933,718,GND-VEH-01,624.5,18.97,22.42,3.44,17.75,21.5,0.990,1,1,35.6,0.50,30.94,29.9,0
1779285623967,719,PERSON-01,640.2,18.91,21.89,2.98,16.85,22.1,0.990,1,1,33.1,0.42,30.29,30.1,0
1779285624000,720,UAS-01,416.6,18.88,22.35,3.47,18.22,21.7,0.973,1,1,31.0,0.33,30.63,30.1,0
1779285624033,721,UAS-02,872.6,19.04,21.94,2.90,16.25,23.1,0.981,1,1,31.0,0.12,30.73,29.8,0
1779285624067,722,GND-VEH-01,905.2,18.96,21.97,3.00,16.67,20.3,0.990,1,1,32.7,0.09,30.97,30.1,0
1779285624100,723,PERSON-01,438.0,19.00,22.41,3.41,17.70,23.1,0.986,1,1,31.3,0.22,30.91,29.9,0
1779285624133,724,UAS-01,677.6,19.07,21.97,2.89,17.57,21.9,0.990,1,1,31.0,0.14,30.97,30.2,0
1779285624167,725,UAS-02,605.9,19.03,21.98,2.95,17.57,21.7,0.990,1,1,31.0,0.05,31.25,29.9,0
1779285624200,726,GND-VEH-01,394.5,18.80,22.04,3.24,17.33,22.2,0.966,1,1,31.0,0.08,30.95,30.1,0
1779285624233,727,PERSON-01,406.3,18.94,22.31,3.37,17.91,21.7,0.973,1,1,31.6,0.13,30.60,30.0,0
1779285624267,728,UAS-01,409.8,19.13,22.62,3.49,17.77,20.3,0.990,1,1,31.4,0.13,31.14,21.8,1
1779285624300,729,UAS-02,453.0,18.84,22.21,3.37,17.52,22.7,0.990,1,1,31.0,0.43,30.74,30.1,0
1779285624333,730,GND-VEH-01,706.0,19.04,21.82,2.78,17.22,22.2,0.990,1,1,31.4,0.19,30.82,29.8,0
1779285624367,731,PERSON-01,915.6,19.20,22.26,3.06,17.06,22.2,0.990,1,1,31.0,0.01,31.16,30.1,0
1779285624400,732,UAS-01,338.4,19.06,22.44,3.38,17.22,22.3,0.990,1,1,31.0,0.38,30.49,30.0,0
1779285624433,733,UAS-02,742.2,19.09,22.20,3.10,16.94,21.9,0.990,1,1,31.0,0.03,30.84,30.0,0
1779285624467,734,GND-VEH-01,358.1,19.24,22.54,3.30,17.46,22.1,0.990,1,1,31.0,0.37,30.84,29.8,0
1779285624500,735,PERSON-01,525.2,18.95,22.09,3.13,17.27,21.4,0.990,1,1,31.0,0.06,31.02,30.0,0
1779285624533,736,UAS-01,592.8,19.00,21.95,2.94,16.88,23.4,0.966,1,1,31.0,0.31,30.78,30.0,0
1779285624567,737,UAS-02,611.4,18.87,21.89,3.02,16.60,21.6,0.990,1,1,31.0,0.02,31.30,29.9,0
1779285624600,738,GND-VEH-01,454.8,19.09,22.28,3.20,17.51,21.6,0.990,1,1,31.0,0.09,30.92,30.1,0
1779285624633,739,PERSON-01,317.0,19.06,22.44,3.38,17.56,20.7,0.990,1,1,31.0,0.05,30.93,30.0,0
1779285624667,740,UAS-01,327.1,18.99,22.20,3.21,17.28,23.4,0.990,1,1,32.8,0.16,31.25,30.0,0
1779285624700,741,UAS-02,400.4,19.05,22.16,3.10,17.56,21.6,0.981,1,1,31.3,0.21,30.90,29.9,0
1779285624733,742,GND-VEH-01,450.7,18.82,22.17,3.35,17.49,21.6,0.990,1,1,31.6,0.01,30.91,29.9,0
1779285624767,743,PERSON-01,812.7,19.10,21.98,2.87,16.73,22.0,0.990,1,1,31.0,0.18,30.63,30.0,0
1779285624800,744,UAS-01,476.2,19.18,22.01,2.83,16.56,22.4,0.985,1,1,31.0,0.62,30.80,30.0,0
1779285624833,745,UAS-02,345.3,19.24,22.52,3.28,17.93,21.1,0.986,1,1,31.0,0.11,30.78,30.1,0
1779285624867,746,GND-VEH-01,396.2,18.93,21.90,2.98,16.92,21.3,0.990,1,1,31.0,0.12,31.23,30.1,0
1779285624900,747,PERSON-01,300.7,18.66,22.10,3.44,17.75,22.0,0.987,1,1,31.0,0.23,30.34,30.0,0
1779285624933,748,UAS-01,668.1,19.00,22.04,3.04,17.19,22.6,0.990,1,1,35.6,0.10,30.72,30.0,0
1779285624967,749,UAS-02,398.6,19.09,22.47,3.38,17.44,22.3,0.990,1,1,32.9,0.00,31.14,30.0,0
1779285625000,750,GND-VEH-01,371.6,18.91,22.12,3.21,17.56,22.1,0.990,1,1,32.5,0.01,31.24,29.9,0
1779285625033,751,PERSON-01,422.5,19.27,22.51,3.24,17.02,23.2,0.990,1,1,31.0,0.08,30.91,29.9,0
1779285625067,752,UAS-01,871.6,18.91,21.82,2.91,16.23,20.6,0.990,1,1,32.4,0.32,31.24,30.1,0
1779285625100,753,UAS-02,402.5,18.83,21.87,3.04,16.60,21.7,0.990,1,1,31.0,0.20,31.01,29.9,0
1779285625133,754,GND-VEH-01,309.6,19.13,22.42,3.29,17.88,21.9,0.970,1,1,31.0,0.26,31.24,29.9,0
1779285625167,755,PERSON-01,500.3,18.97,22.33,3.36,17.09,21.6,0.990,1,1,31.7,0.29,30.61,29.9,0
1779285625200,756,UAS-01,311.7,19.01,22.56,3.55,17.50,22.1,0.990,1,1,31.0,0.20,31.21,29.9,0
1779285625233,757,UAS-02,447.4,18.98,22.24,3.26,17.57,22.4,0.990,1,1,33.0,0.29,30.84,30.0,0
1779285625267,758,GND-VEH-01,917.1,18.81,21.37,2.56,16.05,22.7,0.990,1,1,31.0,0.44,31.06,29.9,0
1779285625300,759,PERSON-01,399.0,19.14,22.10,2.96,17.35,22.6,0.990,1,1,31.0,0.10,31.16,30.1,0
1779285625333,760,UAS-01,425.7,18.91,22.27,3.36,17.81,21.3,0.990,1,1,31.0,0.26,30.67,30.1,0
1779285625367,761,UAS-02,355.8,18.90,21.98,3.08,17.46,21.2,0.990,1,1,31.4,0.37,31.15,29.9,0
1779285625400,762,GND-VEH-01,520.8,18.83,21.64,2.81,16.64,21.8,0.990,1,1,31.0,0.39,30.83,30.1,0
1779285625433,763,PERSON-01,354.2,19.02,22.41,3.39,18.62,20.9,0.990,1,1,31.0,0.17,30.81,30.0,0
1779285625467,764,UAS-01,335.0,18.88,22.10,3.22,17.25,22.8,0.990,1,1,31.8,0.13,31.21,30.1,0
1779285625500,765,UAS-02,316.0,18.95,22.30,3.35,18.00,21.8,0.990,1,1,32.6,0.28,31.11,30.0,0
1779285625533,766,GND-VEH-01,541.3,19.10,22.18,3.08,17.17,21.3,0.973,1,1,33.1,0.28,30.58,30.0,0
1779285625567,767,PERSON-01,728.7,19.34,22.21,2.87,16.38,21.5,0.990,1,1,31.0,0.48,31.09,30.1,0
1779285625600,768,UAS-01,383.5,19.06,22.36,3.31,17.11,22.7,0.990,1,1,31.0,0.08,31.33,30.1,0
1779285625633,769,UAS-02,554.4,19.07,22.35,3.28,18.06,19.4,0.990,1,1,31.0,0.26,30.88,30.0,0
1779285625667,770,GND-VEH-01,461.6,18.90,21.88,2.97,16.92,23.7,0.983,1,1,31.0,0.06,31.13,29.9,0
1779285625700,771,PERSON-01,448.6,18.90,22.22,3.31,17.51,22.4,0.990,1,1,31.0,0.16,30.88,30.1,0
1779285625733,772,UAS-01,549.4,18.91,22.14,3.22,17.25,21.5,0.985,1,1,31.0,0.63,30.84,30.1,0
1779285625767,773,UAS-02,386.2,19.22,22.40,3.19,17.94,22.3,0.990,1,1,31.0,0.00,30.87,30.0,0
1779285625800,774,GND-VEH-01,458.7,18.85,22.08,3.23,17.19,22.6,0.990,1,1,31.8,0.02,31.06,30.0,0
1779285625833,775,PERSON-01,402.3,18.93,22.04,3.10,17.53,22.8,0.990,1,1,31.2,0.15,31.09,30.0,0
1779285625867,776,UAS-01,712.1,18.86,21.61,2.75,16.67,22.6,0.987,1,1,31.0,0.04,31.49,30.2,0
1779285625900,777,UAS-02,605.8,19.28,22.32,3.03,16.39,21.7,0.990,1,1,33.3,0.26,31.52,30.0,0
1779285625933,778,GND-VEH-01,783.6,19.07,22.33,3.26,16.96,23.7,0.984,1,1,31.0,0.18,30.89,30.0,0
1779285625967,779,PERSON-01,417.5,18.89,22.30,3.41,17.96,22.0,0.990,1,1,31.0,0.64,30.97,30.1,0
1779285626000,780,UAS-01,417.3,18.93,21.93,3.00,17.40,21.9,0.990,1,1,32.5,0.11,30.91,30.0,0
1779285626033,781,UAS-02,523.1,18.75,21.95,3.20,17.42,21.1,0.990,1,1,31.3,0.19,30.98,30.0,0
1779285626067,782,GND-VEH-01,876.7,18.79,21.68,2.90,16.78,23.0,0.990,1,1,34.3,0.07,30.60,29.9,0
1779285626100,783,PERSON-01,343.7,19.17,22.16,2.99,16.77,23.5,0.990,1,1,31.0,0.31,31.36,30.0,0
1779285626133,784,UAS-01,723.1,19.21,21.98,2.77,16.57,21.8,0.990,1,1,31.0,0.02,30.75,30.2,0
1779285626167,785,UAS-02,475.0,19.06,22.19,3.14,17.02,22.1,0.990,1,1,31.0,0.33,30.78,29.9,0
1779285626200,786,GND-VEH-01,404.5,18.89,22.14,3.26,17.46,20.9,0.990,1,1,31.0,0.07,31.36,30.0,0
1779285626233,787,PERSON-01,457.2,18.94,22.08,3.14,16.72,21.4,0.990,1,1,31.0,0.15,30.85,30.0,0
1779285626267,788,UAS-01,566.0,18.90,22.08,3.17,17.27,20.4,0.990,1,1,31.0,0.02,30.71,30.1,0
1779285626300,789,UAS-02,472.9,18.89,22.20,3.30,17.58,21.1,0.990,1,1,31.0,0.19,30.73,30.0,0
1779285626333,790,GND-VEH-01,651.4,18.99,22.41,3.42,17.20,22.8,0.980,1,1,31.7,0.09,30.98,29.8,0
1779285626367,791,PERSON-01,361.3,19.21,22.43,3.22,17.40,20.7,0.990,1,1,31.0,0.04,30.79,30.1,0
1779285626400,792,UAS-01,301.2,19.09,22.19,3.10,16.99,22.4,0.990,1,1,31.0,0.16,30.76,30.1,0
1779285626433,793,UAS-02,346.7,19.25,22.46,3.21,16.31,22.4,0.984,1,1,31.8,0.08,30.60,29.9,0
1779285626467,794,GND-VEH-01,307.7,18.70,22.07,3.37,17.10,21.2,0.990,1,1,34.9,0.58,31.36,30.1,0
1779285626500,795,PERSON-01,569.9,18.88,22.00,3.12,16.49,21.9,0.990,1,1,31.0,0.25,30.96,30.1,0
1779285626533,796,UAS-01,429.1,18.85,22.12,3.27,17.65,20.8,0.990,1,1,31.0,0.02,31.28,30.0,0
1779285626567,797,UAS-02,885.1,18.98,21.92,2.94,17.07,22.1,0.985,1,1,32.7,0.31,31.01,30.0,0
1779285626600,798,GND-VEH-01,621.3,18.94,22.33,3.40,17.77,21.7,0.990,1,1,32.4,0.15,30.91,30.1,0
1779285626633,799,PERSON-01,488.4,19.20,22.79,3.59,18.39,22.4,0.988,1,1,31.0,0.03,30.81,30.1,0
1779285626667,800,UAS-01,565.6,19.04,22.26,3.22,17.75,22.1,0.990,1,1,31.0,0.08,31.33,30.0,0
1779285626700,801,UAS-02,457.7,18.85,22.19,3.34,17.53,21.7,0.990,1,1,31.0,0.20,31.12,30.0,0
1779285626733,802,GND-VEH-01,528.7,19.06,21.94,2.88,16.85,22.8,0.990,1,1,31.5,0.08,31.25,29.9,0
1779285626767,803,PERSON-01,645.8,18.77,21.77,3.00,16.58,21.4,0.985,1,1,32.0,0.15,31.11,29.9,0
1779285626800,804,UAS-01,547.3,18.78,22.11,3.33,17.20,22.4,0.990,1,1,31.0,0.75,31.41,29.9,0
1779285626833,805,UAS-02,331.1,19.06,22.39,3.33,17.72,22.2,0.990,1,1,31.0,0.02,31.13,30.2,0
1779285626867,806,GND-VEH-01,408.4,18.81,21.75,2.94,16.63,20.8,0.986,1,1,31.0,0.23,30.66,30.1,0
1779285626900,807,PERSON-01,440.5,18.60,22.04,3.44,18.37,20.9,0.977,1,1,33.1,0.03,30.84,30.1,0
1779285626933,808,UAS-01,409.2,18.68,21.84,3.16,18.11,21.2,0.990,1,1,31.0,0.10,31.45,30.0,0
1779285626967,809,UAS-02,337.3,18.66,21.70,3.04,17.28,22.9,0.990,1,1,34.4,0.13,31.16,30.1,0
1779285627000,810,GND-VEH-01,302.3,18.77,22.14,3.37,17.60,22.4,0.990,1,1,31.0,0.20,31.09,30.1,0
1779285627033,811,PERSON-01,351.1,18.96,22.07,3.11,16.45,22.3,0.990,1,1,32.0,0.14,30.91,29.9,0
1779285627067,812,UAS-01,843.2,18.95,21.94,2.98,17.18,21.4,0.990,1,1,31.0,0.19,30.76,30.0,0
1779285627100,813,UAS-02,443.7,18.94,22.33,3.38,17.24,22.5,0.964,1,1,32.5,0.48,31.02,30.1,0
1779285627133,814,GND-VEH-01,564.6,18.72,22.10,3.38,17.41,22.3,0.990,1,1,32.8,0.39,31.58,30.0,0
1779285627167,815,PERSON-01,610.2,18.94,22.14,3.21,17.26,22.1,0.990,1,1,32.1,0.20,30.99,30.0,0
1779285627200,816,UAS-01,507.3,19.02,22.09,3.06,17.50,20.3,0.990,1,1,31.0,0.05,31.25,30.2,0
1779285627233,817,UAS-02,1071.4,18.87,21.31,2.44,15.48,22.5,0.968,1,1,32.2,0.11,31.31,30.1,0
1779285627267,818,GND-VEH-01,403.5,19.00,22.20,3.20,17.22,21.8,0.986,1,1,31.0,0.10,31.09,30.0,0
1779285627300,819,PERSON-01,331.9,19.13,22.64,3.51,18.31,20.7,0.986,1,1,31.0,0.24,31.04,22.8,1
1779285627333,820,UAS-01,497.4,19.00,22.22,3.21,17.11,20.9,0.990,1,1,33.3,0.54,31.23,30.0,0
1779285627367,821,UAS-02,352.4,18.67,21.85,3.18,16.56,23.3,0.990,1,1,31.0,0.49,31.29,30.0,0
1779285627400,822,GND-VEH-01,674.3,18.93,22.05,3.12,18.23,20.2,0.990,1,1,31.0,0.08,31.12,30.0,0
1779285627433,823,PERSON-01,601.2,19.11,22.09,2.98,17.28,21.9,0.976,1,1,31.8,0.32,30.74,29.9,0
1779285627467,824,UAS-01,506.3,19.09,22.48,3.39,17.14,23.6,0.990,1,1,31.0,0.30,31.28,30.1,0
1779285627500,825,UAS-02,554.3,19.29,22.53,3.24,17.01,23.8,0.990,1,1,31.9,0.31,31.12,29.9,0
1779285627533,826,GND-VEH-01,484.7,19.16,22.35,3.19,16.58,21.1,0.986,1,1,31.0,0.33,30.98,30.0,0
1779285627567,827,PERSON-01,744.1,18.96,21.96,3.01,16.39,21.4,0.990,1,1,31.0,0.10,30.70,30.2,0
1779285627600,828,UAS-01,416.3,19.32,22.57,3.25,17.42,21.7,0.990,1,1,31.0,0.07,30.96,30.0,0
1779285627633,829,UAS-02,309.1,19.18,22.21,3.03,16.05,23.6,0.990,1,1,31.0,0.35,31.06,29.9,0
1779285627667,830,GND-VEH-01,357.0,19.19,22.58,3.39,17.46,21.8,0.983,1,1,31.0,0.15,31.23,30.0,0
1779285627700,831,PERSON-01,461.7,18.91,22.26,3.34,17.68,20.3,0.972,1,1,32.0,0.01,31.05,29.8,0
1779285627733,832,UAS-01,486.9,18.97,22.37,3.40,18.13,20.3,0.990,1,1,33.2,0.01,31.88,30.0,0
1779285627767,833,UAS-02,601.7,18.94,22.27,3.33,17.76,21.0,0.990,1,1,32.3,0.52,31.38,30.0,0
1779285627800,834,GND-VEH-01,677.8,18.79,21.68,2.88,16.63,22.0,0.990,1,1,31.3,0.64,31.35,30.0,0
1779285627833,835,PERSON-01,391.1,18.90,22.19,3.29,17.99,21.9,0.990,1,1,31.0,0.19,31.19,29.9,0
1779285627867,836,UAS-01,476.3,18.88,22.05,3.17,17.04,22.4,0.990,1,1,31.0,0.28,31.43,29.9,0
1779285627900,837,UAS-02,323.1,18.82,22.11,3.29,17.11,21.7,0.990,1,1,31.0,0.08,31.65,30.0,0
1779285627933,838,GND-VEH-01,513.6,18.93,22.20,3.27,17.75,21.9,0.990,1,1,32.2,0.14,31.36,29.9,0
1779285627967,839,PERSON-01,622.6,19.09,22.44,3.34,17.43,21.7,0.990,1,1,31.6,0.18,30.94,30.1,0
1779285628000,840,UAS-01,549.5,19.05,22.32,3.27,17.76,22.1,0.990,1,1,31.2,0.20,31.51,30.1,0
1779285628033,841,UAS-02,483.7,19.09,22.36,3.27,17.23,21.7,0.975,1,1,31.6,0.15,31.02,30.0,0
1779285628067,842,GND-VEH-01,409.6,19.13,22.30,3.17,17.59,21.3,0.987,1,1,31.4,0.30,31.40,30.0,0
1779285628100,843,PERSON-01,316.4,19.19,22.47,3.28,18.13,21.1,0.990,1,1,31.0,0.14,31.39,30.0,0
1779285628133,844,UAS-01,424.2,18.74,21.85,3.10,16.66,22.6,0.990,1,1,31.4,0.30,30.93,30.0,0
1779285628167,845,UAS-02,678.2,19.34,22.24,2.90,16.90,21.5,0.990,1,1,31.0,0.04,31.24,29.9,0
1779285628200,846,GND-VEH-01,630.8,19.14,22.30,3.16,17.59,22.0,0.981,1,1,32.3,0.43,31.50,30.1,0
1779285628233,847,PERSON-01,689.8,19.06,21.86,2.80,17.00,21.8,0.988,1,1,32.1,0.06,31.27,30.1,0
1779285628267,848,UAS-01,542.0,18.95,22.33,3.38,17.85,21.4,0.990,1,1,31.0,0.17,31.18,30.1,0
1779285628300,849,UAS-02,784.5,18.88,21.97,3.09,16.73,22.9,0.988,1,1,31.0,0.17,30.96,30.2,0
1779285628333,850,GND-VEH-01,790.3,18.87,21.92,3.05,17.87,21.0,0.990,1,1,31.0,0.52,31.59,30.1,0
1779285628367,851,PERSON-01,384.7,18.94,22.31,3.37,17.96,20.9,0.989,1,1,32.2,0.12,31.40,30.0,0
1779285628400,852,UAS-01,380.2,18.80,21.93,3.13,16.68,22.1,0.990,1,1,31.6,0.13,31.02,29.8,0
1779285628433,853,UAS-02,678.8,18.87,21.90,3.03,17.15,21.0,0.990,1,1,32.0,0.01,31.10,30.1,0
1779285628467,854,GND-VEH-01,354.0,19.18,22.25,3.07,17.57,22.8,0.990,1,1,31.8,0.16,31.05,30.1,0
1779285628500,855,PERSON-01,724.5,19.17,22.26,3.09,17.22,21.2,0.990,1,1,31.0,0.27,31.38,30.1,0
1779285628533,856,UAS-01,407.2,19.11,21.99,2.88,16.94,21.2,0.979,1,1,31.8,0.12,31.08,30.1,0
1779285628567,857,UAS-02,401.9,18.92,22.18,3.26,17.75,23.0,0.990,1,1,31.0,0.12,31.34,30.0,0
1779285628600,858,GND-VEH-01,779.2,18.81,22.05,3.24,17.37,22.1,0.990,1,1,31.0,0.02,31.21,30.1,0
1779285628633,859,PERSON-01,401.1,19.02,22.02,3.01,16.25,21.9,0.990,1,1,31.7,0.20,31.18,30.0,0
1779285628667,860,UAS-01,471.6,19.06,21.89,2.84,16.94,20.5,0.990,1,1,31.9,0.40,31.37,30.0,0
1779285628700,861,UAS-02,434.3,19.22,22.21,2.99,16.43,21.6,0.990,1,1,31.0,0.26,31.63,30.1,0
1779285628733,862,GND-VEH-01,317.5,19.12,22.33,3.21,17.06,22.5,0.979,1,1,33.0,0.17,31.56,30.1,0
1779285628767,863,PERSON-01,594.1,18.66,21.90,3.24,18.18,21.8,0.990,1,1,34.9,0.35,30.75,29.9,0
1779285628800,864,UAS-01,620.8,18.70,21.82,3.12,16.41,24.6,0.990,1,1,32.3,0.40,31.57,30.1,0
1779285628833,865,UAS-02,521.8,19.02,22.27,3.24,17.35,22.0,0.990,1,1,32.4,0.24,31.17,29.8,0
1779285628867,866,GND-VEH-01,488.3,19.21,22.24,3.03,16.46,21.5,0.990,1,1,31.3,0.36,31.39,30.1,0
1779285628900,867,PERSON-01,350.8,19.06,22.39,3.34,17.27,20.2,0.990,1,1,32.2,0.02,31.37,29.8,0
1779285628933,868,UAS-01,556.2,19.13,21.97,2.84,16.82,22.7,0.974,1,1,32.0,0.23,31.55,29.8,0
1779285628967,869,UAS-02,756.7,19.16,22.23,3.06,17.30,21.9,0.990,1,1,31.0,0.29,31.52,30.1,0
1779285629000,870,GND-VEH-01,647.2,19.26,22.32,3.05,16.80,20.7,0.990,1,1,32.9,0.39,31.31,30.0,0
1779285629033,871,PERSON-01,584.8,18.99,22.05,3.06,16.83,23.1,0.990,1,1,32.9,0.01,31.40,29.9,0
1779285629067,872,UAS-01,369.4,19.13,22.09,2.96,17.24,22.6,0.990,1,1,33.1,0.35,31.81,30.0,0
1779285629100,873,UAS-02,442.3,19.30,22.72,3.42,18.00,21.2,0.984,1,1,31.0,0.38,31.36,29.9,0
1779285629133,874,GND-VEH-01,352.9,19.04,22.61,3.57,17.48,21.0,0.984,1,1,31.2,0.15,31.85,30.0,0
1779285629167,875,PERSON-01,485.9,18.96,22.19,3.23,17.88,22.7,0.990,1,1,33.1,0.13,31.12,30.2,0
1779285629200,876,UAS-01,399.2,18.96,21.82,2.87,16.08,23.6,0.976,1,1,32.4,0.04,31.16,29.8,0
1779285629233,877,UAS-02,535.1,19.19,22.37,3.18,17.22,21.9,0.990,1,1,31.0,0.25,31.54,30.0,0
1779285629267,878,GND-VEH-01,380.5,18.94,21.98,3.04,17.17,20.5,0.990,1,1,31.0,0.42,31.09,29.9,0
1779285629300,879,PERSON-01,348.9,19.07,22.38,3.31,17.90,21.4,0.990,1,1,31.0,0.21,31.65,30.1,0
1779285629333,880,UAS-01,396.0,18.91,21.93,3.01,17.05,22.4,0.990,1,1,33.4,0.30,31.61,30.0,0
1779285629367,881,UAS-02,377.9,18.94,22.08,3.14,16.86,21.2,0.982,1,1,31.0,0.28,31.57,30.1,0
1779285629400,882,GND-VEH-01,315.8,18.94,22.25,3.31,16.68,23.0,0.990,1,1,31.0,0.12,31.21,29.9,0
1779285629433,883,PERSON-01,320.6,19.11,22.52,3.41,18.23,22.2,0.990,1,1,31.0,0.08,31.50,30.1,0
1779285629467,884,UAS-01,432.6,18.97,22.09,3.12,17.30,22.6,0.990,1,1,31.0,0.16,31.75,30.0,0
1779285629500,885,UAS-02,614.2,18.90,22.21,3.30,17.80,20.8,0.988,1,1,31.0,0.09,31.37,30.2,0
1779285629533,886,GND-VEH-01,402.3,19.00,22.30,3.30,17.21,22.2,0.990,1,1,31.9,0.01,31.54,30.0,0
1779285629567,887,PERSON-01,336.3,19.13,22.50,3.38,17.07,22.0,0.990,1,1,31.0,0.12,31.53,30.2,0
1779285629600,888,UAS-01,315.9,18.92,21.97,3.05,17.14,22.4,0.990,1,1,31.4,0.12,31.27,30.1,0
1779285629633,889,UAS-02,494.1,18.65,21.79,3.14,17.08,23.4,0.982,1,1,31.0,0.30,31.63,30.1,0
1779285629667,890,GND-VEH-01,804.7,19.09,22.07,2.98,16.47,21.9,0.976,1,1,31.0,0.36,31.11,30.1,0
1779285629700,891,PERSON-01,454.7,18.94,22.17,3.23,17.03,21.9,0.990,1,1,31.2,0.03,31.55,30.1,0
1779285629733,892,UAS-01,658.1,19.18,22.16,2.98,16.23,22.2,0.990,1,1,31.7,0.18,31.51,30.0,0
1779285629767,893,UAS-02,449.6,19.11,22.34,3.24,17.12,22.2,0.986,1,1,31.0,0.18,32.01,30.0,0
1779285629800,894,GND-VEH-01,324.6,18.84,22.24,3.40,18.05,22.0,0.990,1,1,32.5,0.30,31.54,30.1,0
1779285629833,895,PERSON-01,351.6,18.69,22.07,3.39,17.23,22.1,0.979,1,1,31.0,0.10,31.45,30.0,0
1779285629867,896,UAS-01,318.5,19.00,22.23,3.23,17.38,20.9,0.990,1,1,31.0,0.06,32.03,29.9,0
1779285629900,897,UAS-02,881.9,19.18,21.87,2.68,16.71,23.1,0.990,1,1,32.0,0.42,31.36,30.2,0
1779285629933,898,GND-VEH-01,342.5,18.82,22.31,3.49,17.82,22.7,0.989,1,1,31.1,0.55,31.45,30.0,0
1779285629967,899,PERSON-01,333.4,18.90,22.27,3.37,17.67,23.4,0.990,1,1,31.0,0.46,31.49,29.9,0
1779285630000,900,UAS-01,698.7,18.89,21.89,3.00,16.79,21.8,0.990,1,1,31.0,0.18,31.53,29.9,0
1779285630033,901,UAS-02,492.4,18.82,21.81,2.99,17.46,21.0,0.990,1,1,31.5,0.27,31.00,30.0,0
1779285630067,902,GND-VEH-01,357.2,18.99,22.36,3.37,17.40,21.9,0.990,1,1,32.5,0.27,31.37,30.0,0
1779285630100,903,PERSON-01,665.2,19.10,21.86,2.76,16.72,23.5,0.990,1,1,31.0,0.19,31.88,29.9,0
1779285630133,904,UAS-01,437.1,18.98,22.27,3.29,17.77,21.1,0.974,1,1,31.9,0.08,31.50,30.1,0
1779285630167,905,UAS-02,434.3,18.77,21.76,2.99,17.26,22.8,0.990,1,1,31.0,0.07,31.55,29.9,0
1779285630200,906,GND-VEH-01,324.1,19.13,22.21,3.08,16.16,22.1,0.990,1,1,31.4,0.07,31.82,30.0,0
1779285630233,907,PERSON-01,364.3,18.83,22.23,3.41,17.45,20.2,0.970,1,1,31.0,0.48,31.63,30.1,0
1779285630267,908,UAS-01,365.5,19.03,22.08,3.05,16.88,22.0,0.990,1,1,31.0,0.34,31.51,29.9,0
1779285630300,909,UAS-02,466.1,19.08,22.52,3.43,17.33,22.1,0.990,1,1,32.5,0.02,31.12,29.9,0
1779285630333,910,GND-VEH-01,508.6,19.08,22.39,3.31,17.61,20.4,0.974,1,1,31.0,0.40,31.35,30.0,0
1779285630367,911,PERSON-01,425.5,18.99,22.42,3.43,17.60,23.6,0.990,1,1,31.0,0.31,31.31,30.0,0
1779285630400,912,UAS-01,421.3,18.87,22.23,3.36,17.86,22.7,0.990,1,1,31.2,0.26,31.32,30.0,0
1779285630433,913,UAS-02,515.0,18.76,22.02,3.26,17.59,19.9,0.990,1,1,31.0,0.11,31.39,29.9,0
1779285630467,914,GND-VEH-01,601.5,18.85,21.75,2.90,17.56,20.5,0.982,1,1,31.1,0.08,31.27,30.0,0
1779285630500,915,PERSON-01,376.8,18.99,22.01,3.02,16.13,21.9,0.990,1,1,31.0,0.14,31.68,30.1,0
1779285630533,916,UAS-01,371.3,19.20,22.14,2.93,17.31,21.5,0.978,1,1,33.8,0.04,31.96,30.1,0
1779285630567,917,UAS-02,663.9,18.94,21.92,2.98,16.78,22.2,0.990,1,1,31.0,0.39,31.17,29.9,0
1779285630600,918,GND-VEH-01,648.2,18.84,22.10,3.25,16.90,22.7,0.990,1,1,31.9,0.20,31.53,30.1,0
1779285630633,919,PERSON-01,373.1,19.23,22.62,3.39,17.06,22.9,0.990,1,1,33.6,0.04,31.39,30.1,0
1779285630667,920,UAS-01,662.5,19.14,21.97,2.83,16.78,23.4,0.990,1,1,31.0,0.27,31.26,29.8,0
1779285630700,921,UAS-02,489.1,19.19,22.40,3.21,17.26,21.8,0.990,1,1,31.0,0.03,31.18,29.9,0
1779285630733,922,GND-VEH-01,606.1,19.17,22.47,3.30,17.61,21.9,0.990,1,1,31.0,0.54,31.68,30.1,0
1779285630767,923,PERSON-01,545.3,19.18,22.14,2.97,17.35,22.7,0.990,1,1,31.8,0.04,31.96,30.0,0
1779285630800,924,UAS-01,474.4,18.88,21.82,2.94,17.40,21.7,0.990,1,1,32.3,0.26,31.86,30.2,0
1779285630833,925,UAS-02,459.3,19.15,22.48,3.33,17.16,23.1,0.990,1,1,31.0,0.22,31.67,29.8,0
1779285630867,926,GND-VEH-01,368.6,19.18,22.30,3.12,16.51,23.8,0.990,1,1,31.3,0.40,31.62,30.1,0
1779285630900,927,PERSON-01,488.3,19.23,22.46,3.23,18.37,22.9,0.990,1,1,33.2,0.27,31.14,30.1,0
1779285630933,928,UAS-01,342.9,19.18,22.30,3.12,16.58,23.6,0.990,1,1,31.6,0.09,31.56,29.9,0
1779285630967,929,UAS-02,799.1,19.14,22.19,3.05,17.23,20.1,0.990,1,1,31.0,0.12,31.98,30.1,0
1779285631000,930,GND-VEH-01,636.2,18.85,21.67,2.82,16.81,22.4,0.990,1,1,34.2,0.25,31.60,30.0,0
1779285631033,931,PERSON-01,466.6,18.90,22.18,3.28,17.05,22.2,0.990,1,1,35.2,0.05,31.82,30.1,0
1779285631067,932,UAS-01,441.6,19.03,22.50,3.47,17.22,21.3,0.990,1,1,31.0,0.59,32.11,30.0,0
1779285631100,933,UAS-02,375.7,18.99,21.96,2.97,16.84,22.1,0.987,1,1,33.5,0.01,31.43,30.1,0
1779285631133,934,GND-VEH-01,361.9,18.90,22.31,3.41,17.53,21.3,0.990,1,1,33.4,0.24,31.68,30.0,0
1779285631167,935,PERSON-01,430.6,18.99,22.25,3.26,17.32,21.5,0.979,1,1,31.9,0.77,31.28,29.9,0
1779285631200,936,UAS-01,930.3,19.06,22.04,2.98,16.57,23.4,0.990,1,1,33.2,0.10,31.42,30.1,0
1779285631233,937,UAS-02,472.9,19.14,22.55,3.41,17.15,22.7,0.990,1,1,34.1,0.33,31.72,30.0,0
1779285631267,938,GND-VEH-01,477.6,18.98,22.21,3.23,17.11,22.1,0.990,1,1,31.0,0.11,32.00,30.1,0
1779285631300,939,PERSON-01,606.9,19.11,22.27,3.16,18.02,21.6,0.990,1,1,31.7,0.26,31.88,30.1,0
1779285631333,940,UAS-01,622.9,18.85,22.02,3.17,17.22,21.8,0.969,1,1,31.0,0.24,31.74,30.0,0
1779285631367,941,UAS-02,704.0,18.74,21.79,3.05,17.50,21.2,0.990,1,1,31.0,0.82,31.57,30.0,0
1779285631400,942,GND-VEH-01,318.4,19.00,22.38,3.38,16.81,22.4,0.988,1,1,31.0,0.14,31.92,29.9,0
1779285631433,943,PERSON-01,430.5,18.96,21.91,2.95,16.38,22.9,0.990,1,1,31.3,0.17,31.30,30.0,0
1779285631467,944,UAS-01,584.3,19.08,22.26,3.18,16.99,22.3,0.990,1,1,31.0,0.36,31.88,30.2,0
1779285631500,945,UAS-02,560.7,18.92,22.06,3.13,17.88,22.9,0.990,1,1,31.0,0.32,31.57,30.0,0
1779285631533,946,GND-VEH-01,348.5,18.74,21.89,3.15,16.81,20.1,0.990,1,1,31.0,0.33,31.64,30.0,0
1779285631567,947,PERSON-01,359.6,18.95,21.90,2.95,17.44,21.6,0.990,1,1,31.0,0.04,31.72,29.9,0
1779285631600,948,UAS-01,631.1,18.77,21.69,2.91,17.11,21.0,0.990,1,1,33.3,0.13,31.26,29.9,0
1779285631633,949,UAS-02,331.1,18.97,22.17,3.20,17.53,22.1,0.983,1,1,34.3,0.26,31.43,30.1,0
1779285631667,950,GND-VEH-01,525.1,18.98,21.91,2.93,17.26,20.8,0.990,1,1,31.3,0.62,31.84,30.0,0
1779285631700,951,PERSON-01,777.2,19.12,22.22,3.10,16.88,23.7,0.989,1,1,34.2,0.07,31.64,30.0,0
1779285631733,952,UAS-01,542.7,19.12,22.27,3.15,17.15,21.6,0.990,1,1,31.0,0.05,31.41,30.0,0
1779285631767,953,UAS-02,333.7,18.89,22.35,3.45,17.40,22.0,0.990,1,1,31.0,0.06,32.02,29.8,0
1779285631800,954,GND-VEH-01,1141.6,19.04,21.85,2.80,16.53,22.0,0.976,1,1,31.9,0.15,32.10,29.9,0
1779285631833,955,PERSON-01,552.7,19.17,22.29,3.12,16.64,21.5,0.990,1,1,31.0,0.56,31.92,30.0,0
1779285631867,956,UAS-01,873.1,19.03,22.04,3.00,16.66,21.5,0.977,1,1,31.5,0.60,31.84,29.9,0
1779285631900,957,UAS-02,641.7,19.11,22.11,3.00,16.21,22.1,0.990,1,1,34.0,0.30,31.73,30.0,0
1779285631933,958,GND-VEH-01,742.4,18.83,21.86,3.03,17.33,22.2,0.988,1,1,31.5,0.17,31.92,29.9,0
1779285631967,959,PERSON-01,665.1,18.83,22.32,3.49,17.93,22.2,0.975,1,1,31.0,0.28,31.91,30.1,0
1779285632000,960,UAS-01,383.4,19.00,22.02,3.01,16.95,21.3,0.990,1,1,33.2,0.10,31.39,29.9,0
1779285632033,961,UAS-02,662.1,19.09,21.93,2.84,16.43,22.1,0.987,1,1,31.5,0.05,31.69,30.0,0
1779285632067,962,GND-VEH-01,318.5,18.98,22.22,3.24,17.02,22.1,0.988,1,1,31.0,0.39,31.34,30.0,0
1779285632100,963,PERSON-01,322.3,18.86,22.20,3.34,17.77,21.4,0.990,1,1,32.6,0.34,31.93,30.0,0
1779285632133,964,UAS-01,553.4,19.15,22.21,3.06,17.66,20.1,0.990,1,1,32.3,0.02,31.65,30.0,0
1779285632167,965,UAS-02,469.1,18.96,22.04,3.09,17.58,21.2,0.990,1,1,31.0,0.29,31.90,30.0,0
1779285632200,966,GND-VEH-01,679.0,19.02,21.89,2.87,16.81,22.8,0.990,1,1,31.0,0.21,32.07,30.0,0
1779285632233,967,PERSON-01,744.7,18.86,21.82,2.95,17.06,20.8,0.990,1,1,33.0,0.03,31.64,29.9,0
1779285632267,968,UAS-01,327.1,19.05,21.99,2.95,17.35,20.2,0.963,1,1,34.0,0.01,31.39,30.0,0
1779285632300,969,UAS-02,379.6,19.13,22.53,3.40,16.98,22.3,0.969,1,1,31.0,0.01,32.11,30.0,0
1779285632333,970,GND-VEH-01,609.1,19.33,22.44,3.11,17.33,22.3,0.990,1,1,31.7,0.02,31.89,30.0,0
1779285632367,971,PERSON-01,671.8,18.99,21.87,2.88,16.33,21.4,0.984,1,1,31.0,0.31,31.77,30.0,0
1779285632400,972,UAS-01,461.7,18.94,22.43,3.49,17.56,22.1,0.990,1,1,31.6,0.06,31.39,30.0,0
1779285632433,973,UAS-02,485.1,18.95,22.00,3.06,17.53,22.6,0.990,1,1,31.0,0.01,31.82,29.9,0
1779285632467,974,GND-VEH-01,649.4,18.91,22.16,3.25,17.90,21.9,0.974,1,1,31.7,0.19,31.48,30.0,0
1779285632500,975,PERSON-01,593.5,18.92,22.10,3.18,17.26,21.3,0.990,1,1,31.0,0.09,31.67,29.8,0
1779285632533,976,UAS-01,405.0,19.12,22.24,3.12,17.78,21.5,0.974,1,1,31.0,0.14,31.37,29.9,0
1779285632567,977,UAS-02,660.9,19.09,22.03,2.94,16.57,22.4,0.990,1,1,33.7,0.21,31.48,30.1,0
1779285632600,978,GND-VEH-01,430.2,19.04,22.25,3.20,16.64,21.8,0.987,1,1,31.0,0.19,32.12,29.9,0
1779285632633,979,PERSON-01,479.5,19.05,22.04,2.99,16.88,22.0,0.990,1,1,31.0,0.25,31.52,30.0,0
1779285632667,980,UAS-01,653.2,19.15,22.08,2.93,17.74,22.5,0.988,1,1,31.0,0.11,31.76,30.1,0
1779285632700,981,UAS-02,475.0,18.98,22.44,3.47,18.06,21.4,0.990,1,1,31.2,0.32,31.62,30.1,0
1779285632733,982,GND-VEH-01,683.6,19.15,22.31,3.16,17.89,21.4,0.990,1,1,31.0,0.06,31.91,29.9,0
1779285632767,983,PERSON-01,537.1,19.35,22.52,3.17,17.65,22.1,0.990,1,1,31.0,0.33,31.65,30.0,0
1779285632800,984,UAS-01,611.7,19.03,22.07,3.05,17.48,22.2,0.990,1,1,31.0,0.08,31.58,30.0,0
1779285632833,985,UAS-02,330.8,19.00,22.36,3.36,18.10,22.0,0.990,1,1,31.0,0.06,31.83,30.1,0
1779285632867,986,GND-VEH-01,306.0,19.02,22.45,3.43,17.56,21.6,0.988,1,1,31.2,0.09,31.87,30.1,0
1779285632900,987,PERSON-01,839.0,19.04,22.00,2.96,16.59,23.0,0.982,1,1,31.6,0.30,31.95,30.0,0
1779285632933,988,UAS-01,552.2,19.15,22.18,3.03,17.33,21.1,0.979,1,1,35.9,0.25,32.29,30.0,0
1779285632967,989,UAS-02,839.5,18.69,21.98,3.29,17.08,22.4,0.986,1,1,31.0,0.03,31.69,30.0,0
1779285633000,990,GND-VEH-01,618.0,19.03,21.95,2.92,16.45,22.9,0.990,1,1,31.0,0.18,32.16,29.9,0
1779285633033,991,PERSON-01,505.2,19.10,22.32,3.22,8.17,22.9,0.513,1,0,31.0,0.38,31.63,29.9,0
1779285633067,992,UAS-01,352.6,19.04,22.37,3.33,8.58,22.9,0.163,0,0,31.0,0.00,31.74,30.1,0
1779285633100,993,UAS-02,627.2,19.04,22.41,3.37,8.41,22.6,0.214,0,0,31.6,0.00,31.76,30.0,0
1779285633133,994,GND-VEH-01,418.4,18.72,21.48,2.76,7.54,24.3,0.207,0,0,31.8,0.00,31.92,30.0,0
1779285633167,995,PERSON-01,643.5,19.21,22.33,3.12,8.44,20.2,0.509,1,0,31.0,0.39,32.00,30.0,0
1779285633200,996,UAS-01,367.4,18.90,22.05,3.15,8.37,22.0,0.536,1,0,31.0,0.10,31.85,30.1,0
1779285633233,997,UAS-02,546.8,18.87,21.95,3.08,8.11,21.0,0.513,1,0,32.2,0.38,31.49,30.0,0
1779285633267,998,GND-VEH-01,713.6,18.91,22.19,3.28,8.00,23.0,0.167,0,0,31.0,0.00,31.78,30.0,0
1779285633300,999,PERSON-01,457.4,18.81,22.12,3.32,8.77,21.6,0.564,1,0,31.2,0.24,31.84,30.1,0
1779285633333,1000,UAS-01,550.3,18.94,22.11,3.17,8.55,23.0,0.555,1,0,33.7,0.62,32.06,30.1,0
1779285633367,1001,UAS-02,408.1,19.00,22.27,3.26,7.88,22.0,0.208,0,0,31.8,0.00,31.76,30.0,0
1779285633400,1002,GND-VEH-01,581.3,19.14,22.25,3.10,8.13,23.2,0.542,1,0,32.5,0.09,32.01,30.0,0
1779285633433,1003,PERSON-01,666.7,19.08,22.11,3.03,8.13,21.8,0.508,1,0,31.0,0.36,32.38,30.1,0
1779285633467,1004,UAS-01,389.6,19.08,22.04,2.96,8.40,21.7,0.185,0,0,32.8,0.00,31.39,30.0,0
1779285633500,1005,UAS-02,642.9,19.05,22.14,3.09,7.70,21.6,0.180,0,0,32.1,0.00,32.00,30.1,0
1779285633533,1006,GND-VEH-01,383.4,18.91,22.24,3.33,8.81,21.0,0.553,1,0,31.4,0.36,31.79,29.9,0
1779285633567,1007,PERSON-01,315.9,18.88,22.04,3.16,8.10,23.8,0.205,0,0,31.0,0.00,32.06,30.2,0
1779285633600,1008,UAS-01,662.1,18.67,22.01,3.35,9.30,21.0,0.581,1,0,31.1,0.14,32.04,30.1,0
1779285633633,1009,UAS-02,537.0,19.23,22.36,3.12,7.69,22.4,0.494,1,0,31.0,0.23,31.95,30.0,0
1779285633667,1010,GND-VEH-01,347.5,18.85,22.29,3.44,8.89,21.8,0.134,0,0,31.0,0.00,31.78,30.1,0
1779285633700,1011,PERSON-01,524.1,18.98,22.06,3.08,7.39,21.6,0.448,1,0,33.8,0.20,32.08,30.0,0
1779285633733,1012,UAS-01,406.4,19.02,22.21,3.20,8.18,21.1,0.494,1,0,31.0,0.15,31.83,29.9,0
1779285633767,1013,UAS-02,502.7,19.08,22.11,3.02,8.38,21.6,0.191,0,0,31.0,0.00,32.16,29.9,0
1779285633800,1014,GND-VEH-01,371.9,18.73,21.87,3.14,8.63,22.6,0.164,0,0,31.0,0.00,31.97,29.9,0
1779285633833,1015,PERSON-01,422.1,18.95,22.11,3.15,7.98,22.9,0.189,0,0,31.7,0.00,32.19,30.0,0
1779285633867,1016,UAS-01,318.4,18.91,22.35,3.43,9.83,20.3,0.672,1,1,31.0,0.11,31.78,30.1,0
1779285633900,1017,UAS-02,623.0,18.86,22.02,3.16,7.38,21.8,0.183,0,0,31.0,0.00,32.16,30.0,0
1779285633933,1018,GND-VEH-01,419.4,18.99,21.84,2.85,7.11,21.8,0.190,0,0,31.0,0.00,31.95,30.0,0
1779285633967,1019,PERSON-01,414.7,18.96,22.00,3.04,8.17,21.3,0.235,0,0,31.0,0.00,31.80,30.0,0
1779285634000,1020,UAS-01,396.2,19.27,22.29,3.02,7.92,21.4,0.510,1,0,31.0,0.38,31.62,30.0,0
1779285634033,1021,UAS-02,311.2,18.80,22.01,3.20,7.66,23.1,0.167,0,0,34.6,0.00,32.10,30.0,0
1779285634067,1022,GND-VEH-01,706.4,19.13,22.10,2.97,8.52,20.9,0.193,0,0,31.6,0.00,32.49,29.9,0
1779285634100,1023,PERSON-01,306.6,18.69,22.03,3.34,8.53,22.3,0.198,0,0,31.2,0.00,31.83,30.0,0
1779285634133,1024,UAS-01,563.3,19.12,22.23,3.11,8.37,23.5,0.554,1,0,31.0,0.15,31.72,30.0,0
1779285634167,1025,UAS-02,443.2,18.97,21.82,2.85,7.29,21.6,0.172,0,0,32.7,0.00,31.67,30.0,0
1779285634200,1026,GND-VEH-01,639.1,18.76,21.94,3.18,7.64,20.6,0.180,0,0,33.0,0.00,32.35,30.0,0
1779285634233,1027,PERSON-01,513.7,19.14,22.17,3.03,7.43,23.3,0.172,0,0,33.2,0.00,31.93,30.0,0
1779285634267,1028,UAS-01,411.0,19.02,22.03,3.01,8.50,21.6,0.554,1,0,31.0,0.52,32.50,30.1,0
1779285634300,1029,UAS-02,411.3,18.90,22.17,3.27,7.93,21.0,0.189,0,0,31.0,0.00,32.26,29.9,0
1779285634333,1030,GND-VEH-01,693.7,18.90,21.85,2.95,7.16,22.7,0.218,0,0,33.7,0.00,32.27,30.1,0
1779285634367,1031,PERSON-01,487.9,19.41,22.64,3.23,8.45,20.8,0.198,0,0,32.4,0.00,32.30,22.9,1
1779285634400,1032,UAS-01,381.2,18.98,22.24,3.26,8.72,21.5,0.577,1,0,31.0,0.37,31.84,30.0,0
1779285634433,1033,UAS-02,304.8,19.21,22.21,3.00,8.32,20.1,0.152,0,0,31.0,0.00,31.77,29.9,0
1779285634467,1034,GND-VEH-01,490.5,18.75,21.72,2.97,7.90,21.9,0.496,1,0,32.9,0.26,31.76,30.0,0
1779285634500,1035,PERSON-01,462.6,18.94,22.33,3.39,9.33,22.8,0.586,1,0,31.0,0.27,31.80,30.0,0
1779285634533,1036,UAS-01,328.4,18.76,22.05,3.29,8.64,20.6,0.534,1,0,33.0,0.08,32.03,30.0,0
1779285634567,1037,UAS-02,360.5,19.02,22.31,3.29,8.76,23.6,0.562,1,0,31.0,0.16,31.98,30.1,0
1779285634600,1038,GND-VEH-01,479.5,19.38,22.75,3.37,8.88,22.2,0.568,1,0,31.2,0.59,32.18,30.0,0
1779285634633,1039,PERSON-01,328.6,19.00,22.15,3.15,7.57,22.5,0.435,1,0,31.0,0.13,32.16,30.1,0
1779285634667,1040,UAS-01,558.6,18.91,22.15,3.24,8.37,20.6,0.520,1,0,33.3,0.17,32.44,29.8,0
1779285634700,1041,UAS-02,702.7,18.91,21.78,2.87,7.46,23.3,0.457,1,0,31.0,0.12,32.13,30.0,0
1779285634733,1042,GND-VEH-01,468.6,18.86,22.07,3.21,8.74,21.7,0.592,1,0,31.0,0.05,32.00,30.1,0
1779285634767,1043,PERSON-01,595.8,18.96,21.72,2.76,8.13,20.6,0.522,1,0,31.0,0.37,31.57,30.0,0
1779285634800,1044,UAS-01,344.8,19.00,22.55,3.54,8.48,23.1,0.527,1,0,31.0,0.36,31.98,30.0,0
1779285634833,1045,UAS-02,452.2,19.10,21.82,2.73,8.09,22.6,0.213,0,0,31.0,0.00,32.10,30.1,0
1779285634867,1046,GND-VEH-01,393.4,19.07,22.17,3.10,8.46,21.9,0.543,1,0,31.0,0.02,32.39,29.9,0
1779285634900,1047,PERSON-01,309.5,19.15,22.53,3.39,9.26,22.2,0.624,1,1,33.7,0.32,32.35,30.0,0
1779285634933,1048,UAS-01,467.1,19.06,22.18,3.13,8.10,23.8,0.213,0,0,31.0,0.00,32.15,29.9,0
1779285634967,1049,UAS-02,551.1,19.03,22.07,3.04,8.40,21.5,0.527,1,0,31.0,0.24,31.86,30.1,0
1779285635000,1050,GND-VEH-01,326.4,18.88,22.00,3.12,7.65,23.5,0.234,0,0,31.0,0.00,32.31,30.0,0
1779285635033,1051,PERSON-01,415.9,19.01,22.03,3.03,8.24,23.3,0.174,0,0,31.0,0.00,32.42,30.0,0
1779285635067,1052,UAS-01,625.6,19.00,22.22,3.22,8.73,20.7,0.236,0,0,31.0,0.00,32.33,29.9,0
1779285635100,1053,UAS-02,536.4,19.06,22.14,3.07,7.79,22.5,0.484,1,0,31.0,0.39,32.14,30.1,0
1779285635133,1054,GND-VEH-01,514.5,18.66,21.75,3.08,7.77,23.0,0.134,0,0,31.0,0.00,32.12,29.9,0
1779285635167,1055,PERSON-01,988.8,19.11,22.14,3.03,8.09,22.1,0.510,1,0,31.0,0.06,32.31,29.9,0
1779285635200,1056,UAS-01,875.5,19.08,21.91,2.83,7.97,22.2,0.500,1,0,31.0,0.36,32.08,30.0,0
1779285635233,1057,UAS-02,395.4,19.14,22.32,3.18,8.04,20.7,0.183,0,0,31.0,0.00,32.22,30.0,0
1779285635267,1058,GND-VEH-01,509.9,19.07,22.49,3.42,8.45,21.3,0.532,1,0,31.0,0.34,32.25,30.0,0
1779285635300,1059,PERSON-01,408.0,18.87,22.22,3.35,8.48,22.2,0.201,0,0,35.9,0.00,32.57,29.9,0
1779285635333,1060,UAS-01,625.9,19.08,22.22,3.15,8.51,22.9,0.178,0,0,31.8,0.00,32.57,30.1,0
1779285635367,1061,UAS-02,335.3,19.03,22.60,3.57,8.58,21.4,0.539,1,0,31.0,0.28,32.35,30.0,0
1779285635400,1062,GND-VEH-01,444.1,18.97,22.11,3.13,7.92,23.3,0.501,1,0,31.0,0.17,32.11,29.8,0
1779285635433,1063,PERSON-01,314.7,18.96,22.36,3.40,7.81,22.3,0.502,1,0,31.0,0.24,32.10,30.0,0
1779285635467,1064,UAS-01,423.1,19.00,21.98,2.98,8.06,20.9,0.500,1,0,31.0,0.00,31.89,30.1,0
1779285635500,1065,UAS-02,412.5,19.10,22.24,3.14,8.52,21.6,0.533,1,0,31.0,0.06,32.24,29.9,0
1779285635533,1066,GND-VEH-01,545.6,18.69,21.71,3.02,7.50,21.5,0.473,1,0,31.0,0.46,32.00,29.9,0
1779285635567,1067,PERSON-01,551.5,18.89,21.98,3.09,8.52,21.8,0.199,0,0,31.0,0.00,32.04,30.1,0
1779285635600,1068,UAS-01,464.0,18.99,22.09,3.10,8.57,20.9,0.230,0,0,32.8,0.00,32.12,30.0,0
1779285635633,1069,UAS-02,759.2,19.03,22.06,3.03,8.07,22.2,0.203,0,0,31.0,0.00,32.37,30.0,0
1779285635667,1070,GND-VEH-01,418.3,19.24,22.40,3.16,8.24,23.5,0.167,0,0,32.6,0.00,32.32,30.0,0
1779285635700,1071,PERSON-01,579.4,19.38,22.46,3.08,8.88,21.7,0.181,0,0,31.7,0.00,32.31,30.0,0
1779285635733,1072,UAS-01,340.5,18.96,21.83,2.87,7.66,21.7,0.480,1,0,31.4,0.45,32.45,30.1,0
1779285635767,1073,UAS-02,383.5,18.99,21.97,2.98,7.62,21.1,0.221,0,0,31.2,0.00,31.89,30.1,0
1779285635800,1074,GND-VEH-01,394.0,18.91,21.85,2.94,7.93,21.8,0.178,0,0,31.0,0.00,32.23,29.9,0
1779285635833,1075,PERSON-01,424.5,18.98,22.37,3.39,8.13,21.9,0.516,1,0,31.9,0.41,32.55,29.9,0
1779285635867,1076,UAS-01,360.7,19.06,22.17,3.11,8.41,22.6,0.511,1,0,31.3,0.10,32.41,30.1,0
1779285635900,1077,UAS-02,431.8,19.10,22.18,3.08,7.43,23.4,0.128,0,0,31.2,0.00,32.40,29.9,0
1779285635933,1078,GND-VEH-01,566.5,19.11,21.95,2.84,7.64,21.9,0.229,0,0,31.4,0.00,32.47,29.9,0
1779285635967,1079,PERSON-01,628.5,19.19,22.58,3.40,9.25,22.0,0.155,0,0,33.1,0.00,32.34,30.0,0
1779285636000,1080,UAS-01,539.2,18.82,21.91,3.09,8.81,20.9,0.581,1,0,31.0,0.12,32.33,30.0,0
1779285636033,1081,UAS-02,392.4,19.03,22.09,3.07,8.12,21.8,0.529,1,0,31.0,0.31,32.30,30.0,0
1779285636067,1082,GND-VEH-01,413.0,18.94,22.11,3.17,8.88,20.7,0.157,0,0,31.5,0.00,32.12,30.0,0
1779285636100,1083,PERSON-01,618.1,19.12,22.31,3.19,7.62,22.3,0.190,0,0,31.0,0.00,32.37,30.1,0
1779285636133,1084,UAS-01,387.3,19.30,22.29,3.00,7.35,22.4,0.440,1,0,31.0,0.04,32.51,29.9,0
1779285636167,1085,UAS-02,437.5,19.05,22.23,3.18,8.76,22.9,0.131,0,0,31.0,0.00,32.40,30.0,0
1779285636200,1086,GND-VEH-01,369.1,19.04,22.15,3.11,8.38,22.5,0.514,1,0,31.0,0.05,32.16,30.0,0
1779285636233,1087,PERSON-01,386.7,18.74,22.21,3.47,8.41,21.3,0.219,0,0,33.5,0.00,32.30,29.9,0
1779285636267,1088,UAS-01,395.4,19.04,22.44,3.40,8.96,20.1,0.577,1,0,31.0,0.33,32.10,30.0,0
1779285636300,1089,UAS-02,376.9,19.11,22.35,3.24,8.54,20.6,0.211,0,0,32.7,0.00,32.41,29.9,0
1779285636333,1090,GND-VEH-01,355.7,19.06,22.29,3.22,8.18,21.7,0.175,0,0,32.0,0.00,32.33,30.1,0
1779285636367,1091,PERSON-01,409.1,18.95,22.17,3.23,8.18,20.9,0.165,0,0,31.0,0.00,31.90,30.0,0
1779285636400,1092,UAS-01,741.0,19.12,22.19,3.07,8.19,22.1,0.524,1,0,31.0,0.12,31.80,30.0,0
1779285636433,1093,UAS-02,369.3,19.19,22.68,3.49,8.18,22.5,0.526,1,0,32.3,0.14,32.75,30.0,0
1779285636467,1094,GND-VEH-01,434.7,18.87,21.87,3.00,7.76,23.2,0.177,0,0,31.0,0.00,32.40,29.9,0
1779285636500,1095,PERSON-01,626.3,18.79,21.93,3.14,7.48,21.7,0.187,0,0,31.9,0.00,32.51,30.1,0
1779285636533,1096,UAS-01,431.9,18.73,21.74,3.01,7.85,21.4,0.195,0,0,32.7,0.00,32.56,30.0,0
1779285636567,1097,UAS-02,379.7,19.10,22.13,3.03,7.52,22.9,0.197,0,0,31.0,0.00,32.36,30.1,0
1779285636600,1098,GND-VEH-01,753.2,19.17,22.30,3.12,8.81,21.3,0.227,0,0,32.8,0.00,32.20,30.0,0
1779285636633,1099,PERSON-01,502.0,18.98,22.46,3.48,8.51,22.2,0.547,1,0,31.0,0.27,32.09,30.1,0
1779285636667,1100,UAS-01,386.6,18.83,21.83,3.01,8.47,21.4,0.192,0,0,31.3,0.00,32.14,30.0,0
1779285636700,1101,UAS-02,428.5,18.90,22.05,3.15,7.66,22.7,0.477,1,0,31.0,0.54,31.92,30.1,0
1779285636733,1102,GND-VEH-01,581.4,18.96,22.08,3.12,8.71,21.6,0.537,1,0,33.3,0.27,32.31,30.1,0
1779285636767,1103,PERSON-01,364.7,18.87,21.92,3.05,7.89,22.1,0.196,0,0,31.0,0.00,32.49,29.9,0
1779285636800,1104,UAS-01,407.9,19.30,22.57,3.27,8.34,22.1,0.221,0,0,32.3,0.00,32.13,29.9,0
1779285636833,1105,UAS-02,542.6,19.27,22.19,2.92,8.53,20.7,0.540,1,0,31.0,0.10,32.11,29.9,0
1779285636867,1106,GND-VEH-01,403.4,18.98,22.09,3.11,8.39,21.5,0.184,0,0,31.0,0.00,32.21,30.1,0
1779285636900,1107,PERSON-01,525.5,18.90,22.46,3.56,8.89,21.3,0.573,1,0,31.0,0.43,32.22,30.1,0
1779285636933,1108,UAS-01,774.1,19.19,22.50,3.30,8.63,22.5,0.247,0,0,31.0,0.00,32.09,30.2,0
1779285636967,1109,UAS-02,411.2,18.92,22.36,3.44,9.14,22.2,0.202,0,0,31.0,0.00,32.51,30.0,0
1779285637000,1110,GND-VEH-01,857.8,19.24,22.22,2.98,8.12,22.0,0.162,0,0,32.3,0.00,32.48,29.9,0
1779285637033,1111,PERSON-01,465.9,19.21,22.28,3.06,8.51,21.3,0.557,1,0,31.0,0.05,32.01,29.9,0
1779285637067,1112,UAS-01,461.3,18.94,21.61,2.67,7.84,22.7,0.512,1,0,31.0,0.09,32.51,30.0,0
1779285637100,1113,UAS-02,400.0,19.10,22.25,3.15,8.60,21.7,0.173,0,0,33.2,0.00,32.65,30.0,0
1779285637133,1114,GND-VEH-01,467.7,19.20,22.60,3.40,8.44,21.3,0.195,0,0,31.0,0.00,32.39,30.0,0
1779285637167,1115,PERSON-01,553.7,18.76,21.80,3.04,7.60,21.4,0.207,0,0,31.0,0.00,32.02,29.9,0
1779285637200,1116,UAS-01,363.1,19.05,22.17,3.12,17.21,22.9,0.990,1,1,31.6,0.18,32.30,29.8,0
1779285637233,1117,UAS-02,1147.5,18.90,21.69,2.79,16.66,22.6,0.982,1,1,31.3,0.22,32.40,30.1,0
1779285637267,1118,GND-VEH-01,428.7,18.86,22.28,3.42,17.39,21.4,0.990,1,1,31.0,0.51,32.42,30.0,0
1779285637300,1119,PERSON-01,344.7,18.98,22.08,3.10,17.52,22.2,0.990,1,1,31.0,0.27,32.28,30.1,0
1779285637333,1120,UAS-01,712.4,19.18,22.18,3.00,16.91,22.6,0.990,1,1,31.0,0.07,32.28,30.0,0
1779285637367,1121,UAS-02,517.3,19.06,22.19,3.13,16.73,23.8,0.990,1,1,31.0,0.02,32.40,29.9,0
1779285637400,1122,GND-VEH-01,718.8,18.92,21.95,3.03,16.84,22.4,0.990,1,1,31.0,0.43,32.23,30.0,0
1779285637433,1123,PERSON-01,452.0,18.81,22.20,3.39,17.41,21.4,0.990,1,1,31.0,0.15,32.52,29.9,0
1779285637467,1124,UAS-01,331.6,18.90,22.27,3.37,17.28,21.6,0.975,1,1,31.0,0.27,32.28,30.1,0
1779285637500,1125,UAS-02,685.3,18.74,21.88,3.13,16.41,22.2,0.990,1,1,31.8,0.27,31.88,29.9,0
1779285637533,1126,GND-VEH-01,716.1,19.21,22.18,2.97,17.02,22.2,0.990,1,1,31.0,0.11,31.96,30.1,0
1779285637567,1127,PERSON-01,318.6,19.15,21.90,2.76,16.34,20.9,0.990,1,1,32.2,0.04,32.04,29.8,0
1779285637600,1128,UAS-01,824.1,18.93,22.00,3.07,16.88,21.7,0.990,1,1,31.0,0.05,32.60,30.1,0
1779285637633,1129,UAS-02,661.8,19.15,21.91,2.76,16.72,22.5,0.983,1,1,31.0,0.01,32.65,30.0,0
1779285637667,1130,GND-VEH-01,560.2,18.71,22.02,3.30,17.12,21.8,0.990,1,1,31.0,0.28,32.90,29.9,0
1779285637700,1131,PERSON-01,470.4,18.99,22.14,3.15,16.72,22.4,0.990,1,1,32.6,0.23,31.97,29.9,0
1779285637733,1132,UAS-01,320.3,19.07,22.39,3.32,16.74,21.8,0.982,1,1,31.0,0.11,32.33,30.2,0
1779285637767,1133,UAS-02,694.3,19.14,22.09,2.95,16.52,22.5,0.990,1,1,31.1,0.10,32.44,30.0,0
1779285637800,1134,GND-VEH-01,726.2,18.90,22.00,3.10,16.38,22.5,0.990,1,1,31.5,0.25,32.49,30.0,0
1779285637833,1135,PERSON-01,449.7,18.96,22.44,3.48,17.46,21.0,0.988,1,1,31.0,0.36,32.37,30.2,0
1779285637867,1136,UAS-01,590.0,18.76,21.89,3.13,17.18,19.9,0.990,1,1,32.5,0.21,32.53,29.9,0
1779285637900,1137,UAS-02,453.4,19.01,22.02,3.01,17.02,22.5,0.990,1,1,31.0,0.50,32.84,30.1,0
1779285637933,1138,GND-VEH-01,356.3,18.94,22.11,3.17,16.91,23.6,0.990,1,1,31.0,0.35,32.67,29.9,0
1779285637967,1139,PERSON-01,839.5,19.10,22.20,3.11,16.59,22.4,0.988,1,1,31.0,0.09,32.33,30.1,0
1779285638000,1140,UAS-01,578.6,18.77,21.95,3.18,17.46,21.9,0.990,1,1,32.1,0.09,32.55,30.0,0
1779285638033,1141,UAS-02,313.0,19.09,22.60,3.51,17.55,23.0,0.989,1,1,31.0,0.16,32.16,30.1,0
1779285638067,1142,GND-VEH-01,767.4,18.92,21.67,2.75,16.61,21.7,0.983,1,1,34.1,0.18,32.13,30.1,0
1779285638100,1143,PERSON-01,390.9,18.87,22.43,3.56,18.03,22.4,0.989,1,1,31.0,0.10,32.16,30.0,0
1779285638133,1144,UAS-01,759.3,19.18,22.16,2.97,16.91,22.3,0.990,1,1,32.1,0.37,32.34,30.0,0
1779285638167,1145,UAS-02,317.0,19.17,22.50,3.33,17.27,22.1,0.990,1,1,31.0,0.29,32.22,29.9,0
1779285638200,1146,GND-VEH-01,478.7,18.79,22.04,3.25,17.51,21.1,0.990,1,1,31.0,0.16,32.59,29.9,0
1779285638233,1147,PERSON-01,467.9,19.20,22.21,3.01,17.13,21.9,0.990,1,1,31.2,0.27,32.32,30.1,0
1779285638267,1148,UAS-01,359.6,19.03,22.01,2.99,16.77,22.3,0.990,1,1,31.0,0.21,32.25,29.9,0
1779285638300,1149,UAS-02,715.3,18.98,21.96,2.98,16.58,21.8,0.990,1,1,32.5,0.44,32.73,30.1,0
1779285638333,1150,GND-VEH-01,470.4,19.28,22.22,2.95,16.67,23.0,0.979,1,1,32.4,0.22,32.45,30.1,0
1779285638367,1151,PERSON-01,477.7,18.83,22.00,3.17,17.10,22.3,0.990,1,1,31.0,0.08,32.45,29.9,0
1779285638400,1152,UAS-01,471.6,19.28,22.43,3.15,17.12,20.9,0.990,1,1,31.8,0.02,32.47,30.0,0
1779285638433,1153,UAS-02,619.4,18.85,21.85,3.00,16.75,23.0,0.990,1,1,31.0,0.35,32.41,30.0,0
1779285638467,1154,GND-VEH-01,315.5,18.76,22.23,3.47,17.73,21.7,0.990,1,1,32.6,0.23,32.47,29.9,0
1779285638500,1155,PERSON-01,461.4,18.86,21.96,3.09,17.08,22.6,0.990,1,1,31.2,0.11,32.50,30.1,0
1779285638533,1156,UAS-01,343.9,19.18,22.46,3.28,17.61,24.0,0.983,1,1,32.6,0.19,32.22,29.9,0
1779285638567,1157,UAS-02,599.6,19.21,22.72,3.51,18.29,21.5,0.981,1,1,31.9,0.21,32.51,29.9,0
1779285638600,1158,GND-VEH-01,646.9,18.89,21.91,3.02,16.84,22.2,0.990,1,1,31.6,0.28,32.50,30.1,0
1779285638633,1159,PERSON-01,518.0,18.93,21.97,3.05,17.28,21.3,0.981,1,1,31.0,0.34,31.96,30.0,0
1779285638667,1160,UAS-01,314.6,18.84,22.16,3.32,18.08,21.4,0.990,1,1,31.0,0.25,32.45,30.1,0
1779285638700,1161,UAS-02,423.6,19.05,22.01,2.97,17.44,20.5,0.982,1,1,33.4,0.12,32.70,29.8,0
1779285638733,1162,GND-VEH-01,433.3,19.17,22.39,3.22,17.21,21.8,0.990,1,1,31.0,0.11,32.18,30.0,0
1779285638767,1163,PERSON-01,692.0,19.10,22.16,3.06,16.76,21.9,0.990,1,1,31.0,0.34,32.73,30.0,0
1779285638800,1164,UAS-01,796.3,19.24,22.07,2.83,16.62,22.9,0.990,1,1,31.0,0.59,32.70,30.1,0
1779285638833,1165,UAS-02,600.3,19.00,21.87,2.86,16.39,22.8,0.990,1,1,31.3,0.09,32.08,29.9,0
1779285638867,1166,GND-VEH-01,461.9,18.90,22.30,3.40,17.94,22.4,0.981,1,1,31.0,0.06,32.61,30.0,0
1779285638900,1167,PERSON-01,413.2,18.90,22.04,3.14,17.35,24.3,0.990,1,1,34.0,0.02,32.46,30.0,0
1779285638933,1168,UAS-01,407.6,18.78,21.80,3.02,17.22,23.5,0.974,1,1,31.5,0.42,32.62,30.0,0
1779285638967,1169,UAS-02,502.3,18.98,22.05,3.07,17.43,21.6,0.990,1,1,31.0,0.11,32.20,30.1,0
1779285639000,1170,GND-VEH-01,722.6,18.84,21.75,2.90,17.29,20.9,0.990,1,1,31.0,0.26,32.85,30.1,0
1779285639033,1171,PERSON-01,767.8,18.95,21.99,3.04,17.25,21.7,0.990,1,1,33.2,0.21,32.67,30.0,0
1779285639067,1172,UAS-01,498.8,18.96,22.07,3.11,16.85,21.8,0.990,1,1,31.0,0.18,32.30,29.9,0
1779285639100,1173,UAS-02,354.6,19.04,22.01,2.97,17.05,23.4,0.990,1,1,31.7,0.07,32.58,30.0,0
1779285639133,1174,GND-VEH-01,530.7,18.90,22.07,3.17,16.65,23.0,0.990,1,1,31.0,0.28,32.61,30.0,0
1779285639167,1175,PERSON-01,392.9,19.09,22.20,3.11,17.02,22.8,0.990,1,1,34.1,0.07,32.93,30.0,0
1779285639200,1176,UAS-01,430.1,19.11,22.24,3.13,16.77,22.7,0.990,1,1,34.0,0.12,32.74,29.8,0
1779285639233,1177,UAS-02,412.8,19.17,22.54,3.37,17.80,23.7,0.979,1,1,31.0,0.18,32.57,30.2,0
1779285639267,1178,GND-VEH-01,304.2,18.87,22.02,3.15,17.39,20.9,0.990,1,1,31.0,0.09,32.93,30.0,0
1779285639300,1179,PERSON-01,505.9,19.12,22.28,3.16,16.76,22.3,0.990,1,1,31.0,0.26,32.75,30.0,0
1779285639333,1180,UAS-01,692.9,18.78,21.97,3.18,17.32,22.2,0.976,1,1,32.6,0.20,32.35,30.1,0
1779285639367,1181,UAS-02,850.2,19.20,22.23,3.03,16.81,20.6,0.990,1,1,32.9,0.19,32.63,30.1,0
1779285639400,1182,GND-VEH-01,400.5,18.76,22.00,3.24,17.56,20.9,0.981,1,1,32.5,0.62,32.63,29.9,0
1779285639433,1183,PERSON-01,431.8,18.90,22.11,3.21,17.28,22.4,0.975,1,1,31.3,0.42,32.59,30.0,0
1779285639467,1184,UAS-01,496.4,18.98,22.25,3.27,16.84,21.6,0.990,1,1,31.1,0.61,32.16,30.0,0
1779285639500,1185,UAS-02,311.8,19.16,22.46,3.30,18.12,22.1,0.990,1,1,31.0,0.06,32.47,30.0,0
1779285639533,1186,GND-VEH-01,390.8,18.76,21.88,3.12,17.47,21.0,0.990,1,1,31.0,0.08,32.66,30.1,0
1779285639567,1187,PERSON-01,670.2,18.88,21.92,3.05,16.68,21.9,0.990,1,1,32.7,0.21,32.47,29.9,0
1779285639600,1188,UAS-01,430.5,18.90,22.27,3.37,18.04,22.8,0.990,1,1,31.0,0.11,32.45,30.0,0
1779285639633,1189,UAS-02,452.2,19.06,22.42,3.36,17.19,21.3,0.990,1,1,31.8,0.28,32.36,30.0,0
1779285639667,1190,GND-VEH-01,868.7,18.82,21.99,3.17,16.93,21.9,0.990,1,1,31.0,0.41,32.80,29.9,0
1779285639700,1191,PERSON-01,417.3,18.98,22.20,3.22,17.35,22.7,0.990,1,1,31.1,0.02,32.35,29.9,0
1779285639733,1192,UAS-01,1011.3,18.77,21.37,2.60,16.65,22.5,0.990,1,1,32.6,0.29,32.53,30.0,0
1779285639767,1193,UAS-02,392.3,19.04,22.42,3.38,17.37,21.7,0.990,1,1,32.6,0.25,33.19,30.0,0
1779285639800,1194,GND-VEH-01,390.5,18.68,21.97,3.28,16.92,22.5,0.990,1,1,31.2,0.14,32.45,30.0,0
1779285639833,1195,PERSON-01,451.2,19.02,22.45,3.43,17.66,21.8,0.990,1,1,32.7,0.16,32.31,30.0,0
1779285639867,1196,UAS-01,706.8,18.99,22.15,3.16,17.34,23.3,0.990,1,1,31.0,0.30,33.13,30.1,0
1779285639900,1197,UAS-02,798.1,18.92,21.60,2.68,16.52,20.9,0.986,1,1,32.3,0.14,32.90,30.1,0
1779285639933,1198,GND-VEH-01,374.7,18.98,22.35,3.37,17.44,21.8,0.976,1,1,31.0,0.22,32.83,30.2,0
1779285639967,1199,PERSON-01,444.7,18.90,22.36,3.46,17.59,22.4,0.990,1,1,31.0,0.05,33.01,30.1,0
1779285640000,1200,UAS-01,684.3,19.00,22.09,3.09,16.93,22.8,0.990,1,1,31.0,0.00,32.88,30.0,0
1779285640033,1201,UAS-02,389.1,19.01,22.09,3.09,17.44,21.9,0.990,1,1,31.0,0.18,32.78,30.0,0
1779285640067,1202,GND-VEH-01,554.7,19.10,22.20,3.10,16.84,22.3,0.988,1,1,31.0,0.25,32.87,30.0,0
1779285640100,1203,PERSON-01,431.5,19.16,22.32,3.16,18.11,21.1,0.990,1,1,31.5,0.13,32.49,29.9,0
1779285640133,1204,UAS-01,364.1,19.14,22.30,3.16,18.00,21.0,0.981,1,1,31.0,0.04,32.67,30.1,0
1779285640167,1205,UAS-02,514.0,19.29,22.45,3.16,18.21,21.5,0.990,1,1,31.0,0.06,32.62,30.1,0
1779285640200,1206,GND-VEH-01,532.6,18.80,21.89,3.09,16.98,21.4,0.964,1,1,31.0,0.40,32.51,30.1,0
1779285640233,1207,PERSON-01,673.0,19.34,22.68,3.34,17.50,22.2,0.986,1,1,31.3,0.07,32.59,29.9,0
1779285640267,1208,UAS-01,370.3,18.85,22.11,3.26,17.08,22.3,0.986,1,1,31.0,0.41,32.58,30.0,0
1779285640300,1209,UAS-02,812.1,19.22,22.23,3.01,16.92,22.9,0.990,1,1,32.4,0.43,32.59,30.0,0
1779285640333,1210,GND-VEH-01,354.6,18.85,22.07,3.23,17.13,23.0,0.990,1,1,31.0,0.10,32.20,29.9,0
1779285640367,1211,PERSON-01,628.9,18.94,21.68,2.74,16.89,21.6,0.990,1,1,31.4,0.31,32.77,30.0,0
1779285640400,1212,UAS-01,510.1,18.89,21.85,2.97,16.45,21.3,0.990,1,1,31.0,0.20,32.76,29.8,0
1779285640433,1213,UAS-02,799.4,19.01,22.08,3.07,16.29,21.6,0.990,1,1,35.1,0.06,32.66,30.1,0
1779285640467,1214,GND-VEH-01,575.5,18.91,21.78,2.87,17.22,23.5,0.990,1,1,31.0,0.23,33.24,29.8,0
1779285640500,1215,PERSON-01,390.1,18.81,21.85,3.04,16.76,21.0,0.990,1,1,33.4,0.38,33.03,30.1,0
1779285640533,1216,UAS-01,446.1,18.88,22.03,3.15,17.28,22.9,0.990,1,1,31.0,0.00,32.48,29.9,0
1779285640567,1217,UAS-02,607.1,19.05,22.09,3.04,16.72,22.5,0.976,1,1,31.0,0.28,32.76,29.9,0
1779285640600,1218,GND-VEH-01,419.9,18.83,21.99,3.16,17.38,21.6,0.990,1,1,31.2,0.17,32.53,30.0,0
1779285640633,1219,PERSON-01,569.2,19.03,22.07,3.04,17.00,21.2,0.963,1,1,31.0,0.10,33.03,29.9,0
1779285640667,1220,UAS-01,372.9,18.95,22.12,3.17,16.90,22.9,0.990,1,1,32.0,0.01,33.03,30.1,0
1779285640700,1221,UAS-02,575.5,19.25,21.92,2.66,16.86,23.4,0.988,1,1,31.0,0.14,33.07,30.1,0
1779285640733,1222,GND-VEH-01,432.4,18.85,22.02,3.17,16.85,24.4,0.990,1,1,31.0,0.07,32.78,29.9,0
1779285640767,1223,PERSON-01,407.4,18.93,22.15,3.23,17.89,20.0,0.990,1,1,31.3,0.18,32.82,30.0,0
1779285640800,1224,UAS-01,342.2,18.86,22.05,3.18,17.26,21.6,0.987,1,1,31.0,0.04,32.70,30.1,0
1779285640833,1225,UAS-02,553.1,18.62,21.95,3.33,17.17,22.4,0.986,1,1,31.0,0.35,32.81,30.0,0
1779285640867,1226,GND-VEH-01,396.4,19.04,22.37,3.33,17.74,22.1,0.976,1,1,31.0,0.29,32.76,30.0,0
1779285640900,1227,PERSON-01,313.0,18.94,22.40,3.46,17.68,21.1,0.990,1,1,31.0,0.45,33.02,30.1,0
1779285640933,1228,UAS-01,390.8,18.84,22.12,3.29,17.94,21.9,0.990,1,1,32.0,0.70,32.77,30.0,0
1779285640967,1229,UAS-02,603.8,18.70,22.00,3.29,17.35,20.1,0.990,1,1,31.6,0.34,32.50,29.9,0
1779285641000,1230,GND-VEH-01,455.5,18.88,21.95,3.07,17.47,22.0,0.990,1,1,32.7,0.08,32.63,30.1,0
1779285641033,1231,PERSON-01,387.0,19.32,22.63,3.31,16.74,21.6,0.990,1,1,33.0,0.28,32.58,30.0,0
1779285641067,1232,UAS-01,398.8,19.36,22.33,2.98,16.73,21.8,0.990,1,1,31.0,0.15,32.71,29.9,0
1779285641100,1233,UAS-02,778.4,18.92,21.67,2.75,17.25,21.3,0.974,1,1,31.0,0.01,32.78,30.1,0
1779285641133,1234,GND-VEH-01,679.9,18.88,21.98,3.09,17.42,22.7,0.990,1,1,33.3,0.02,32.98,29.9,0
1779285641167,1235,PERSON-01,566.3,18.79,21.73,2.95,15.97,23.5,0.990,1,1,32.9,0.27,33.25,30.0,0
1779285641200,1236,UAS-01,313.0,18.68,21.90,3.22,17.12,21.9,0.981,1,1,31.2,0.02,32.92,30.1,0
1779285641233,1237,UAS-02,437.5,19.02,22.29,3.27,17.71,20.3,0.985,1,1,33.9,0.15,32.77,30.0,0
1779285641267,1238,GND-VEH-01,351.4,19.00,22.37,3.37,17.15,21.7,0.990,1,1,31.5,0.24,32.76,30.0,0
1779285641300,1239,PERSON-01,557.3,18.68,21.80,3.12,17.11,20.9,0.990,1,1,31.0,0.09,32.79,29.9,0
1779285641333,1240,UAS-01,306.7,19.02,22.16,3.14,17.31,21.1,0.990,1,1,34.2,0.17,32.96,29.9,0
1779285641367,1241,UAS-02,475.6,18.96,22.28,3.32,17.68,22.8,0.990,1,1,35.0,0.17,32.93,29.9,0
1779285641400,1242,GND-VEH-01,415.1,18.97,22.11,3.14,17.21,22.0,0.990,1,1,31.0,0.11,32.85,30.1,0
1779285641433,1243,PERSON-01,337.1,18.95,22.17,3.22,16.96,21.2,0.990,1,1,31.0,0.38,33.21,30.1,0
1779285641467,1244,UAS-01,387.8,18.92,21.95,3.04,17.26,21.1,0.990,1,1,31.0,0.04,32.72,30.0,0
1779285641500,1245,UAS-02,397.0,18.67,21.67,3.00,16.77,21.3,0.990,1,1,32.2,0.15,33.21,30.0,0
1779285641533,1246,GND-VEH-01,710.0,18.91,21.98,3.07,17.11,20.9,0.990,1,1,31.0,0.13,32.94,30.1,0
1779285641567,1247,PERSON-01,663.8,19.00,22.08,3.08,16.83,20.9,0.990,1,1,31.0,0.09,32.75,30.1,0
1779285641600,1248,UAS-01,824.5,19.14,22.25,3.11,17.39,20.9,0.970,1,1,31.0,0.08,32.92,30.1,0
1779285641633,1249,UAS-02,749.4,18.82,21.75,2.93,16.75,23.5,0.990,1,1,33.0,0.39,32.88,30.0,0
1779285641667,1250,GND-VEH-01,741.2,19.15,22.02,2.87,17.33,21.3,0.975,1,1,31.0,0.17,33.08,30.0,0
1779285641700,1251,PERSON-01,368.2,18.79,21.93,3.14,17.82,20.2,0.990,1,1,32.9,0.23,33.22,29.9,0
1779285641733,1252,UAS-01,390.3,18.82,22.19,3.37,18.06,21.2,0.978,1,1,31.0,0.10,32.39,30.1,0
1779285641767,1253,UAS-02,608.1,18.71,21.84,3.13,17.25,21.4,0.990,1,1,34.6,0.16,33.04,30.0,0
1779285641800,1254,GND-VEH-01,585.6,19.13,22.23,3.09,17.54,22.0,0.990,1,1,31.0,0.03,32.60,30.1,0
1779285641833,1255,PERSON-01,438.4,18.85,21.92,3.07,17.42,20.8,0.990,1,1,31.0,0.32,32.95,29.8,0
1779285641867,1256,UAS-01,423.9,18.95,22.12,3.17,16.75,23.0,0.990,1,1,31.0,0.45,32.96,30.0,0
1779285641900,1257,UAS-02,731.0,18.75,21.46,2.71,16.40,23.6,0.985,1,1,31.0,0.39,32.96,30.1,0
1779285641933,1258,GND-VEH-01,554.0,18.95,22.05,3.10,17.39,21.7,0.990,1,1,32.6,0.53,32.77,30.0,0
1779285641967,1259,PERSON-01,626.3,19.09,22.20,3.11,16.86,22.0,0.975,1,1,31.4,0.10,32.83,29.9,0
1779285642000,1260,UAS-01,783.3,19.19,22.21,3.02,16.14,22.7,0.990,1,1,31.0,0.22,32.92,29.8,0
1779285642033,1261,UAS-02,398.8,19.10,22.44,3.35,17.44,24.2,0.990,1,1,35.0,0.02,32.60,29.9,0
1779285642067,1262,GND-VEH-01,425.0,18.78,21.94,3.16,17.69,22.5,0.990,1,1,31.9,0.13,32.93,29.9,0
1779285642100,1263,PERSON-01,524.8,19.21,22.34,3.13,17.02,22.3,0.990,1,1,31.4,0.19,32.92,30.1,0
1779285642133,1264,UAS-01,305.1,19.21,22.67,3.46,18.21,21.7,0.987,1,1,31.0,0.10,32.83,30.1,0
1779285642167,1265,UAS-02,481.1,18.95,22.03,3.07,16.66,23.5,0.990,1,1,32.2,0.12,33.20,30.0,0
1779285642200,1266,GND-VEH-01,420.2,19.10,22.03,2.93,16.84,22.5,0.990,1,1,31.0,0.09,32.77,30.0,0
1779285642233,1267,PERSON-01,375.5,19.19,22.39,3.20,18.15,20.7,0.989,1,1,34.2,0.03,33.11,30.1,0
1779285642267,1268,UAS-01,526.5,18.91,22.43,3.52,17.35,22.9,0.990,1,1,32.5,0.06,32.70,29.9,0
1779285642300,1269,UAS-02,498.0,19.01,22.28,3.27,17.23,23.2,0.990,1,1,32.4,0.14,32.93,30.1,0
1779285642333,1270,GND-VEH-01,333.9,19.00,22.06,3.07,17.15,21.2,0.987,1,1,31.6,0.16,32.92,30.0,0
1779285642367,1271,PERSON-01,407.2,18.84,21.98,3.15,17.28,24.0,0.990,1,1,31.0,0.30,32.57,29.9,0
1779285642400,1272,UAS-01,757.7,19.02,22.01,2.99,16.97,22.2,0.990,1,1,33.0,0.21,33.02,30.0,0
1779285642433,1273,UAS-02,848.0,18.93,21.99,3.06,16.85,21.3,0.990,1,1,31.0,0.17,33.48,30.0,0
1779285642467,1274,GND-VEH-01,364.4,19.02,22.09,3.07,17.33,21.2,0.980,1,1,33.4,0.03,33.04,29.9,0
1779285642500,1275,PERSON-01,392.2,18.81,21.87,3.06,16.80,22.1,0.990,1,1,31.0,0.04,32.97,30.0,0
1779285642533,1276,UAS-01,413.7,19.28,22.58,3.30,17.87,22.0,0.984,1,1,32.4,0.39,32.98,29.9,0
1779285642567,1277,UAS-02,454.9,19.05,22.36,3.31,17.71,20.4,0.990,1,1,33.7,0.00,33.29,30.0,0
1779285642600,1278,GND-VEH-01,450.6,18.88,22.10,3.22,17.07,22.3,0.988,1,1,31.0,0.39,33.24,30.0,0
1779285642633,1279,PERSON-01,345.7,19.01,22.27,3.26,17.01,21.1,0.981,1,1,32.7,0.26,33.33,30.0,0
1779285642667,1280,UAS-01,372.6,18.76,22.28,3.51,17.82,22.5,0.987,1,1,34.2,0.12,33.53,30.0,0
1779285642700,1281,UAS-02,521.4,19.06,22.12,3.06,17.59,22.2,0.966,1,1,31.0,0.20,32.66,29.8,0
1779285642733,1282,GND-VEH-01,474.9,19.09,22.17,3.09,17.15,22.4,0.990,1,1,31.7,0.05,33.08,30.0,0
1779285642767,1283,PERSON-01,423.4,18.90,22.14,3.24,16.85,21.5,0.990,1,1,31.0,0.24,33.07,29.9,0
1779285642800,1284,UAS-01,466.6,18.95,22.30,3.34,17.13,23.6,0.981,1,1,34.9,0.07,32.78,29.9,0
1779285642833,1285,UAS-02,359.6,19.08,22.27,3.19,17.90,22.5,0.990,1,1,31.0,0.22,33.21,30.1,0
1779285642867,1286,GND-VEH-01,620.1,18.91,22.18,3.27,17.67,21.8,0.988,1,1,31.0,0.09,32.81,30.0,0
1779285642900,1287,PERSON-01,589.3,19.09,22.51,3.42,17.56,21.0,0.990,1,1,31.0,0.28,33.26,30.1,0
1779285642933,1288,UAS-01,306.9,19.15,22.38,3.24,16.87,21.6,0.990,1,1,33.8,0.50,33.02,30.1,0
1779285642967,1289,UAS-02,431.8,18.98,22.06,3.08,17.70,22.0,0.966,1,1,31.2,0.02,32.97,29.9,0
1779285643000,1290,GND-VEH-01,555.7,18.87,21.79,2.92,17.21,23.0,0.988,1,1,31.0,0.04,32.95,29.9,0
1779285643033,1291,PERSON-01,683.6,19.06,21.89,2.83,16.36,22.6,0.983,1,1,32.4,0.22,32.93,30.0,0
1779285643067,1292,UAS-01,614.5,18.93,21.95,3.02,17.28,22.6,0.990,1,1,31.0,0.11,33.19,29.9,0
1779285643100,1293,UAS-02,515.4,18.97,21.95,2.98,16.56,22.9,0.990,1,1,32.2,0.14,33.22,29.8,0
1779285643133,1294,GND-VEH-01,310.5,18.88,22.24,3.36,17.19,21.9,0.987,1,1,31.0,0.02,33.26,30.0,0
1779285643167,1295,PERSON-01,762.0,19.16,22.46,3.29,17.75,21.7,0.987,1,1,31.0,0.10,33.16,29.9,0
1779285643200,1296,UAS-01,436.3,19.00,22.45,3.45,18.09,22.9,0.990,1,1,31.0,0.24,33.33,29.9,0
1779285643233,1297,UAS-02,560.4,18.95,21.90,2.96,16.76,22.1,0.990,1,1,33.6,0.24,33.09,30.0,0
1779285643267,1298,GND-VEH-01,510.8,18.90,21.79,2.89,16.56,22.3,0.990,1,1,32.7,0.07,32.65,30.1,0
1779285643300,1299,PERSON-01,422.3,18.82,21.84,3.03,16.61,23.4,0.990,1,1,35.6,0.09,32.80,30.0,0
1779285643333,1300,UAS-01,834.2,19.08,22.16,3.09,17.47,22.6,0.990,1,1,31.0,0.20,33.19,30.1,0
1779285643367,1301,UAS-02,736.7,19.24,22.21,2.97,17.19,20.1,0.990,1,1,33.8,0.18,33.23,30.1,0
1779285643400,1302,GND-VEH-01,401.9,18.71,21.96,3.25,17.81,23.3,0.990,1,1,33.4,0.09,32.66,30.1,0
1779285643433,1303,PERSON-01,481.9,19.10,22.19,3.10,17.56,21.6,0.990,1,1,32.0,0.24,32.60,30.1,0
1779285643467,1304,UAS-01,540.9,19.14,22.12,2.97,17.11,22.0,0.969,1,1,31.7,0.03,32.78,29.8,0
1779285643500,1305,UAS-02,839.1,19.23,21.98,2.76,16.29,22.6,0.990,1,1,31.0,0.29,32.98,30.0,0
1779285643533,1306,GND-VEH-01,560.7,19.03,22.17,3.14,16.69,21.4,0.990,1,1,34.4,0.29,33.23,30.0,0
1779285643567,1307,PERSON-01,566.2,18.83,22.08,3.25,17.34,20.8,0.990,1,1,31.0,0.03,32.90,30.0,0
1779285643600,1308,UAS-01,324.6,19.06,22.18,3.11,17.31,22.6,0.990,1,1,31.0,0.21,33.26,30.0,0
1779285643633,1309,UAS-02,420.6,18.98,22.19,3.21,17.77,21.0,0.990,1,1,33.1,0.07,33.36,30.0,0
1779285643667,1310,GND-VEH-01,316.2,18.96,22.26,3.30,17.92,20.4,0.972,1,1,33.2,0.05,33.26,29.9,0
1779285643700,1311,PERSON-01,369.1,19.15,22.06,2.91,16.58,22.1,0.990,1,1,31.0,0.77,32.92,30.1,0
1779285643733,1312,UAS-01,490.0,18.98,22.32,3.34,17.58,22.1,0.990,1,1,32.6,0.36,33.26,30.0,0
1779285643767,1313,UAS-02,361.4,19.13,22.07,2.94,16.85,21.8,0.987,1,1,31.0,0.15,33.02,30.2,0
1779285643800,1314,GND-VEH-01,459.9,19.20,22.20,3.00,17.57,22.4,0.990,1,1,31.6,0.17,32.87,29.9,0
1779285643833,1315,PERSON-01,321.8,19.06,22.20,3.14,16.89,23.7,0.990,1,1,31.0,0.31,33.05,30.0,0
1779285643867,1316,UAS-01,655.9,18.70,21.81,3.11,16.78,22.5,0.990,1,1,31.5,0.50,33.17,30.1,0
1779285643900,1317,UAS-02,522.5,18.79,22.09,3.29,17.03,20.7,0.990,1,1,31.0,0.06,33.34,30.0,0
1779285643933,1318,GND-VEH-01,337.0,18.88,22.22,3.34,18.72,21.8,0.990,1,1,31.0,0.32,33.12,30.0,0
1779285643967,1319,PERSON-01,405.1,18.97,22.24,3.27,17.52,22.4,0.986,1,1,33.7,0.27,33.47,30.0,0
1779285644000,1320,UAS-01,321.4,19.19,22.58,3.39,17.12,22.3,0.974,1,1,31.0,0.33,33.06,29.9,0
1779285644033,1321,UAS-02,443.2,18.97,22.05,3.09,17.23,22.1,0.989,1,1,31.2,0.26,32.74,30.0,0
1779285644067,1322,GND-VEH-01,549.9,19.17,22.22,3.05,16.55,23.3,0.990,1,1,31.2,0.12,33.24,30.0,0
1779285644100,1323,PERSON-01,419.6,19.08,22.33,3.26,17.20,21.8,0.990,1,1,31.0,0.32,33.29,30.0,0
1779285644133,1324,UAS-01,889.3,18.98,22.33,3.35,17.74,23.1,0.990,1,1,32.0,0.27,33.20,29.9,0
1779285644167,1325,UAS-02,418.8,18.96,22.32,3.36,17.73,21.2,0.990,1,1,31.6,0.09,33.09,30.0,0
1779285644200,1326,GND-VEH-01,658.9,19.17,22.32,3.16,16.48,23.3,0.990,1,1,31.0,0.14,33.44,30.0,0
1779285644233,1327,PERSON-01,483.5,18.99,21.75,2.77,16.37,22.6,0.990,1,1,31.0,0.08,33.43,30.2,0
1779285644267,1328,UAS-01,307.4,19.06,21.88,2.82,16.53,21.3,0.990,1,1,32.6,0.10,33.16,29.9,0
1779285644300,1329,UAS-02,511.2,19.11,22.39,3.27,16.64,22.2,0.990,1,1,31.2,0.18,33.38,30.0,0
1779285644333,1330,GND-VEH-01,766.0,18.86,21.78,2.91,17.15,21.2,0.990,1,1,32.9,0.22,33.38,29.9,0
1779285644367,1331,PERSON-01,402.3,19.04,22.28,3.24,17.95,21.3,0.990,1,1,31.3,0.22,33.22,30.1,0
1779285644400,1332,UAS-01,388.4,18.91,22.07,3.16,17.19,21.8,0.973,1,1,33.7,0.23,33.45,30.0,0
1779285644433,1333,UAS-02,405.0,19.10,22.34,3.23,17.38,23.1,0.990,1,1,31.0,0.28,33.47,29.9,0
1779285644467,1334,GND-VEH-01,439.1,18.74,21.68,2.94,16.11,22.6,0.965,1,1,31.0,0.14,33.48,29.9,0
1779285644500,1335,PERSON-01,517.4,18.86,21.85,2.99,17.07,21.7,0.967,1,1,31.1,0.19,33.11,29.9,0
1779285644533,1336,UAS-01,377.1,19.07,22.48,3.41,17.49,21.4,0.990,1,1,34.9,0.06,33.60,30.1,0
1779285644567,1337,UAS-02,438.2,19.07,22.36,3.28,17.29,21.6,0.990,1,1,31.1,0.38,33.18,30.2,0
1779285644600,1338,GND-VEH-01,563.6,19.14,22.04,2.90,16.69,23.4,0.990,1,1,31.0,0.36,32.77,29.8,0
1779285644633,1339,PERSON-01,569.0,18.84,21.97,3.13,16.70,23.2,0.990,1,1,31.0,0.02,33.40,30.1,0
1779285644667,1340,UAS-01,470.7,18.95,22.14,3.19,17.22,21.6,0.973,1,1,31.4,0.13,33.29,30.0,0
1779285644700,1341,UAS-02,538.6,19.12,22.46,3.34,17.85,22.4,0.984,1,1,31.0,0.54,33.22,29.9,0
1779285644733,1342,GND-VEH-01,449.1,19.01,22.26,3.25,17.05,21.7,0.990,1,1,31.0,0.22,32.87,30.0,0
1779285644767,1343,PERSON-01,399.5,18.87,21.93,3.06,16.94,23.1,0.990,1,1,31.0,0.27,33.49,30.0,0
1779285644800,1344,UAS-01,540.3,18.90,21.92,3.02,16.27,22.1,0.979,1,1,32.1,0.13,33.00,30.2,0
1779285644833,1345,UAS-02,486.3,19.02,22.09,3.07,17.08,22.0,0.990,1,1,31.4,0.32,33.47,30.2,0
1779285644867,1346,GND-VEH-01,477.1,18.92,22.29,3.37,17.21,22.6,0.990,1,1,31.0,0.29,33.15,30.0,0
1779285644900,1347,PERSON-01,302.4,19.23,22.85,3.62,17.43,21.5,0.981,1,1,32.0,0.17,33.06,30.0,0
1779285644933,1348,UAS-01,352.4,18.80,22.14,3.34,17.82,22.5,0.990,1,1,31.1,0.26,33.21,30.1,0
1779285644967,1349,UAS-02,794.3,19.21,22.34,3.13,17.29,22.9,0.990,1,1,33.1,0.43,33.54,30.1,0
1779285645000,1350,GND-VEH-01,312.0,19.24,22.36,3.12,16.11,23.2,0.980,1,1,32.4,0.37,33.29,29.8,0
1779285645033,1351,PERSON-01,382.2,18.87,22.32,3.45,17.76,23.5,0.977,1,1,32.0,0.07,32.94,30.0,0
1779285645067,1352,UAS-01,931.7,19.05,22.03,2.98,17.00,22.2,0.990,1,1,31.0,0.14,32.94,30.0,0
1779285645100,1353,UAS-02,536.1,19.03,22.09,3.06,17.25,21.5,0.990,1,1,31.0,0.25,33.21,29.9,0
1779285645133,1354,GND-VEH-01,345.6,19.05,22.52,3.47,17.63,22.5,0.990,1,1,33.2,0.15,33.01,30.1,0
1779285645167,1355,PERSON-01,330.2,18.83,22.24,3.41,17.49,21.2,0.990,1,1,31.0,0.20,33.40,30.1,0
1779285645200,1356,UAS-01,410.5,18.93,22.13,3.20,17.01,22.1,0.972,1,1,31.0,0.07,33.70,30.2,0
1779285645233,1357,UAS-02,714.9,19.00,22.04,3.04,16.79,22.8,0.990,1,1,31.7,0.09,33.63,30.0,0
1779285645267,1358,GND-VEH-01,560.5,19.03,21.86,2.82,16.20,22.7,0.990,1,1,31.0,0.15,33.17,30.0,0
1779285645300,1359,PERSON-01,607.3,18.90,22.16,3.26,17.21,21.7,0.987,1,1,31.0,0.17,32.81,30.0,0
1779285645333,1360,UAS-01,538.3,18.88,21.94,3.06,17.23,22.6,0.990,1,1,32.3,0.17,32.94,30.0,0
1779285645367,1361,UAS-02,366.7,18.96,21.89,2.93,16.42,21.1,0.990,1,1,34.2,0.03,33.51,30.0,0
1779285645400,1362,GND-VEH-01,491.8,19.06,22.05,2.99,16.71,20.9,0.990,1,1,32.1,0.08,33.11,29.9,0
1779285645433,1363,PERSON-01,397.7,18.99,22.01,3.02,17.11,20.7,0.990,1,1,31.0,0.35,33.07,29.9,0
1779285645467,1364,UAS-01,477.0,19.06,22.23,3.17,17.67,20.7,0.990,1,1,31.2,0.18,33.57,30.1,0
1779285645500,1365,UAS-02,784.0,18.94,22.00,3.06,16.78,21.8,0.990,1,1,31.0,0.09,33.28,29.9,0
1779285645533,1366,GND-VEH-01,612.7,19.24,22.41,3.16,17.06,22.7,0.990,1,1,31.0,0.28,33.22,30.1,0
1779285645567,1367,PERSON-01,448.1,18.95,21.96,3.00,17.90,20.7,0.990,1,1,32.6,0.16,33.02,30.0,0
1779285645600,1368,UAS-01,347.6,18.87,22.00,3.13,17.12,21.4,0.983,1,1,31.0,0.24,33.11,29.9,0
1779285645633,1369,UAS-02,534.1,19.12,22.43,3.31,17.30,22.7,0.990,1,1,32.4,0.08,33.37,29.8,0
1779285645667,1370,GND-VEH-01,375.0,19.08,22.46,3.38,17.52,21.9,0.979,1,1,31.0,0.06,33.33,30.0,0
1779285645700,1371,PERSON-01,399.1,18.96,22.18,3.22,17.18,22.5,0.962,1,1,31.0,0.32,33.32,30.0,0
1779285645733,1372,UAS-01,538.0,19.17,22.25,3.08,17.11,21.9,0.990,1,1,31.0,0.04,33.48,30.0,0
1779285645767,1373,UAS-02,434.4,18.94,22.20,3.26,17.53,23.9,0.990,1,1,31.0,0.41,33.31,30.0,0
1779285645800,1374,GND-VEH-01,361.1,19.12,22.18,3.06,16.82,23.7,0.967,1,1,31.0,0.39,33.49,30.1,0
1779285645833,1375,PERSON-01,317.0,19.00,22.35,3.35,18.09,21.2,0.990,1,1,32.7,0.18,33.27,30.0,0
1779285645867,1376,UAS-01,517.6,19.01,22.22,3.21,17.78,21.6,0.990,1,1,31.0,0.11,33.74,29.9,0
1779285645900,1377,UAS-02,610.6,18.83,21.83,3.00,16.71,23.7,0.990,1,1,31.0,0.28,33.37,29.9,0
1779285645933,1378,GND-VEH-01,430.2,18.88,21.72,2.84,16.50,21.5,0.987,1,1,33.1,0.00,33.79,30.1,0
1779285645967,1379,PERSON-01,566.2,19.19,22.46,3.27,18.16,20.7,0.976,1,1,31.0,0.39,32.94,30.0,0
1779285646000,1380,UAS-01,916.6,18.98,22.12,3.14,16.55,21.4,0.990,1,1,33.8,0.17,33.23,29.9,0
1779285646033,1381,UAS-02,638.7,19.04,21.99,2.95,16.54,21.1,0.990,1,1,31.0,0.31,33.42,30.0,0
1779285646067,1382,GND-VEH-01,443.3,18.95,22.04,3.09,16.79,21.3,0.990,1,1,31.1,0.51,33.44,30.0,0
1779285646100,1383,PERSON-01,371.3,18.91,22.35,3.44,16.93,22.8,0.990,1,1,31.4,0.22,33.02,29.8,0
1779285646133,1384,UAS-01,967.4,19.23,22.10,2.86,16.79,21.7,0.990,1,1,31.0,0.07,33.73,30.0,0
1779285646167,1385,UAS-02,655.9,19.07,22.23,3.16,17.00,23.5,0.990,1,1,31.2,0.03,33.62,29.9,0
1779285646200,1386,GND-VEH-01,323.1,18.70,21.88,3.18,17.11,22.8,0.990,1,1,31.0,0.09,33.48,29.8,0
1779285646233,1387,PERSON-01,325.6,18.80,22.24,3.43,17.73,21.7,0.990,1,1,32.6,0.60,33.65,30.1,0
1779285646267,1388,UAS-01,302.6,19.19,22.18,2.99,17.12,21.5,0.990,1,1,35.2,0.31,33.83,30.0,0
1779285646300,1389,UAS-02,672.2,19.00,22.01,3.01,16.59,21.3,0.986,1,1,31.0,0.05,33.14,29.9,0
1779285646333,1390,GND-VEH-01,379.2,19.03,21.90,2.87,17.12,21.1,0.990,1,1,33.6,0.04,33.31,29.9,0
1779285646367,1391,PERSON-01,546.2,19.25,22.54,3.29,17.32,22.3,0.989,1,1,31.0,0.09,33.43,29.9,0
1779285646400,1392,UAS-01,457.0,19.01,21.94,2.93,17.22,22.7,0.989,1,1,32.9,0.08,33.34,30.0,0
1779285646433,1393,UAS-02,693.7,19.08,22.15,3.07,17.43,21.9,0.975,1,1,31.0,0.23,33.53,29.9,0
1779285646467,1394,GND-VEH-01,374.0,19.12,22.27,3.14,17.46,21.2,0.982,1,1,31.0,0.02,32.98,30.0,0
1779285646500,1395,PERSON-01,628.5,18.78,21.59,2.81,16.65,22.7,0.990,1,1,32.7,0.18,33.15,29.8,0
1779285646533,1396,UAS-01,418.7,18.95,22.53,3.58,17.39,22.8,0.990,1,1,31.0,0.17,33.28,29.9,0
1779285646567,1397,UAS-02,670.8,19.19,22.11,2.92,17.52,22.5,0.990,1,1,31.0,0.05,33.13,30.0,0
1779285646600,1398,GND-VEH-01,398.7,18.88,21.88,3.00,16.62,23.3,0.990,1,1,31.7,0.34,33.48,29.9,0
1779285646633,1399,PERSON-01,660.6,19.10,22.29,3.19,17.94,19.9,0.990,1,1,31.0,0.01,33.49,30.0,0
1779285646667,1400,UAS-01,887.3,19.14,22.45,3.31,17.33,22.4,0.990,1,1,31.0,0.23,33.68,30.1,0
1779285646700,1401,UAS-02,302.1,18.71,22.08,3.37,17.83,23.1,0.990,1,1,31.6,0.62,33.32,29.8,0
1779285646733,1402,GND-VEH-01,586.9,18.88,22.04,3.16,17.16,21.4,0.990,1,1,31.0,0.09,33.55,29.9,0
1779285646767,1403,PERSON-01,507.5,18.99,22.23,3.24,16.91,22.5,0.964,1,1,31.2,0.38,33.44,30.1,0
1779285646800,1404,UAS-01,409.8,18.79,22.22,3.44,17.32,21.6,0.989,1,1,31.0,0.36,33.36,30.1,0
1779285646833,1405,UAS-02,459.8,19.06,22.11,3.05,17.06,24.0,0.990,1,1,31.6,0.39,33.62,29.8,0
1779285646867,1406,GND-VEH-01,486.7,18.78,21.93,3.15,17.43,21.6,0.990,1,1,31.0,0.17,33.49,29.9,0
1779285646900,1407,PERSON-01,343.2,19.39,22.63,3.24,16.81,22.8,0.990,1,1,31.0,0.03,33.62,30.1,0
1779285646933,1408,UAS-01,312.1,19.16,22.26,3.10,16.68,23.7,0.984,1,1,31.0,0.28,33.42,30.0,0
1779285646967,1409,UAS-02,350.9,18.81,22.05,3.24,17.26,22.8,0.985,1,1,31.0,0.23,33.41,30.0,0
1779285647000,1410,GND-VEH-01,365.7,19.20,22.57,3.36,17.32,22.7,0.990,1,1,31.0,0.11,33.44,30.0,0
1779285647033,1411,PERSON-01,310.2,19.13,22.40,3.26,17.43,21.8,0.990,1,1,32.3,0.14,33.79,29.8,0
1779285647067,1412,UAS-01,411.8,18.98,22.02,3.04,17.04,22.1,0.988,1,1,31.0,0.06,33.47,29.9,0
1779285647100,1413,UAS-02,310.7,18.83,22.04,3.20,16.87,22.7,0.990,1,1,32.4,0.17,33.65,30.0,0
1779285647133,1414,GND-VEH-01,476.3,18.81,22.00,3.19,17.19,21.5,0.990,1,1,31.0,0.23,33.69,30.0,0
1779285647167,1415,PERSON-01,667.2,19.07,22.01,2.95,16.49,23.5,0.985,1,1,32.1,0.38,33.31,30.1,0
1779285647200,1416,UAS-01,616.5,18.91,21.92,3.01,17.55,22.9,0.990,1,1,31.3,0.10,33.82,30.0,0
1779285647233,1417,UAS-02,554.5,18.90,21.83,2.93,17.20,22.0,0.990,1,1,31.0,0.56,33.84,30.0,0
1779285647267,1418,GND-VEH-01,389.0,19.21,22.59,3.38,17.18,23.0,0.990,1,1,31.0,0.40,33.81,29.9,0
1779285647300,1419,PERSON-01,478.0,19.20,22.27,3.07,16.93,21.2,0.990,1,1,31.0,0.42,33.68,30.0,0
1779285647333,1420,UAS-01,499.5,18.90,22.16,3.26,17.72,22.5,0.990,1,1,31.0,0.23,33.53,29.9,0
1779285647367,1421,UAS-02,918.2,18.93,22.00,3.07,17.11,21.8,0.990,1,1,31.0,0.18,33.35,30.0,0
1779285647400,1422,GND-VEH-01,411.3,19.10,22.39,3.29,16.73,22.1,0.990,1,1,31.0,0.29,33.58,29.9,0
1779285647433,1423,PERSON-01,685.3,19.25,22.14,2.90,16.37,22.9,0.990,1,1,33.1,0.29,33.52,29.8,0
1779285647467,1424,UAS-01,802.0,18.84,22.02,3.17,17.95,21.3,0.990,1,1,33.3,0.04,33.84,30.2,0
1779285647500,1425,UAS-02,318.1,18.70,22.08,3.38,16.62,23.4,0.985,1,1,33.0,0.29,33.38,30.0,0
1779285647533,1426,GND-VEH-01,397.5,19.22,22.35,3.12,17.83,19.9,0.990,1,1,31.0,0.12,33.52,30.0,0
1779285647567,1427,PERSON-01,774.3,18.97,22.01,3.03,17.35,21.8,0.990,1,1,31.0,0.42,33.75,30.0,0
1779285647600,1428,UAS-01,550.7,18.98,22.24,3.25,17.50,23.4,0.981,1,1,31.0,0.30,34.01,30.1,0
1779285647633,1429,UAS-02,354.0,18.96,22.16,3.20,16.63,23.4,0.983,1,1,32.0,0.15,33.90,30.0,0
1779285647667,1430,GND-VEH-01,533.1,19.26,22.37,3.12,17.10,21.8,0.990,1,1,31.0,0.18,33.89,30.1,0
1779285647700,1431,PERSON-01,692.6,19.00,21.96,2.96,16.89,21.0,0.990,1,1,31.0,0.34,33.73,29.9,0
1779285647733,1432,UAS-01,459.6,18.86,21.85,3.00,16.70,21.8,0.990,1,1,32.0,0.24,33.75,29.9,0
1779285647767,1433,UAS-02,445.8,18.94,21.96,3.02,16.54,22.0,0.990,1,1,31.0,0.23,33.71,29.9,0
1779285647800,1434,GND-VEH-01,429.4,19.03,22.12,3.09,17.17,22.9,0.971,1,1,33.0,0.08,33.17,30.1,0
1779285647833,1435,PERSON-01,505.0,19.08,22.22,3.13,16.56,23.4,0.989,1,1,31.0,0.44,33.85,30.0,0
1779285647867,1436,UAS-01,835.6,18.94,21.70,2.77,16.14,22.7,0.990,1,1,32.2,0.49,33.63,30.0,0
1779285647900,1437,UAS-02,636.5,18.90,21.89,3.00,17.39,20.8,0.990,1,1,31.0,0.18,33.84,30.1,0
1779285647933,1438,GND-VEH-01,656.7,18.73,22.20,3.47,17.40,20.9,0.978,1,1,31.5,0.25,33.61,29.9,0
1779285647967,1439,PERSON-01,393.3,18.91,21.97,3.06,17.00,22.7,0.975,1,1,31.0,0.14,33.76,30.0,0
1779285648000,1440,UAS-01,550.9,19.04,22.15,3.11,16.62,22.4,0.982,1,1,31.0,0.24,33.44,29.9,0
1779285648033,1441,UAS-02,621.8,19.29,22.31,3.02,17.02,22.8,0.990,1,1,31.0,0.05,33.66,30.0,0
1779285648067,1442,GND-VEH-01,321.4,19.02,22.38,3.36,17.50,22.6,0.990,1,1,31.0,0.41,33.74,29.9,0
1779285648100,1443,PERSON-01,701.4,18.94,21.94,3.00,16.50,22.5,0.990,1,1,34.1,0.02,34.15,30.0,0
1779285648133,1444,UAS-01,328.0,18.92,22.25,3.33,17.44,22.1,0.979,1,1,31.0,0.18,33.55,30.0,0
1779285648167,1445,UAS-02,305.7,18.93,22.36,3.44,17.91,22.0,0.990,1,1,31.0,0.43,34.01,30.0,0
1779285648200,1446,GND-VEH-01,641.1,19.15,22.50,3.35,17.45,21.3,0.990,1,1,31.0,0.06,33.67,30.0,0
1779285648233,1447,PERSON-01,341.8,18.98,22.31,3.33,17.66,22.6,0.990,1,1,31.0,0.17,33.78,30.1,0
1779285648267,1448,UAS-01,325.2,18.85,22.17,3.32,17.48,21.3,0.967,1,1,33.1,0.20,33.37,30.0,0
1779285648300,1449,UAS-02,562.8,18.99,22.05,3.07,17.15,21.8,0.990,1,1,31.0,0.01,33.68,30.0,0
1779285648333,1450,GND-VEH-01,564.3,18.83,22.01,3.18,16.81,22.5,0.990,1,1,31.0,0.16,33.73,30.0,0
1779285648367,1451,PERSON-01,386.5,18.80,22.20,3.39,17.69,21.1,0.990,1,1,32.2,0.20,33.64,30.1,0
1779285648400,1452,UAS-01,384.6,18.95,22.06,3.11,16.34,21.7,0.990,1,1,31.0,0.04,33.77,30.0,0
1779285648433,1453,UAS-02,429.6,18.68,22.00,3.33,17.79,21.5,0.990,1,1,31.0,0.10,33.53,30.1,0
1779285648467,1454,GND-VEH-01,635.8,18.65,21.79,3.14,16.91,23.2,0.990,1,1,33.5,0.27,34.01,29.9,0
1779285648500,1455,PERSON-01,550.5,19.04,22.25,3.22,17.20,22.3,0.990,1,1,31.0,0.27,33.43,30.0,0
1779285648533,1456,UAS-01,358.0,19.04,22.48,3.44,17.78,22.3,0.990,1,1,31.2,0.46,33.34,30.0,0
1779285648567,1457,UAS-02,663.8,19.21,22.50,3.29,17.33,22.1,0.990,1,1,32.6,0.35,33.65,30.1,0
1779285648600,1458,GND-VEH-01,358.2,18.95,21.99,3.04,16.92,23.2,0.990,1,1,33.9,0.47,33.71,30.0,0
1779285648633,1459,PERSON-01,305.4,19.29,22.65,3.36,17.77,22.9,0.990,1,1,31.0,0.19,33.34,29.9,0
1779285648667,1460,UAS-01,318.2,19.10,22.34,3.24,16.63,21.7,0.990,1,1,31.8,0.01,33.59,29.9,0
1779285648700,1461,UAS-02,817.0,19.09,22.13,3.04,16.38,23.1,0.990,1,1,31.0,0.28,33.84,30.1,0
1779285648733,1462,GND-VEH-01,396.6,19.02,22.22,3.20,17.84,21.8,0.970,1,1,31.0,0.36,33.86,29.9,0
1779285648767,1463,PERSON-01,620.4,18.87,21.80,2.94,17.41,22.0,0.984,1,1,31.0,0.29,33.93,30.0,0
1779285648800,1464,UAS-01,521.3,18.69,21.84,3.15,17.68,20.7,0.990,1,1,31.0,0.10,33.79,30.1,0
1779285648833,1465,UAS-02,337.5,19.03,22.24,3.20,16.62,23.2,0.979,1,1,31.0,0.19,33.70,29.9,0
1779285648867,1466,GND-VEH-01,358.9,18.81,22.45,3.64,18.56,22.3,0.981,1,1,31.0,0.16,34.03,29.9,0
1779285648900,1467,PERSON-01,506.5,19.03,22.46,3.43,18.12,23.2,0.982,1,1,31.8,0.17,33.88,30.1,0
1779285648933,1468,UAS-01,336.7,19.14,22.44,3.30,18.08,21.8,0.990,1,1,31.0,0.07,33.62,30.0,0
1779285648967,1469,UAS-02,485.4,19.00,22.16,3.17,17.17,23.0,0.990,1,1,32.1,0.01,33.57,30.0,0
1779285649000,1470,GND-VEH-01,481.9,18.93,22.04,3.11,16.87,23.2,0.990,1,1,31.0,0.11,33.89,29.9,0
1779285649033,1471,PERSON-01,313.5,18.93,22.26,3.33,17.59,22.2,0.990,1,1,31.0,0.09,33.82,29.8,0
1779285649067,1472,UAS-01,431.1,19.06,22.46,3.40,17.36,21.2,0.990,1,1,33.9,0.52,33.92,30.1,0
1779285649100,1473,UAS-02,306.0,19.17,22.40,3.22,17.50,21.1,0.984,1,1,31.0,0.06,33.88,29.9,0
1779285649133,1474,GND-VEH-01,338.1,19.16,22.23,3.07,17.35,21.9,0.971,1,1,31.0,0.62,33.73,30.0,0
1779285649167,1475,PERSON-01,559.9,18.94,22.31,3.37,17.97,22.7,0.969,1,1,31.0,0.07,33.94,30.1,0
1779285649200,1476,UAS-01,455.3,19.03,22.14,3.11,16.61,21.7,0.987,1,1,31.0,0.62,33.65,30.2,0
1779285649233,1477,UAS-02,383.5,19.13,22.29,3.16,17.50,20.2,0.990,1,1,31.0,0.26,33.82,30.0,0
1779285649267,1478,GND-VEH-01,504.8,19.28,22.47,3.19,16.94,22.6,0.990,1,1,31.0,0.25,33.73,29.9,0
1779285649300,1479,PERSON-01,344.5,19.29,22.58,3.30,17.26,21.6,0.990,1,1,35.1,0.13,34.03,30.0,0
1779285649333,1480,UAS-01,302.9,19.09,22.50,3.42,18.20,21.0,0.990,1,1,31.0,0.19,33.60,29.9,0
1779285649367,1481,UAS-02,558.6,19.13,22.46,3.33,17.80,21.6,0.984,1,1,31.0,0.53,33.59,30.0,0
1779285649400,1482,GND-VEH-01,554.2,18.98,22.17,3.20,17.13,20.6,0.980,1,1,31.0,0.12,33.91,30.1,0
1779285649433,1483,PERSON-01,675.3,18.88,21.66,2.78,16.05,23.2,0.990,1,1,31.0,0.50,33.50,30.0,0
1779285649467,1484,UAS-01,512.4,18.94,22.28,3.34,17.07,21.7,0.990,1,1,31.0,0.20,33.77,30.0,0
1779285649500,1485,UAS-02,495.7,19.21,22.36,3.15,17.55,21.6,0.990,1,1,31.1,0.04,33.78,30.0,0
1779285649533,1486,GND-VEH-01,375.1,18.78,22.03,3.24,17.12,22.7,0.990,1,1,34.0,0.50,33.80,29.9,0
1779285649567,1487,PERSON-01,336.8,19.02,22.32,3.29,18.15,20.9,0.990,1,1,31.0,0.34,33.73,29.8,0
1779285649600,1488,UAS-01,331.0,19.14,22.16,3.03,17.67,20.6,0.990,1,1,31.0,0.19,33.72,29.9,0
1779285649633,1489,UAS-02,409.9,18.85,21.83,2.98,17.05,22.1,0.990,1,1,31.0,0.37,33.94,30.0,0
1779285649667,1490,GND-VEH-01,647.0,18.96,21.92,2.97,16.95,21.9,0.990,1,1,31.0,0.22,34.12,30.2,0
1779285649700,1491,PERSON-01,691.2,19.29,22.02,2.72,16.42,22.9,0.990,1,1,31.0,0.21,33.77,30.0,0
1779285649733,1492,UAS-01,475.2,19.14,22.58,3.44,16.62,22.4,0.990,1,1,32.2,0.21,33.57,30.0,0
1779285649767,1493,UAS-02,693.9,18.99,22.12,3.14,17.79,22.5,0.990,1,1,31.0,0.25,34.15,30.0,0
1779285649800,1494,GND-VEH-01,329.1,19.06,22.11,3.05,17.02,23.5,0.990,1,1,31.0,0.23,33.78,30.0,0
1779285649833,1495,PERSON-01,541.8,18.94,22.23,3.29,17.18,21.3,0.990,1,1,31.0,0.24,33.91,30.1,0
1779285649867,1496,UAS-01,335.4,18.88,22.04,3.16,16.85,22.8,0.987,1,1,31.0,0.11,33.56,30.0,0
1779285649900,1497,UAS-02,445.2,18.98,21.67,2.69,16.48,21.1,0.990,1,1,33.2,0.27,34.20,29.9,0
1779285649933,1498,GND-VEH-01,667.3,19.04,22.29,3.25,18.20,21.9,0.975,1,1,31.0,0.01,34.07,29.9,0
1779285649967,1499,PERSON-01,506.1,19.01,22.48,3.47,17.77,21.7,0.978,1,1,31.0,0.11,34.37,29.9,0
1779285650000,1500,UAS-01,560.9,18.98,22.27,3.29,16.87,21.3,0.990,1,1,31.0,0.10,34.10,30.0,0
1779285650033,1501,UAS-02,702.8,19.09,22.32,3.23,17.81,22.8,0.990,1,1,31.0,0.13,33.71,30.1,0
1779285650067,1502,GND-VEH-01,367.9,19.05,22.31,3.25,17.10,23.2,0.989,1,1,32.2,0.24,33.77,30.0,0
1779285650100,1503,PERSON-01,311.8,18.98,22.20,3.22,17.63,21.7,0.990,1,1,33.0,0.08,33.80,30.1,0
1779285650133,1504,UAS-01,827.6,18.88,21.63,2.75,16.65,21.9,0.990,1,1,32.4,0.16,34.16,30.0,0
1779285650167,1505,UAS-02,378.4,19.07,21.98,2.91,16.88,20.7,0.990,1,1,32.0,0.27,34.18,29.9,0
1779285650200,1506,GND-VEH-01,870.4,18.97,21.66,2.70,16.63,21.5,0.990,1,1,31.0,0.07,33.86,30.0,0
1779285650233,1507,PERSON-01,492.8,19.01,22.19,3.17,17.36,21.6,0.990,1,1,31.6,0.02,33.95,29.8,0
1779285650267,1508,UAS-01,402.0,18.98,22.47,3.49,17.48,21.5,0.975,1,1,31.0,0.54,33.90,30.0,0
1779285650300,1509,UAS-02,584.1,18.89,21.90,3.01,16.95,21.2,0.990,1,1,31.0,0.40,34.32,29.9,0
1779285650333,1510,GND-VEH-01,355.1,18.96,22.19,3.23,16.84,20.8,0.990,1,1,31.0,0.09,33.59,30.2,0
1779285650367,1511,PERSON-01,588.8,19.04,21.99,2.95,16.53,22.4,0.990,1,1,31.0,0.19,34.09,30.1,0
1779285650400,1512,UAS-01,322.4,19.05,22.18,3.13,17.23,21.1,0.986,1,1,31.0,0.15,33.93,30.1,0
1779285650433,1513,UAS-02,552.6,19.02,22.28,3.27,17.28,21.8,0.990,1,1,31.0,0.27,33.93,30.0,0
1779285650467,1514,GND-VEH-01,445.3,19.06,22.32,3.26,17.29,22.1,0.990,1,1,31.0,0.26,33.56,30.0,0
1779285650500,1515,PERSON-01,379.3,19.17,22.62,3.45,18.32,22.2,0.990,1,1,31.0,0.09,33.57,30.0,0
1779285650533,1516,UAS-01,376.9,18.85,21.80,2.95,16.80,23.6,0.990,1,1,31.0,0.13,34.02,30.0,0
1779285650567,1517,UAS-02,338.5,19.08,22.28,3.20,17.07,22.4,0.990,1,1,31.0,0.34,34.03,29.9,0
1779285650600,1518,GND-VEH-01,322.8,18.82,21.86,3.03,16.84,22.7,0.985,1,1,31.0,0.11,34.17,30.1,0
1779285650633,1519,PERSON-01,505.4,19.16,22.30,3.14,17.52,22.5,0.990,1,1,31.3,0.10,33.90,30.0,0
1779285650667,1520,UAS-01,479.6,18.81,21.92,3.11,17.38,20.6,0.990,1,1,31.3,0.18,33.84,29.9,0
1779285650700,1521,UAS-02,741.9,19.17,22.28,3.11,16.40,23.1,0.990,1,1,31.0,0.09,34.14,29.9,0
1779285650733,1522,GND-VEH-01,634.3,19.11,22.10,2.99,16.85,22.1,0.990,1,1,32.1,0.02,33.73,30.0,0
1779285650767,1523,PERSON-01,375.8,18.80,21.95,3.15,17.74,20.7,0.975,1,1,33.8,0.17,33.64,30.0,0
1779285650800,1524,UAS-01,556.1,19.33,22.11,2.78,15.93,21.3,0.990,1,1,34.3,0.45,33.83,30.0,0
1779285650833,1525,UAS-02,412.2,18.94,22.33,3.39,18.07,21.7,0.986,1,1,31.0,0.13,33.77,30.0,0
1779285650867,1526,GND-VEH-01,321.1,18.91,22.43,3.52,17.79,21.7,0.990,1,1,31.0,0.17,33.57,29.9,0
1779285650900,1527,PERSON-01,362.8,19.11,22.74,3.63,17.71,22.5,0.990,1,1,31.0,0.14,34.08,30.1,0
1779285650933,1528,UAS-01,616.1,18.98,22.12,3.14,17.81,21.8,0.990,1,1,31.0,0.10,33.68,30.0,0
1779285650967,1529,UAS-02,504.0,19.21,22.39,3.18,17.72,21.5,0.990,1,1,31.0,0.17,34.05,30.0,0
1779285651000,1530,GND-VEH-01,824.9,19.07,21.94,2.88,16.93,20.7,0.990,1,1,31.4,0.20,33.54,30.0,0
1779285651033,1531,PERSON-01,572.6,19.15,22.10,2.95,16.83,22.6,0.990,1,1,31.2,0.20,33.84,30.0,0
1779285651067,1532,UAS-01,351.4,18.95,22.23,3.28,17.60,22.9,0.985,1,1,31.0,0.02,33.91,29.9,0
1779285651100,1533,UAS-02,497.0,19.07,22.41,3.35,17.81,23.0,0.990,1,1,31.0,0.12,33.93,29.8,0
1779285651133,1534,GND-VEH-01,891.0,19.18,22.36,3.19,17.16,23.4,0.990,1,1,33.8,0.26,33.55,30.0,0
1779285651167,1535,PERSON-01,673.8,19.32,22.20,2.87,16.25,23.5,0.990,1,1,31.8,0.03,33.72,30.0,0
1779285651200,1536,UAS-01,540.8,18.92,22.09,3.17,17.52,20.9,0.990,1,1,31.9,0.41,34.25,30.0,0
1779285651233,1537,UAS-02,730.1,18.95,22.00,3.05,16.55,21.4,0.990,1,1,31.0,0.05,33.82,29.8,0
1779285651267,1538,GND-VEH-01,548.5,19.28,22.51,3.22,17.86,22.7,0.990,1,1,32.9,0.45,34.33,30.1,0
1779285651300,1539,PERSON-01,562.7,19.09,22.03,2.93,16.50,23.5,0.990,1,1,32.5,0.27,33.64,29.8,0
1779285651333,1540,UAS-01,345.8,19.14,22.77,3.63,17.59,21.8,0.990,1,1,34.5,0.06,33.87,30.2,0
1779285651367,1541,UAS-02,513.4,19.18,22.29,3.11,17.59,22.2,0.990,1,1,32.1,0.04,33.77,30.0,0
1779285651400,1542,GND-VEH-01,437.5,19.12,22.59,3.47,17.57,22.0,0.990,1,1,32.0,0.13,34.08,30.0,0
1779285651433,1543,PERSON-01,528.6,19.03,22.35,3.32,17.65,23.7,0.964,1,1,33.1,0.18,33.99,29.9,0
1779285651467,1544,UAS-01,509.9,18.77,21.65,2.88,16.86,22.5,0.990,1,1,33.3,0.06,33.47,30.0,0
1779285651500,1545,UAS-02,428.0,18.90,21.75,2.85,16.78,23.6,0.990,1,1,31.0,0.19,34.03,30.0,0
1779285651533,1546,GND-VEH-01,424.2,19.11,22.07,2.96,17.25,22.9,0.990,1,1,33.6,0.30,33.87,29.9,0
1779285651567,1547,PERSON-01,340.0,18.85,22.37,3.51,17.63,21.7,0.985,1,1,31.0,0.15,33.85,30.0,0
1779285651600,1548,UAS-01,441.5,19.14,22.14,2.99,17.11,22.5,0.973,1,1,33.5,0.18,34.42,30.0,0
1779285651633,1549,UAS-02,404.0,19.19,22.28,3.09,16.95,22.0,0.990,1,1,33.2,0.42,34.09,30.0,0
1779285651667,1550,GND-VEH-01,815.9,19.07,22.07,3.01,17.75,21.3,0.990,1,1,33.2,0.34,34.40,30.1,0
1779285651700,1551,PERSON-01,306.6,19.07,22.17,3.09,16.41,22.5,0.981,1,1,31.6,0.12,33.97,30.2,0
1779285651733,1552,UAS-01,352.2,18.85,21.97,3.12,16.92,23.4,0.990,1,1,31.4,0.15,34.31,30.1,0
1779285651767,1553,UAS-02,383.3,19.03,22.39,3.37,17.25,22.2,0.990,1,1,33.5,0.27,33.92,30.1,0
1779285651800,1554,GND-VEH-01,740.6,19.06,22.08,3.02,16.92,22.3,0.990,1,1,31.7,0.23,34.17,30.1,0
1779285651833,1555,PERSON-01,734.7,18.90,22.05,3.16,17.07,21.9,0.988,1,1,31.0,0.15,34.57,30.1,0
1779285651867,1556,UAS-01,455.3,19.09,21.96,2.87,16.82,22.5,0.990,1,1,31.0,0.04,34.10,30.0,0
1779285651900,1557,UAS-02,460.3,18.86,21.94,3.09,17.25,21.7,0.201,0,0,32.4,0.00,33.82,30.2,0
1779285651933,1558,GND-VEH-01,394.1,19.04,22.28,3.25,17.58,22.0,0.963,1,1,31.9,0.28,34.42,30.2,0
1779285651967,1559,PERSON-01,518.2,19.20,22.56,3.37,17.12,22.3,0.990,1,1,31.0,0.04,33.92,30.0,0
1779285652000,1560,UAS-01,508.1,19.04,22.09,3.05,17.18,20.4,0.990,1,1,33.0,0.05,34.04,30.0,0
1779285652033,1561,UAS-02,607.9,19.18,22.21,3.03,16.73,21.9,0.990,1,1,32.2,0.70,34.29,30.1,0
1779285652067,1562,GND-VEH-01,435.0,18.85,22.18,3.33,17.80,19.7,0.990,1,1,33.6,0.24,33.78,29.9,0
1779285652100,1563,PERSON-01,524.0,19.05,22.14,3.09,17.22,23.0,0.990,1,1,31.4,0.16,34.64,29.9,0
1779285652133,1564,UAS-01,581.5,18.89,21.97,3.08,17.12,23.7,0.990,1,1,32.7,0.31,33.86,30.1,0
1779285652167,1565,UAS-02,483.0,19.07,22.15,3.09,16.70,23.1,0.990,1,1,35.0,0.37,34.32,30.0,0
1779285652200,1566,GND-VEH-01,540.9,19.01,22.19,3.18,17.12,22.1,0.986,1,1,33.7,0.09,34.33,30.1,0
1779285652233,1567,PERSON-01,567.7,18.78,21.91,3.13,17.25,22.0,0.990,1,1,31.7,0.20,33.88,30.2,0
1779285652267,1568,UAS-01,772.5,19.00,22.09,3.09,17.17,21.2,0.986,1,1,31.0,0.05,33.92,30.0,0
1779285652300,1569,UAS-02,561.3,18.99,21.94,2.95,17.19,20.9,0.990,1,1,31.5,0.22,33.99,29.9,0
1779285652333,1570,GND-VEH-01,402.8,18.81,21.94,3.13,17.01,21.1,0.990,1,1,34.6,0.01,34.21,30.0,0
1779285652367,1571,PERSON-01,381.7,19.12,22.56,3.44,17.52,22.2,0.990,1,1,33.2,0.24,34.34,29.9,0
1779285652400,1572,UAS-01,392.9,18.87,21.83,2.96,16.30,22.5,0.976,1,1,34.1,0.13,34.30,30.1,0
1779285652433,1573,UAS-02,756.2,18.96,22.32,3.36,17.43,22.7,0.979,1,1,31.0,0.07,34.01,30.1,0
1779285652467,1574,GND-VEH-01,878.9,19.16,22.14,2.98,17.33,22.1,0.990,1,1,32.1,0.18,33.82,30.0,0
1779285652500,1575,PERSON-01,323.6,18.80,21.92,3.11,17.47,21.3,0.990,1,1,31.0,0.41,33.90,30.0,0
1779285652533,1576,UAS-01,353.2,18.76,22.07,3.31,17.27,23.1,0.981,1,1,31.0,0.67,34.22,30.0,0
1779285652567,1577,UAS-02,394.4,19.01,22.34,3.33,17.93,22.5,0.988,1,1,31.1,0.36,34.39,29.9,0
1779285652600,1578,GND-VEH-01,433.4,18.57,22.06,3.48,18.27,22.3,0.987,1,1,31.0,0.03,34.22,29.9,0
1779285652633,1579,PERSON-01,670.4,19.05,22.25,3.20,17.58,23.1,0.983,1,1,31.0,0.27,34.18,30.0,0
1779285652667,1580,UAS-01,349.2,19.33,22.42,3.10,17.41,21.6,0.983,1,1,31.0,0.24,34.06,30.0,0
1779285652700,1581,UAS-02,771.4,18.94,22.00,3.06,17.16,23.1,0.990,1,1,31.0,0.01,33.92,29.9,0
1779285652733,1582,GND-VEH-01,354.2,19.01,22.17,3.16,16.63,23.3,0.990,1,1,33.4,0.29,34.39,30.0,0
1779285652767,1583,PERSON-01,573.7,19.00,22.24,3.24,16.62,23.3,0.976,1,1,32.2,0.01,34.21,30.1,0
1779285652800,1584,UAS-01,496.5,18.89,21.83,2.95,16.95,23.0,0.990,1,1,31.0,0.19,34.07,30.0,0
1779285652833,1585,UAS-02,384.4,18.77,22.23,3.46,17.45,22.0,0.990,1,1,32.5,0.08,33.94,30.1,0
1779285652867,1586,GND-VEH-01,530.5,19.10,22.16,3.06,17.53,21.1,0.990,1,1,31.0,0.06,33.86,30.1,0
1779285652900,1587,PERSON-01,910.7,18.86,22.03,3.17,17.64,21.2,0.978,1,1,31.0,0.24,34.15,30.1,0
1779285652933,1588,UAS-01,304.0,19.14,22.27,3.13,16.65,22.1,0.990,1,1,31.0,0.25,34.39,30.0,0
1779285652967,1589,UAS-02,355.7,19.00,22.27,3.26,17.41,22.5,0.977,1,1,31.8,0.17,34.20,30.0,0
1779285653000,1590,GND-VEH-01,712.0,19.12,22.28,3.16,16.91,23.2,0.990,1,1,31.0,0.39,34.39,30.2,0
1779285653033,1591,PERSON-01,491.5,18.69,22.37,3.68,18.31,21.7,0.985,1,1,32.2,0.13,34.52,30.0,0
1779285653067,1592,UAS-01,712.2,19.13,22.49,3.35,17.78,21.8,0.990,1,1,31.0,0.21,34.08,30.0,0
1779285653100,1593,UAS-02,576.2,18.72,21.66,2.94,16.65,21.8,0.990,1,1,32.3,0.05,34.46,29.9,0
1779285653133,1594,GND-VEH-01,515.9,19.02,22.08,3.07,17.42,19.6,0.990,1,1,31.0,0.55,34.05,30.0,0
1779285653167,1595,PERSON-01,588.8,18.87,21.79,2.91,17.31,22.0,0.990,1,1,33.3,0.23,34.53,30.0,0
1779285653200,1596,UAS-01,310.4,19.15,22.35,3.20,17.74,21.1,0.990,1,1,34.7,0.17,34.24,29.8,0
1779285653233,1597,UAS-02,493.9,18.74,21.81,3.06,16.92,22.8,0.990,1,1,31.8,0.11,34.35,30.0,0
1779285653267,1598,GND-VEH-01,394.8,19.11,22.46,3.35,17.71,23.3,0.990,1,1,31.5,0.21,34.33,30.1,0
1779285653300,1599,PERSON-01,455.5,19.04,22.52,3.48,17.98,20.6,0.990,1,1,31.0,0.13,34.31,30.0,0
1779285653333,1600,UAS-01,961.0,18.99,21.68,2.68,17.04,23.3,0.990,1,1,31.0,0.35,34.15,30.0,0
1779285653367,1601,UAS-02,648.6,19.08,22.04,2.96,16.07,21.8,0.981,1,1,31.0,0.45,34.22,30.0,0
1779285653400,1602,GND-VEH-01,336.9,18.95,22.02,3.07,16.88,21.0,0.990,1,1,31.0,0.14,33.72,29.9,0
1779285653433,1603,PERSON-01,705.1,18.96,21.90,2.94,16.52,22.6,0.989,1,1,31.0,0.09,34.53,30.0,0
1779285653467,1604,UAS-01,746.7,19.06,22.17,3.11,17.94,21.7,0.975,1,1,31.0,0.07,34.15,30.0,0
1779285653500,1605,UAS-02,585.1,19.09,22.18,3.09,16.22,23.2,0.990,1,1,31.0,0.34,33.73,30.0,0
1779285653533,1606,GND-VEH-01,483.0,18.97,22.02,3.04,16.99,21.5,0.990,1,1,35.1,0.12,34.16,29.8,0
1779285653567,1607,PERSON-01,495.2,18.93,22.05,3.12,17.37,23.1,0.990,1,1,32.0,0.04,34.24,30.1,0
1779285653600,1608,UAS-01,442.8,18.78,22.06,3.28,17.19,22.2,0.990,1,1,31.0,0.47,34.07,30.1,0
1779285653633,1609,UAS-02,401.7,19.20,22.11,2.91,16.68,23.5,0.990,1,1,31.0,0.02,34.43,29.9,0
1779285653667,1610,GND-VEH-01,403.1,18.85,22.23,3.38,17.84,21.1,0.990,1,1,32.1,0.19,34.30,29.9,0
1779285653700,1611,PERSON-01,504.7,19.04,22.18,3.15,17.32,22.5,0.990,1,1,31.0,0.02,34.56,30.0,0
1779285653733,1612,UAS-01,375.2,18.97,22.30,3.34,17.19,21.5,0.990,1,1,31.0,0.02,34.30,30.0,0
1779285653767,1613,UAS-02,623.1,18.69,21.60,2.91,16.42,20.9,0.990,1,1,31.0,0.14,34.03,30.1,0
1779285653800,1614,GND-VEH-01,471.9,19.12,22.07,2.95,17.01,21.8,0.990,1,1,31.0,0.05,34.06,30.0,0
1779285653833,1615,PERSON-01,396.2,19.08,22.31,3.23,16.71,23.4,0.990,1,1,31.4,0.39,33.99,30.2,0
1779285653867,1616,UAS-01,763.2,19.11,22.07,2.96,16.42,23.1,0.990,1,1,31.2,0.33,34.05,30.0,0
1779285653900,1617,UAS-02,418.3,18.98,22.23,3.25,17.38,22.8,0.990,1,1,31.9,0.07,34.26,29.9,0
1779285653933,1618,GND-VEH-01,452.7,18.96,22.29,3.33,17.02,22.3,0.990,1,1,31.0,0.42,34.43,30.0,0
1779285653967,1619,PERSON-01,589.9,19.09,21.96,2.88,17.27,22.2,0.990,1,1,32.8,0.15,34.64,30.0,0
1779285654000,1620,UAS-01,542.9,18.96,22.14,3.17,17.68,21.0,0.990,1,1,31.0,0.04,34.12,30.0,0
1779285654033,1621,UAS-02,384.9,19.07,22.22,3.15,16.77,22.1,0.976,1,1,31.0,0.19,34.18,30.1,0
1779285654067,1622,GND-VEH-01,705.3,18.97,22.11,3.15,16.84,23.3,0.990,1,1,32.9,0.36,34.38,30.0,0
1779285654100,1623,PERSON-01,361.6,19.11,22.29,3.18,16.62,22.6,0.985,1,1,31.0,0.28,34.59,30.1,0
1779285654133,1624,UAS-01,658.0,19.23,22.20,2.97,16.45,22.8,0.990,1,1,32.2,0.56,34.83,30.0,0
1779285654167,1625,UAS-02,621.8,19.26,22.43,3.17,17.15,22.4,0.984,1,1,31.0,0.08,33.88,30.1,0
1779285654200,1626,GND-VEH-01,557.8,19.02,22.08,3.06,17.06,22.0,0.990,1,1,31.0,0.29,34.08,30.1,0
1779285654233,1627,PERSON-01,605.8,18.70,21.98,3.28,17.60,22.5,0.990,1,1,31.0,0.28,34.48,30.2,0
1779285654267,1628,UAS-01,373.7,19.01,22.09,3.08,17.01,21.4,0.990,1,1,31.3,0.45,34.50,30.0,0
1779285654300,1629,UAS-02,441.3,18.98,21.99,3.01,16.99,22.9,0.990,1,1,31.0,0.21,34.73,30.0,0
1779285654333,1630,GND-VEH-01,439.9,18.85,21.90,3.05,17.07,20.4,0.985,1,1,31.0,0.23,34.22,30.1,0
1779285654367,1631,PERSON-01,732.8,19.19,22.21,3.03,17.04,21.7,0.990,1,1,32.3,0.18,34.13,30.0,0
1779285654400,1632,UAS-01,638.6,18.93,22.07,3.14,16.77,22.3,0.990,1,1,32.9,0.10,34.32,29.9,0
1779285654433,1633,UAS-02,500.9,18.83,21.84,3.00,16.14,23.4,0.981,1,1,33.2,0.11,34.25,29.9,0
1779285654467,1634,GND-VEH-01,300.2,18.93,22.32,3.40,17.77,22.8,0.977,1,1,34.0,0.00,34.19,30.0,0
1779285654500,1635,PERSON-01,766.1,19.16,22.31,3.15,17.64,22.5,0.990,1,1,31.0,0.12,34.26,29.9,0
1779285654533,1636,UAS-01,530.1,19.04,22.53,3.49,17.65,22.8,0.985,1,1,32.1,0.01,34.07,30.0,0
1779285654567,1637,UAS-02,428.5,18.79,21.70,2.92,16.77,22.1,0.988,1,1,31.0,0.12,34.32,30.1,0
1779285654600,1638,GND-VEH-01,527.5,19.10,22.13,3.03,17.01,22.5,0.990,1,1,31.0,0.15,34.28,20.1,1
1779285654633,1639,PERSON-01,434.7,18.95,22.02,3.07,16.55,24.3,0.990,1,1,31.0,0.27,34.50,30.1,0
1779285654667,1640,UAS-01,461.9,19.23,22.27,3.04,16.93,21.3,0.990,1,1,32.6,0.17,34.44,30.0,0
1779285654700,1641,UAS-02,361.0,18.97,21.97,3.00,16.78,23.0,0.990,1,1,31.7,0.31,34.21,30.0,0
1779285654733,1642,GND-VEH-01,651.5,19.04,22.15,3.11,17.28,20.7,0.984,1,1,33.1,0.09,34.60,30.0,0
1779285654767,1643,PERSON-01,356.4,18.96,21.85,2.89,16.36,22.2,0.990,1,1,31.4,0.14,34.82,29.9,0
1779285654800,1644,UAS-01,311.7,19.13,22.81,3.68,17.75,23.0,0.983,1,1,31.0,0.42,34.45,29.9,0
1779285654833,1645,UAS-02,457.3,19.15,22.33,3.19,17.32,20.4,0.984,1,1,32.9,0.17,34.47,29.9,0
1779285654867,1646,GND-VEH-01,640.3,19.10,22.03,2.93,16.85,21.4,0.990,1,1,35.0,0.08,34.80,30.0,0
1779285654900,1647,PERSON-01,580.5,19.05,21.99,2.94,16.77,22.6,0.990,1,1,31.2,0.23,34.37,30.0,0
1779285654933,1648,UAS-01,608.3,19.12,22.24,3.11,16.55,22.0,0.980,1,1,31.0,0.07,34.42,30.0,0
1779285654967,1649,UAS-02,632.4,18.91,22.14,3.24,17.41,22.5,0.990,1,1,32.5,0.08,34.34,30.0,0
1779285655000,1650,GND-VEH-01,659.2,19.03,21.82,2.79,16.46,23.0,0.990,1,1,31.0,0.20,34.57,30.0,0
1779285655033,1651,PERSON-01,399.7,19.16,22.23,3.07,17.86,21.1,0.990,1,1,32.3,0.06,34.60,29.9,0
1779285655067,1652,UAS-01,781.8,19.16,21.84,2.68,16.45,21.2,0.990,1,1,31.0,0.30,34.70,30.0,0
1779285655100,1653,UAS-02,437.8,19.01,22.15,3.14,17.27,21.9,0.990,1,1,32.5,0.07,34.26,30.0,0
1779285655133,1654,GND-VEH-01,416.6,18.90,22.00,3.10,17.47,22.7,0.990,1,1,31.0,0.07,34.31,30.0,0
1779285655167,1655,PERSON-01,341.1,19.17,22.03,2.86,16.99,23.3,0.990,1,1,32.6,0.13,34.68,30.0,0
1779285655200,1656,UAS-01,470.5,19.16,22.08,2.92,16.93,21.1,0.990,1,1,31.0,0.15,34.59,30.0,0
1779285655233,1657,UAS-02,480.5,19.18,22.35,3.17,17.58,21.7,0.990,1,1,31.0,0.33,34.16,29.9,0
1779285655267,1658,GND-VEH-01,345.1,18.94,22.18,3.24,17.24,24.4,0.990,1,1,31.0,0.14,34.55,29.8,0
1779285655300,1659,PERSON-01,501.4,18.96,22.15,3.19,16.84,22.1,0.990,1,1,32.8,0.01,34.39,30.0,0
1779285655333,1660,UAS-01,384.9,18.94,21.84,2.90,16.52,20.9,0.979,1,1,34.8,0.20,34.55,30.0,0
1779285655367,1661,UAS-02,748.0,18.77,22.13,3.35,17.31,21.8,0.984,1,1,31.3,0.43,34.86,30.0,0
1779285655400,1662,GND-VEH-01,353.5,18.89,22.44,3.55,17.77,21.2,0.990,1,1,31.0,0.34,34.11,30.0,0
1779285655433,1663,PERSON-01,470.7,19.03,21.98,2.95,17.22,22.7,0.985,1,1,31.0,0.03,34.68,30.1,0
1779285655467,1664,UAS-01,496.4,18.88,22.31,3.43,17.65,22.0,0.990,1,1,32.1,0.14,34.42,30.0,0
1779285655500,1665,UAS-02,547.8,18.89,21.68,2.78,16.57,21.6,0.990,1,1,32.6,0.22,34.55,30.0,0
1779285655533,1666,GND-VEH-01,976.4,18.95,22.10,3.15,17.57,22.0,0.990,1,1,31.7,0.11,34.76,30.0,0
1779285655567,1667,PERSON-01,679.6,18.78,21.85,3.07,17.56,23.6,0.990,1,1,31.0,0.26,34.72,30.0,0
1779285655600,1668,UAS-01,335.6,18.92,22.39,3.47,18.07,22.2,0.990,1,1,31.0,0.10,34.99,30.1,0
1779285655633,1669,UAS-02,349.5,18.92,22.39,3.46,17.00,22.3,0.990,1,1,31.2,0.37,34.47,30.1,0
1779285655667,1670,GND-VEH-01,736.2,18.77,21.71,2.94,16.84,21.4,0.989,1,1,31.0,0.09,34.37,30.1,0
1779285655700,1671,PERSON-01,428.9,19.18,22.27,3.09,17.56,21.2,0.974,1,1,31.4,0.04,34.32,30.0,0
1779285655733,1672,UAS-01,423.1,18.84,22.18,3.34,18.37,21.0,0.990,1,1,32.3,0.37,34.51,30.0,0
1779285655767,1673,UAS-02,552.0,18.99,22.07,3.08,16.90,22.4,0.990,1,1,31.0,0.54,34.74,29.9,0
1779285655800,1674,GND-VEH-01,747.6,19.20,22.26,3.06,17.29,22.6,0.990,1,1,31.8,0.25,34.49,30.0,0
1779285655833,1675,PERSON-01,398.7,19.04,22.23,3.19,17.11,21.0,0.990,1,1,31.0,0.42,34.29,30.1,0
1779285655867,1676,UAS-01,306.2,18.90,22.25,3.35,17.56,21.6,0.990,1,1,31.0,0.03,34.13,30.0,0
1779285655900,1677,UAS-02,516.6,19.07,22.33,3.26,17.91,22.5,0.983,1,1,32.3,0.59,34.86,29.9,0
1779285655933,1678,GND-VEH-01,677.3,19.01,21.83,2.83,16.49,22.3,0.990,1,1,31.8,0.01,34.50,29.9,0
1779285655967,1679,PERSON-01,422.4,18.91,21.86,2.94,17.13,22.6,0.990,1,1,31.0,0.14,34.19,30.1,0
1779285656000,1680,UAS-01,798.5,19.21,22.38,3.17,16.56,22.8,0.990,1,1,31.0,0.56,34.33,30.1,0
1779285656033,1681,UAS-02,410.7,19.07,22.23,3.16,17.37,21.5,0.990,1,1,31.0,0.43,34.17,30.0,0
1779285656067,1682,GND-VEH-01,796.0,19.15,22.17,3.01,16.51,22.2,0.990,1,1,31.5,0.70,34.42,30.1,0
1779285656100,1683,PERSON-01,442.1,19.02,22.19,3.17,17.51,21.2,0.990,1,1,32.3,0.16,34.30,29.9,0
1779285656133,1684,UAS-01,406.8,19.16,22.03,2.87,17.53,21.3,0.977,1,1,31.5,0.29,34.56,30.0,0
1779285656167,1685,UAS-02,420.6,19.04,22.53,3.49,17.81,21.7,0.974,1,1,31.0,0.15,34.50,30.1,0
1779285656200,1686,GND-VEH-01,522.3,19.01,22.33,3.32,17.93,20.8,0.990,1,1,33.6,0.13,34.48,30.0,0
1779285656233,1687,PERSON-01,625.8,18.76,21.70,2.93,16.66,21.6,0.990,1,1,33.1,0.40,34.45,29.9,0
1779285656267,1688,UAS-01,383.9,19.00,22.08,3.09,16.74,22.0,0.990,1,1,33.6,0.14,34.88,30.0,0
1779285656300,1689,UAS-02,669.9,19.02,22.14,3.12,17.19,20.4,0.990,1,1,31.0,0.18,34.51,30.0,0
1779285656333,1690,GND-VEH-01,410.9,18.93,22.10,3.18,17.23,23.3,0.985,1,1,31.0,0.26,34.27,30.2,0
1779285656367,1691,PERSON-01,683.3,18.93,21.94,3.00,16.94,21.7,0.983,1,1,32.1,0.17,34.69,30.0,0
1779285656400,1692,UAS-01,464.9,19.05,22.53,3.48,16.83,22.4,0.990,1,1,31.0,0.27,34.67,30.0,0
1779285656433,1693,UAS-02,510.3,19.23,22.50,3.27,18.17,22.3,0.990,1,1,31.0,0.48,34.20,30.1,0
1779285656467,1694,GND-VEH-01,546.9,19.07,22.25,3.19,16.86,23.4,0.987,1,1,31.0,0.07,34.52,29.9,0
1779285656500,1695,PERSON-01,486.6,19.13,22.33,3.20,16.31,22.9,0.990,1,1,31.5,0.19,34.52,30.0,0
1779285656533,1696,UAS-01,307.5,19.16,22.51,3.35,17.33,21.9,0.990,1,1,34.4,0.18,34.56,30.1,0
1779285656567,1697,UAS-02,318.6,18.99,22.14,3.15,17.37,21.6,0.990,1,1,31.0,0.16,34.83,29.9,0
1779285656600,1698,GND-VEH-01,322.4,19.12,22.42,3.31,17.50,23.8,0.979,1,1,31.0,0.72,34.41,30.1,0
1779285656633,1699,PERSON-01,457.8,18.76,21.94,3.17,16.79,20.8,0.988,1,1,32.3,0.35,34.38,29.9,0
1779285656667,1700,UAS-01,413.2,18.89,22.18,3.29,17.85,21.5,0.990,1,1,31.0,0.27,35.17,30.1,0
1779285656700,1701,UAS-02,958.5,19.08,22.00,2.92,16.67,23.8,0.990,1,1,31.0,0.02,34.29,29.9,0
1779285656733,1702,GND-VEH-01,369.2,19.03,22.30,3.27,16.71,21.6,0.990,1,1,31.0,0.27,34.34,29.9,0
1779285656767,1703,PERSON-01,540.4,18.97,22.19,3.22,17.46,21.6,0.990,1,1,34.3,0.25,34.92,30.0,0
1779285656800,1704,UAS-01,538.7,18.94,21.99,3.05,17.05,21.1,0.972,1,1,31.0,0.29,34.56,30.0,0
1779285656833,1705,UAS-02,351.3,18.70,21.71,3.01,16.79,21.5,0.990,1,1,31.5,0.19,34.68,29.9,0
1779285656867,1706,GND-VEH-01,703.2,19.01,21.97,2.96,17.33,22.1,0.990,1,1,31.0,0.22,34.71,30.0,0
1779285656900,1707,PERSON-01,410.8,18.95,22.06,3.11,17.13,21.8,0.979,1,1,31.0,0.09,34.42,30.0,0
1779285656933,1708,UAS-01,712.6,19.02,22.08,3.06,17.00,21.7,0.982,1,1,31.0,0.18,34.82,30.0,0
1779285656967,1709,UAS-02,613.5,18.99,21.96,2.97,17.17,22.5,0.975,1,1,33.5,0.24,34.77,30.0,0
1779285657000,1710,GND-VEH-01,604.6,18.95,22.05,3.10,16.73,21.6,0.982,1,1,31.0,0.48,34.61,29.9,0
1779285657033,1711,PERSON-01,323.9,18.89,22.11,3.22,17.35,20.6,0.990,1,1,31.0,0.30,34.78,30.0,0
1779285657067,1712,UAS-01,714.0,19.04,22.38,3.34,17.35,22.8,0.987,1,1,31.0,0.05,34.55,30.1,0
1779285657100,1713,UAS-02,377.4,18.79,21.84,3.06,17.08,21.4,0.990,1,1,32.1,0.16,34.57,30.0,0
1779285657133,1714,GND-VEH-01,345.4,19.43,22.77,3.35,17.58,20.9,0.985,1,1,32.3,0.56,34.43,30.1,0
1779285657167,1715,PERSON-01,544.0,19.11,22.08,2.97,16.74,22.9,0.990,1,1,31.0,0.11,34.95,30.0,0
1779285657200,1716,UAS-01,314.2,19.16,22.40,3.24,17.46,22.7,0.990,1,1,33.1,0.29,34.50,30.1,0
1779285657233,1717,UAS-02,655.9,19.17,22.30,3.13,16.90,22.4,0.980,1,1,33.6,0.47,34.69,30.0,0
1779285657267,1718,GND-VEH-01,408.6,18.87,22.30,3.43,17.50,20.4,0.990,1,1,33.0,0.21,34.55,30.0,0
1779285657300,1719,PERSON-01,600.9,19.22,22.33,3.11,17.15,23.3,0.990,1,1,31.0,0.21,34.71,30.0,0
1779285657333,1720,UAS-01,492.5,19.16,22.40,3.24,17.14,22.5,0.990,1,1,31.0,0.05,35.05,30.0,0
1779285657367,1721,UAS-02,368.2,18.92,22.20,3.28,17.55,23.7,0.990,1,1,31.6,0.16,34.61,30.0,0
1779285657400,1722,GND-VEH-01,623.2,18.85,21.87,3.02,16.75,22.7,0.990,1,1,31.0,0.13,34.68,30.1,0
1779285657433,1723,PERSON-01,521.3,18.79,21.69,2.90,17.55,21.7,0.990,1,1,31.3,0.24,34.78,30.0,0
1779285657467,1724,UAS-01,489.2,18.83,22.09,3.26,17.51,21.7,0.977,1,1,31.0,0.20,34.80,30.1,0
1779285657500,1725,UAS-02,558.4,18.99,21.97,2.98,16.98,22.1,0.990,1,1,31.0,0.29,34.78,29.9,0
1779285657533,1726,GND-VEH-01,326.5,19.05,22.03,2.98,16.99,22.3,0.990,1,1,31.0,0.02,34.41,29.9,0
1779285657567,1727,PERSON-01,509.9,19.20,22.10,2.90,16.66,22.4,0.990,1,1,31.0,0.07,35.09,30.1,0
1779285657600,1728,UAS-01,308.7,19.37,22.75,3.37,16.78,23.1,0.990,1,1,31.0,0.39,35.04,30.1,0
1779285657633,1729,UAS-02,623.8,18.99,22.01,3.02,17.43,22.8,0.986,1,1,31.0,0.15,34.95,30.2,0
1779285657667,1730,GND-VEH-01,325.9,19.07,22.49,3.42,18.02,21.6,0.990,1,1,31.6,0.25,34.92,30.0,0
1779285657700,1731,PERSON-01,479.5,18.99,21.92,2.93,16.53,22.4,0.976,1,1,31.8,0.14,35.29,30.0,0
1779285657733,1732,UAS-01,311.7,18.71,21.85,3.15,16.64,22.7,0.989,1,1,33.0,0.05,34.63,30.0,0
1779285657767,1733,UAS-02,358.3,19.18,22.19,3.01,17.05,23.1,0.990,1,1,31.0,0.11,34.84,30.0,0
1779285657800,1734,GND-VEH-01,322.1,19.11,22.41,3.30,18.17,22.6,0.988,1,1,32.4,0.35,34.89,29.9,0
1779285657833,1735,PERSON-01,467.3,19.31,22.51,3.19,17.26,20.9,0.990,1,1,31.0,0.06,34.54,30.0,0
1779285657867,1736,UAS-01,505.7,18.81,21.91,3.10,16.86,21.0,0.988,1,1,31.0,0.14,35.03,30.0,0
1779285657900,1737,UAS-02,536.9,19.06,22.12,3.06,17.30,21.4,0.990,1,1,32.9,0.15,34.99,29.9,0
1779285657933,1738,GND-VEH-01,600.0,19.17,22.28,3.11,16.26,24.1,0.990,1,1,31.1,0.02,34.59,30.1,0
1779285657967,1739,PERSON-01,475.3,18.82,22.08,3.25,17.15,23.3,0.990,1,1,31.0,0.32,34.91,29.9,0
1779285658000,1740,UAS-01,581.8,18.86,21.59,2.73,16.26,21.9,0.990,1,1,31.3,0.10,35.07,30.1,0
1779285658033,1741,UAS-02,324.9,18.85,21.94,3.10,17.78,21.8,0.990,1,1,31.0,0.28,34.48,30.2,0
1779285658067,1742,GND-VEH-01,441.3,19.15,22.25,3.10,17.94,21.7,0.973,1,1,31.1,0.44,34.63,29.9,0
1779285658100,1743,PERSON-01,790.2,18.92,21.97,3.05,17.00,22.3,0.990,1,1,33.2,0.07,34.72,29.8,0
1779285658133,1744,UAS-01,402.3,18.85,22.27,3.42,17.29,23.0,0.990,1,1,31.0,0.02,34.73,30.1,0
1779285658167,1745,UAS-02,402.0,18.71,21.75,3.04,17.09,22.0,0.990,1,1,31.0,0.22,34.81,30.1,0
1779285658200,1746,GND-VEH-01,401.7,18.74,21.95,3.21,17.94,22.1,0.965,1,1,31.0,0.16,35.34,30.0,0
1779285658233,1747,PERSON-01,418.7,18.91,22.25,3.35,17.38,21.3,0.990,1,1,31.0,0.44,34.68,30.1,0
1779285658267,1748,UAS-01,404.0,18.98,22.03,3.05,17.34,21.6,0.985,1,1,31.0,0.34,34.69,30.0,0
1779285658300,1749,UAS-02,422.6,19.08,22.30,3.22,17.23,21.5,0.990,1,1,31.0,0.32,34.76,30.0,0
1779285658333,1750,GND-VEH-01,337.2,18.91,22.29,3.38,17.30,22.8,0.990,1,1,35.6,0.19,34.91,30.1,0
1779285658367,1751,PERSON-01,428.5,19.13,22.31,3.18,17.28,22.3,0.990,1,1,31.3,0.04,34.91,30.0,0
1779285658400,1752,UAS-01,594.6,18.99,22.01,3.02,16.56,21.5,0.990,1,1,31.0,0.31,35.00,30.1,0
1779285658433,1753,UAS-02,352.5,19.11,22.35,3.25,17.44,21.8,0.989,1,1,31.0,0.15,34.91,30.2,0
1779285658467,1754,GND-VEH-01,634.1,18.92,21.94,3.02,16.60,22.2,0.990,1,1,34.3,0.22,34.44,30.0,0
1779285658500,1755,PERSON-01,312.5,18.94,22.28,3.34,18.42,20.4,0.990,1,1,31.0,0.30,34.79,30.1,0
1779285658533,1756,UAS-01,395.8,18.96,22.33,3.37,18.14,21.1,0.971,1,1,31.0,0.03,34.58,30.0,0
1779285658567,1757,UAS-02,795.2,19.21,22.31,3.10,17.15,21.0,0.990,1,1,31.3,0.03,34.78,30.0,0
1779285658600,1758,GND-VEH-01,467.6,19.06,22.48,3.41,17.53,21.0,0.990,1,1,33.7,0.06,34.83,30.0,0
1779285658633,1759,PERSON-01,660.4,19.11,22.51,3.40,17.47,22.3,0.990,1,1,31.0,0.07,34.58,30.1,0
1779285658667,1760,UAS-01,580.2,18.75,21.61,2.87,17.06,23.0,0.989,1,1,31.0,0.12,34.62,29.8,0
1779285658700,1761,UAS-02,662.5,19.01,22.22,3.21,16.91,22.8,0.990,1,1,31.0,0.00,34.97,29.9,0
1779285658733,1762,GND-VEH-01,431.0,18.79,22.15,3.36,17.72,21.8,0.990,1,1,34.1,0.04,34.90,30.1,0
1779285658767,1763,PERSON-01,834.4,18.78,21.93,3.14,16.98,22.3,0.977,1,1,31.0,0.15,34.80,30.1,0
1779285658800,1764,UAS-01,445.6,18.89,21.77,2.88,15.68,21.2,0.990,1,1,31.0,0.27,34.89,30.2,0
1779285658833,1765,UAS-02,399.1,19.05,21.88,2.84,16.77,22.0,0.979,1,1,33.0,0.22,34.98,30.0,0
1779285658867,1766,GND-VEH-01,381.0,18.97,22.15,3.18,16.94,23.1,0.990,1,1,31.9,0.42,35.00,29.9,0
1779285658900,1767,PERSON-01,318.7,19.15,22.39,3.25,16.82,23.2,0.990,1,1,31.0,0.22,34.84,30.0,0
1779285658933,1768,UAS-01,715.9,18.91,22.10,3.19,17.00,21.5,0.983,1,1,31.0,0.28,35.13,30.0,0
1779285658967,1769,UAS-02,471.5,19.13,22.12,2.99,17.19,22.0,0.990,1,1,31.2,0.00,34.87,30.1,0
1779285659000,1770,GND-VEH-01,444.1,19.00,22.08,3.08,17.31,21.4,0.990,1,1,34.4,0.19,34.78,30.0,0
1779285659033,1771,PERSON-01,852.2,19.26,22.41,3.15,16.65,21.2,0.990,1,1,31.0,0.24,34.59,29.9,0
1779285659067,1772,UAS-01,522.9,18.86,21.83,2.97,17.32,21.3,0.990,1,1,34.2,0.09,35.27,30.0,0
1779285659100,1773,UAS-02,489.4,18.95,21.93,2.98,17.01,23.4,0.980,1,1,31.2,0.35,35.23,30.0,0
1779285659133,1774,GND-VEH-01,385.5,19.01,22.15,3.14,16.87,24.2,0.980,1,1,31.0,0.09,35.14,30.0,0
1779285659167,1775,PERSON-01,598.4,19.14,22.24,3.10,17.59,22.0,0.990,1,1,31.1,0.22,34.88,30.0,0
1779285659200,1776,UAS-01,528.6,19.03,22.37,3.34,17.30,21.5,0.990,1,1,31.5,0.06,35.05,29.9,0
1779285659233,1777,UAS-02,475.8,19.16,22.22,3.06,17.29,22.0,0.990,1,1,31.4,0.30,34.74,30.1,0
1779285659267,1778,GND-VEH-01,396.6,19.08,22.22,3.14,17.79,23.0,0.990,1,1,31.0,0.01,35.20,29.9,0
1779285659300,1779,PERSON-01,366.3,18.97,22.15,3.18,17.25,21.4,0.983,1,1,31.0,0.32,34.64,30.1,0
1779285659333,1780,UAS-01,914.1,19.20,21.93,2.73,16.87,22.7,0.990,1,1,31.0,0.34,35.01,30.0,0
1779285659367,1781,UAS-02,321.7,19.02,22.46,3.43,17.26,22.5,0.980,1,1,31.0,0.06,35.16,30.0,0
1779285659400,1782,GND-VEH-01,681.1,18.96,21.81,2.85,16.51,21.5,0.990,1,1,31.0,0.19,35.13,30.0,0
1779285659433,1783,PERSON-01,538.3,19.00,22.14,3.14,17.35,23.0,0.990,1,1,31.0,0.18,35.49,29.9,0
1779285659467,1784,UAS-01,587.3,18.76,21.80,3.03,17.29,21.1,0.990,1,1,31.5,0.01,34.55,30.0,0
1779285659500,1785,UAS-02,628.9,18.90,21.92,3.02,16.91,23.1,0.971,1,1,31.0,0.54,34.95,30.0,0
1779285659533,1786,GND-VEH-01,495.8,19.07,22.11,3.05,17.19,22.3,0.990,1,1,31.0,0.32,34.78,30.2,0
1779285659567,1787,PERSON-01,437.8,18.89,22.06,3.17,17.13,22.7,0.980,1,1,31.0,0.14,34.57,30.1,0
1779285659600,1788,UAS-01,535.7,19.22,22.22,3.00,17.13,22.6,0.990,1,1,31.0,0.26,34.76,29.9,0
1779285659633,1789,UAS-02,366.0,19.02,22.25,3.23,17.39,22.6,0.990,1,1,32.6,0.07,34.92,30.1,0
1779285659667,1790,GND-VEH-01,415.4,18.96,22.36,3.40,17.30,22.0,0.990,1,1,32.0,0.24,34.90,30.0,0
1779285659700,1791,PERSON-01,468.2,18.97,22.17,3.21,17.78,21.9,0.990,1,1,31.0,0.26,34.92,30.1,0
1779285659733,1792,UAS-01,329.5,18.95,22.00,3.05,16.78,22.1,0.990,1,1,31.0,0.13,34.49,30.1,0
1779285659767,1793,UAS-02,553.0,19.26,22.20,2.94,17.44,21.1,0.990,1,1,33.9,0.07,35.33,30.1,0
1779285659800,1794,GND-VEH-01,492.5,19.16,22.25,3.09,16.81,21.7,0.990,1,1,31.4,0.09,35.04,30.1,0
1779285659833,1795,PERSON-01,820.5,18.81,21.63,2.81,16.72,22.1,0.983,1,1,31.0,0.35,35.05,30.1,0
1779285659867,1796,UAS-01,557.6,18.84,21.86,3.02,16.64,21.9,0.987,1,1,31.0,0.12,34.98,29.9,0
1779285659900,1797,UAS-02,510.5,18.96,22.34,3.38,17.22,21.7,0.990,1,1,31.0,0.07,34.71,30.1,0
1779285659933,1798,GND-VEH-01,474.4,18.96,22.15,3.19,16.88,22.0,0.990,1,1,32.7,0.24,35.04,30.0,0
1779285659967,1799,PERSON-01,611.3,18.97,22.15,3.19,17.55,22.5,0.981,1,1,31.0,0.01,34.65,30.2,0
