timestamp,frame_id,target_id,range_m,ambient_temp_c,target_temp_c,delta_t_c,snr_db,netd_mk,detection_confidence,detected,classified,classification_latency_ms,track_error_m,sensor_temp_c,frame_rate_hz,dropped_frame
1779285600000,0,UAS-01,436.4,18.96,21.37,2.41,13.11,27.4,0.934,1,1,44.5,0.03,27.90,29.9,0
1779285600033,1,UAS-02,521.6,18.80,21.43,2.63,13.86,28.1,0.990,1,1,43.0,0.29,28.09,30.1,0
1779285600067,2,GND-VEH-01,363.5,19.24,21.94,2.69,13.99,27.7,0.990,1,1,45.0,0.08,27.96,30.0,0
1779285600100,3,PERSON-01,311.9,18.95,21.47,2.51,14.19,25.6,0.990,1,1,44.6,0.01,27.77,30.1,0
1779285600133,4,UAS-01,577.3,18.98,21.33,2.35,13.46,29.3,0.967,1,1,45.0,0.32,28.06,30.0,0
1779285600167,5,UAS-02,527.3,19.17,21.57,2.40,13.77,28.7,0.975,1,1,42.0,0.13,28.12,29.9,0
1779285600200,6,GND-VEH-01,329.1,18.94,21.58,2.63,13.49,27.4,0.946,1,1,42.0,0.68,28.16,30.1,0
1779285600233,7,PERSON-01,471.3,18.89,21.61,2.72,14.40,28.3,0.990,1,1,43.2,0.07,27.81,30.0,0
1779285600267,8,UAS-01,411.5,18.95,21.54,2.59,13.23,28.4,0.922,1,1,43.0,0.67,28.11,30.1,0
1779285600300,9,UAS-02,849.7,18.93,21.14,2.22,13.25,28.8,0.938,1,1,42.0,0.24,28.34,19.1,1
1779285600333,10,GND-VEH-01,490.4,18.83,21.03,2.20,13.23,28.1,0.918,1,1,42.0,0.74,28.29,30.0,0
1779285600367,11,PERSON-01,596.1,19.05,21.19,2.14,13.05,29.2,0.896,1,1,43.2,0.90,28.59,30.2,0
1779285600400,12,UAS-01,689.3,19.08,21.41,2.33,13.60,28.8,0.197,0,0,42.7,0.00,28.11,30.0,0
1779285600433,13,UAS-02,406.9,19.10,21.34,2.24,12.68,27.2,0.914,1,1,42.0,0.12,28.18,30.0,0
1779285600467,14,GND-VEH-01,350.7,19.09,21.47,2.38,13.83,27.4,0.969,1,1,45.1,0.69,28.56,30.0,0
1779285600500,15,PERSON-01,692.9,18.66,20.76,2.11,12.94,29.3,0.215,0,0,44.0,0.00,28.53,21.7,1
1779285600533,16,UAS-01,811.3,18.71,21.15,2.44,13.46,27.5,0.939,1,1,42.0,0.66,27.74,30.0,0
1779285600567,17,UAS-02,842.0,18.99,21.08,2.09,13.07,27.6,0.941,1,1,45.0,0.14,27.66,30.0,0
1779285600600,18,GND-VEH-01,521.2,18.96,21.37,2.42,13.36,28.9,0.925,1,1,42.0,0.34,28.17,30.0,0
1779285600633,19,PERSON-01,865.7,18.76,21.11,2.34,13.56,28.9,0.979,1,1,44.4,0.08,28.34,30.1,0
1779285600667,20,UAS-01,421.3,19.11,21.70,2.59,13.88,27.9,0.990,1,1,42.0,0.28,28.30,29.9,0
1779285600700,21,UAS-02,581.1,18.96,21.37,2.41,14.52,27.2,0.990,1,1,42.0,0.45,28.22,30.0,0
1779285600733,22,GND-VEH-01,370.9,18.84,21.26,2.42,13.29,27.8,0.945,1,1,45.1,0.24,28.30,30.2,0
1779285600767,23,PERSON-01,595.5,19.00,21.44,2.44,13.20,28.5,0.939,1,1,42.4,0.53,28.08,30.0,0
1779285600800,24,UAS-01,680.4,19.12,21.05,1.93,12.61,25.9,0.880,1,1,42.2,0.37,28.04,30.0,0
1779285600833,25,UAS-02,372.2,19.02,21.67,2.64,14.06,28.7,0.990,1,1,42.0,0.18,28.26,29.9,0
1779285600867,26,GND-VEH-01,631.3,18.87,21.33,2.45,13.86,27.1,0.983,1,1,42.0,0.02,27.81,29.8,0
1779285600900,27,PERSON-01,386.9,18.98,21.45,2.48,13.29,27.1,0.945,1,1,42.0,0.12,28.47,30.0,0
1779285600933,28,UAS-01,381.4,19.01,21.35,2.34,13.05,28.0,0.167,0,0,43.1,0.00,28.09,29.9,0
1779285600967,29,UAS-02,547.6,18.77,21.24,2.47,13.73,27.5,0.990,1,1,42.2,0.26,28.77,29.9,0
1779285601000,30,GND-VEH-01,550.7,18.90,21.27,2.36,12.93,27.2,0.911,1,1,44.3,0.08,28.42,22.3,1
1779285601033,31,PERSON-01,318.5,18.95,21.50,2.55,13.64,28.1,0.970,1,1,42.0,0.53,28.47,29.9,0
1779285601067,32,UAS-01,397.8,19.28,21.46,2.17,13.27,27.5,0.938,1,1,42.8,0.19,28.25,29.9,0
1779285601100,33,UAS-02,405.7,18.78,21.23,2.46,13.50,28.1,0.961,1,1,43.3,0.16,28.21,30.0,0
1779285601133,34,GND-VEH-01,458.9,19.17,21.58,2.41,13.61,27.3,0.950,1,1,42.0,0.07,28.41,30.0,0
1779285601167,35,PERSON-01,466.0,19.04,21.78,2.74,13.90,27.1,0.990,1,1,43.2,0.10,28.34,30.0,0
1779285601200,36,UAS-01,585.3,18.89,21.19,2.30,13.29,27.2,0.947,1,1,42.0,0.28,28.43,29.9,0
1779285601233,37,UAS-02,677.1,18.76,21.08,2.32,12.97,27.8,0.913,1,1,44.2,0.37,28.32,29.9,0
1779285601267,38,GND-VEH-01,651.9,18.93,21.09,2.16,12.94,26.8,0.235,0,0,43.6,0.00,27.88,30.0,0
1779285601300,39,PERSON-01,783.3,19.05,21.44,2.39,13.75,27.0,0.947,1,1,42.0,0.20,28.36,30.0,0
1779285601333,40,UAS-01,630.1,19.04,21.05,2.02,12.55,28.4,0.837,1,1,42.9,0.58,28.55,30.1,0
1779285601367,41,UAS-02,516.7,18.78,21.41,2.63,14.06,27.1,0.990,1,1,42.4,0.20,28.08,30.1,0
1779285601400,42,GND-VEH-01,403.6,19.01,21.17,2.16,13.14,26.8,0.940,1,1,42.6,0.91,28.07,29.9,0
1779285601433,43,PERSON-01,433.7,18.89,21.06,2.16,12.94,27.4,0.924,1,1,44.1,0.07,28.14,30.1,0
1779285601467,44,UAS-01,571.0,18.82,21.11,2.29,13.02,28.2,0.902,1,1,42.0,0.26,28.71,29.9,0
1779285601500,45,UAS-02,314.9,19.11,21.62,2.51,13.55,29.3,0.955,1,1,42.0,0.21,28.67,30.1,0
1779285601533,46,GND-VEH-01,556.4,19.13,21.51,2.38,13.80,29.3,0.187,0,0,42.0,0.00,28.22,22.5,1
1779285601567,47,PERSON-01,538.2,19.03,21.57,2.54,13.02,28.8,0.907,1,1,42.2,0.80,28.97,30.0,0
1779285601600,48,UAS-01,611.4,18.90,21.54,2.64,14.06,27.5,0.990,1,1,42.0,0.15,28.37,29.9,0
1779285601633,49,UAS-02,400.6,19.00,21.62,2.61,14.38,29.9,0.990,1,1,43.6,0.58,28.31,30.2,0
1779285601667,50,GND-VEH-01,768.4,18.98,21.14,2.16,12.79,27.7,0.895,1,1,42.3,0.47,28.70,30.2,0
1779285601700,51,PERSON-01,357.0,19.03,21.43,2.40,13.60,26.5,0.969,1,1,42.0,0.56,28.40,30.0,0
1779285601733,52,UAS-01,337.8,19.07,21.39,2.32,12.49,28.2,0.860,1,1,42.0,0.69,28.12,30.0,0
1779285601767,53,UAS-02,334.4,19.01,21.26,2.24,13.33,28.4,0.927,1,1,42.0,0.44,28.51,30.0,0
1779285601800,54,GND-VEH-01,342.4,19.06,21.37,2.30,13.82,27.1,0.191,0,0,42.0,0.00,28.38,30.1,0
1779285601833,55,PERSON-01,466.5,19.03,21.23,2.21,12.50,27.5,0.187,0,0,44.4,0.00,28.44,30.0,0
1779285601867,56,UAS-01,429.3,18.84,21.12,2.28,13.30,28.4,0.950,1,1,42.0,0.07,28.37,30.0,0
1779285601900,57,UAS-02,802.4,18.89,21.01,2.11,12.80,28.3,0.902,1,1,42.0,0.19,28.43,30.0,0
1779285601933,58,GND-VEH-01,440.7,19.17,21.48,2.30,12.76,28.4,0.880,1,1,157.6,0.15,28.50,30.1,0
1779285601967,59,PERSON-01,372.8,19.13,21.67,2.54,13.20,29.0,0.921,1,1,44.2,0.15,28.73,29.9,0
1779285602000,60,UAS-01,545.0,19.00,20.96,1.97,13.17,28.2,0.919,1,1,42.5,0.32,28.44,30.0,0
1779285602033,61,UAS-02,498.8,18.83,21.33,2.50,13.03,29.1,0.234,0,0,42.0,0.00,28.75,30.1,0
1779285602067,62,GND-VEH-01,727.7,19.09,21.42,2.33,13.33,27.7,0.948,1,1,42.0,0.50,28.40,30.1,0
1779285602100,63,PERSON-01,396.8,19.16,21.44,2.29,12.88,28.5,0.891,1,1,44.6,0.18,28.11,30.1,0
1779285602133,64,UAS-01,557.5,18.92,21.14,2.22,12.85,27.3,0.189,0,0,42.0,0.00,28.94,30.0,0
1779285602167,65,UAS-02,349.1,19.17,21.91,2.74,13.94,26.9,0.990,1,1,42.0,0.40,28.95,30.0,0
1779285602200,66,GND-VEH-01,311.2,19.07,21.41,2.34,13.78,26.7,0.962,1,1,42.0,0.91,28.86,30.1,0
1779285602233,67,PERSON-01,415.6,18.88,21.05,2.17,12.00,27.7,0.839,1,1,42.0,0.40,28.92,30.0,0
1779285602267,68,UAS-01,354.0,19.07,21.62,2.56,13.25,28.8,0.942,1,1,42.0,0.19,28.41,30.0,0
1779285602300,69,UAS-02,357.3,19.12,21.93,2.81,14.70,27.5,0.990,1,1,44.1,0.22,28.68,20.2,1
1779285602333,70,GND-VEH-01,662.0,19.18,21.40,2.22,13.74,26.2,0.157,0,0,42.2,0.00,28.68,29.8,0
1779285602367,71,PERSON-01,393.7,19.00,21.34,2.34,13.79,27.7,0.958,1,1,42.0,0.14,28.70,29.9,0
1779285602400,72,UAS-01,495.3,19.00,21.23,2.23,13.51,28.2,0.167,0,0,42.2,0.00,29.03,30.2,0
1779285602433,73,UAS-02,358.8,18.90,21.21,2.31,13.67,27.9,0.977,1,1,44.2,1.16,28.91,29.9,0
1779285602467,74,GND-VEH-01,619.8,19.25,21.48,2.23,12.99,28.2,0.916,1,1,42.0,0.66,28.76,29.9,0
1779285602500,75,PERSON-01,302.6,18.97,21.47,2.50,13.33,29.3,0.950,1,1,42.0,0.68,28.74,30.0,0
1779285602533,76,UAS-01,549.6,18.95,21.07,2.12,12.50,28.9,0.164,0,0,42.0,0.00,28.65,29.9,0
1779285602567,77,UAS-02,384.4,18.92,21.10,2.18,13.35,27.7,0.971,1,1,43.0,0.59,28.77,30.0,0
1779285602600,78,GND-VEH-01,595.4,19.09,21.40,2.30,13.39,29.4,0.942,1,1,43.2,0.26,29.27,30.0,0
1779285602633,79,PERSON-01,440.3,18.93,21.51,2.57,14.00,26.9,0.990,1,1,43.1,0.47,28.64,29.9,0
1779285602667,80,UAS-01,502.4,19.09,21.35,2.26,13.58,28.2,0.974,1,1,42.0,0.43,28.67,29.9,0
1779285602700,81,UAS-02,318.8,19.15,21.64,2.49,13.86,27.7,0.990,1,1,42.2,0.06,29.12,30.0,0
1779285602733,82,GND-VEH-01,372.5,18.90,21.23,2.33,13.49,28.0,0.948,1,1,42.0,1.15,28.79,20.5,1
1779285602767,83,PERSON-01,495.8,19.03,21.35,2.32,12.80,27.7,0.932,1,1,42.0,0.35,28.77,29.9,0
1779285602800,84,UAS-01,791.1,18.90,21.20,2.30,13.59,27.3,0.964,1,1,42.9,0.38,28.85,30.0,0
1779285602833,85,UAS-02,385.0,18.90,21.77,2.87,13.64,28.2,0.956,1,1,42.0,0.02,28.69,29.9,0
1779285602867,86,GND-VEH-01,569.2,19.04,21.43,2.39,13.72,26.2,0.947,1,1,42.0,0.68,29.30,29.9,0
1779285602900,87,PERSON-01,448.4,18.64,21.08,2.43,13.78,29.0,0.990,1,1,42.0,0.89,28.75,30.1,0
1779285602933,88,UAS-01,784.4,18.83,21.02,2.20,13.09,29.4,0.924,1,1,44.7,0.50,29.37,29.9,0
1779285602967,89,UAS-02,319.5,18.99,21.42,2.43,13.76,28.1,0.971,1,1,42.8,0.19,28.70,30.1,0
1779285603000,90,GND-VEH-01,717.7,18.96,21.40,2.44,13.14,28.4,0.956,1,1,42.1,0.39,29.11,29.9,0
1779285603033,91,PERSON-01,312.1,18.96,21.52,2.56,13.44,28.1,0.915,1,1,42.7,0.76,28.53,29.9,0
1779285603067,92,UAS-01,436.5,19.05,21.31,2.26,13.10,26.3,0.927,1,1,42.0,0.30,28.69,30.0,0
1779285603100,93,UAS-02,502.7,19.01,21.38,2.37,13.87,28.5,0.980,1,1,43.0,0.70,29.11,30.0,0
1779285603133,94,GND-VEH-01,474.0,19.15,21.52,2.38,13.47,29.3,0.959,1,1,42.5,0.30,29.09,30.0,0
1779285603167,95,PERSON-01,433.4,18.85,21.39,2.55,14.50,25.5,0.990,1,1,44.3,0.27,28.61,29.9,0
1779285603200,96,UAS-01,320.8,18.89,21.45,2.56,13.50,26.7,0.965,1,1,42.0,0.62,28.55,30.0,0
1779285603233,97,UAS-02,704.3,19.18,21.38,2.21,12.54,28.3,0.871,1,1,42.5,0.55,29.13,30.1,0
1779285603267,98,GND-VEH-01,332.9,18.99,21.62,2.62,13.36,27.1,0.945,1,1,42.0,0.75,29.28,30.1,0
1779285603300,99,PERSON-01,306.9,19.06,21.45,2.40,13.95,26.2,0.982,1,1,42.4,0.04,28.74,29.9,0
1779285603333,100,UAS-01,473.0,19.19,21.79,2.61,13.87,27.3,0.990,1,1,42.0,0.40,28.98,30.2,0
1779285603367,101,UAS-02,516.3,18.98,21.17,2.19,12.44,28.2,0.201,0,0,42.0,0.00,28.95,29.9,0
1779285603400,102,GND-VEH-01,404.5,18.97,21.61,2.64,13.85,29.0,0.990,1,1,42.0,0.46,29.17,30.0,0
1779285603433,103,PERSON-01,464.6,19.04,21.32,2.28,12.98,27.2,0.891,1,1,44.5,0.78,28.94,29.9,0
1779285603467,104,UAS-01,701.6,19.04,21.38,2.34,13.13,27.3,0.941,1,1,42.0,0.18,29.37,30.2,0
1779285603500,105,UAS-02,659.9,18.84,21.09,2.25,12.76,28.2,0.902,1,1,42.0,0.14,28.96,29.9,0
1779285603533,106,GND-VEH-01,375.3,19.00,21.27,2.26,13.34,27.1,0.971,1,1,42.0,0.14,29.29,30.1,0
1779285603567,107,PERSON-01,482.1,19.11,21.63,2.53,13.23,26.0,0.200,0,0,42.6,0.00,29.20,29.9,0
1779285603600,108,UAS-01,516.6,19.16,21.70,2.55,13.27,27.1,0.918,1,1,42.8,0.27,29.09,30.0,0
1779285603633,109,UAS-02,473.9,18.91,21.27,2.35,12.91,28.6,0.914,1,1,42.0,0.24,29.11,29.9,0
1779285603667,110,GND-VEH-01,555.5,18.78,21.00,2.22,12.90,28.4,0.923,1,1,42.0,0.54,29.40,30.1,0
1779285603700,111,PERSON-01,696.1,18.85,21.08,2.23,12.93,29.3,0.919,1,1,42.0,0.28,29.06,30.1,0
1779285603733,112,UAS-01,679.5,18.89,21.23,2.35,13.56,26.5,0.963,1,1,45.0,0.21,29.27,29.8,0
1779285603767,113,UAS-02,366.0,18.81,21.03,2.22,12.31,29.3,0.876,1,1,42.1,0.01,29.09,30.1,0
1779285603800,114,GND-VEH-01,377.3,19.08,21.72,2.64,14.22,27.1,0.990,1,1,42.0,0.86,28.99,30.1,0
1779285603833,115,PERSON-01,627.8,19.19,21.47,2.28,12.73,28.9,0.879,1,1,42.2,0.08,29.35,30.1,0
1779285603867,116,UAS-01,374.6,18.84,21.54,2.70,13.57,27.1,0.964,1,1,42.0,0.72,29.39,30.0,0
1779285603900,117,UAS-02,410.6,19.10,21.24,2.14,12.82,27.7,0.878,1,1,45.8,0.55,29.30,30.1,0
1779285603933,118,GND-VEH-01,664.2,18.89,21.11,2.22,12.62,28.4,0.914,1,1,43.6,0.12,28.87,29.8,0
1779285603967,119,PERSON-01,594.5,19.02,21.55,2.53,14.19,26.4,0.990,1,1,44.0,0.31,29.34,30.0,0
1779285604000,120,UAS-01,436.2,19.01,21.23,2.22,12.75,27.8,0.885,1,1,43.3,0.34,29.52,30.0,0
1779285604033,121,UAS-02,548.7,18.99,21.32,2.33,12.65,29.4,0.158,0,0,42.0,0.00,29.23,29.9,0
1779285604067,122,GND-VEH-01,480.1,19.12,21.52,2.40,13.70,29.2,0.990,1,1,42.0,0.19,29.03,30.0,0
1779285604100,123,PERSON-01,442.0,19.15,21.68,2.53,13.52,28.1,0.948,1,1,42.0,0.02,29.27,30.0,0
1779285604133,124,UAS-01,312.8,19.16,21.52,2.36,13.78,27.2,0.989,1,1,42.3,0.14,29.26,30.0,0
1779285604167,125,UAS-02,500.0,18.94,21.21,2.27,13.42,27.0,0.202,0,0,42.0,0.00,29.71,29.9,0
1779285604200,126,GND-VEH-01,516.2,19.01,21.33,2.32,13.68,27.6,0.989,1,1,42.1,0.08,29.33,22.9,1
1779285604233,127,PERSON-01,402.7,19.04,21.43,2.39,13.08,28.3,0.925,1,1,42.9,0.31,29.38,30.1,0
1779285604267,128,UAS-01,447.0,19.14,21.66,2.52,14.27,26.3,0.988,1,1,43.5,0.00,28.74,30.1,0
1779285604300,129,UAS-02,728.0,18.82,21.23,2.41,13.44,26.9,0.941,1,1,42.5,0.43,29.30,30.0,0
1779285604333,130,GND-VEH-01,584.6,18.78,20.89,2.11,12.88,28.1,0.888,1,1,42.0,0.66,29.59,30.0,0
1779285604367,131,PERSON-01,300.9,19.04,21.58,2.54,13.65,27.3,0.949,1,1,42.0,0.52,29.38,30.1,0
1779285604400,132,UAS-01,315.9,18.80,21.13,2.33,13.47,27.1,0.944,1,1,44.0,0.50,29.21,30.0,0
1779285604433,133,UAS-02,339.4,18.90,21.30,2.40,12.78,27.7,0.883,1,1,42.0,0.47,29.49,29.9,0
1779285604467,134,GND-VEH-01,450.4,18.78,21.46,2.68,13.47,28.2,0.935,1,1,42.0,0.71,29.28,29.9,0
1779285604500,135,PERSON-01,562.5,18.89,21.23,2.35,13.10,28.6,0.898,1,1,42.0,0.35,29.66,30.1,0
1779285604533,136,UAS-01,627.0,18.97,21.22,2.25,13.68,28.4,0.976,1,1,42.0,0.24,29.33,30.1,0
1779285604567,137,UAS-02,566.9,18.76,20.77,2.01,12.64,29.0,0.876,1,1,42.0,0.45,29.17,30.1,0
1779285604600,138,GND-VEH-01,622.8,19.09,21.58,2.49,13.80,27.1,0.990,1,1,43.7,0.70,29.37,30.0,0
1779285604633,139,PERSON-01,864.9,19.03,21.16,2.14,12.66,29.5,0.895,1,1,42.0,0.66,29.53,30.1,0
1779285604667,140,UAS-01,555.6,18.62,20.79,2.17,12.69,28.5,0.886,1,1,42.1,0.13,29.21,30.0,0
1779285604700,141,UAS-02,796.8,18.98,21.31,2.33,12.53,27.9,0.874,1,1,42.0,0.00,29.27,30.0,0
1779285604733,142,GND-VEH-01,411.1,18.99,21.46,2.47,13.25,28.9,0.259,0,0,42.0,0.00,29.27,19.4,1
1779285604767,143,PERSON-01,713.0,19.18,21.39,2.21,13.57,28.0,0.966,1,1,42.0,0.39,29.43,30.1,0
1779285604800,144,UAS-01,397.5,18.85,21.45,2.60,14.25,28.0,0.990,1,1,42.0,0.04,29.52,30.0,0
1779285604833,145,UAS-02,534.8,18.95,21.04,2.08,13.28,28.8,0.219,0,0,42.0,0.00,29.51,30.0,0
1779285604867,146,GND-VEH-01,302.8,19.03,21.40,2.36,13.11,26.3,0.945,1,1,42.0,0.09,29.58,30.1,0
1779285604900,147,PERSON-01,346.1,18.86,21.28,2.43,13.64,28.0,0.958,1,1,42.0,0.36,29.35,29.9,0
1779285604933,148,UAS-01,799.9,19.16,21.50,2.34,13.42,28.0,0.953,1,1,42.4,0.26,29.12,23.0,1
1779285604967,149,UAS-02,317.4,18.91,21.20,2.28,12.95,28.0,0.895,1,1,43.3,0.53,29.79,30.0,0
1779285605000,150,GND-VEH-01,550.0,18.96,21.54,2.58,13.98,27.9,0.990,1,1,43.1,0.50,29.79,30.0,0
1779285605033,151,PERSON-01,448.2,18.94,21.40,2.46,13.50,28.7,0.975,1,1,42.0,0.04,29.87,30.0,0
1779285605067,152,UAS-01,627.5,18.88,21.00,2.12,13.19,28.5,0.956,1,1,43.4,0.18,29.68,29.9,0
1779285605100,153,UAS-02,666.8,18.92,21.37,2.45,13.81,27.9,0.983,1,1,43.6,0.34,29.25,30.0,0
1779285605133,154,GND-VEH-01,608.3,18.76,20.98,2.22,13.14,27.6,0.911,1,1,42.0,0.56,29.58,30.2,0
1779285605167,155,PERSON-01,443.2,19.06,21.50,2.44,13.82,27.6,0.979,1,1,42.0,0.91,29.57,30.0,0
1779285605200,156,UAS-01,612.6,18.88,21.29,2.41,14.32,28.4,0.969,1,1,42.0,0.42,29.26,30.1,0
1779285605233,157,UAS-02,354.5,19.09,21.59,2.50,13.91,29.0,0.990,1,1,42.0,0.35,29.96,30.1,0
1779285605267,158,GND-VEH-01,387.0,18.89,21.40,2.51,13.66,27.7,0.986,1,1,42.0,0.15,29.77,29.9,0
1779285605300,159,PERSON-01,398.7,19.21,21.10,1.89,13.36,26.0,0.950,1,1,44.0,0.16,29.57,30.2,0
1779285605333,160,UAS-01,325.8,18.84,21.16,2.32,13.14,27.2,0.921,1,1,44.0,0.06,29.80,30.1,0
1779285605367,161,UAS-02,429.9,18.82,21.34,2.52,13.63,27.3,0.980,1,1,42.0,0.98,29.90,30.0,0
1779285605400,162,GND-VEH-01,739.3,19.15,21.48,2.33,13.57,27.9,0.269,0,0,44.3,0.00,29.87,29.9,0
1779285605433,163,PERSON-01,312.2,19.11,21.39,2.28,13.32,28.1,0.940,1,1,43.3,0.36,29.65,29.9,0
1779285605467,164,UAS-01,742.1,19.23,21.53,2.30,13.15,27.7,0.942,1,1,42.0,0.42,29.99,30.0,0
1779285605500,165,UAS-02,436.3,18.95,21.22,2.27,12.58,28.1,0.879,1,1,43.9,0.30,29.62,20.1,1
1779285605533,166,GND-VEH-01,340.5,18.89,21.46,2.58,13.04,28.4,0.931,1,1,43.6,0.81,29.72,29.9,0
1779285605567,167,PERSON-01,480.6,18.98,21.44,2.46,13.78,27.1,0.990,1,1,42.9,0.14,30.10,29.9,0
1779285605600,168,UAS-01,483.8,18.87,21.33,2.47,13.84,29.4,0.968,1,1,42.0,0.24,29.41,29.8,0
1779285605633,169,UAS-02,494.5,18.82,21.37,2.54,13.54,29.1,0.943,1,1,42.0,0.17,29.39,30.0,0
1779285605667,170,GND-VEH-01,397.7,19.10,21.30,2.19,13.10,26.5,0.913,1,1,42.0,0.68,29.62,30.1,0
1779285605700,171,PERSON-01,317.3,19.25,21.42,2.17,12.84,27.7,0.232,0,0,42.0,0.00,29.89,29.9,0
1779285605733,172,UAS-01,306.1,19.08,21.73,2.65,13.30,29.9,0.941,1,1,42.9,0.70,29.61,30.1,0
1779285605767,173,UAS-02,609.0,19.06,21.43,2.37,12.51,26.6,0.869,1,1,42.0,0.23,29.91,30.1,0
1779285605800,174,GND-VEH-01,417.3,18.98,21.28,2.30,12.59,28.9,0.163,0,0,42.0,0.00,30.05,30.0,0
1779285605833,175,PERSON-01,472.8,18.93,21.45,2.53,13.75,28.6,0.974,1,1,42.0,0.43,29.51,29.9,0
1779285605867,176,UAS-01,542.7,18.96,21.13,2.17,12.42,29.0,0.203,0,0,42.0,0.00,29.91,29.9,0
1779285605900,177,UAS-02,604.7,19.27,21.79,2.53,13.49,27.1,0.958,1,1,42.0,0.22,29.89,29.9,0
1779285605933,178,GND-VEH-01,526.4,19.14,21.22,2.08,12.34,27.7,0.850,1,1,42.0,0.29,29.86,30.0,0
1779285605967,179,PERSON-01,357.5,19.10,21.60,2.50,13.06,28.3,0.945,1,1,118.5,0.37,29.29,30.1,0
1779285606000,180,UAS-01,576.2,19.18,21.26,2.09,12.16,28.5,0.830,1,1,43.9,0.11,29.94,20.3,1
1779285606033,181,UAS-02,451.3,18.95,21.38,2.43,12.66,29.4,0.879,1,1,42.0,0.41,29.34,30.0,0
1779285606067,182,GND-VEH-01,377.5,18.88,21.12,2.24,12.94,28.2,0.897,1,1,42.9,0.36,29.54,29.9,0
1779285606100,183,PERSON-01,395.8,19.15,21.70,2.55,13.69,29.7,0.977,1,1,42.0,0.47,30.14,30.0,0
1779285606133,184,UAS-01,414.3,19.14,21.17,2.02,13.08,27.3,0.256,0,0,43.6,0.00,30.06,29.9,0
1779285606167,185,UAS-02,426.1,18.98,21.20,2.22,13.27,27.3,0.960,1,1,42.0,0.23,30.23,29.9,0
1779285606200,186,GND-VEH-01,612.9,18.93,21.47,2.54,13.18,27.3,0.932,1,1,43.1,0.15,29.76,30.1,0
1779285606233,187,PERSON-01,593.9,19.05,21.27,2.22,13.98,26.5,0.984,1,1,42.0,0.04,29.60,30.0,0
1779285606267,188,UAS-01,469.9,18.95,21.26,2.31,13.73,27.1,0.974,1,1,42.0,0.28,29.74,30.0,0
1779285606300,189,UAS-02,374.8,18.99,21.52,2.53,13.79,27.9,0.959,1,1,43.1,0.25,30.20,30.0,0
1779285606333,190,GND-VEH-01,355.5,18.88,21.23,2.35,13.39,28.4,0.948,1,1,43.6,0.42,29.65,30.0,0
1779285606367,191,PERSON-01,370.5,18.89,21.38,2.49,13.40,28.2,0.939,1,1,44.3,0.43,30.03,30.0,0
1779285606400,192,UAS-01,710.0,18.97,21.46,2.49,13.34,26.8,0.946,1,1,42.0,0.39,30.08,30.1,0
1779285606433,193,UAS-02,452.5,19.09,21.60,2.51,13.27,28.0,0.929,1,1,42.1,0.04,30.01,29.9,0
1779285606467,194,GND-VEH-01,513.9,18.85,21.02,2.17,13.19,27.9,0.926,1,1,43.5,0.36,30.24,29.9,0
1779285606500,195,PERSON-01,512.2,18.92,21.38,2.45,13.58,26.7,0.977,1,1,42.0,0.54,29.87,30.0,0
1779285606533,196,UAS-01,612.1,18.96,21.21,2.25,13.20,26.3,0.937,1,1,42.0,0.21,30.02,29.8,0
1779285606567,197,UAS-02,893.0,18.95,21.49,2.53,13.96,28.5,0.990,1,1,42.5,0.29,29.78,30.1,0
1779285606600,198,GND-VEH-01,815.1,19.05,21.28,2.23,12.82,27.4,0.910,1,1,42.6,0.22,29.77,30.0,0
1779285606633,199,PERSON-01,619.1,18.94,21.26,2.32,13.41,28.3,0.938,1,1,42.0,0.28,29.82,30.0,0
1779285606667,200,UAS-01,381.2,19.15,21.60,2.45,13.17,28.8,0.901,1,1,42.0,0.02,30.17,30.1,0
1779285606700,201,UAS-02,664.6,19.30,21.66,2.36,13.47,27.6,0.218,0,0,43.0,0.00,30.12,30.0,0
1779285606733,202,GND-VEH-01,604.9,19.16,21.27,2.10,13.07,28.3,0.907,1,1,44.9,0.46,30.15,29.9,0
1779285606767,203,PERSON-01,544.1,19.00,21.32,2.32,13.40,27.2,0.926,1,1,43.3,0.83,30.04,30.0,0
1779285606800,204,UAS-01,357.7,19.06,21.19,2.13,13.01,28.5,0.931,1,1,43.6,0.71,29.73,30.1,0
1779285606833,205,UAS-02,733.2,18.86,21.04,2.19,13.60,27.0,0.969,1,1,44.9,0.49,29.81,30.0,0
1779285606867,206,GND-VEH-01,324.7,19.20,21.75,2.55,13.14,29.8,0.220,0,0,42.6,0.00,29.65,30.0,0
1779285606900,207,PERSON-01,306.5,18.96,21.40,2.44,12.75,28.8,0.882,1,1,42.5,0.39,30.16,29.9,0
1779285606933,208,UAS-01,450.5,19.10,21.56,2.46,13.15,27.0,0.951,1,1,42.7,0.27,30.50,22.4,1
1779285606967,209,UAS-02,349.8,18.92,21.13,2.22,12.89,26.9,0.221,0,0,42.0,0.00,30.40,29.9,0
1779285607000,210,GND-VEH-01,301.3,18.89,21.22,2.33,13.14,29.4,0.916,1,1,42.0,1.00,29.85,29.9,0
1779285607033,211,PERSON-01,348.0,19.03,21.35,2.32,13.45,28.6,0.960,1,1,43.5,0.24,30.23,30.1,0
1779285607067,212,UAS-01,370.5,18.99,21.47,2.48,13.10,28.3,0.940,1,1,45.0,0.14,29.61,30.0,0
1779285607100,213,UAS-02,448.8,18.74,20.93,2.19,13.38,27.8,0.943,1,1,45.8,0.13,30.27,30.0,0
1779285607133,214,GND-VEH-01,653.4,19.01,21.24,2.22,12.87,28.8,0.890,1,1,42.0,0.04,30.41,29.9,0
1779285607167,215,PERSON-01,301.3,18.94,21.45,2.52,14.37,27.3,0.990,1,1,42.5,0.76,29.96,30.0,0
1779285607200,216,UAS-01,453.2,19.23,21.46,2.23,13.62,27.6,0.954,1,1,181.5,0.14,29.87,30.0,0
1779285607233,217,UAS-02,602.2,18.98,21.29,2.31,12.69,28.4,0.864,1,1,42.0,0.25,30.26,30.0,0
1779285607267,218,GND-VEH-01,451.7,18.92,21.07,2.15,12.18,28.2,0.820,1,1,43.0,0.11,30.37,29.9,0
1779285607300,219,PERSON-01,884.6,19.10,21.15,2.05,12.81,27.6,0.904,1,1,42.0,0.69,29.90,29.9,0
1779285607333,220,UAS-01,659.8,19.03,21.38,2.35,13.19,29.1,0.921,1,1,42.0,0.12,30.32,30.0,0
1779285607367,221,UAS-02,483.7,19.24,21.66,2.42,13.11,27.7,0.911,1,1,42.0,0.49,30.06,29.9,0
1779285607400,222,GND-VEH-01,426.9,19.08,21.41,2.33,13.54,26.8,0.950,1,1,42.0,0.09,29.81,30.0,0
1779285607433,223,PERSON-01,870.2,19.30,21.25,1.95,12.85,27.8,0.910,1,1,42.0,0.39,30.14,30.0,0
1779285607467,224,UAS-01,369.0,18.94,21.04,2.10,12.95,27.3,0.891,1,1,42.8,0.31,30.60,30.0,0
1779285607500,225,UAS-02,525.9,19.08,21.65,2.58,13.41,27.9,0.923,1,1,44.8,0.13,30.22,30.2,0
1779285607533,226,GND-VEH-01,733.5,19.31,21.61,2.30,13.02,29.5,0.925,1,1,42.0,0.59,30.17,30.0,0
1779285607567,227,PERSON-01,348.4,18.94,21.50,2.55,14.00,27.6,0.990,1,1,42.8,0.65,30.35,30.0,0
1779285607600,228,UAS-01,482.1,18.94,21.40,2.46,13.27,28.0,0.914,1,1,42.0,0.37,30.18,30.1,0
1779285607633,229,UAS-02,365.1,19.04,21.16,2.12,13.30,27.6,0.942,1,1,44.9,0.09,30.49,30.1,0
1779285607667,230,GND-VEH-01,375.4,19.28,21.64,2.36,13.79,27.4,0.990,1,1,42.0,0.36,30.40,30.1,0
1779285607700,231,PERSON-01,303.9,18.84,21.07,2.24,12.71,29.3,0.904,1,1,42.0,0.59,30.41,30.1,0
1779285607733,232,UAS-01,625.7,18.80,21.30,2.50,13.95,26.9,0.975,1,1,42.6,0.77,30.42,30.1,0
1779285607767,233,UAS-02,593.0,19.19,21.62,2.43,13.29,28.3,0.971,1,1,42.0,0.28,30.42,30.0,0
1779285607800,234,GND-VEH-01,609.5,19.16,21.44,2.28,13.24,27.8,0.914,1,1,42.0,0.38,30.19,30.0,0
1779285607833,235,PERSON-01,547.3,19.18,21.81,2.64,13.80,29.5,0.985,1,1,42.0,0.42,30.38,30.1,0
1779285607867,236,UAS-01,473.9,18.82,21.33,2.50,13.14,29.2,0.898,1,1,42.0,0.23,30.13,29.9,0
1779285607900,237,UAS-02,843.4,19.24,21.46,2.22,13.19,29.5,0.923,1,1,42.3,0.09,30.41,30.0,0
1779285607933,238,GND-VEH-01,346.8,19.05,21.47,2.41,13.43,28.7,0.929,1,1,44.7,0.43,30.23,20.7,1
1779285607967,239,PERSON-01,390.1,19.05,21.43,2.38,13.85,27.8,0.183,0,0,42.0,0.00,30.62,30.0,0
1779285608000,240,UAS-01,338.1,19.05,21.52,2.47,14.06,28.4,0.990,1,1,42.0,0.31,30.86,29.9,0
1779285608033,241,UAS-02,463.5,18.91,21.35,2.44,14.18,26.9,0.990,1,1,42.0,0.45,30.13,30.0,0
1779285608067,242,GND-VEH-01,733.8,18.98,21.26,2.28,13.08,29.3,0.929,1,1,42.0,0.11,30.38,30.1,0
1779285608100,243,PERSON-01,656.2,18.99,21.19,2.20,12.86,27.9,0.933,1,1,42.0,0.72,30.60,29.9,0
1779285608133,244,UAS-01,319.6,19.17,21.29,2.12,12.91,27.2,0.920,1,1,42.0,0.53,30.71,30.0,0
1779285608167,245,UAS-02,504.4,19.20,21.47,2.26,13.31,27.2,0.151,0,0,42.0,0.00,30.15,30.0,0
1779285608200,246,GND-VEH-01,829.3,19.12,21.47,2.35,13.92,26.7,0.990,1,1,42.0,1.06,30.17,23.6,1
1779285608233,247,PERSON-01,346.6,18.94,21.13,2.18,12.87,28.1,0.925,1,1,42.0,0.15,30.76,30.1,0
1779285608267,248,UAS-01,328.1,18.96,21.33,2.37,12.89,28.7,0.917,1,1,42.0,0.13,30.61,29.9,0
1779285608300,249,UAS-02,334.0,19.01,21.56,2.55,13.96,27.3,0.990,1,1,42.0,0.21,30.76,29.9,0
1779285608333,250,GND-VEH-01,801.5,18.99,20.96,1.97,13.11,27.0,0.912,1,1,44.6,0.04,31.04,23.6,1
1779285608367,251,PERSON-01,442.2,19.14,21.57,2.43,13.22,29.5,0.968,1,1,42.0,0.38,29.97,30.1,0
1779285608400,252,UAS-01,439.3,19.05,21.56,2.50,13.63,27.8,0.973,1,1,43.1,0.97,30.53,19.6,1
1779285608433,253,UAS-02,320.9,19.01,21.20,2.20,12.84,28.2,0.891,1,1,42.0,0.46,30.23,29.8,0
1779285608467,254,GND-VEH-01,662.4,19.03,21.36,2.33,13.61,29.4,0.984,1,1,42.7,0.09,30.72,29.9,0
1779285608500,255,PERSON-01,319.5,18.99,21.32,2.33,13.31,28.2,0.942,1,1,42.0,0.02,30.69,30.1,0
1779285608533,256,UAS-01,652.7,18.94,21.28,2.34,13.51,28.3,0.973,1,1,42.0,0.83,30.66,29.9,0
1779285608567,257,UAS-02,571.0,18.86,21.14,2.28,12.89,28.1,0.868,1,1,45.0,0.58,30.72,30.0,0
1779285608600,258,GND-VEH-01,509.1,18.97,21.27,2.30,12.99,26.9,0.169,0,0,42.0,0.00,30.85,30.2,0
1779285608633,259,PERSON-01,667.2,18.88,21.27,2.39,13.75,28.4,0.961,1,1,42.1,0.43,30.32,30.1,0
1779285608667,260,UAS-01,565.6,18.98,21.17,2.19,13.84,28.2,0.979,1,1,44.2,0.79,30.41,30.1,0
1779285608700,261,UAS-02,641.9,19.12,21.11,1.99,13.63,26.9,0.964,1,1,42.3,0.86,30.43,30.0,0
1779285608733,262,GND-VEH-01,584.8,18.87,21.44,2.57,14.25,27.9,0.990,1,1,42.0,0.69,30.60,30.1,0
1779285608767,263,PERSON-01,600.3,18.81,21.00,2.19,12.93,27.6,0.907,1,1,42.0,0.65,30.56,30.0,0
1779285608800,264,UAS-01,313.4,18.82,21.44,2.62,14.34,27.5,0.981,1,1,42.2,0.50,30.59,30.0,0
1779285608833,265,UAS-02,377.7,19.12,21.59,2.47,12.69,27.5,0.913,1,1,42.0,0.81,30.82,30.1,0
1779285608867,266,GND-VEH-01,745.7,19.07,21.36,2.29,13.60,28.3,0.958,1,1,42.0,0.12,30.98,30.0,0
1779285608900,267,PERSON-01,340.5,19.06,21.38,2.32,13.26,28.4,0.943,1,1,42.0,0.51,30.52,30.1,0
1779285608933,268,UAS-01,454.6,18.97,21.51,2.54,13.50,29.5,0.939,1,1,43.3,0.81,30.59,29.9,0
1779285608967,269,UAS-02,329.7,19.02,21.55,2.53,13.83,27.6,0.990,1,1,42.0,0.58,30.43,30.0,0
1779285609000,270,GND-VEH-01,505.9,18.89,21.20,2.32,13.31,29.5,0.917,1,1,42.0,0.03,30.74,30.0,0
1779285609033,271,PERSON-01,632.1,18.81,20.88,2.07,12.33,27.4,0.176,0,0,43.3,0.00,30.78,30.0,0
1779285609067,272,UAS-01,658.2,19.08,21.35,2.27,13.82,28.5,0.980,1,1,42.0,0.39,30.64,29.8,0
1779285609100,273,UAS-02,682.4,19.00,21.14,2.14,13.85,28.5,0.978,1,1,42.0,0.38,30.26,30.0,0
1779285609133,274,GND-VEH-01,399.8,19.15,21.53,2.38,13.60,27.7,0.960,1,1,45.0,0.41,31.15,30.0,0
1779285609167,275,PERSON-01,472.4,18.93,21.02,2.09,13.08,27.8,0.926,1,1,42.1,0.51,30.62,30.2,0
1779285609200,276,UAS-01,452.7,18.90,21.05,2.15,13.55,28.5,0.940,1,1,42.0,0.72,30.96,30.0,0
1779285609233,277,UAS-02,447.4,19.01,21.49,2.48,13.78,28.5,0.982,1,1,42.0,0.94,30.99,30.0,0
1779285609267,278,GND-VEH-01,515.4,19.03,21.48,2.46,13.23,28.0,0.941,1,1,42.0,0.58,30.47,29.9,0
1779285609300,279,PERSON-01,441.4,18.72,21.13,2.42,13.25,28.3,0.193,0,0,44.1,0.00,30.60,29.9,0
1779285609333,280,UAS-01,329.9,18.90,21.07,2.17,12.63,26.3,0.897,1,1,42.0,0.07,30.71,30.1,0
1779285609367,281,UAS-02,311.6,18.84,21.55,2.72,13.98,28.0,0.990,1,1,46.4,0.10,30.71,29.9,0
1779285609400,282,GND-VEH-01,514.6,18.83,21.40,2.57,13.84,28.6,0.989,1,1,43.2,0.11,30.62,30.0,0
1779285609433,283,PERSON-01,333.4,19.12,21.40,2.28,13.70,28.2,0.963,1,1,42.0,0.13,30.84,30.1,0
1779285609467,284,UAS-01,645.5,18.88,21.47,2.60,13.78,27.5,0.983,1,1,45.6,0.80,31.21,29.9,0
1779285609500,285,UAS-02,672.0,18.99,20.98,1.99,12.23,28.8,0.845,1,1,42.0,0.27,30.59,30.0,0
1779285609533,286,GND-VEH-01,529.0,18.94,21.41,2.47,13.68,28.0,0.964,1,1,42.0,0.59,31.27,30.0,0
1779285609567,287,PERSON-01,348.3,19.08,21.58,2.50,13.16,27.4,0.236,0,0,42.6,0.00,30.44,21.1,1
1779285609600,288,UAS-01,697.2,18.72,20.84,2.13,12.77,27.1,0.902,1,1,43.1,0.14,30.97,29.8,0
1779285609633,289,UAS-02,636.0,19.16,21.25,2.09,13.26,28.2,0.927,1,1,42.0,0.15,30.92,29.9,0
1779285609667,290,GND-VEH-01,456.2,19.09,21.75,2.66,13.98,26.8,0.982,1,1,42.0,0.50,30.77,30.1,0
1779285609700,291,PERSON-01,732.1,19.14,21.33,2.19,13.38,28.4,0.960,1,1,42.2,0.04,31.03,29.8,0
1779285609733,292,UAS-01,492.5,19.02,21.43,2.41,13.55,26.3,0.961,1,1,42.0,0.56,30.91,30.0,0
1779285609767,293,UAS-02,349.1,18.83,20.96,2.13,12.67,28.2,0.887,1,1,42.0,0.36,31.04,30.0,0
1779285609800,294,GND-VEH-01,386.1,19.09,21.69,2.61,13.97,27.1,0.982,1,1,42.4,0.48,30.69,30.0,0
1779285609833,295,PERSON-01,410.6,18.91,21.37,2.47,13.42,27.3,0.245,0,0,44.5,0.00,30.70,30.1,0
1779285609867,296,UAS-01,676.4,18.86,21.10,2.24,13.14,27.7,0.936,1,1,42.0,0.42,31.01,30.0,0
1779285609900,297,UAS-02,885.6,19.10,21.43,2.33,13.37,28.2,0.983,1,1,42.0,0.17,31.22,19.5,1
1779285609933,298,GND-VEH-01,336.0,18.82,21.43,2.61,13.95,28.4,0.990,1,1,43.2,0.49,31.21,29.9,0
1779285609967,299,PERSON-01,916.9,19.01,21.19,2.18,13.29,26.8,0.970,1,1,44.6,0.09,30.83,30.0,0
1779285610000,300,UAS-01,656.4,19.12,21.46,2.34,13.57,28.5,0.988,1,1,43.1,0.21,31.00,29.9,0
1779285610033,301,UAS-02,417.8,19.19,21.46,2.28,13.00,27.7,0.924,1,1,43.3,0.78,30.94,30.0,0
1779285610067,302,GND-VEH-01,415.7,18.87,21.07,2.20,13.26,28.7,0.938,1,1,43.1,0.81,30.92,30.1,0
1779285610100,303,PERSON-01,569.7,19.02,21.06,2.03,12.43,28.6,0.866,1,1,42.5,0.23,30.71,30.0,0
1779285610133,304,UAS-01,406.9,19.17,21.73,2.56,13.73,27.4,0.983,1,1,44.4,0.43,30.73,29.9,0
1779285610167,305,UAS-02,845.0,18.94,20.84,1.90,12.09,30.0,0.835,1,1,45.3,0.11,30.89,29.9,0
1779285610200,306,GND-VEH-01,460.2,19.03,21.26,2.22,12.82,28.5,0.897,1,1,44.2,0.18,31.07,30.1,0
1779285610233,307,PERSON-01,336.2,18.93,21.27,2.34,13.02,27.3,0.931,1,1,42.0,0.14,31.00,30.0,0
1779285610267,308,UAS-01,434.4,18.96,21.13,2.18,13.28,26.6,0.946,1,1,42.0,0.15,30.82,30.0,0
1779285610300,309,UAS-02,615.4,19.21,21.40,2.19,12.90,27.2,0.919,1,1,42.0,0.35,31.02,29.9,0
1779285610333,310,GND-VEH-01,540.5,19.17,21.73,2.56,13.97,27.4,0.990,1,1,42.0,0.29,31.48,29.9,0
1779285610367,311,PERSON-01,305.5,19.05,21.64,2.59,13.29,27.8,0.934,1,1,42.9,0.78,30.85,30.0,0
1779285610400,312,UAS-01,365.3,19.19,21.42,2.23,13.58,29.2,0.990,1,1,43.7,0.82,31.58,30.1,0
1779285610433,313,UAS-02,337.9,19.03,21.57,2.54,13.51,27.6,0.963,1,1,42.0,0.29,30.95,30.1,0
1779285610467,314,GND-VEH-01,664.8,18.97,21.23,2.26,13.22,28.7,0.936,1,1,42.0,0.38,30.91,30.1,0
1779285610500,315,PERSON-01,827.1,19.24,21.67,2.44,12.99,28.6,0.948,1,1,42.0,0.25,31.31,30.0,0
1779285610533,316,UAS-01,455.6,18.84,21.22,2.38,12.83,28.9,0.910,1,1,42.0,0.26,31.38,30.2,0
1779285610567,317,UAS-02,527.0,19.02,21.45,2.43,13.00,28.4,0.897,1,1,42.7,0.53,31.08,30.1,0
1779285610600,318,GND-VEH-01,554.5,19.15,21.31,2.16,12.62,28.1,0.886,1,1,42.0,0.80,31.06,29.9,0
1779285610633,319,PERSON-01,462.1,18.83,21.28,2.45,13.25,27.8,0.937,1,1,43.2,0.24,31.58,30.1,0
1779285610667,320,UAS-01,494.5,18.96,21.37,2.41,13.86,27.5,0.974,1,1,43.4,0.08,31.32,30.0,0
1779285610700,321,UAS-02,638.3,19.20,21.55,2.35,13.11,26.8,0.182,0,0,42.0,0.00,31.28,30.0,0
1779285610733,322,GND-VEH-01,706.6,19.19,21.40,2.21,12.87,28.2,0.225,0,0,43.8,0.00,30.86,29.9,0
1779285610767,323,PERSON-01,333.4,19.10,21.30,2.20,13.06,27.3,0.922,1,1,43.3,0.11,31.59,30.0,0
1779285610800,324,UAS-01,575.5,19.04,20.95,1.91,13.09,28.1,0.930,1,1,42.0,0.73,31.55,30.0,0
1779285610833,325,UAS-02,704.0,19.18,20.96,1.78,12.90,26.4,0.935,1,1,42.0,0.00,31.19,30.1,0
1779285610867,326,GND-VEH-01,352.2,19.05,21.29,2.24,12.94,28.0,0.921,1,1,43.1,0.28,31.26,30.0,0
1779285610900,327,PERSON-01,421.7,18.85,20.91,2.07,13.51,27.1,0.954,1,1,44.7,0.02,31.37,30.0,0
1779285610933,328,UAS-01,491.1,19.06,21.38,2.32,13.19,28.5,0.171,0,0,43.0,0.00,31.38,30.1,0
1779285610967,329,UAS-02,358.5,19.15,22.02,2.87,14.72,27.2,0.990,1,1,42.8,0.49,31.06,30.1,0
1779285611000,330,GND-VEH-01,593.3,19.20,21.42,2.22,12.91,27.9,0.915,1,1,42.0,0.35,31.81,30.0,0
1779285611033,331,PERSON-01,503.1,18.99,21.44,2.45,13.08,28.3,0.936,1,1,45.1,0.64,31.06,30.1,0
1779285611067,332,UAS-01,389.3,19.23,21.57,2.34,13.19,27.8,0.950,1,1,42.0,0.34,31.41,30.0,0
1779285611100,333,UAS-02,389.9,18.82,21.03,2.20,12.53,28.3,0.881,1,1,44.4,0.61,31.17,30.0,0
1779285611133,334,GND-VEH-01,998.7,19.05,21.11,2.05,12.82,28.7,0.885,1,1,42.8,0.59,31.42,30.0,0
1779285611167,335,PERSON-01,323.5,19.25,21.71,2.45,13.36,26.7,0.912,1,1,43.6,0.28,30.84,30.0,0
1779285611200,336,UAS-01,568.1,18.82,21.18,2.36,13.67,28.2,0.974,1,1,43.0,0.95,31.45,30.0,0
1779285611233,337,UAS-02,302.0,18.99,21.61,2.61,13.56,29.1,0.930,1,1,42.6,0.47,31.49,30.1,0
1779285611267,338,GND-VEH-01,578.3,18.94,21.17,2.23,13.59,27.9,0.965,1,1,42.8,1.15,31.14,29.9,0
1779285611300,339,PERSON-01,491.0,19.02,21.34,2.32,13.86,27.6,0.988,1,1,42.0,0.66,31.53,29.9,0
1779285611333,340,UAS-01,563.9,19.11,21.37,2.26,12.85,29.0,0.899,1,1,42.0,0.51,31.27,30.0,0
1779285611367,341,UAS-02,429.7,19.07,21.50,2.43,12.65,27.9,0.884,1,1,42.0,0.71,31.21,29.9,0
1779285611400,342,GND-VEH-01,315.5,19.18,21.94,2.76,13.91,27.3,0.967,1,1,42.0,0.40,31.26,29.9,0
1779285611433,343,PERSON-01,456.9,19.00,21.13,2.13,13.44,28.6,0.952,1,1,42.0,0.09,31.30,30.1,0
1779285611467,344,UAS-01,649.0,18.98,21.16,2.18,12.35,29.1,0.874,1,1,44.0,0.63,31.52,30.1,0
1779285611500,345,UAS-02,632.0,18.66,20.66,2.00,12.54,29.1,0.903,1,1,45.2,0.50,31.53,30.0,0
1779285611533,346,GND-VEH-01,415.1,19.01,21.61,2.60,13.81,27.3,0.969,1,1,42.4,0.54,31.36,30.0,0
1779285611567,347,PERSON-01,302.6,19.12,21.41,2.29,13.19,27.6,0.926,1,1,44.6,0.11,31.49,29.9,0
1779285611600,348,UAS-01,655.8,18.77,21.11,2.34,13.25,27.7,0.235,0,0,42.0,0.00,31.65,30.0,0
1779285611633,349,UAS-02,496.1,19.09,21.58,2.50,13.39,27.6,0.942,1,1,42.0,0.21,31.31,29.9,0
1779285611667,350,GND-VEH-01,305.8,18.78,21.37,2.59,13.79,28.8,0.989,1,1,43.8,0.15,31.49,30.0,0
1779285611700,351,PERSON-01,605.1,19.00,21.07,2.07,12.52,28.3,0.874,1,1,45.0,0.24,31.53,30.0,0
1779285611733,352,UAS-01,386.0,18.88,21.18,2.30,13.29,28.2,0.926,1,1,157.8,0.01,31.38,19.6,1
1779285611767,353,UAS-02,906.8,18.94,21.28,2.34,13.48,29.7,0.940,1,1,42.9,0.26,31.23,29.9,0
1779285611800,354,GND-VEH-01,509.0,18.81,20.85,2.04,13.04,28.3,0.903,1,1,42.8,0.46,31.46,30.0,0
1779285611833,355,PERSON-01,396.3,19.19,21.39,2.20,13.01,26.8,0.911,1,1,42.0,0.90,31.58,30.1,0
1779285611867,356,UAS-01,425.6,18.87,21.26,2.39,12.88,27.4,0.907,1,1,42.8,0.06,31.55,30.0,0
1779285611900,357,UAS-02,300.9,18.91,21.06,2.15,12.83,27.0,0.888,1,1,42.0,0.29,31.95,30.0,0
1779285611933,358,GND-VEH-01,334.0,19.29,21.75,2.46,12.94,28.6,0.905,1,1,42.0,0.08,31.13,30.0,0
1779285611967,359,PERSON-01,586.2,19.12,21.38,2.26,13.37,27.8,0.933,1,1,42.9,0.16,31.31,30.0,0
1779285612000,360,UAS-01,607.5,19.14,21.52,2.39,13.42,27.6,0.950,1,1,42.0,0.01,31.89,29.8,0
1779285612033,361,UAS-02,487.0,19.17,21.57,2.39,13.71,28.1,0.939,1,1,42.0,0.03,31.58,29.9,0
1779285612067,362,GND-VEH-01,306.8,18.82,20.98,2.16,12.83,28.2,0.166,0,0,42.0,0.00,31.59,30.0,0
1779285612100,363,PERSON-01,419.6,18.92,21.05,2.13,13.06,27.6,0.912,1,1,42.0,0.42,31.46,29.9,0
1779285612133,364,UAS-01,668.5,18.76,20.70,1.94,12.09,29.1,0.171,0,0,44.9,0.00,31.47,30.0,0
1779285612167,365,UAS-02,365.1,18.99,21.49,2.49,13.79,27.1,0.984,1,1,44.1,0.94,31.70,29.9,0
1779285612200,366,GND-VEH-01,444.1,19.27,21.96,2.68,13.51,27.8,0.971,1,1,42.6,1.09,31.82,29.8,0
1779285612233,367,PERSON-01,591.5,19.15,21.37,2.23,12.76,29.5,0.887,1,1,42.0,0.35,31.60,29.9,0
1779285612267,368,UAS-01,488.7,18.78,20.83,2.05,13.01,28.1,0.912,1,1,44.1,0.41,31.87,30.0,0
1779285612300,369,UAS-02,381.0,18.94,21.58,2.64,13.54,29.6,0.956,1,1,42.0,0.46,31.87,30.0,0
1779285612333,370,GND-VEH-01,800.5,18.84,21.07,2.23,12.45,27.2,0.880,1,1,42.0,0.20,31.99,30.1,0
1779285612367,371,PERSON-01,352.7,19.26,21.54,2.28,13.07,27.7,0.916,1,1,43.7,0.14,32.13,29.9,0
1779285612400,372,UAS-01,365.3,19.13,21.23,2.10,12.68,27.9,0.895,1,1,42.2,0.21,31.66,30.0,0
1779285612433,373,UAS-02,479.2,18.89,21.06,2.17,13.17,27.7,0.921,1,1,42.0,0.52,32.28,30.1,0
1779285612467,374,GND-VEH-01,563.3,18.87,21.03,2.16,13.09,27.3,0.928,1,1,42.0,0.20,32.02,30.1,0
1779285612500,375,PERSON-01,672.0,18.96,21.09,2.13,13.49,28.1,0.929,1,1,42.5,0.18,31.83,30.0,0
1779285612533,376,UAS-01,681.5,19.08,21.40,2.32,13.01,28.1,0.901,1,1,42.0,0.03,31.61,30.0,0
1779285612567,377,UAS-02,686.4,18.95,21.44,2.49,13.89,28.7,0.980,1,1,44.5,0.32,31.76,30.1,0
1779285612600,378,GND-VEH-01,367.7,19.24,21.52,2.28,13.85,26.8,0.990,1,1,42.0,0.61,31.96,29.9,0
1779285612633,379,PERSON-01,451.9,18.96,21.20,2.24,12.52,29.1,0.894,1,1,42.0,0.53,31.35,30.1,0
1779285612667,380,UAS-01,703.6,18.77,21.15,2.38,14.13,27.8,0.990,1,1,42.0,0.21,31.64,30.0,0
1779285612700,381,UAS-02,643.6,19.03,21.45,2.42,13.47,26.9,0.953,1,1,42.0,0.26,32.12,30.0,0
1779285612733,382,GND-VEH-01,317.0,18.97,21.29,2.32,13.05,28.9,0.905,1,1,42.0,0.49,31.81,30.0,0
1779285612767,383,PERSON-01,353.3,18.87,21.42,2.55,14.23,27.5,0.976,1,1,42.0,0.52,31.98,30.0,0
1779285612800,384,UAS-01,744.3,19.00,21.49,2.49,13.14,28.3,0.946,1,1,43.8,0.21,32.15,29.9,0
1779285612833,385,UAS-02,321.7,18.99,21.62,2.63,13.20,28.3,0.922,1,1,43.1,0.05,31.83,30.0,0
1779285612867,386,GND-VEH-01,513.1,19.20,21.64,2.43,12.83,27.7,0.914,1,1,42.0,0.16,31.82,30.0,0
1779285612900,387,PERSON-01,779.7,18.89,21.27,2.39,13.72,26.9,0.968,1,1,171.7,0.50,31.96,23.0,1
1779285612933,388,UAS-01,786.2,18.70,21.18,2.48,13.83,27.4,0.967,1,1,42.8,0.28,31.56,30.0,0
1779285612967,389,UAS-02,663.8,19.12,21.26,2.15,13.27,27.7,0.928,1,1,42.1,0.36,31.89,29.9,0
1779285613000,390,GND-VEH-01,612.1,19.04,21.49,2.45,12.83,27.6,0.150,0,0,42.0,0.00,31.99,30.0,0
1779285613033,391,PERSON-01,454.5,18.88,21.20,2.32,13.38,27.5,0.931,1,1,43.9,0.06,31.64,30.1,0
1779285613067,392,UAS-01,670.6,18.97,21.31,2.34,13.00,27.0,0.907,1,1,42.0,0.00,31.77,30.0,0
1779285613100,393,UAS-02,361.0,19.03,21.95,2.91,13.92,27.4,0.990,1,1,42.5,0.23,31.88,30.0,0
1779285613133,394,GND-VEH-01,595.7,19.11,21.39,2.29,12.30,28.0,0.885,1,1,43.3,0.67,32.03,30.0,0
1779285613167,395,PERSON-01,392.8,18.82,21.43,2.61,13.62,27.0,0.973,1,1,43.5,0.15,32.02,30.0,0
1779285613200,396,UAS-01,579.8,18.90,21.32,2.41,12.97,28.5,0.197,0,0,42.0,0.00,31.71,29.9,0
1779285613233,397,UAS-02,334.2,18.93,21.58,2.65,13.58,28.0,0.983,1,1,42.1,0.44,31.87,30.2,0
1779285613267,398,GND-VEH-01,315.3,18.92,21.36,2.44,13.47,26.9,0.983,1,1,42.8,0.13,31.85,30.0,0
1779285613300,399,PERSON-01,619.4,19.03,21.19,2.16,12.51,28.8,0.874,1,1,42.0,0.34,32.22,30.2,0
1779285613333,400,UAS-01,476.8,19.01,21.55,2.54,13.15,27.3,0.923,1,1,42.0,0.15,31.75,30.0,0
1779285613367,401,UAS-02,616.7,19.05,21.09,2.04,12.99,26.8,0.188,0,0,43.8,0.00,31.97,29.9,0
1779285613400,402,GND-VEH-01,620.7,18.95,21.09,2.14,12.05,29.3,0.860,1,1,109.8,0.17,32.28,30.1,0
1779285613433,403,PERSON-01,330.7,18.66,21.44,2.78,14.41,26.9,0.990,1,1,42.0,0.37,31.75,29.9,0
1779285613467,404,UAS-01,445.0,19.14,21.82,2.68,13.65,26.0,0.982,1,1,42.0,0.46,31.64,29.9,0
1779285613500,405,UAS-02,320.3,18.79,21.03,2.24,13.27,28.2,0.947,1,1,42.0,0.30,32.01,30.1,0
1779285613533,406,GND-VEH-01,397.4,18.91,21.48,2.57,13.90,28.3,0.968,1,1,42.7,1.20,31.85,30.0,0
1779285613567,407,PERSON-01,431.7,18.96,21.45,2.49,13.32,27.6,0.932,1,1,42.6,0.30,31.75,29.9,0
1779285613600,408,UAS-01,471.7,19.28,21.34,2.06,13.04,27.3,0.917,1,1,43.7,0.71,32.35,30.2,0
1779285613633,409,UAS-02,974.3,19.10,21.25,2.14,13.42,28.4,0.931,1,1,42.0,0.33,31.88,30.2,0
1779285613667,410,GND-VEH-01,323.6,19.20,21.93,2.73,13.54,28.5,0.949,1,1,43.4,0.01,32.23,30.0,0
1779285613700,411,PERSON-01,571.6,18.94,20.97,2.04,12.34,27.1,0.866,1,1,42.8,0.06,32.28,30.2,0
1779285613733,412,UAS-01,416.7,18.89,21.15,2.26,13.41,27.0,0.951,1,1,42.4,0.17,32.05,30.0,0
1779285613767,413,UAS-02,452.5,18.83,20.84,2.01,12.48,29.6,0.190,0,0,42.0,0.00,32.17,30.0,0
1779285613800,414,GND-VEH-01,527.1,19.31,21.73,2.42,13.44,27.8,0.931,1,1,43.7,1.20,32.32,30.1,0
1779285613833,415,PERSON-01,691.7,18.96,21.33,2.37,13.11,28.8,0.936,1,1,42.0,0.35,32.46,30.1,0
1779285613867,416,UAS-01,401.4,19.10,21.43,2.33,12.59,28.1,0.887,1,1,42.0,0.17,32.42,30.0,0
1779285613900,417,UAS-02,422.5,19.20,21.67,2.47,13.44,29.0,0.950,1,1,42.7,0.13,32.54,29.9,0
1779285613933,418,GND-VEH-01,623.1,19.29,21.30,2.01,12.74,28.0,0.890,1,1,42.6,0.11,32.18,29.9,0
1779285613967,419,PERSON-01,331.9,18.95,21.56,2.61,13.52,28.8,0.956,1,1,42.0,1.05,31.98,19.0,1
1779285614000,420,UAS-01,882.4,19.05,21.44,2.39,13.17,29.6,0.930,1,1,42.0,0.70,32.04,30.0,0
1779285614033,421,UAS-02,359.9,18.91,21.05,2.14,13.22,29.0,0.931,1,1,44.1,0.21,31.61,30.0,0
1779285614067,422,GND-VEH-01,468.6,18.82,21.42,2.60,13.08,28.1,0.919,1,1,42.0,0.07,32.34,30.0,0
1779285614100,423,PERSON-01,508.3,18.68,20.85,2.16,12.24,29.5,0.857,1,1,42.0,0.09,32.07,30.1,0
1779285614133,424,UAS-01,411.8,19.04,21.29,2.25,13.46,28.4,0.963,1,1,42.0,0.03,32.56,29.9,0
1779285614167,425,UAS-02,483.9,19.16,21.31,2.15,12.37,28.9,0.870,1,1,42.0,0.29,32.26,29.9,0
1779285614200,426,GND-VEH-01,408.1,19.24,21.63,2.38,13.68,27.2,0.984,1,1,42.0,0.61,32.36,29.9,0
1779285614233,427,PERSON-01,370.7,18.65,21.17,2.52,12.84,26.9,0.939,1,1,42.0,0.15,32.36,29.8,0
1779285614267,428,UAS-01,652.3,19.12,21.31,2.19,12.75,26.5,0.875,1,1,42.0,0.58,32.23,30.1,0
1779285614300,429,UAS-02,354.8,19.10,21.38,2.28,13.78,28.1,0.989,1,1,42.0,1.26,32.17,30.0,0
1779285614333,430,GND-VEH-01,352.3,18.94,21.59,2.66,13.38,29.6,0.934,1,1,112.3,0.15,31.70,30.0,0
1779285614367,431,PERSON-01,383.3,19.03,21.17,2.14,12.98,27.7,0.909,1,1,44.7,0.90,32.42,29.9,0
1779285614400,432,UAS-01,553.9,19.13,21.27,2.14,13.53,27.9,0.968,1,1,44.6,0.76,32.08,29.9,0
1779285614433,433,UAS-02,346.1,19.05,21.65,2.60,12.82,26.8,0.912,1,1,43.5,0.22,32.88,30.1,0
1779285614467,434,GND-VEH-01,446.9,19.09,21.57,2.48,13.46,27.6,0.931,1,1,42.4,0.08,32.08,30.0,0
1779285614500,435,PERSON-01,811.4,18.93,21.24,2.31,13.23,27.7,0.957,1,1,42.0,1.16,32.51,30.0,0
1779285614533,436,UAS-01,352.9,19.11,21.49,2.38,14.42,27.3,0.990,1,1,42.0,0.22,32.77,29.9,0
1779285614567,437,UAS-02,600.4,18.77,21.14,2.38,13.87,27.7,0.990,1,1,42.7,0.26,32.17,29.8,0
1779285614600,438,GND-VEH-01,326.4,19.04,21.46,2.42,13.87,27.8,0.985,1,1,42.0,0.00,32.49,30.1,0
1779285614633,439,PERSON-01,440.2,19.10,21.34,2.24,13.12,28.1,0.921,1,1,43.0,0.38,32.79,29.9,0
1779285614667,440,UAS-01,611.7,19.19,21.78,2.59,13.76,28.9,0.987,1,1,42.0,0.56,32.51,30.0,0
1779285614700,441,UAS-02,343.4,19.18,21.54,2.35,13.67,29.1,0.945,1,1,42.0,0.43,32.45,30.0,0
1779285614733,442,GND-VEH-01,359.8,18.89,21.61,2.73,14.44,27.5,0.990,1,1,42.0,0.54,32.38,30.1,0
1779285614767,443,PERSON-01,590.6,19.12,21.39,2.27,13.12,27.5,0.952,1,1,45.2,0.28,32.37,30.1,0
1779285614800,444,UAS-01,633.3,18.94,21.19,2.25,13.15,27.8,0.924,1,1,42.0,0.00,31.95,30.1,0
1779285614833,445,UAS-02,457.5,19.10,21.26,2.17,13.14,25.8,0.925,1,1,42.0,0.88,32.63,30.1,0
1779285614867,446,GND-VEH-01,389.1,19.25,21.69,2.44,13.22,28.9,0.218,0,0,43.1,0.00,32.73,30.0,0
1779285614900,447,PERSON-01,330.0,19.05,21.62,2.57,12.95,28.9,0.907,1,1,45.6,0.50,32.75,29.9,0
1779285614933,448,UAS-01,314.5,19.12,21.45,2.33,13.18,30.0,0.226,0,0,42.8,0.00,32.19,30.1,0
1779285614967,449,UAS-02,393.3,18.98,21.52,2.54,13.95,27.8,0.984,1,1,42.0,0.40,32.32,30.2,0
1779285615000,450,GND-VEH-01,358.5,19.03,21.49,2.47,13.87,28.5,0.990,1,1,42.0,0.72,32.60,30.1,0
1779285615033,451,PERSON-01,619.3,19.03,21.36,2.32,13.16,27.3,0.193,0,0,43.3,0.00,32.55,30.1,0
1779285615067,452,UAS-01,510.6,19.04,21.52,2.49,13.20,28.5,0.936,1,1,42.0,0.56,32.32,30.0,0
1779285615100,453,UAS-02,853.5,18.75,20.92,2.17,13.00,28.7,0.916,1,1,42.2,0.57,32.65,29.9,0
1779285615133,454,GND-VEH-01,437.4,18.90,21.30,2.40,12.69,28.6,0.893,1,1,43.3,0.88,32.31,30.0,0
1779285615167,455,PERSON-01,537.3,18.95,21.13,2.18,12.98,28.6,0.917,1,1,42.0,0.44,32.22,30.1,0
1779285615200,456,UAS-01,543.1,18.95,21.47,2.52,13.49,28.3,0.979,1,1,42.3,0.25,32.48,30.0,0
1779285615233,457,UAS-02,612.3,18.95,20.93,1.98,12.47,30.6,0.890,1,1,42.2,0.25,32.82,30.0,0
1779285615267,458,GND-VEH-01,511.6,19.21,21.42,2.22,12.95,28.8,0.917,1,1,42.0,0.60,32.85,30.0,0
1779285615300,459,PERSON-01,415.0,18.75,21.30,2.55,13.19,28.5,0.928,1,1,42.1,0.23,32.62,30.0,0
1779285615333,460,UAS-01,515.9,18.71,20.73,2.02,12.89,28.5,0.880,1,1,44.6,0.21,32.71,30.1,0
1779285615367,461,UAS-02,363.9,18.83,21.19,2.36,13.08,27.5,0.920,1,1,42.0,0.08,32.43,30.0,0
1779285615400,462,GND-VEH-01,661.7,18.87,20.88,2.02,13.13,28.4,0.909,1,1,42.3,0.06,32.82,29.9,0
1779285615433,463,PERSON-01,679.6,18.97,21.50,2.52,13.75,29.1,0.986,1,1,42.0,0.79,32.79,29.8,0
1779285615467,464,UAS-01,318.1,19.12,21.90,2.78,14.28,27.7,0.986,1,1,43.0,0.52,32.78,29.9,0
1779285615500,465,UAS-02,1057.1,19.07,21.11,2.05,13.22,26.8,0.935,1,1,43.2,0.15,32.50,29.9,0
1779285615533,466,GND-VEH-01,500.2,18.77,20.80,2.03,13.16,28.3,0.926,1,1,42.2,0.86,32.78,30.1,0
1779285615567,467,PERSON-01,402.2,18.96,21.46,2.50,13.64,29.3,0.946,1,1,43.4,0.89,33.03,29.9,0
1779285615600,468,UAS-01,509.1,18.71,21.02,2.32,12.49,28.8,0.861,1,1,42.0,0.53,32.45,29.9,0
1779285615633,469,UAS-02,678.4,19.21,21.83,2.61,13.40,27.7,0.944,1,1,43.2,0.51,32.48,29.9,0
1779285615667,470,GND-VEH-01,355.8,19.20,21.51,2.31,13.51,28.0,0.940,1,1,43.4,0.20,32.59,30.0,0
1779285615700,471,PERSON-01,588.9,18.95,21.34,2.39,13.77,27.4,0.980,1,1,42.0,0.78,32.76,29.9,0
1779285615733,472,UAS-01,744.7,18.84,20.89,2.05,12.78,25.8,0.878,1,1,42.4,0.16,32.97,29.9,0
1779285615767,473,UAS-02,405.2,19.07,21.51,2.44,13.82,28.7,0.981,1,1,42.9,0.65,32.68,19.4,1
1779285615800,474,GND-VEH-01,335.6,19.16,21.91,2.75,13.63,27.6,0.990,1,1,136.0,0.10,33.07,30.0,0
1779285615833,475,PERSON-01,474.9,19.07,21.13,2.05,12.34,27.9,0.839,1,1,42.0,0.03,32.87,30.2,0
1779285615867,476,UAS-01,354.3,19.08,21.26,2.19,12.89,29.0,0.926,1,1,43.8,0.35,32.99,30.0,0
1779285615900,477,UAS-02,379.0,18.89,21.40,2.50,13.52,27.9,0.969,1,1,42.0,0.21,32.74,30.1,0
1779285615933,478,GND-VEH-01,439.3,18.85,21.30,2.45,13.83,26.6,0.987,1,1,42.2,0.34,33.00,29.9,0
1779285615967,479,PERSON-01,746.2,19.03,21.29,2.26,13.26,27.5,0.948,1,1,42.8,0.49,32.47,30.0,0
1779285616000,480,UAS-01,435.7,19.09,21.46,2.37,13.83,27.3,0.985,1,1,42.5,0.12,33.16,30.2,0
1779285616033,481,UAS-02,502.4,19.09,21.44,2.35,13.67,28.5,0.976,1,1,43.6,0.23,32.53,30.1,0
1779285616067,482,GND-VEH-01,553.5,19.11,21.63,2.52,13.94,27.5,0.990,1,1,42.0,0.23,32.93,30.1,0
1779285616100,483,PERSON-01,540.7,18.97,21.28,2.31,12.45,29.3,0.869,1,1,42.0,0.30,32.99,29.8,0
1779285616133,484,UAS-01,305.5,18.91,21.46,2.55,13.20,28.4,0.951,1,1,42.0,0.04,32.95,30.0,0
1779285616167,485,UAS-02,433.3,18.96,21.44,2.48,14.09,27.3,0.990,1,1,44.7,0.78,32.91,30.0,0
1779285616200,486,GND-VEH-01,428.6,18.81,21.21,2.39,13.24,27.7,0.944,1,1,109.7,0.74,32.94,30.1,0
1779285616233,487,PERSON-01,368.6,18.90,21.57,2.67,14.33,29.5,0.990,1,1,42.0,0.12,32.66,29.9,0
1779285616267,488,UAS-01,318.9,18.76,20.96,2.20,12.95,27.6,0.902,1,1,42.0,0.54,32.49,30.0,0
1779285616300,489,UAS-02,525.1,18.90,21.10,2.20,13.27,27.3,0.948,1,1,42.0,0.11,32.71,29.9,0
1779285616333,490,GND-VEH-01,423.9,19.15,21.83,2.68,13.71,27.3,0.986,1,1,42.1,0.03,33.22,30.0,0
1779285616367,491,PERSON-01,420.8,18.95,21.23,2.28,13.49,27.3,0.927,1,1,42.0,0.66,32.64,30.0,0
1779285616400,492,UAS-01,599.2,18.92,21.34,2.41,12.47,28.9,0.847,1,1,42.0,0.81,32.93,30.1,0
1779285616433,493,UAS-02,736.6,19.22,21.29,2.07,12.17,29.4,0.851,1,1,43.0,0.62,32.57,29.9,0
1779285616467,494,GND-VEH-01,489.1,19.10,21.21,2.11,12.93,29.1,0.915,1,1,42.0,0.45,32.55,30.2,0
1779285616500,495,PERSON-01,315.0,18.95,21.43,2.48,13.22,29.3,0.913,1,1,43.2,0.55,33.06,30.1,0
1779285616533,496,UAS-01,615.3,19.02,21.34,2.32,14.12,26.8,0.985,1,1,42.0,0.12,32.97,30.1,0
1779285616567,497,UAS-02,412.2,19.20,21.67,2.47,13.61,28.5,0.960,1,1,42.4,0.32,32.98,23.8,1
1779285616600,498,GND-VEH-01,616.7,18.78,20.55,1.77,12.07,28.9,0.811,1,1,42.0,0.48,32.61,30.0,0
1779285616633,499,PERSON-01,428.7,18.96,21.36,2.39,13.49,28.7,0.197,0,0,42.0,0.00,32.65,30.0,0
1779285616667,500,UAS-01,616.6,18.88,20.73,1.85,12.83,26.9,0.898,1,1,42.9,0.97,32.58,30.1,0
1779285616700,501,UAS-02,380.4,18.93,21.31,2.39,13.59,27.7,0.973,1,1,42.0,0.24,32.89,30.1,0
1779285616733,502,GND-VEH-01,411.1,19.19,21.49,2.31,13.62,29.1,0.976,1,1,43.7,0.62,33.20,30.0,0
1779285616767,503,PERSON-01,586.4,18.98,21.29,2.31,13.35,28.7,0.966,1,1,44.8,1.14,33.28,29.9,0
1779285616800,504,UAS-01,646.7,19.00,21.33,2.32,13.67,28.4,0.971,1,1,44.7,0.57,33.20,30.0,0
1779285616833,505,UAS-02,364.0,19.03,21.50,2.47,13.14,27.5,0.941,1,1,44.2,0.88,33.13,30.0,0
1779285616867,506,GND-VEH-01,337.5,18.99,21.60,2.61,13.42,28.7,0.972,1,1,42.8,0.23,33.14,30.0,0
1779285616900,507,PERSON-01,570.2,18.80,20.78,1.98,12.82,27.7,0.204,0,0,43.6,0.00,32.95,30.1,0
1779285616933,508,UAS-01,533.8,18.91,21.61,2.70,12.99,28.6,0.901,1,1,42.0,0.35,33.06,30.0,0
1779285616967,509,UAS-02,424.5,19.05,21.21,2.16,12.93,27.6,0.228,0,0,42.0,0.00,33.17,30.0,0
1779285617000,510,GND-VEH-01,578.2,19.04,21.58,2.55,13.79,28.7,0.980,1,1,42.0,0.18,33.31,30.0,0
1779285617033,511,PERSON-01,760.5,18.98,21.13,2.16,12.35,29.9,0.844,1,1,42.3,0.32,33.26,30.0,0
1779285617067,512,UAS-01,367.7,18.74,21.10,2.36,13.12,28.6,0.948,1,1,42.0,0.03,33.43,23.9,1
1779285617100,513,UAS-02,413.5,19.17,21.61,2.43,13.99,27.7,0.975,1,1,42.2,0.27,33.15,30.0,0
1779285617133,514,GND-VEH-01,547.9,18.96,21.30,2.34,12.97,28.2,0.905,1,1,42.0,0.39,33.15,29.9,0
1779285617167,515,PERSON-01,500.5,19.03,21.39,2.36,12.74,28.9,0.873,1,1,42.0,0.02,33.24,29.9,0
1779285617200,516,UAS-01,366.7,18.76,20.98,2.21,13.63,28.6,0.256,0,0,42.3,0.00,33.41,30.0,0
1779285617233,517,UAS-02,722.5,19.03,21.34,2.32,12.77,28.0,0.890,1,1,42.0,0.56,32.89,30.1,0
1779285617267,518,GND-VEH-01,530.7,18.96,21.24,2.27,12.80,28.9,0.907,1,1,42.0,0.35,33.26,30.0,0
1779285617300,519,PERSON-01,317.7,19.06,21.39,2.32,13.31,27.0,0.943,1,1,42.0,0.41,33.36,30.2,0
1779285617333,520,UAS-01,493.3,19.00,21.22,2.21,13.18,26.7,0.927,1,1,114.7,0.06,33.10,30.2,0
1779285617367,521,UAS-02,647.2,18.88,21.02,2.14,13.51,28.3,0.973,1,1,42.0,0.01,32.95,30.0,0
1779285617400,522,GND-VEH-01,668.8,19.06,21.58,2.52,13.73,28.0,0.990,1,1,42.0,0.34,33.26,30.0,0
1779285617433,523,PERSON-01,491.2,18.98,21.39,2.41,13.64,27.2,0.954,1,1,43.2,0.16,33.70,30.0,0
1779285617467,524,UAS-01,766.7,18.78,20.76,1.99,13.31,29.0,0.930,1,1,43.3,0.20,33.29,29.9,0
1779285617500,525,UAS-02,649.5,18.83,20.87,2.03,12.92,28.4,0.871,1,1,42.0,0.29,33.33,30.1,0
1779285617533,526,GND-VEH-01,332.1,19.09,21.45,2.36,13.06,28.5,0.924,1,1,42.0,0.49,33.20,30.1,0
1779285617567,527,PERSON-01,485.7,18.97,21.46,2.49,14.57,27.6,0.990,1,1,43.5,0.15,33.50,30.0,0
1779285617600,528,UAS-01,796.9,19.31,21.29,1.98,13.07,26.3,0.927,1,1,42.0,0.24,33.36,30.0,0
1779285617633,529,UAS-02,462.5,19.16,21.64,2.49,13.43,26.5,0.174,0,0,44.5,0.00,33.53,29.9,0
1779285617667,530,GND-VEH-01,643.2,18.94,21.28,2.34,13.54,28.3,0.931,1,1,43.5,0.56,33.19,23.7,1
1779285617700,531,PERSON-01,356.2,18.96,21.63,2.67,13.86,26.3,0.990,1,1,43.0,0.32,33.38,30.0,0
1779285617733,532,UAS-01,369.2,19.11,21.67,2.56,13.45,28.0,0.966,1,1,42.0,0.44,33.15,30.0,0
1779285617767,533,UAS-02,395.7,19.05,21.44,2.39,14.15,27.2,0.990,1,1,42.0,0.15,33.46,29.9,0
1779285617800,534,GND-VEH-01,548.8,19.03,21.44,2.41,13.73,27.4,0.986,1,1,42.2,0.74,33.16,30.0,0
1779285617833,535,PERSON-01,351.2,18.90,21.66,2.76,14.05,27.8,0.990,1,1,43.4,0.68,33.00,29.9,0
1779285617867,536,UAS-01,409.3,19.05,21.36,2.31,13.55,26.8,0.949,1,1,42.0,0.06,33.71,30.0,0
1779285617900,537,UAS-02,550.7,18.70,21.21,2.51,12.84,28.4,0.224,0,0,43.0,0.00,33.69,30.1,0
1779285617933,538,GND-VEH-01,448.9,19.05,21.49,2.44,13.45,28.0,0.948,1,1,42.0,0.52,33.30,30.2,0
1779285617967,539,PERSON-01,420.7,18.98,21.13,2.15,12.49,28.2,0.870,1,1,42.0,0.60,33.44,29.9,0
1779285618000,540,UAS-01,469.4,19.06,21.47,2.41,13.86,26.4,0.990,1,1,42.0,0.50,33.23,29.9,0
1779285618033,541,UAS-02,474.3,19.07,21.42,2.35,12.82,28.6,0.177,0,0,45.6,0.00,33.27,30.1,0
1779285618067,542,GND-VEH-01,640.0,18.76,21.07,2.31,13.27,27.1,0.236,0,0,42.0,0.00,33.30,30.0,0
1779285618100,543,PERSON-01,322.3,19.07,21.39,2.31,13.06,28.5,0.916,1,1,42.0,0.41,33.86,30.2,0
1779285618133,544,UAS-01,477.9,19.03,21.43,2.40,13.08,27.2,0.916,1,1,43.7,0.33,33.27,29.9,0
1779285618167,545,UAS-02,300.3,19.20,21.57,2.36,13.09,28.1,0.912,1,1,42.0,0.05,33.42,29.9,0
1779285618200,546,GND-VEH-01,371.9,19.17,21.46,2.30,13.03,27.1,0.932,1,1,42.0,0.35,33.83,30.1,0
1779285618233,547,PERSON-01,641.3,18.96,21.25,2.29,12.85,28.3,0.897,1,1,42.0,0.43,33.57,30.3,0
1779285618267,548,UAS-01,392.8,18.87,21.28,2.41,13.46,27.4,0.940,1,1,42.0,0.41,34.11,30.1,0
1779285618300,549,UAS-02,526.9,19.02,21.61,2.58,12.99,28.9,0.930,1,1,44.5,0.03,33.22,30.0,0
1779285618333,550,GND-VEH-01,356.9,18.82,21.22,2.40,13.08,28.2,0.919,1,1,42.0,0.31,33.59,29.9,0
1779285618367,551,PERSON-01,387.5,18.76,21.06,2.30,13.37,28.0,0.956,1,1,42.0,0.18,33.73,30.0,0
1779285618400,552,UAS-01,398.7,18.89,21.34,2.45,13.58,27.0,0.973,1,1,44.2,0.76,33.56,29.9,0
1779285618433,553,UAS-02,898.3,19.20,21.54,2.34,14.05,25.8,0.990,1,1,42.0,0.25,33.78,30.1,0
1779285618467,554,GND-VEH-01,400.7,18.75,21.43,2.68,13.65,28.4,0.974,1,1,43.5,0.25,33.26,30.1,0
1779285618500,555,PERSON-01,319.3,19.00,21.34,2.34,13.46,27.9,0.939,1,1,42.0,0.44,33.51,30.0,0
1779285618533,556,UAS-01,396.0,19.00,21.72,2.72,14.51,27.9,0.990,1,1,45.6,0.01,33.69,29.9,0
1779285618567,557,UAS-02,319.7,19.05,21.67,2.62,13.42,27.3,0.951,1,1,42.6,0.91,33.46,30.0,0
1779285618600,558,GND-VEH-01,410.1,19.11,21.40,2.29,13.81,28.9,0.990,1,1,44.2,0.37,33.31,30.0,0
1779285618633,559,PERSON-01,352.9,19.12,21.73,2.61,13.72,29.0,0.982,1,1,42.0,0.62,33.83,30.1,0
1779285618667,560,UAS-01,651.8,18.97,21.37,2.40,13.39,27.3,0.950,1,1,42.1,0.03,33.54,29.9,0
1779285618700,561,UAS-02,363.0,19.11,21.30,2.20,12.84,27.9,0.875,1,1,42.0,0.04,33.38,30.1,0
1779285618733,562,GND-VEH-01,854.3,18.92,21.28,2.36,13.24,27.8,0.919,1,1,42.8,0.47,33.78,30.0,0
1779285618767,563,PERSON-01,506.7,18.90,21.18,2.28,12.87,27.0,0.900,1,1,42.0,0.94,33.48,30.1,0
1779285618800,564,UAS-01,439.7,18.91,21.07,2.16,13.15,29.0,0.936,1,1,42.0,0.53,33.74,30.0,0
1779285618833,565,UAS-02,469.6,19.13,21.62,2.48,13.97,26.9,0.990,1,1,42.0,0.18,33.39,30.0,0
1779285618867,566,GND-VEH-01,690.3,19.10,21.46,2.36,13.67,27.1,0.973,1,1,42.0,0.01,34.03,30.0,0
1779285618900,567,PERSON-01,566.3,19.02,21.25,2.23,13.70,28.5,0.990,1,1,42.0,0.23,33.52,30.1,0
1779285618933,568,UAS-01,714.3,19.04,21.23,2.20,13.38,29.0,0.934,1,1,45.4,0.29,33.90,30.1,0
1779285618967,569,UAS-02,707.0,18.98,21.13,2.15,13.53,27.7,0.954,1,1,42.4,0.28,33.67,30.1,0
1779285619000,570,GND-VEH-01,319.2,18.74,21.20,2.46,13.21,27.9,0.927,1,1,42.0,0.08,33.43,30.1,0
1779285619033,571,PERSON-01,369.6,19.10,21.59,2.49,14.39,27.1,0.976,1,1,42.0,0.31,33.61,30.0,0
1779285619067,572,UAS-01,386.1,18.80,21.05,2.24,12.74,27.2,0.911,1,1,42.0,0.12,33.94,30.2,0
1779285619100,573,UAS-02,362.7,18.97,21.24,2.28,13.43,28.6,0.940,1,1,43.9,0.30,33.98,30.1,0
1779285619133,574,GND-VEH-01,734.5,19.11,21.49,2.39,13.25,28.1,0.226,0,0,42.0,0.00,33.76,30.0,0
1779285619167,575,PERSON-01,665.0,18.74,20.86,2.12,13.16,28.0,0.250,0,0,44.1,0.00,33.54,29.9,0
1779285619200,576,UAS-01,594.2,18.93,21.16,2.23,13.03,28.9,0.918,1,1,45.3,0.02,33.59,30.2,0
1779285619233,577,UAS-02,382.9,18.90,21.24,2.34,13.18,28.1,0.931,1,1,42.0,0.15,34.22,29.8,0
1779285619267,578,GND-VEH-01,708.6,18.98,21.38,2.40,13.63,26.6,0.966,1,1,43.1,0.53,33.56,30.1,0
1779285619300,579,PERSON-01,315.1,19.13,21.63,2.50,13.81,27.2,0.958,1,1,42.0,0.11,33.60,30.0,0
1779285619333,580,UAS-01,305.0,18.91,21.13,2.22,13.78,27.0,0.965,1,1,42.0,0.23,33.56,30.0,0
1779285619367,581,UAS-02,739.6,19.16,21.41,2.26,13.46,27.4,0.953,1,1,42.0,0.21,34.12,30.1,0
1779285619400,582,GND-VEH-01,342.6,18.95,21.57,2.62,13.50,27.6,0.977,1,1,111.2,0.50,33.86,30.0,0
1779285619433,583,PERSON-01,490.6,19.12,21.39,2.27,13.52,26.3,0.966,1,1,42.0,0.43,33.71,30.2,0
1779285619467,584,UAS-01,655.6,18.78,20.93,2.15,13.47,28.0,0.951,1,1,42.0,0.02,34.54,30.1,0
1779285619500,585,UAS-02,366.6,18.87,21.29,2.42,12.78,27.6,0.914,1,1,42.0,0.81,33.83,30.1,0
1779285619533,586,GND-VEH-01,473.1,18.83,21.02,2.19,12.91,26.8,0.924,1,1,42.2,0.15,33.94,30.0,0
1779285619567,587,PERSON-01,353.5,18.85,21.58,2.73,14.33,28.0,0.990,1,1,43.1,0.35,34.11,30.1,0
1779285619600,588,UAS-01,493.6,18.80,21.17,2.37,13.40,28.4,0.971,1,1,42.0,0.16,34.46,30.0,0
1779285619633,589,UAS-02,309.7,19.13,21.30,2.17,13.33,29.1,0.934,1,1,42.0,0.50,33.52,29.9,0
1779285619667,590,GND-VEH-01,365.8,18.94,21.39,2.46,13.66,28.4,0.990,1,1,43.3,0.12,33.95,30.1,0
1779285619700,591,PERSON-01,464.6,19.10,21.03,1.93,12.66,28.5,0.887,1,1,42.0,0.23,33.98,30.0,0
1779285619733,592,UAS-01,381.3,18.88,21.25,2.37,12.63,28.7,0.880,1,1,42.0,0.22,33.75,30.0,0
1779285619767,593,UAS-02,311.4,19.03,21.66,2.64,13.33,28.7,0.933,1,1,42.0,0.26,33.96,30.0,0
1779285619800,594,GND-VEH-01,452.9,19.04,21.25,2.20,13.21,28.5,0.946,1,1,42.5,0.83,33.96,29.9,0
1779285619833,595,PERSON-01,548.4,18.92,21.24,2.33,13.87,27.1,0.990,1,1,43.0,0.05,33.95,30.0,0
1779285619867,596,UAS-01,640.9,19.17,21.49,2.32,13.14,27.0,0.903,1,1,42.0,0.02,34.24,30.0,0
1779285619900,597,UAS-02,385.9,18.92,21.22,2.29,13.31,28.4,0.965,1,1,42.0,0.59,34.06,30.1,0
1779285619933,598,GND-VEH-01,408.2,19.07,21.81,2.75,13.29,28.2,0.940,1,1,42.0,0.15,34.17,29.9,0
1779285619967,599,PERSON-01,665.1,19.07,21.42,2.35,13.37,29.9,0.930,1,1,42.0,0.09,33.95,30.0,0
1779285620000,600,UAS-01,527.6,18.81,21.11,2.31,13.72,28.0,0.972,1,1,44.2,0.88,34.04,30.1,0
1779285620033,601,UAS-02,542.4,18.99,20.94,1.94,11.89,28.5,0.803,1,1,42.0,0.09,33.84,29.9,0
1779285620067,602,GND-VEH-01,1038.2,19.09,21.05,1.97,12.59,26.7,0.878,1,1,42.0,0.67,33.88,30.1,0
1779285620100,603,PERSON-01,313.1,18.91,21.42,2.51,13.54,26.7,0.956,1,1,42.0,0.23,34.11,30.0,0
1779285620133,604,UAS-01,974.7,19.11,21.04,1.93,12.43,27.3,0.860,1,1,42.0,0.91,34.28,30.0,0
1779285620167,605,UAS-02,315.2,19.00,21.11,2.12,13.29,28.8,0.920,1,1,42.0,0.80,34.20,30.1,0
1779285620200,606,GND-VEH-01,511.3,18.96,21.58,2.61,13.26,28.7,0.954,1,1,42.0,0.00,34.09,29.9,0
1779285620233,607,PERSON-01,665.5,19.21,21.45,2.23,13.51,27.3,0.947,1,1,44.9,0.91,34.27,30.0,0
1779285620267,608,UAS-01,703.0,19.04,21.21,2.16,13.14,27.6,0.932,1,1,42.0,0.22,34.11,30.0,0
1779285620300,609,UAS-02,569.4,18.93,21.47,2.54,13.05,29.4,0.928,1,1,42.0,0.12,34.37,29.9,0
1779285620333,610,GND-VEH-01,667.6,18.83,21.24,2.41,13.27,28.8,0.930,1,1,45.1,0.43,33.78,30.1,0
1779285620367,611,PERSON-01,805.4,19.07,21.25,2.18,12.74,28.7,0.912,1,1,42.6,0.63,33.80,30.0,0
1779285620400,612,UAS-01,310.5,18.91,21.01,2.10,12.26,28.1,0.203,0,0,43.4,0.00,34.19,30.2,0
1779285620433,613,UAS-02,546.1,19.10,21.43,2.33,12.24,28.8,0.855,1,1,42.0,0.45,34.08,30.0,0
1779285620467,614,GND-VEH-01,467.6,18.97,21.33,2.36,13.94,28.6,0.990,1,1,44.9,0.39,34.23,30.1,0
1779285620500,615,PERSON-01,341.2,19.12,21.78,2.67,14.10,28.4,0.990,1,1,43.1,0.65,34.12,30.0,0
1779285620533,616,UAS-01,383.5,18.85,21.38,2.53,13.81,27.1,0.973,1,1,42.0,0.67,34.54,30.0,0
1779285620567,617,UAS-02,323.8,18.71,21.17,2.46,13.28,29.4,0.956,1,1,42.0,0.16,34.13,29.9,0
1779285620600,618,GND-VEH-01,441.2,18.83,21.20,2.37,13.32,29.2,0.947,1,1,42.2,0.39,34.57,30.1,0
1779285620633,619,PERSON-01,488.7,19.14,21.35,2.21,12.79,29.1,0.891,1,1,42.0,0.13,34.17,30.1,0
1779285620667,620,UAS-01,523.9,19.01,21.41,2.39,12.83,28.9,0.903,1,1,43.6,0.70,34.38,30.0,0
1779285620700,621,UAS-02,391.5,18.84,21.35,2.51,13.18,30.3,0.937,1,1,42.2,0.04,34.01,29.9,0
1779285620733,622,GND-VEH-01,495.9,19.04,21.43,2.40,13.89,30.0,0.990,1,1,42.0,0.52,34.21,30.0,0
1779285620767,623,PERSON-01,806.0,19.21,21.26,2.05,12.92,26.6,0.915,1,1,42.0,0.24,34.34,30.0,0
1779285620800,624,UAS-01,548.3,19.08,21.29,2.21,13.26,27.1,0.959,1,1,42.2,0.82,34.20,23.3,1
1779285620833,625,UAS-02,543.5,18.79,21.03,2.24,12.30,28.5,0.854,1,1,42.0,0.34,33.80,29.8,0
1779285620867,626,GND-VEH-01,639.6,19.09,21.63,2.54,13.24,28.0,0.967,1,1,42.0,0.59,34.66,30.0,0
1779285620900,627,PERSON-01,373.1,18.96,21.49,2.52,13.69,27.6,0.975,1,1,43.5,0.36,34.42,29.9,0
1779285620933,628,UAS-01,357.5,18.98,21.69,2.70,13.90,28.2,0.990,1,1,42.0,0.82,34.13,30.0,0
1779285620967,629,UAS-02,395.9,18.75,21.12,2.37,12.54,28.2,0.883,1,1,43.2,0.33,33.94,22.4,1
1779285621000,630,GND-VEH-01,331.8,19.00,21.17,2.17,12.52,27.4,0.874,1,1,43.0,0.25,34.77,30.0,0
1779285621033,631,PERSON-01,701.1,18.99,21.31,2.31,13.26,28.7,0.913,1,1,43.0,0.12,34.52,30.1,0
1779285621067,632,UAS-01,476.0,19.02,21.66,2.65,13.71,27.4,0.950,1,1,42.0,0.18,34.35,30.0,0
1779285621100,633,UAS-02,342.0,18.91,21.09,2.18,12.98,28.3,0.913,1,1,42.0,0.51,34.64,29.9,0
1779285621133,634,GND-VEH-01,319.8,18.73,21.20,2.47,13.89,28.3,0.210,0,0,42.0,0.00,34.06,30.1,0
1779285621167,635,PERSON-01,755.8,18.99,21.57,2.58,13.91,27.1,0.186,0,0,42.0,0.00,34.22,30.0,0
1779285621200,636,UAS-01,401.3,19.22,21.68,2.46,12.83,29.4,0.916,1,1,43.7,0.12,34.92,30.0,0
1779285621233,637,UAS-02,337.5,19.21,21.59,2.38,12.82,28.5,0.885,1,1,42.5,0.30,34.54,30.1,0
1779285621267,638,GND-VEH-01,488.9,19.01,21.28,2.26,13.29,26.0,0.931,1,1,42.0,0.12,34.37,30.0,0
1779285621300,639,PERSON-01,377.8,18.87,21.27,2.39,12.51,29.6,0.170,0,0,42.0,0.00,34.38,30.0,0
1779285621333,640,UAS-01,779.0,19.07,21.10,2.03,12.49,29.1,0.843,1,1,42.4,0.63,34.21,30.1,0
1779285621367,641,UAS-02,751.9,19.20,21.40,2.20,13.41,26.3,0.943,1,1,43.2,0.71,34.10,29.9,0
1779285621400,642,GND-VEH-01,467.0,19.19,21.34,2.15,13.03,28.1,0.906,1,1,44.3,0.26,34.53,30.1,0
1779285621433,643,PERSON-01,365.0,18.81,21.17,2.36,13.43,27.8,0.933,1,1,42.1,0.32,34.25,30.0,0
1779285621467,644,UAS-01,451.8,19.20,21.87,2.67,14.29,27.9,0.987,1,1,44.4,0.06,34.65,30.0,0
1779285621500,645,UAS-02,490.8,18.99,21.38,2.39,12.95,29.2,0.915,1,1,42.8,0.92,34.55,30.1,0
1779285621533,646,GND-VEH-01,491.3,19.12,21.49,2.38,12.85,27.5,0.892,1,1,42.0,0.18,34.43,30.1,0
1779285621567,647,PERSON-01,703.8,19.07,21.01,1.94,12.37,27.8,0.200,0,0,42.0,0.00,34.64,30.1,0
1779285621600,648,UAS-01,328.8,19.19,21.71,2.52,12.61,28.6,0.889,1,1,42.5,0.00,34.58,29.9,0
1779285621633,649,UAS-02,700.9,18.95,21.27,2.32,13.20,28.3,0.926,1,1,42.0,0.32,34.22,30.0,0
1779285621667,650,GND-VEH-01,368.0,18.99,21.20,2.20,13.08,28.9,0.931,1,1,42.0,0.17,34.90,30.0,0
1779285621700,651,PERSON-01,620.7,18.96,21.49,2.54,14.20,26.9,0.986,1,1,42.0,0.16,34.81,29.9,0
1779285621733,652,UAS-01,851.4,18.98,21.19,2.21,13.84,25.5,0.990,1,1,144.8,0.49,34.07,30.0,0
1779285621767,653,UAS-02,504.6,19.02,21.22,2.20,12.59,29.1,0.880,1,1,43.1,0.54,34.27,29.9,0
1779285621800,654,GND-VEH-01,605.5,18.92,21.05,2.13,13.61,27.1,0.968,1,1,44.0,0.79,34.33,30.1,0
1779285621833,655,PERSON-01,421.5,19.13,21.35,2.22,13.60,27.2,0.978,1,1,42.0,0.31,34.31,30.0,0
1779285621867,656,UAS-01,440.0,18.96,21.22,2.27,13.03,27.8,0.922,1,1,42.0,0.38,35.06,30.1,0
1779285621900,657,UAS-02,672.2,18.65,21.37,2.72,14.12,27.6,0.990,1,1,44.1,0.36,34.67,30.1,0
1779285621933,658,GND-VEH-01,326.6,18.91,21.50,2.60,14.16,27.7,0.990,1,1,139.0,0.66,34.89,30.0,0
1779285621967,659,PERSON-01,870.7,18.64,20.82,2.18,13.40,28.4,0.954,1,1,42.3,0.34,34.65,30.0,0
1779285622000,660,UAS-01,417.3,18.76,21.17,2.41,12.99,27.9,0.943,1,1,42.2,0.50,34.70,30.1,0
1779285622033,661,UAS-02,612.3,18.82,20.84,2.01,13.13,27.0,0.938,1,1,43.6,0.07,34.42,30.1,0
1779285622067,662,GND-VEH-01,828.0,19.13,21.20,2.07,12.72,28.3,0.905,1,1,42.6,0.18,34.36,30.1,0
1779285622100,663,PERSON-01,694.4,18.85,21.01,2.16,12.90,28.3,0.883,1,1,42.8,0.56,35.04,30.0,0
1779285622133,664,UAS-01,307.8,18.84,21.35,2.51,13.83,27.2,0.983,1,1,42.2,0.10,35.17,30.0,0
1779285622167,665,UAS-02,509.8,19.07,21.47,2.40,13.02,29.0,0.943,1,1,42.0,1.00,34.84,29.8,0
1779285622200,666,GND-VEH-01,364.0,18.87,21.18,2.31,12.88,26.8,0.926,1,1,43.9,0.52,34.68,30.0,0
1779285622233,667,PERSON-01,315.1,18.95,21.15,2.20,13.38,27.7,0.928,1,1,42.2,0.19,34.35,29.9,0
1779285622267,668,UAS-01,345.4,19.03,21.53,2.50,13.34,27.6,0.950,1,1,42.0,0.04,34.81,30.0,0
1779285622300,669,UAS-02,403.6,19.03,21.66,2.63,13.56,27.1,0.145,0,0,42.0,0.00,34.64,29.9,0
1779285622333,670,GND-VEH-01,623.2,19.33,21.49,2.16,13.10,28.9,0.214,0,0,43.8,0.00,34.53,30.1,0
1779285622367,671,PERSON-01,761.3,19.18,21.28,2.10,12.76,26.8,0.912,1,1,43.4,0.26,34.44,29.9,0
1779285622400,672,UAS-01,815.3,19.12,21.49,2.37,13.44,26.5,0.935,1,1,43.0,0.46,34.93,30.0,0
1779285622433,673,UAS-02,877.4,18.98,21.47,2.49,12.73,29.4,0.905,1,1,42.4,0.61,34.53,30.0,0
1779285622467,674,GND-VEH-01,311.6,18.88,21.10,2.22,13.28,27.5,0.921,1,1,42.8,0.11,34.64,30.0,0
1779285622500,675,PERSON-01,334.4,18.76,21.32,2.56,13.32,28.1,0.206,0,0,42.0,0.00,34.98,30.1,0
1779285622533,676,UAS-01,413.4,19.05,21.52,2.47,12.63,28.5,0.887,1,1,44.0,0.83,34.59,29.9,0
1779285622567,677,UAS-02,388.4,19.04,21.58,2.55,13.11,29.1,0.933,1,1,42.0,0.27,34.84,30.0,0
1779285622600,678,GND-VEH-01,418.9,18.85,21.24,2.38,13.83,28.2,0.990,1,1,43.5,0.23,34.78,29.9,0
1779285622633,679,PERSON-01,390.9,18.99,21.53,2.53,13.63,27.5,0.990,1,1,42.9,0.37,34.57,30.0,0
1779285622667,680,UAS-01,322.1,18.84,21.65,2.81,14.02,28.3,0.990,1,1,42.9,1.12,34.98,30.1,0
1779285622700,681,UAS-02,396.5,18.75,20.91,2.17,12.67,28.3,0.889,1,1,42.0,0.08,34.96,30.0,0
1779285622733,682,GND-VEH-01,436.9,19.20,21.32,2.12,13.68,28.7,0.184,0,0,42.0,0.00,34.84,30.0,0
1779285622767,683,PERSON-01,489.8,19.30,21.44,2.14,12.61,27.3,0.907,1,1,42.9,0.75,34.62,30.1,0
1779285622800,684,UAS-01,467.8,18.99,21.52,2.53,13.70,27.4,0.987,1,1,43.3,0.01,34.88,29.8,0
1779285622833,685,UAS-02,447.7,19.03,21.55,2.52,13.96,30.2,0.990,1,1,42.0,0.19,34.61,30.0,0
1779285622867,686,GND-VEH-01,463.6,19.39,21.75,2.36,13.99,27.7,0.990,1,1,42.0,0.08,35.01,29.9,0
1779285622900,687,PERSON-01,597.5,18.92,21.48,2.56,14.09,27.6,0.990,1,1,42.1,0.10,35.23,30.0,0
1779285622933,688,UAS-01,333.5,18.88,21.41,2.54,13.70,28.3,0.964,1,1,42.0,0.49,35.24,29.9,0
1779285622967,689,UAS-02,496.2,19.26,21.43,2.17,12.97,27.7,0.894,1,1,42.0,0.49,35.45,29.9,0
1779285623000,690,GND-VEH-01,516.2,18.94,21.51,2.57,13.78,26.8,0.989,1,1,42.0,0.80,35.07,29.9,0
1779285623033,691,PERSON-01,456.4,18.96,21.28,2.32,13.17,27.1,0.215,0,0,42.0,0.00,35.04,30.1,0
1779285623067,692,UAS-01,775.9,19.22,21.71,2.48,13.97,28.3,0.990,1,1,42.0,0.14,34.79,29.9,0
1779285623100,693,UAS-02,342.6,18.99,21.51,2.52,13.86,27.4,0.990,1,1,42.6,0.02,34.58,30.0,0
1779285623133,694,GND-VEH-01,891.0,18.93,21.16,2.23,13.06,29.4,0.907,1,1,42.0,0.50,34.91,30.0,0
1779285623167,695,PERSON-01,749.0,18.84,21.05,2.21,12.91,29.3,0.916,1,1,43.3,0.79,34.95,30.0,0
1779285623200,696,UAS-01,434.6,19.09,21.37,2.28,13.56,27.3,0.976,1,1,42.0,0.23,35.19,30.0,0
1779285623233,697,UAS-02,628.5,18.93,21.27,2.33,13.63,27.8,0.952,1,1,44.2,0.13,35.00,30.0,0
1779285623267,698,GND-VEH-01,331.4,19.07,21.60,2.53,13.27,27.3,0.929,1,1,45.6,0.30,34.52,30.0,0
1779285623300,699,PERSON-01,807.9,18.75,21.09,2.34,13.28,26.3,0.226,0,0,42.9,0.00,34.88,30.0,0
1779285623333,700,UAS-01,363.4,19.08,21.71,2.63,13.57,26.3,0.990,1,1,43.2,0.52,34.87,30.1,0
1779285623367,701,UAS-02,678.4,18.73,21.25,2.51,13.45,28.0,0.960,1,1,42.0,0.37,35.07,30.1,0
1779285623400,702,GND-VEH-01,1002.7,19.05,21.21,2.16,13.05,28.7,0.919,1,1,42.5,0.09,34.95,30.1,0
1779285623433,703,PERSON-01,475.8,18.77,20.71,1.94,12.53,28.4,0.887,1,1,42.0,0.15,35.32,29.9,0
1779285623467,704,UAS-01,319.8,18.70,21.38,2.67,13.70,30.1,0.990,1,1,43.6,0.28,34.76,30.0,0
1779285623500,705,UAS-02,523.6,18.85,21.48,2.62,13.35,26.8,0.980,1,1,42.4,0.03,35.37,30.0,0
1779285623533,706,GND-VEH-01,559.0,19.16,21.21,2.04,12.52,27.5,0.888,1,1,42.0,0.61,34.88,30.0,0
1779285623567,707,PERSON-01,662.4,19.18,21.29,2.11,12.58,27.1,0.252,0,0,45.1,0.00,34.95,23.5,1
1779285623600,708,UAS-01,752.9,18.86,21.02,2.16,13.28,29.2,0.935,1,1,42.6,0.15,35.34,30.0,0
1779285623633,709,UAS-02,368.3,19.00,21.37,2.37,13.41,27.8,0.937,1,1,42.0,0.04,35.38,30.0,0
1779285623667,710,GND-VEH-01,377.8,19.05,21.48,2.43,13.76,27.3,0.966,1,1,42.0,0.65,35.32,29.8,0
1779285623700,711,PERSON-01,551.7,19.04,21.24,2.20,12.80,28.2,0.880,1,1,43.9,0.01,35.06,29.9,0
1779285623733,712,UAS-01,781.1,18.90,21.01,2.11,13.80,27.0,0.971,1,1,43.1,0.53,35.31,30.0,0
1779285623767,713,UAS-02,575.9,18.91,21.50,2.59,14.15,26.7,0.990,1,1,42.0,0.12,35.31,30.0,0
1779285623800,714,GND-VEH-01,310.0,19.17,21.78,2.61,13.86,27.6,0.990,1,1,42.0,0.11,35.05,29.9,0
1779285623833,715,PERSON-01,481.5,18.92,21.16,2.25,12.64,29.2,0.880,1,1,42.0,0.01,35.29,30.0,0
1779285623867,716,UAS-01,520.8,19.10,21.53,2.44,12.84,27.6,0.899,1,1,42.0,0.92,35.02,29.9,0
1779285623900,717,UAS-02,387.4,19.11,21.58,2.47,13.61,26.6,0.979,1,1,44.5,1.22,35.24,30.0,0
1779285623933,718,GND-VEH-01,746.9,19.13,21.12,1.99,12.99,26.3,0.904,1,1,42.0,0.27,35.43,30.3,0
1779285623967,719,PERSON-01,398.1,18.88,21.22,2.34,13.90,28.7,0.990,1,1,42.0,0.34,35.34,30.1,0
1779285624000,720,UAS-01,371.2,18.80,20.97,2.17,12.72,28.3,0.901,1,1,42.0,0.07,35.50,30.0,0
1779285624033,721,UAS-02,576.8,19.04,21.42,2.37,13.68,28.2,0.976,1,1,44.6,0.33,35.79,30.1,0
1779285624067,722,GND-VEH-01,471.7,18.89,21.15,2.26,13.19,27.9,0.928,1,1,42.0,0.28,35.33,29.9,0
1779285624100,723,PERSON-01,444.9,18.93,21.08,2.15,12.69,28.7,0.916,1,1,43.7,0.11,35.49,30.0,0
1779285624133,724,UAS-01,490.2,19.11,21.62,2.51,13.13,27.6,0.937,1,1,43.1,0.48,35.76,30.0,0
1779285624167,725,UAS-02,436.7,18.92,21.32,2.40,13.81,27.8,0.989,1,1,42.0,0.26,34.80,29.9,0
1779285624200,726,GND-VEH-01,723.5,18.71,21.00,2.29,13.70,28.7,0.954,1,1,42.0,0.12,35.25,30.0,0
1779285624233,727,PERSON-01,316.7,18.69,21.46,2.77,14.31,28.2,0.990,1,1,42.8,0.40,35.54,30.0,0
1779285624267,728,UAS-01,382.9,19.12,21.76,2.65,13.64,27.8,0.966,1,1,42.0,0.58,34.95,29.9,0
1779285624300,729,UAS-02,651.1,19.01,21.20,2.19,12.83,27.4,0.902,1,1,42.0,0.40,35.21,29.9,0
1779285624333,730,GND-VEH-01,307.5,18.76,21.09,2.34,12.86,28.1,0.925,1,1,43.2,0.25,35.25,30.1,0
1779285624367,731,PERSON-01,492.7,18.96,21.60,2.64,13.74,28.3,0.990,1,1,42.1,0.99,35.12,29.9,0
1779285624400,732,UAS-01,456.9,19.22,21.36,2.14,13.07,27.7,0.930,1,1,44.3,0.46,35.09,30.1,0
1779285624433,733,UAS-02,332.3,18.83,20.97,2.14,13.27,28.0,0.928,1,1,42.0,0.91,35.45,30.0,0
1779285624467,734,GND-VEH-01,761.9,19.05,21.45,2.40,13.17,28.1,0.938,1,1,42.2,0.47,35.31,30.0,0
1779285624500,735,PERSON-01,405.0,19.15,21.56,2.40,12.97,28.5,0.906,1,1,43.8,0.88,35.23,30.0,0
1779285624533,736,UAS-01,480.2,19.31,21.65,2.34,13.35,27.1,0.940,1,1,44.3,1.26,35.63,30.0,0
1779285624567,737,UAS-02,414.2,18.99,21.75,2.77,14.23,29.1,0.990,1,1,42.2,0.65,35.19,29.9,0
1779285624600,738,GND-VEH-01,601.9,18.88,21.01,2.13,13.12,27.6,0.924,1,1,42.2,0.29,35.51,30.0,0
1779285624633,739,PERSON-01,526.8,19.02,21.33,2.32,12.91,27.0,0.186,0,0,42.1,0.00,35.46,30.0,0
1779285624667,740,UAS-01,682.8,19.09,21.40,2.31,12.98,27.9,0.908,1,1,44.1,0.00,35.25,29.9,0
1779285624700,741,UAS-02,390.6,18.81,21.39,2.58,13.00,27.6,0.906,1,1,42.0,0.21,35.34,29.9,0
1779285624733,742,GND-VEH-01,466.1,18.93,21.12,2.19,13.07,28.3,0.913,1,1,42.0,0.26,35.43,30.2,0
1779285624767,743,PERSON-01,361.9,19.04,21.51,2.47,13.15,28.2,0.932,1,1,43.0,0.50,35.65,29.9,0
1779285624800,744,UAS-01,421.6,18.81,21.14,2.33,13.82,28.2,0.990,1,1,42.0,0.14,35.65,30.2,0
1779285624833,745,UAS-02,303.5,19.15,21.56,2.41,13.42,29.3,0.923,1,1,43.2,0.47,35.70,30.0,0
1779285624867,746,GND-VEH-01,312.9,19.10,21.37,2.28,12.94,28.4,0.923,1,1,42.7,0.62,35.69,30.0,0
1779285624900,747,PERSON-01,367.5,18.86,21.41,2.55,13.19,26.6,0.932,1,1,42.6,0.58,35.61,30.0,0
1779285624933,748,UAS-01,700.6,19.01,21.37,2.35,13.04,28.7,0.913,1,1,42.9,0.31,35.25,29.9,0
1779285624967,749,UAS-02,679.8,19.02,21.12,2.09,12.82,28.6,0.902,1,1,42.0,0.10,35.71,30.1,0
1779285625000,750,GND-VEH-01,395.3,18.86,21.05,2.19,12.79,29.1,0.911,1,1,46.7,0.72,35.21,29.9,0
1779285625033,751,PERSON-01,601.9,18.89,21.29,2.40,12.63,28.8,0.872,1,1,43.2,0.44,35.55,29.9,0
1779285625067,752,UAS-01,619.7,19.07,21.26,2.19,12.88,27.3,0.897,1,1,43.0,0.42,34.88,22.4,1
1779285625100,753,UAS-02,357.8,18.91,21.48,2.57,14.26,27.2,0.972,1,1,42.0,0.06,35.37,23.4,1
1779285625133,754,GND-VEH-01,573.3,18.89,21.31,2.42,14.16,27.4,0.990,1,1,45.3,0.64,35.61,30.0,0
1779285625167,755,PERSON-01,813.2,18.81,20.91,2.10,13.10,27.7,0.904,1,1,42.0,1.15,35.55,30.0,0
1779285625200,756,UAS-01,961.1,19.02,20.86,1.84,12.49,28.5,0.859,1,1,42.5,0.25,35.70,29.9,0
1779285625233,757,UAS-02,318.1,18.99,21.65,2.66,13.76,28.1,0.984,1,1,44.9,0.12,35.44,30.0,0
1779285625267,758,GND-VEH-01,872.6,19.18,21.39,2.22,13.94,26.3,0.990,1,1,43.8,0.46,35.56,30.1,0
1779285625300,759,PERSON-01,502.0,19.11,21.46,2.35,13.15,27.2,0.935,1,1,42.0,0.25,35.62,30.1,0
1779285625333,760,UAS-01,862.0,19.07,21.39,2.32,12.87,27.3,0.914,1,1,43.0,0.59,35.58,30.0,0
1779285625367,761,UAS-02,534.2,18.77,20.91,2.14,13.34,27.7,0.938,1,1,42.0,0.17,35.26,30.0,0
1779285625400,762,GND-VEH-01,443.0,18.91,21.49,2.58,14.05,27.4,0.990,1,1,42.0,0.03,35.54,30.1,0
1779285625433,763,PERSON-01,429.1,19.09,21.61,2.52,13.57,27.4,0.970,1,1,42.0,0.11,35.51,29.9,0
1779285625467,764,UAS-01,303.7,18.98,21.47,2.50,13.52,29.7,0.988,1,1,42.0,0.41,35.73,29.9,0
1779285625500,765,UAS-02,515.1,18.98,21.23,2.25,13.87,26.4,0.973,1,1,42.0,0.54,35.60,30.0,0
1779285625533,766,GND-VEH-01,693.6,18.92,20.84,1.92,12.41,27.6,0.844,1,1,42.0,0.22,35.50,30.1,0
1779285625567,767,PERSON-01,607.7,18.78,21.14,2.37,13.33,27.3,0.929,1,1,43.2,0.31,35.65,30.0,0
1779285625600,768,UAS-01,562.8,18.89,21.27,2.38,13.32,26.0,0.938,1,1,44.8,0.22,35.21,29.8,0
1779285625633,769,UAS-02,400.2,18.81,21.17,2.36,13.01,28.1,0.917,1,1,150.5,0.89,35.75,19.4,1
1779285625667,770,GND-VEH-01,407.1,18.82,21.21,2.39,12.82,29.0,0.912,1,1,42.0,0.37,35.72,30.0,0
1779285625700,771,PERSON-01,650.0,19.19,21.69,2.50,13.39,28.6,0.947,1,1,42.0,0.43,36.08,30.0,0
1779285625733,772,UAS-01,495.1,19.21,21.26,2.05,13.13,27.7,0.931,1,1,42.0,0.12,35.91,30.0,0
1779285625767,773,UAS-02,711.9,19.11,21.34,2.23,12.44,28.2,0.850,1,1,42.0,0.12,35.30,30.0,0
1779285625800,774,GND-VEH-01,668.5,19.05,21.35,2.30,12.61,27.9,0.196,0,0,42.0,0.00,35.82,30.0,0
1779285625833,775,PERSON-01,686.3,18.95,21.22,2.26,13.30,27.7,0.191,0,0,44.4,0.00,35.42,29.9,0
1779285625867,776,UAS-01,671.8,19.00,21.27,2.27,12.99,27.6,0.909,1,1,42.2,0.67,36.06,21.1,1
1779285625900,777,UAS-02,436.0,18.87,21.56,2.69,14.37,28.6,0.990,1,1,42.8,0.45,35.79,29.9,0
1779285625933,778,GND-VEH-01,718.3,18.82,20.98,2.15,12.65,28.5,0.859,1,1,42.0,0.41,35.72,30.0,0
1779285625967,779,PERSON-01,623.0,18.89,21.27,2.38,13.89,26.9,0.990,1,1,42.2,0.47,35.69,29.9,0
1779285626000,780,UAS-01,909.6,19.03,20.85,1.82,12.19,28.4,0.847,1,1,42.0,0.70,35.70,30.0,0
1779285626033,781,UAS-02,604.0,18.98,20.99,2.01,12.63,28.4,0.888,1,1,43.0,0.47,36.06,30.0,0
1779285626067,782,GND-VEH-01,592.6,19.06,21.34,2.29,12.51,29.3,0.197,0,0,174.1,0.00,35.79,29.9,0
1779285626100,783,PERSON-01,381.4,18.99,21.05,2.07,12.32,26.3,0.206,0,0,42.4,0.00,35.53,30.1,0
1779285626133,784,UAS-01,491.4,18.99,21.06,2.08,12.21,29.5,0.842,1,1,43.3,0.58,35.92,30.0,0
1779285626167,785,UAS-02,666.8,19.16,21.21,2.05,12.76,28.2,0.173,0,0,42.4,0.00,36.33,30.1,0
1779285626200,786,GND-VEH-01,525.9,18.78,21.19,2.41,13.97,29.0,0.990,1,1,42.0,0.40,35.91,20.0,1
1779285626233,787,PERSON-01,611.8,18.82,20.94,2.12,12.28,28.2,0.866,1,1,42.1,0.73,36.11,30.1,0
1779285626267,788,UAS-01,863.6,18.86,21.17,2.31,13.04,29.1,0.932,1,1,42.3,0.95,35.81,29.9,0
1779285626300,789,UAS-02,484.1,19.04,21.49,2.45,13.51,26.6,0.930,1,1,42.6,0.18,35.82,29.9,0
1779285626333,790,GND-VEH-01,594.2,19.05,21.33,2.28,13.59,27.9,0.179,0,0,42.0,0.00,36.36,30.1,0
1779285626367,791,PERSON-01,367.3,18.96,21.47,2.51,13.77,27.8,0.967,1,1,45.6,0.48,35.91,30.0,0
1779285626400,792,UAS-01,752.3,18.99,21.19,2.19,13.17,27.8,0.905,1,1,46.3,0.17,35.61,30.0,0
1779285626433,793,UAS-02,600.2,19.11,21.78,2.67,14.54,28.2,0.990,1,1,42.0,0.72,36.27,29.9,0
1779285626467,794,GND-VEH-01,339.4,18.86,21.11,2.25,13.72,27.9,0.978,1,1,44.0,0.75,35.73,30.1,0
1779285626500,795,PERSON-01,591.3,19.08,21.43,2.36,13.17,28.0,0.932,1,1,42.0,0.34,35.95,30.1,0
1779285626533,796,UAS-01,648.4,18.98,21.05,2.07,13.53,27.5,0.957,1,1,44.2,0.75,35.87,30.0,0
1779285626567,797,UAS-02,472.8,18.99,21.40,2.42,13.01,27.7,0.922,1,1,42.0,0.24,36.07,30.0,0
1779285626600,798,GND-VEH-01,368.5,18.73,21.09,2.36,13.38,27.9,0.950,1,1,42.8,0.20,35.96,30.0,0
1779285626633,799,PERSON-01,554.7,18.76,21.27,2.51,13.64,27.6,0.977,1,1,42.0,0.66,36.17,30.0,0
1779285626667,800,UAS-01,586.5,18.90,21.35,2.45,12.96,28.5,0.902,1,1,44.3,0.87,35.87,29.9,0
1779285626700,801,UAS-02,976.4,19.07,21.33,2.26,12.71,27.8,0.888,1,1,42.0,0.81,36.14,30.2,0
1779285626733,802,GND-VEH-01,661.0,19.06,21.35,2.29,12.49,28.1,0.154,0,0,44.4,0.00,36.10,30.0,0
1779285626767,803,PERSON-01,343.0,19.03,21.28,2.25,13.85,27.3,0.984,1,1,42.0,0.21,36.15,29.8,0
1779285626800,804,UAS-01,384.9,19.08,21.46,2.38,13.89,27.9,0.990,1,1,42.0,0.11,35.92,29.9,0
1779285626833,805,UAS-02,519.8,19.19,21.79,2.60,13.65,28.8,0.984,1,1,42.0,0.54,35.92,29.9,0
1779285626867,806,GND-VEH-01,611.9,18.93,21.28,2.36,14.00,27.9,0.990,1,1,42.4,0.15,36.51,29.9,0
1779285626900,807,PERSON-01,419.0,19.22,21.68,2.46,13.90,27.1,0.990,1,1,44.8,0.17,35.86,29.9,0
1779285626933,808,UAS-01,516.6,19.11,21.33,2.22,13.24,27.8,0.926,1,1,42.5,0.05,36.43,30.1,0
1779285626967,809,UAS-02,551.9,19.20,21.71,2.50,13.64,26.9,0.956,1,1,42.0,0.32,36.23,30.0,0
1779285627000,810,GND-VEH-01,454.6,19.16,21.73,2.57,13.75,28.5,0.186,0,0,42.0,0.00,35.79,30.0,0
1779285627033,811,PERSON-01,375.1,18.97,21.48,2.51,13.03,28.9,0.902,1,1,42.0,0.52,35.76,30.0,0
1779285627067,812,UAS-01,537.2,18.93,21.55,2.62,14.32,29.0,0.990,1,1,42.0,0.20,36.41,29.9,0
1779285627100,813,UAS-02,663.4,18.90,21.25,2.34,13.65,28.5,0.990,1,1,44.1,0.37,36.19,30.0,0
1779285627133,814,GND-VEH-01,431.2,19.09,21.43,2.34,13.21,28.3,0.904,1,1,44.6,0.15,36.37,30.2,0
1779285627167,815,PERSON-01,658.1,19.19,21.48,2.30,13.42,26.6,0.186,0,0,42.2,0.00,35.89,30.1,0
1779285627200,816,UAS-01,527.5,18.90,21.11,2.21,13.33,28.1,0.969,1,1,44.0,0.16,36.46,29.9,0
1779285627233,817,UAS-02,343.9,19.07,21.53,2.46,13.07,27.9,0.922,1,1,42.0,0.21,36.26,30.1,0
1779285627267,818,GND-VEH-01,546.3,18.82,21.26,2.44,13.51,27.9,0.951,1,1,42.0,0.25,36.40,29.9,0
1779285627300,819,PERSON-01,495.5,19.21,21.67,2.46,12.90,27.3,0.895,1,1,42.0,0.65,36.01,29.9,0
1779285627333,820,UAS-01,921.7,18.88,21.06,2.18,12.25,28.2,0.855,1,1,42.0,0.33,36.28,30.1,0
1779285627367,821,UAS-02,695.7,19.10,21.16,2.07,13.69,26.5,0.983,1,1,45.3,0.18,36.53,29.8,0
1779285627400,822,GND-VEH-01,486.8,18.83,21.08,2.25,13.16,27.3,0.925,1,1,43.1,0.71,36.60,30.0,0
1779285627433,823,PERSON-01,359.7,19.00,21.22,2.22,13.63,28.2,0.954,1,1,42.0,0.33,35.83,30.1,0
1779285627467,824,UAS-01,803.1,18.82,21.13,2.31,13.59,27.6,0.960,1,1,42.0,0.23,35.79,30.1,0
1779285627500,825,UAS-02,640.9,19.13,21.51,2.38,13.15,27.1,0.926,1,1,42.0,0.12,36.17,30.1,0
1779285627533,826,GND-VEH-01,569.0,18.96,21.49,2.54,14.16,26.0,0.980,1,1,42.8,0.36,36.49,30.0,0
1779285627567,827,PERSON-01,420.7,18.96,21.40,2.44,13.91,28.2,0.962,1,1,43.1,0.41,36.08,29.9,0
1779285627600,828,UAS-01,663.0,18.76,21.01,2.25,12.24,30.0,0.847,1,1,42.5,0.46,36.00,30.0,0
1779285627633,829,UAS-02,454.0,18.94,21.08,2.14,13.28,26.5,0.939,1,1,43.1,0.98,36.52,30.0,0
1779285627667,830,GND-VEH-01,491.5,18.68,21.00,2.32,13.42,29.2,0.953,1,1,42.6,0.07,35.80,30.1,0
1779285627700,831,PERSON-01,510.4,18.98,21.37,2.39,13.40,28.1,0.959,1,1,42.0,0.41,36.07,30.0,0
1779285627733,832,UAS-01,595.1,19.00,21.34,2.33,13.76,26.9,0.978,1,1,42.0,0.10,36.72,30.0,0
1779285627767,833,UAS-02,301.2,18.92,21.48,2.56,13.85,27.4,0.987,1,1,42.0,0.95,36.33,29.8,0
1779285627800,834,GND-VEH-01,770.1,18.84,21.12,2.28,12.98,28.5,0.910,1,1,42.0,0.07,36.31,29.9,0
1779285627833,835,PERSON-01,401.9,18.68,21.05,2.37,13.16,27.4,0.942,1,1,42.2,0.04,36.25,29.9,0
1779285627867,836,UAS-01,549.6,18.89,21.16,2.27,13.25,27.3,0.209,0,0,42.9,0.00,36.72,30.2,0
1779285627900,837,UAS-02,433.9,19.13,21.71,2.58,13.75,29.0,0.240,0,0,42.0,0.00,36.47,30.0,0
1779285627933,838,GND-VEH-01,420.9,19.05,21.46,2.41,13.77,27.2,0.981,1,1,42.0,0.19,36.51,29.9,0
1779285627967,839,PERSON-01,503.1,18.98,21.23,2.25,12.51,28.0,0.887,1,1,42.0,0.16,36.54,30.0,0
1779285628000,840,UAS-01,361.0,19.05,21.47,2.43,13.31,27.5,0.947,1,1,45.9,0.02,36.38,30.0,0
1779285628033,841,UAS-02,375.1,18.87,21.10,2.22,12.68,26.7,0.904,1,1,42.0,1.30,36.51,30.0,0
1779285628067,842,GND-VEH-01,344.0,19.06,21.44,2.37,13.13,27.7,0.935,1,1,42.0,0.46,36.80,30.0,0
1779285628100,843,PERSON-01,538.2,19.07,21.40,2.33,13.24,28.5,0.951,1,1,42.0,0.19,36.64,30.0,0
1779285628133,844,UAS-01,736.6,19.17,21.42,2.25,13.77,26.6,0.990,1,1,42.0,0.62,36.47,30.0,0
1779285628167,845,UAS-02,337.9,19.39,21.88,2.48,13.68,28.4,0.960,1,1,45.6,0.37,36.43,29.8,0
1779285628200,846,GND-VEH-01,462.8,19.04,21.36,2.32,13.48,27.6,0.939,1,1,42.4,0.06,36.27,30.0,0
1779285628233,847,PERSON-01,431.8,18.87,21.29,2.43,13.68,28.7,0.951,1,1,43.8,0.21,36.66,30.0,0
1779285628267,848,UAS-01,313.8,19.07,21.67,2.60,13.33,29.3,0.947,1,1,43.1,0.30,36.23,30.1,0
1779285628300,849,UAS-02,548.3,18.81,21.31,2.50,13.32,27.6,0.946,1,1,42.0,0.34,36.37,30.2,0
1779285628333,850,GND-VEH-01,541.0,19.34,21.96,2.62,13.82,28.7,0.984,1,1,42.0,0.09,36.45,30.0,0
1779285628367,851,PERSON-01,405.8,19.22,21.49,2.27,13.34,28.8,0.944,1,1,43.7,0.79,36.82,23.5,1
1779285628400,852,UAS-01,441.9,18.88,21.52,2.64,13.60,28.4,0.963,1,1,43.2,0.68,36.51,29.9,0
1779285628433,853,UAS-02,763.3,19.13,21.30,2.16,13.57,25.8,0.976,1,1,42.0,0.65,36.74,30.0,0
1779285628467,854,GND-VEH-01,579.5,19.13,21.72,2.60,13.10,27.6,0.917,1,1,43.0,0.14,36.41,29.9,0
1779285628500,855,PERSON-01,713.0,19.07,21.71,2.64,14.45,25.5,0.990,1,1,43.5,0.56,36.34,29.9,0
1779285628533,856,UAS-01,807.8,19.10,21.13,2.03,13.02,29.3,0.929,1,1,147.8,0.24,36.38,30.0,0
1779285628567,857,UAS-02,949.3,19.18,21.64,2.46,13.64,28.1,0.954,1,1,42.0,0.34,36.77,29.9,0
1779285628600,858,GND-VEH-01,376.2,18.88,21.41,2.52,14.13,27.0,0.990,1,1,43.8,0.16,36.42,30.2,0
1779285628633,859,PERSON-01,707.2,18.89,21.43,2.54,14.16,28.2,0.990,1,1,45.0,0.14,36.47,30.2,0
1779285628667,860,UAS-01,473.1,19.16,21.30,2.14,13.24,27.5,0.165,0,0,42.0,0.00,36.43,30.0,0
1779285628700,861,UAS-02,430.8,18.96,21.48,2.52,13.36,27.0,0.930,1,1,44.3,0.10,36.26,30.0,0
1779285628733,862,GND-VEH-01,564.4,19.04,21.17,2.13,12.92,26.9,0.920,1,1,42.0,0.19,36.69,30.0,0
1779285628767,863,PERSON-01,419.1,19.01,21.33,2.31,14.09,28.1,0.990,1,1,42.0,0.00,36.98,30.0,0
1779285628800,864,UAS-01,842.3,18.97,21.14,2.17,13.19,27.5,0.933,1,1,43.3,0.46,36.95,30.0,0
1779285628833,865,UAS-02,545.6,19.18,21.33,2.15,13.27,28.5,0.928,1,1,42.0,0.48,36.66,30.0,0
1779285628867,866,GND-VEH-01,312.8,19.08,21.46,2.38,12.98,27.6,0.911,1,1,43.2,0.82,36.42,30.1,0
1779285628900,867,PERSON-01,481.4,19.05,21.49,2.44,13.19,28.0,0.196,0,0,42.0,0.00,36.14,30.0,0
1779285628933,868,UAS-01,568.6,18.95,21.40,2.45,13.82,27.7,0.990,1,1,43.2,0.23,37.06,30.1,0
1779285628967,869,UAS-02,459.4,18.80,21.48,2.68,13.28,28.3,0.947,1,1,42.0,0.11,36.53,30.2,0
1779285629000,870,GND-VEH-01,325.3,19.02,21.64,2.62,13.64,26.8,0.963,1,1,44.0,0.13,36.42,30.0,0
1779285629033,871,PERSON-01,438.5,18.89,21.46,2.57,13.20,28.8,0.943,1,1,42.2,0.35,36.10,30.0,0
1779285629067,872,UAS-01,433.3,19.05,21.38,2.33,13.51,28.0,0.962,1,1,43.9,0.27,36.79,30.3,0
1779285629100,873,UAS-02,545.0,18.75,21.18,2.43,13.06,27.7,0.909,1,1,42.0,0.08,36.72,29.9,0
1779285629133,874,GND-VEH-01,486.0,19.04,21.57,2.53,14.21,28.0,0.969,1,1,42.0,0.54,36.44,30.0,0
1779285629167,875,PERSON-01,376.7,18.76,21.16,2.39,13.29,26.0,0.208,0,0,42.0,0.00,36.42,29.9,0
1779285629200,876,UAS-01,440.8,18.77,21.43,2.67,13.81,28.2,0.168,0,0,42.0,0.00,36.40,30.0,0
1779285629233,877,UAS-02,391.6,19.10,21.72,2.62,14.16,26.8,0.990,1,1,42.0,0.14,37.25,30.1,0
1779285629267,878,GND-VEH-01,613.7,18.75,20.97,2.22,13.33,29.1,0.956,1,1,42.0,0.14,36.72,30.0,0
1779285629300,879,PERSON-01,367.9,19.13,21.38,2.25,12.65,28.2,0.861,1,1,42.0,0.80,36.64,30.0,0
1779285629333,880,UAS-01,457.2,18.93,21.14,2.22,13.05,29.3,0.933,1,1,43.1,0.36,36.59,30.0,0
1779285629367,881,UAS-02,817.6,18.97,21.25,2.28,13.54,28.4,0.974,1,1,42.0,1.05,36.52,29.9,0
1779285629400,882,GND-VEH-01,374.4,18.97,21.62,2.65,13.49,28.4,0.961,1,1,43.8,0.32,36.81,30.1,0
1779285629433,883,PERSON-01,407.4,19.11,21.52,2.40,13.41,28.6,0.946,1,1,42.0,0.25,37.18,30.0,0
1779285629467,884,UAS-01,534.5,18.66,21.00,2.33,13.68,28.5,0.960,1,1,42.0,0.27,36.64,30.1,0
1779285629500,885,UAS-02,560.4,19.12,21.31,2.19,13.55,27.8,0.946,1,1,42.0,0.24,36.96,30.1,0
1779285629533,886,GND-VEH-01,504.3,18.84,20.91,2.07,12.64,28.0,0.867,1,1,43.4,0.27,36.98,29.9,0
1779285629567,887,PERSON-01,625.7,19.06,21.18,2.12,13.03,26.8,0.921,1,1,42.0,0.23,36.79,30.2,0
1779285629600,888,UAS-01,541.3,18.94,20.90,1.96,13.22,26.8,0.924,1,1,43.4,0.19,36.83,30.1,0
1779285629633,889,UAS-02,915.2,19.06,21.40,2.34,13.80,28.1,0.979,1,1,42.0,0.11,36.73,23.7,1
1779285629667,890,GND-VEH-01,362.8,18.94,21.34,2.40,12.54,27.7,0.867,1,1,42.0,0.00,37.24,30.1,0
1779285629700,891,PERSON-01,831.3,18.96,21.01,2.05,13.14,27.6,0.934,1,1,43.7,0.12,36.67,30.0,0
1779285629733,892,UAS-01,575.5,19.01,21.57,2.57,13.93,26.9,0.989,1,1,42.0,0.50,36.64,30.0,0
1779285629767,893,UAS-02,652.8,18.95,21.29,2.34,12.86,28.4,0.918,1,1,42.3,0.16,36.68,30.1,0
1779285629800,894,GND-VEH-01,608.0,18.89,21.19,2.30,13.30,27.1,0.929,1,1,43.7,0.19,36.94,30.0,0
1779285629833,895,PERSON-01,421.3,19.30,21.39,2.09,12.52,27.6,0.178,0,0,42.0,0.00,36.75,30.0,0
1779285629867,896,UAS-01,433.8,18.93,21.63,2.69,13.94,28.4,0.990,1,1,44.0,0.88,36.79,29.9,0
1779285629900,897,UAS-02,435.8,18.77,21.24,2.46,12.90,29.1,0.178,0,0,42.0,0.00,37.05,30.0,0
1779285629933,898,GND-VEH-01,617.4,19.13,21.50,2.37,13.43,27.7,0.942,1,1,42.0,0.70,36.97,30.0,0
1779285629967,899,PERSON-01,459.3,19.06,21.76,2.69,13.54,29.1,0.962,1,1,44.8,0.53,36.99,29.9,0
1779285630000,900,UAS-01,426.5,19.09,21.21,2.13,13.49,27.0,0.968,1,1,42.2,0.43,37.22,30.0,0
1779285630033,901,UAS-02,617.8,18.93,21.17,2.24,13.21,29.9,0.940,1,1,42.0,0.36,36.72,30.2,0
1779285630067,902,GND-VEH-01,951.5,19.24,21.26,2.02,12.68,28.1,0.859,1,1,42.0,0.36,36.84,30.0,0
1779285630100,903,PERSON-01,325.5,18.85,21.56,2.70,13.39,27.5,0.928,1,1,42.0,0.66,37.35,30.1,0
1779285630133,904,UAS-01,391.2,18.96,21.17,2.21,13.06,28.5,0.928,1,1,42.0,0.02,36.71,30.0,0
1779285630167,905,UAS-02,778.1,18.94,21.15,2.21,13.00,28.9,0.925,1,1,42.3,0.17,37.27,30.0,0
1779285630200,906,GND-VEH-01,516.0,19.39,21.90,2.50,13.16,28.4,0.910,1,1,42.0,0.43,37.14,30.0,0
1779285630233,907,PERSON-01,1017.8,18.97,21.05,2.08,12.52,26.5,0.891,1,1,42.0,0.82,37.08,30.0,0
1779285630267,908,UAS-01,306.1,19.37,21.82,2.45,13.27,26.8,0.947,1,1,42.0,0.22,36.89,30.0,0
1779285630300,909,UAS-02,410.8,19.03,21.09,2.06,12.55,26.0,0.890,1,1,42.0,0.91,36.76,29.9,0
1779285630333,910,GND-VEH-01,674.7,18.83,20.74,1.91,12.51,28.7,0.856,1,1,43.0,0.32,37.25,29.8,0
1779285630367,911,PERSON-01,449.1,18.94,21.21,2.28,13.79,28.6,0.976,1,1,42.0,0.16,37.07,29.9,0
1779285630400,912,UAS-01,782.8,18.98,21.08,2.10,12.93,29.0,0.924,1,1,42.0,0.39,37.21,29.9,0
1779285630433,913,UAS-02,610.1,18.84,20.96,2.12,12.88,27.9,0.913,1,1,42.0,0.28,37.04,30.1,0
1779285630467,914,GND-VEH-01,385.1,19.31,22.06,2.75,14.04,28.6,0.990,1,1,42.0,0.06,36.97,30.0,0
1779285630500,915,PERSON-01,547.7,19.04,21.53,2.49,14.03,27.5,0.990,1,1,42.1,0.28,37.59,30.2,0
1779285630533,916,UAS-01,440.3,18.90,21.37,2.46,14.44,28.4,0.990,1,1,42.0,0.37,37.11,30.2,0
1779285630567,917,UAS-02,608.9,19.10,21.29,2.19,13.07,29.5,0.920,1,1,42.0,0.93,37.54,30.0,0
1779285630600,918,GND-VEH-01,731.1,18.73,20.97,2.24,12.51,28.2,0.865,1,1,42.0,0.79,37.54,21.5,1
1779285630633,919,PERSON-01,388.7,18.88,21.23,2.34,13.41,27.4,0.975,1,1,42.0,0.17,36.89,30.0,0
1779285630667,920,UAS-01,381.9,18.97,21.55,2.58,13.67,26.4,0.987,1,1,42.5,0.09,37.02,29.9,0
1779285630700,921,UAS-02,391.8,18.91,21.11,2.20,12.78,28.0,0.905,1,1,42.0,0.14,37.04,30.0,0
1779285630733,922,GND-VEH-01,680.3,18.86,21.05,2.19,12.60,27.3,0.892,1,1,42.3,0.06,37.00,29.8,0
1779285630767,923,PERSON-01,514.6,19.11,21.48,2.37,13.75,26.4,0.990,1,1,42.0,0.09,36.91,30.0,0
1779285630800,924,UAS-01,701.2,18.79,21.37,2.57,12.97,27.8,0.162,0,0,42.0,0.00,37.15,30.0,0
1779285630833,925,UAS-02,506.1,19.12,21.63,2.50,13.70,27.6,0.968,1,1,42.0,0.51,37.05,30.1,0
1779285630867,926,GND-VEH-01,704.6,19.07,20.98,1.90,12.79,27.2,0.895,1,1,43.9,0.32,37.30,29.8,0
1779285630900,927,PERSON-01,400.6,18.99,21.00,2.01,12.66,28.3,0.226,0,0,42.8,0.00,37.39,30.1,0
1779285630933,928,UAS-01,667.8,18.82,20.96,2.14,12.81,27.4,0.900,1,1,42.0,0.37,37.11,30.0,0
1779285630967,929,UAS-02,700.2,18.98,21.26,2.28,13.76,29.0,0.982,1,1,42.0,0.20,37.45,29.8,0
1779285631000,930,GND-VEH-01,320.4,19.03,21.49,2.46,13.13,28.0,0.940,1,1,42.9,0.88,37.11,23.1,1
1779285631033,931,PERSON-01,581.6,19.20,21.57,2.37,13.22,27.2,0.939,1,1,43.4,0.74,37.71,30.1,0
1779285631067,932,UAS-01,380.3,18.92,21.48,2.56,13.62,29.4,0.951,1,1,42.0,0.00,37.66,29.9,0
1779285631100,933,UAS-02,706.0,18.91,21.24,2.33,14.07,26.7,0.990,1,1,42.0,0.57,36.99,30.0,0
1779285631133,934,GND-VEH-01,476.8,19.11,21.34,2.23,13.91,27.6,0.990,1,1,43.9,0.31,37.51,29.9,0
1779285631167,935,PERSON-01,373.9,18.88,21.36,2.48,13.57,29.5,0.964,1,1,42.0,0.11,37.59,29.9,0
1779285631200,936,UAS-01,674.7,18.80,21.08,2.29,13.06,27.2,0.238,0,0,42.8,0.00,37.25,30.0,0
1779285631233,937,UAS-02,532.4,18.80,20.99,2.19,12.93,27.3,0.914,1,1,42.0,0.15,37.08,30.1,0
1779285631267,938,GND-VEH-01,764.4,19.01,21.29,2.28,13.23,28.0,0.942,1,1,42.0,0.95,36.99,30.1,0
1779285631300,939,PERSON-01,307.0,18.77,21.41,2.64,13.72,28.6,0.945,1,1,42.0,0.17,36.94,21.0,1
1779285631333,940,UAS-01,539.0,18.91,21.29,2.38,12.65,27.6,0.887,1,1,44.2,0.04,37.55,29.8,0
1779285631367,941,UAS-02,305.6,19.05,21.51,2.46,13.15,27.5,0.902,1,1,45.1,1.12,37.33,30.0,0
1779285631400,942,GND-VEH-01,447.8,18.85,21.55,2.70,13.42,28.6,0.924,1,1,42.0,0.62,37.08,30.1,0
1779285631433,943,PERSON-01,342.1,19.07,21.07,2.00,12.69,29.0,0.876,1,1,44.8,0.32,37.47,30.0,0
1779285631467,944,UAS-01,757.1,18.92,20.93,2.01,12.57,26.4,0.874,1,1,45.8,0.50,37.16,30.0,0
1779285631500,945,UAS-02,345.4,19.10,21.21,2.11,13.46,27.5,0.972,1,1,42.8,0.24,37.67,29.9,0
1779285631533,946,GND-VEH-01,353.0,19.05,21.86,2.81,14.16,27.6,0.966,1,1,43.8,1.25,37.37,30.0,0
1779285631567,947,PERSON-01,576.3,18.86,20.85,1.99,11.88,29.2,0.867,1,1,42.0,0.44,37.47,30.0,0
1779285631600,948,UAS-01,508.4,19.09,21.29,2.20,13.44,27.3,0.955,1,1,42.0,0.09,37.39,30.0,0
1779285631633,949,UAS-02,877.8,19.31,21.40,2.09,12.73,28.0,0.906,1,1,42.0,0.02,37.47,30.0,0
1779285631667,950,GND-VEH-01,356.5,18.95,21.23,2.27,13.03,29.5,0.921,1,1,42.2,0.52,37.76,30.0,0
1779285631700,951,PERSON-01,531.0,18.92,21.18,2.27,13.07,29.0,0.913,1,1,42.1,0.26,37.43,30.0,0
1779285631733,952,UAS-01,405.7,19.16,21.47,2.31,12.88,28.5,0.196,0,0,42.0,0.00,37.45,30.0,0
1779285631767,953,UAS-02,582.4,18.88,21.25,2.37,13.18,27.8,0.913,1,1,42.0,0.32,37.72,30.1,0
1779285631800,954,GND-VEH-01,305.7,18.83,21.30,2.47,13.78,28.6,0.943,1,1,42.8,0.30,37.73,30.0,0
1779285631833,955,PERSON-01,377.3,18.93,21.54,2.61,13.66,30.4,0.982,1,1,45.7,0.66,37.76,30.0,0
1779285631867,956,UAS-01,517.8,18.82,20.95,2.13,13.03,29.3,0.920,1,1,42.1,0.09,37.52,29.8,0
1779285631900,957,UAS-02,587.3,19.08,21.34,2.25,12.78,27.7,0.908,1,1,42.0,0.00,37.64,30.1,0
1779285631933,958,GND-VEH-01,771.9,19.24,21.57,2.33,13.41,28.4,0.954,1,1,42.0,0.50,37.55,30.0,0
1779285631967,959,PERSON-01,681.1,18.99,21.45,2.47,13.58,27.6,0.958,1,1,42.0,0.03,37.40,29.9,0
1779285632000,960,UAS-01,325.0,19.07,21.71,2.64,13.55,28.3,0.956,1,1,42.0,0.35,37.63,30.1,0
1779285632033,961,UAS-02,363.9,18.83,21.17,2.34,13.06,27.9,0.931,1,1,43.3,0.73,37.77,30.0,0
1779285632067,962,GND-VEH-01,460.2,19.00,21.35,2.35,13.77,27.7,0.989,1,1,42.0,0.37,38.04,29.9,0
1779285632100,963,PERSON-01,580.8,18.84,21.20,2.36,12.50,28.5,0.856,1,1,42.0,0.03,37.45,29.9,0
1779285632133,964,UAS-01,320.5,19.18,21.63,2.45,12.84,28.0,0.910,1,1,45.2,0.24,37.89,29.9,0
1779285632167,965,UAS-02,428.7,18.82,20.96,2.13,13.02,27.8,0.943,1,1,42.0,0.07,37.71,29.9,0
1779285632200,966,GND-VEH-01,317.7,18.84,21.37,2.53,13.52,27.7,0.941,1,1,42.0,0.73,37.32,29.9,0
1779285632233,967,PERSON-01,323.1,19.14,21.72,2.58,13.69,26.8,0.990,1,1,44.4,0.42,37.69,30.1,0
1779285632267,968,UAS-01,419.4,19.14,21.41,2.26,13.15,29.0,0.939,1,1,42.4,0.22,37.50,30.0,0
1779285632300,969,UAS-02,579.6,19.06,21.30,2.24,12.92,28.3,0.901,1,1,42.8,0.62,37.82,30.1,0
1779285632333,970,GND-VEH-01,697.8,18.99,20.98,1.98,12.37,29.0,0.875,1,1,43.8,0.57,37.89,30.1,0
1779285632367,971,PERSON-01,489.1,18.89,21.36,2.47,13.67,27.6,0.985,1,1,42.0,0.00,38.11,30.1,0
1779285632400,972,UAS-01,309.4,18.72,21.22,2.49,13.95,26.9,0.990,1,1,43.1,0.55,37.83,21.1,1
1779285632433,973,UAS-02,471.2,18.78,21.08,2.30,13.71,25.9,0.961,1,1,45.6,0.25,37.68,30.0,0
1779285632467,974,GND-VEH-01,333.6,19.13,21.73,2.60,14.22,26.9,0.988,1,1,43.5,0.35,38.02,30.1,0
1779285632500,975,PERSON-01,511.8,19.04,21.28,2.24,13.12,29.0,0.916,1,1,43.9,0.26,37.80,30.0,0
1779285632533,976,UAS-01,744.9,19.10,21.47,2.37,12.98,28.4,0.920,1,1,42.4,0.36,37.87,29.9,0
1779285632567,977,UAS-02,322.8,18.91,21.66,2.75,13.73,28.0,0.990,1,1,42.0,0.28,37.50,30.1,0
1779285632600,978,GND-VEH-01,626.4,19.01,21.20,2.19,13.42,28.4,0.939,1,1,42.8,0.51,37.44,29.9,0
1779285632633,979,PERSON-01,349.4,18.67,20.79,2.12,13.61,27.4,0.957,1,1,42.0,0.58,37.72,30.0,0
1779285632667,980,UAS-01,816.9,19.13,21.43,2.31,13.33,28.6,0.930,1,1,43.7,0.03,37.48,30.0,0
1779285632700,981,UAS-02,383.9,19.15,21.61,2.46,13.82,28.3,0.989,1,1,45.5,0.78,37.78,30.0,0
1779285632733,982,GND-VEH-01,589.4,18.94,21.15,2.21,13.00,28.4,0.203,0,0,42.0,0.00,37.95,30.0,0
1779285632767,983,PERSON-01,551.1,19.13,21.86,2.73,14.14,28.2,0.990,1,1,44.8,0.15,38.23,30.1,0
1779285632800,984,UAS-01,688.7,19.14,21.34,2.20,12.94,26.8,0.936,1,1,42.7,0.75,37.72,30.0,0
1779285632833,985,UAS-02,411.9,19.07,21.46,2.39,12.86,27.4,0.912,1,1,42.0,0.35,37.61,29.8,0
1779285632867,986,GND-VEH-01,731.8,19.21,21.66,2.45,13.13,29.1,0.928,1,1,44.1,0.46,37.58,30.1,0
1779285632900,987,PERSON-01,382.8,18.89,21.49,2.60,14.31,27.3,0.981,1,1,43.0,0.23,37.69,29.9,0
1779285632933,988,UAS-01,548.8,18.93,21.25,2.32,13.19,28.8,0.918,1,1,42.8,0.36,37.79,30.0,0
1779285632967,989,UAS-02,329.1,19.12,21.98,2.86,13.94,28.9,0.990,1,1,42.0,0.31,38.15,30.1,0
1779285633000,990,GND-VEH-01,981.9,18.84,20.77,1.94,13.32,28.1,0.933,1,1,164.6,0.13,38.26,30.0,0
1779285633033,991,PERSON-01,528.0,19.02,21.40,2.38,5.59,27.5,0.176,0,0,42.0,0.00,38.22,30.0,0
1779285633067,992,UAS-01,695.7,19.40,21.42,2.03,4.85,27.4,0.180,0,0,119.3,0.00,37.47,30.1,0
1779285633100,993,UAS-02,313.3,18.83,21.09,2.26,5.19,27.6,0.230,0,0,42.0,0.00,37.79,30.1,0
1779285633133,994,GND-VEH-01,806.2,18.83,20.95,2.12,4.55,28.2,0.207,0,0,42.0,0.00,37.91,30.1,0
1779285633167,995,PERSON-01,506.3,18.75,20.80,2.04,5.35,28.7,0.212,0,0,42.0,0.00,38.10,30.1,0
1779285633200,996,UAS-01,511.0,19.16,21.36,2.20,5.20,27.3,0.159,0,0,42.0,0.00,38.24,29.8,0
1779285633233,997,UAS-02,320.7,18.75,21.29,2.53,5.52,28.9,0.400,1,0,42.2,0.24,38.04,30.0,0
1779285633267,998,GND-VEH-01,839.5,19.07,21.23,2.17,5.10,27.5,0.203,0,0,42.2,0.00,37.61,30.0,0
1779285633300,999,PERSON-01,410.0,19.21,21.77,2.56,5.22,26.8,0.400,1,0,42.0,1.06,38.21,30.0,0
1779285633333,1000,UAS-01,578.9,18.65,20.86,2.21,4.78,27.7,0.202,0,0,42.0,0.00,37.83,30.0,0
1779285633367,1001,UAS-02,377.5,19.16,21.70,2.54,5.87,27.9,0.400,1,0,42.0,0.52,37.62,30.1,0
1779285633400,1002,GND-VEH-01,598.1,19.08,21.39,2.30,5.43,28.2,0.400,1,0,42.0,0.13,37.74,30.1,0
1779285633433,1003,PERSON-01,755.4,18.99,21.44,2.45,5.51,28.0,0.172,0,0,42.7,0.00,38.08,29.9,0
1779285633467,1004,UAS-01,535.6,18.92,21.32,2.40,4.89,27.5,0.211,0,0,42.6,0.00,37.85,30.1,0
1779285633500,1005,UAS-02,311.8,19.07,21.53,2.46,5.02,28.3,0.170,0,0,42.0,0.00,37.76,30.1,0
1779285633533,1006,GND-VEH-01,439.7,19.07,21.26,2.19,5.01,26.5,0.216,0,0,42.1,0.00,37.94,20.9,1
1779285633567,1007,PERSON-01,659.8,19.09,21.25,2.17,5.68,27.7,0.232,0,0,42.0,0.00,38.08,30.0,0
1779285633600,1008,UAS-01,431.0,18.83,21.01,2.18,5.09,27.5,0.216,0,0,45.8,0.00,37.89,29.9,0
1779285633633,1009,UAS-02,375.3,18.96,21.21,2.25,4.77,27.6,0.185,0,0,42.0,0.00,38.02,30.2,0
1779285633667,1010,GND-VEH-01,433.4,18.93,21.24,2.30,5.47,29.0,0.188,0,0,42.0,0.00,38.11,30.0,0
1779285633700,1011,PERSON-01,392.8,18.90,21.25,2.35,5.91,27.2,0.196,0,0,42.0,0.00,38.17,30.0,0
1779285633733,1012,UAS-01,670.5,19.11,21.29,2.17,5.62,28.7,0.178,0,0,42.0,0.00,38.26,30.2,0
1779285633767,1013,UAS-02,325.5,18.81,21.42,2.62,5.29,26.2,0.188,0,0,44.8,0.00,37.88,29.9,0
1779285633800,1014,GND-VEH-01,591.0,19.24,21.59,2.35,4.83,27.1,0.115,0,0,42.0,0.00,38.19,30.1,0
1779285633833,1015,PERSON-01,612.6,18.89,21.24,2.35,5.62,28.4,0.205,0,0,42.2,0.00,38.54,29.9,0
1779285633867,1016,UAS-01,487.2,19.15,21.68,2.53,5.81,27.4,0.184,0,0,44.8,0.00,38.13,30.0,0
1779285633900,1017,UAS-02,554.7,19.20,21.47,2.27,5.14,28.2,0.132,0,0,42.4,0.00,38.14,30.1,0
1779285633933,1018,GND-VEH-01,330.5,18.84,21.33,2.49,4.79,30.0,0.400,1,0,42.0,0.51,38.54,29.9,0
1779285633967,1019,PERSON-01,763.9,19.02,21.37,2.35,5.58,29.3,0.195,0,0,42.1,0.00,38.11,29.9,0
1779285634000,1020,UAS-01,388.9,19.06,21.71,2.66,6.37,27.0,0.400,1,0,42.0,0.50,38.10,29.9,0
1779285634033,1021,UAS-02,335.7,18.86,20.90,2.03,5.28,26.9,0.400,1,0,42.0,0.21,38.52,30.1,0
1779285634067,1022,GND-VEH-01,364.4,19.05,21.64,2.59,5.06,28.8,0.166,0,0,42.0,0.00,38.09,30.0,0
1779285634100,1023,PERSON-01,362.8,18.99,21.21,2.22,4.59,26.9,0.208,0,0,42.0,0.00,38.19,30.0,0
1779285634133,1024,UAS-01,431.1,18.93,21.37,2.45,4.94,27.4,0.163,0,0,42.0,0.00,38.16,30.1,0
1779285634167,1025,UAS-02,807.8,19.05,21.27,2.22,5.46,26.9,0.189,0,0,42.0,0.00,38.46,30.0,0
1779285634200,1026,GND-VEH-01,633.9,19.08,21.41,2.33,5.16,28.9,0.124,0,0,42.6,0.00,38.26,30.1,0
1779285634233,1027,PERSON-01,313.6,19.04,21.40,2.36,5.13,28.2,0.174,0,0,43.9,0.00,37.88,29.9,0
1779285634267,1028,UAS-01,577.3,19.07,21.50,2.43,6.28,27.8,0.400,1,0,44.6,0.83,38.29,30.1,0
1779285634300,1029,UAS-02,300.3,19.04,21.24,2.20,4.77,29.2,0.203,0,0,43.5,0.00,38.03,29.9,0
1779285634333,1030,GND-VEH-01,430.5,19.19,21.27,2.08,4.99,29.2,0.400,1,0,42.6,0.03,38.40,30.0,0
1779285634367,1031,PERSON-01,492.5,19.11,21.75,2.64,5.68,29.7,0.184,0,0,43.7,0.00,38.54,30.1,0
1779285634400,1032,UAS-01,707.8,18.83,21.29,2.46,5.10,27.2,0.222,0,0,42.6,0.00,38.67,30.0,0
1779285634433,1033,UAS-02,380.2,18.81,21.23,2.42,4.53,27.5,0.183,0,0,42.0,0.00,38.33,30.0,0
1779285634467,1034,GND-VEH-01,440.5,18.88,21.46,2.58,5.56,26.7,0.240,0,0,42.5,0.00,38.84,30.1,0
1779285634500,1035,PERSON-01,450.5,18.90,21.38,2.49,5.47,28.7,0.400,1,0,43.4,0.83,38.42,29.9,0
1779285634533,1036,UAS-01,683.8,18.82,21.05,2.22,4.82,28.8,0.400,1,0,44.3,0.21,38.31,29.9,0
1779285634567,1037,UAS-02,706.5,19.12,21.52,2.40,5.10,27.8,0.153,0,0,42.9,0.00,38.39,29.9,0
1779285634600,1038,GND-VEH-01,538.6,19.04,21.48,2.44,5.72,26.3,0.237,0,0,42.6,0.00,38.78,30.0,0
1779285634633,1039,PERSON-01,506.7,19.32,21.65,2.33,5.73,29.0,0.400,1,0,42.0,0.17,38.44,30.1,0
1779285634667,1040,UAS-01,367.2,18.97,21.22,2.25,5.40,29.7,0.195,0,0,43.3,0.00,38.34,29.8,0
1779285634700,1041,UAS-02,577.3,19.19,21.86,2.68,5.97,27.7,0.186,0,0,42.0,0.00,38.21,30.0,0
1779285634733,1042,GND-VEH-01,307.0,19.13,21.73,2.60,6.10,28.2,0.203,0,0,42.0,0.00,38.22,30.0,0
1779285634767,1043,PERSON-01,363.7,18.91,21.22,2.31,5.12,29.1,0.400,1,0,42.0,0.29,38.62,30.2,0
1779285634800,1044,UAS-01,641.7,19.14,21.62,2.48,5.80,28.1,0.192,0,0,43.8,0.00,38.67,29.9,0
1779285634833,1045,UAS-02,569.1,18.77,21.24,2.47,5.57,27.9,0.400,1,0,42.3,0.22,38.64,30.0,0
1779285634867,1046,GND-VEH-01,336.8,18.98,21.51,2.53,5.39,28.0,0.262,0,0,42.0,0.00,38.68,30.0,0
1779285634900,1047,PERSON-01,315.9,18.90,21.27,2.37,5.16,28.5,0.232,0,0,42.0,0.00,38.39,30.1,0
1779285634933,1048,UAS-01,475.9,19.06,21.47,2.41,5.57,28.8,0.400,1,0,43.4,0.46,38.22,30.0,0
1779285634967,1049,UAS-02,649.3,18.85,21.28,2.44,4.80,29.1,0.206,0,0,43.2,0.00,37.98,30.1,0
1779285635000,1050,GND-VEH-01,548.5,18.87,20.77,1.90,4.39,27.9,0.176,0,0,44.9,0.00,38.47,30.0,0
1779285635033,1051,PERSON-01,461.8,19.00,21.18,2.18,5.08,28.2,0.215,0,0,42.0,0.00,38.59,30.0,0
1779285635067,1052,UAS-01,342.1,18.94,21.55,2.61,5.02,28.6,0.174,0,0,42.0,0.00,38.64,29.9,0
1779285635100,1053,UAS-02,652.6,18.77,21.05,2.29,5.28,28.6,0.184,0,0,45.7,0.00,38.47,30.0,0
1779285635133,1054,GND-VEH-01,433.5,18.74,21.16,2.42,4.83,27.5,0.217,0,0,42.0,0.00,38.89,30.0,0
1779285635167,1055,PERSON-01,486.1,19.04,21.24,2.20,5.42,27.8,0.163,0,0,42.0,0.00,38.35,30.1,0
1779285635200,1056,UAS-01,448.9,19.10,21.43,2.33,5.26,28.2,0.187,0,0,122.8,0.00,38.51,30.1,0
1779285635233,1057,UAS-02,468.8,19.14,21.52,2.38,4.75,29.6,0.157,0,0,42.0,0.00,38.26,21.9,1
1779285635267,1058,GND-VEH-01,483.5,18.95,21.32,2.37,5.55,28.2,0.177,0,0,42.0,0.00,38.89,30.0,0
1779285635300,1059,PERSON-01,487.9,18.83,20.87,2.04,5.02,27.4,0.249,0,0,42.6,0.00,38.58,30.1,0
1779285635333,1060,UAS-01,516.7,19.02,21.32,2.30,4.41,28.7,0.400,1,0,42.0,0.11,37.98,30.1,0
1779285635367,1061,UAS-02,327.8,18.97,21.30,2.32,5.12,28.2,0.197,0,0,42.6,0.00,38.87,30.2,0
1779285635400,1062,GND-VEH-01,327.9,19.19,21.28,2.09,5.19,28.5,0.171,0,0,42.0,0.00,38.40,30.0,0
1779285635433,1063,PERSON-01,398.4,19.07,21.64,2.56,5.76,27.6,0.165,0,0,42.0,0.00,38.78,30.0,0
1779285635467,1064,UAS-01,765.7,19.03,21.22,2.18,4.76,28.3,0.209,0,0,42.7,0.00,38.37,30.0,0
1779285635500,1065,UAS-02,589.1,18.95,21.46,2.51,4.89,28.5,0.166,0,0,42.0,0.00,38.84,30.1,0
1779285635533,1066,GND-VEH-01,512.1,18.98,21.33,2.34,4.68,26.7,0.147,0,0,42.0,0.00,38.29,29.9,0
1779285635567,1067,PERSON-01,507.6,18.86,21.32,2.46,5.33,28.1,0.400,1,0,42.9,1.00,38.79,29.9,0
1779285635600,1068,UAS-01,624.1,18.89,21.23,2.34,4.81,28.7,0.197,0,0,44.3,0.00,38.69,30.1,0
1779285635633,1069,UAS-02,868.4,18.95,20.92,1.97,4.70,27.5,0.210,0,0,43.6,0.00,38.64,30.1,0
1779285635667,1070,GND-VEH-01,466.7,19.08,21.42,2.34,4.71,29.4,0.247,0,0,42.0,0.00,38.89,29.9,0
1779285635700,1071,PERSON-01,356.9,18.94,21.42,2.49,5.22,27.7,0.240,0,0,42.0,0.00,38.96,30.0,0
1779285635733,1072,UAS-01,817.3,19.02,21.53,2.51,5.72,28.0,0.198,0,0,45.0,0.00,38.85,30.0,0
1779285635767,1073,UAS-02,335.8,19.14,21.57,2.42,5.62,28.8,0.170,0,0,42.0,0.00,38.57,29.9,0
1779285635800,1074,GND-VEH-01,485.4,19.15,21.46,2.31,5.29,27.3,0.173,0,0,42.0,0.00,38.90,30.1,0
1779285635833,1075,PERSON-01,720.0,19.12,21.13,2.01,5.22,27.6,0.201,0,0,42.3,0.00,38.66,30.0,0
1779285635867,1076,UAS-01,491.1,19.03,21.41,2.38,4.68,28.3,0.208,0,0,43.6,0.00,38.42,30.1,0
1779285635900,1077,UAS-02,347.3,18.83,21.18,2.35,5.65,28.1,0.400,1,0,42.0,0.55,39.15,30.0,0
1779285635933,1078,GND-VEH-01,309.4,18.61,21.01,2.40,5.51,29.1,0.185,0,0,42.0,0.00,38.76,30.1,0
1779285635967,1079,PERSON-01,536.3,18.68,20.91,2.23,4.97,26.1,0.400,1,0,44.2,0.30,38.49,29.9,0
1779285636000,1080,UAS-01,307.5,19.09,21.69,2.60,5.70,27.8,0.400,1,0,42.2,0.36,38.92,22.0,1
1779285636033,1081,UAS-02,515.3,18.95,21.73,2.79,6.19,27.9,0.400,1,0,43.7,0.11,38.67,29.9,0
1779285636067,1082,GND-VEH-01,447.1,19.01,21.48,2.47,4.80,30.4,0.400,1,0,43.5,0.85,39.02,30.0,0
1779285636100,1083,PERSON-01,329.0,18.93,21.46,2.52,5.21,28.7,0.222,0,0,42.0,0.00,38.47,30.1,0
1779285636133,1084,UAS-01,483.3,18.99,21.56,2.57,5.54,28.9,0.191,0,0,42.0,0.00,38.64,30.0,0
1779285636167,1085,UAS-02,402.1,19.03,21.38,2.35,4.76,28.1,0.185,0,0,42.0,0.00,38.90,29.9,0
1779285636200,1086,GND-VEH-01,397.4,19.06,21.45,2.38,5.73,28.3,0.400,1,0,42.0,0.35,38.89,30.0,0
1779285636233,1087,PERSON-01,304.5,18.78,21.29,2.51,5.40,29.0,0.160,0,0,42.0,0.00,39.15,30.0,0
1779285636267,1088,UAS-01,398.9,18.95,21.29,2.34,5.39,28.6,0.400,1,0,42.8,0.10,38.93,29.9,0
1779285636300,1089,UAS-02,526.6,18.78,20.90,2.13,4.70,27.7,0.174,0,0,44.4,0.00,38.55,30.0,0
1779285636333,1090,GND-VEH-01,520.3,18.93,21.17,2.24,4.70,29.4,0.400,1,0,42.0,0.60,39.00,30.1,0
1779285636367,1091,PERSON-01,576.6,19.00,21.33,2.33,5.31,27.4,0.400,1,0,43.3,0.13,38.89,30.1,0
1779285636400,1092,UAS-01,696.1,19.12,21.48,2.35,5.50,28.7,0.400,1,0,42.0,0.24,38.75,20.9,1
1779285636433,1093,UAS-02,380.5,18.93,21.31,2.38,4.94,28.3,0.215,0,0,42.0,0.00,38.70,30.1,0
1779285636467,1094,GND-VEH-01,394.2,18.97,21.66,2.68,6.09,27.8,0.146,0,0,44.1,0.00,39.10,30.0,0
1779285636500,1095,PERSON-01,426.1,18.86,21.52,2.66,5.48,27.5,0.400,1,0,42.0,0.71,39.19,30.0,0
1779285636533,1096,UAS-01,433.0,19.01,21.28,2.27,5.69,26.8,0.208,0,0,42.0,0.00,39.11,30.0,0
1779285636567,1097,UAS-02,892.1,19.02,21.07,2.05,4.09,28.2,0.211,0,0,44.9,0.00,38.42,30.0,0
1779285636600,1098,GND-VEH-01,433.6,18.99,21.62,2.63,6.13,28.5,0.178,0,0,44.2,0.00,38.64,30.0,0
1779285636633,1099,PERSON-01,743.7,18.81,20.81,2.00,4.31,29.4,0.228,0,0,42.2,0.00,38.95,29.9,0
1779285636667,1100,UAS-01,400.4,19.02,21.39,2.37,5.50,28.0,0.209,0,0,42.0,0.00,39.04,30.1,0
1779285636700,1101,UAS-02,575.2,19.20,21.66,2.46,5.48,29.6,0.400,1,0,42.8,0.13,38.86,30.0,0
1779285636733,1102,GND-VEH-01,487.3,18.81,21.31,2.50,6.15,26.6,0.176,0,0,42.0,0.00,38.94,30.0,0
1779285636767,1103,PERSON-01,757.3,19.03,21.18,2.14,4.99,26.9,0.400,1,0,44.5,0.58,38.97,30.0,0
1779285636800,1104,UAS-01,548.1,18.96,21.17,2.21,5.01,28.4,0.198,0,0,42.0,0.00,39.05,30.1,0
1779285636833,1105,UAS-02,522.3,19.18,21.43,2.25,5.69,27.2,0.186,0,0,43.0,0.00,39.04,30.2,0
1779285636867,1106,GND-VEH-01,675.6,19.00,21.49,2.49,6.01,27.4,0.240,0,0,42.0,0.00,38.86,30.2,0
1779285636900,1107,PERSON-01,532.2,18.91,21.53,2.62,5.90,27.9,0.149,0,0,42.0,0.00,38.90,29.8,0
1779285636933,1108,UAS-01,403.3,19.04,21.61,2.57,5.49,27.9,0.144,0,0,42.0,0.00,39.32,30.0,0
1779285636967,1109,UAS-02,511.2,19.07,21.32,2.25,4.34,28.1,0.239,0,0,44.3,0.00,38.83,30.0,0
1779285637000,1110,GND-VEH-01,524.9,19.12,21.54,2.42,5.07,26.5,0.228,0,0,42.7,0.00,39.04,29.9,0
1779285637033,1111,PERSON-01,983.1,19.16,21.13,1.97,4.90,27.5,0.204,0,0,42.9,0.00,39.39,30.0,0
1779285637067,1112,UAS-01,430.9,18.97,21.37,2.40,4.65,29.4,0.400,1,0,42.0,0.43,39.32,30.0,0
1779285637100,1113,UAS-02,480.4,18.98,21.47,2.49,5.63,28.3,0.208,0,0,43.6,0.00,39.00,30.0,0
1779285637133,1114,GND-VEH-01,421.3,19.03,21.56,2.52,6.40,27.8,0.234,0,0,42.0,0.00,39.36,30.0,0
1779285637167,1115,PERSON-01,596.5,18.99,21.16,2.17,5.30,26.9,0.400,1,0,42.0,0.31,39.24,29.9,0
1779285637200,1116,UAS-01,541.5,19.13,21.81,2.68,13.23,28.9,0.920,1,1,42.0,0.25,39.36,30.0,0
1779285637233,1117,UAS-02,641.3,19.37,21.61,2.24,13.76,28.1,0.982,1,1,42.0,0.31,39.33,30.0,0
1779285637267,1118,GND-VEH-01,429.8,19.21,21.56,2.35,13.44,28.0,0.956,1,1,42.0,0.56,39.16,30.1,0
1779285637300,1119,PERSON-01,489.5,19.13,21.48,2.35,13.38,28.4,0.950,1,1,42.0,0.18,39.24,30.1,0
1779285637333,1120,UAS-01,326.6,18.97,21.49,2.52,13.84,28.8,0.990,1,1,45.9,0.63,39.38,22.1,1
1779285637367,1121,UAS-02,732.5,18.91,21.13,2.22,13.69,28.2,0.949,1,1,42.0,0.14,38.95,29.9,0
1779285637400,1122,GND-VEH-01,598.9,19.15,21.48,2.34,13.57,28.4,0.965,1,1,42.3,0.89,39.79,30.2,0
1779285637433,1123,PERSON-01,405.6,18.71,21.42,2.71,13.92,28.2,0.990,1,1,42.1,1.45,39.41,30.0,0
1779285637467,1124,UAS-01,508.1,19.17,21.35,2.18,13.29,27.3,0.952,1,1,170.6,0.43,39.11,30.0,0
1779285637500,1125,UAS-02,322.2,18.92,21.55,2.63,14.54,28.8,0.990,1,1,42.0,0.50,39.61,30.1,0
1779285637533,1126,GND-VEH-01,493.4,19.04,21.44,2.41,13.60,28.1,0.954,1,1,43.5,0.98,39.15,30.1,0
1779285637567,1127,PERSON-01,352.4,18.97,20.97,2.00,12.29,28.6,0.868,1,1,45.5,0.16,39.60,30.0,0
1779285637600,1128,UAS-01,545.6,18.62,20.79,2.17,13.87,26.3,0.985,1,1,121.6,0.04,39.33,30.0,0
1779285637633,1129,UAS-02,384.2,18.97,21.43,2.47,13.12,29.5,0.895,1,1,42.7,0.02,39.20,30.1,0
1779285637667,1130,GND-VEH-01,479.5,19.07,21.50,2.43,14.08,28.3,0.990,1,1,45.2,0.13,39.18,30.1,0
1779285637700,1131,PERSON-01,326.2,19.02,21.81,2.79,14.24,28.5,0.985,1,1,42.0,0.57,39.49,29.8,0
1779285637733,1132,UAS-01,372.2,18.90,21.17,2.28,12.85,28.0,0.891,1,1,44.9,0.41,39.20,29.8,0
1779285637767,1133,UAS-02,777.6,18.76,21.04,2.28,12.94,28.8,0.905,1,1,103.9,0.87,39.36,30.1,0
1779285637800,1134,GND-VEH-01,359.5,18.80,21.15,2.35,13.80,27.5,0.990,1,1,42.9,0.51,39.82,30.0,0
1779285637833,1135,PERSON-01,506.6,19.03,21.40,2.36,13.93,26.6,0.990,1,1,42.0,0.36,39.22,30.0,0
1779285637867,1136,UAS-01,468.9,18.93,21.46,2.52,14.31,29.4,0.990,1,1,42.0,0.39,39.48,30.0,0
1779285637900,1137,UAS-02,696.5,18.91,21.15,2.25,13.28,28.1,0.924,1,1,42.5,0.70,39.43,30.0,0
1779285637933,1138,GND-VEH-01,453.4,19.26,21.36,2.10,12.31,28.8,0.851,1,1,42.0,0.17,39.51,30.0,0
1779285637967,1139,PERSON-01,626.3,19.15,21.37,2.22,13.71,28.2,0.960,1,1,44.0,0.56,39.07,30.0,0
1779285638000,1140,UAS-01,401.8,19.13,21.50,2.37,13.88,26.8,0.990,1,1,43.1,0.49,39.33,29.9,0
1779285638033,1141,UAS-02,519.6,18.94,21.54,2.60,13.12,28.0,0.962,1,1,42.0,0.72,39.48,30.0,0
1779285638067,1142,GND-VEH-01,596.8,18.96,21.22,2.26,13.06,28.4,0.940,1,1,45.1,0.14,39.41,22.4,1
1779285638100,1143,PERSON-01,990.7,18.93,21.05,2.12,12.96,29.1,0.887,1,1,44.5,0.42,39.37,30.1,0
1779285638133,1144,UAS-01,639.8,18.95,21.09,2.14,13.61,25.6,0.232,0,0,44.4,0.00,39.74,30.0,0
1779285638167,1145,UAS-02,434.4,18.95,21.57,2.62,14.07,27.2,0.990,1,1,45.2,0.58,39.66,30.0,0
1779285638200,1146,GND-VEH-01,713.5,18.94,21.04,2.10,13.14,28.5,0.942,1,1,42.2,0.22,39.63,30.0,0
1779285638233,1147,PERSON-01,675.8,19.23,21.33,2.10,12.54,28.2,0.186,0,0,43.4,0.00,39.58,29.9,0
1779285638267,1148,UAS-01,364.3,18.99,21.49,2.50,13.19,27.9,0.921,1,1,43.2,0.39,39.25,30.0,0
1779285638300,1149,UAS-02,506.8,18.83,21.11,2.28,13.44,27.5,0.970,1,1,42.1,0.71,39.12,30.1,0
1779285638333,1150,GND-VEH-01,391.9,19.11,21.53,2.43,13.07,28.1,0.917,1,1,42.0,0.17,39.69,29.9,0
1779285638367,1151,PERSON-01,613.3,18.97,21.07,2.09,12.65,28.1,0.214,0,0,42.0,0.00,39.59,30.0,0
1779285638400,1152,UAS-01,470.5,19.22,21.52,2.29,12.98,28.6,0.187,0,0,44.7,0.00,39.64,29.9,0
1779285638433,1153,UAS-02,561.9,18.76,20.96,2.20,12.75,29.7,0.893,1,1,42.0,0.02,39.48,29.9,0
1779285638467,1154,GND-VEH-01,450.9,19.08,21.83,2.75,14.17,27.6,0.990,1,1,42.4,0.60,39.74,30.0,0
1779285638500,1155,PERSON-01,736.4,19.06,21.17,2.12,12.59,28.6,0.899,1,1,42.0,0.14,39.46,30.1,0
1779285638533,1156,UAS-01,547.5,19.05,21.31,2.26,12.79,30.1,0.206,0,0,42.0,0.00,39.99,30.0,0
1779285638567,1157,UAS-02,351.3,18.90,21.35,2.45,13.82,27.8,0.987,1,1,42.0,0.76,39.76,30.0,0
1779285638600,1158,GND-VEH-01,375.8,19.10,21.49,2.40,13.38,28.1,0.959,1,1,42.0,0.40,39.86,30.0,0
1779285638633,1159,PERSON-01,540.2,18.89,21.29,2.40,13.23,27.9,0.915,1,1,42.4,0.81,39.32,30.1,0
1779285638667,1160,UAS-01,719.9,19.00,21.20,2.20,13.23,27.9,0.924,1,1,42.4,0.44,39.46,30.1,0
1779285638700,1161,UAS-02,330.5,18.84,21.20,2.36,13.87,28.3,0.990,1,1,42.0,0.16,39.66,30.0,0
1779285638733,1162,GND-VEH-01,561.8,18.94,21.45,2.52,13.12,28.6,0.946,1,1,42.2,0.21,39.79,30.1,0
1779285638767,1163,PERSON-01,506.5,19.11,21.21,2.10,12.41,29.1,0.870,1,1,42.0,0.10,39.24,30.0,0
1779285638800,1164,UAS-01,329.2,19.28,21.71,2.44,13.78,28.6,0.990,1,1,42.0,0.30,39.62,29.8,0
1779285638833,1165,UAS-02,363.2,18.93,21.47,2.54,13.58,29.0,0.977,1,1,42.0,0.45,39.83,30.1,0
1779285638867,1166,GND-VEH-01,716.8,18.98,21.23,2.24,12.60,27.9,0.887,1,1,42.0,0.40,39.78,30.0,0
1779285638900,1167,PERSON-01,463.9,19.03,21.50,2.47,13.68,28.0,0.987,1,1,45.5,0.22,39.91,30.0,0
1779285638933,1168,UAS-01,379.0,18.91,21.30,2.39,13.43,26.8,0.990,1,1,46.7,0.10,39.44,29.8,0
1779285638967,1169,UAS-02,607.0,18.84,21.26,2.42,13.53,26.3,0.961,1,1,43.9,0.11,39.70,30.1,0
1779285639000,1170,GND-VEH-01,573.0,18.96,21.40,2.44,13.50,27.7,0.938,1,1,42.3,0.55,39.67,30.0,0
1779285639033,1171,PERSON-01,555.1,19.03,21.34,2.32,13.73,27.5,0.982,1,1,42.0,0.78,39.77,30.2,0
1779285639067,1172,UAS-01,468.5,19.17,21.24,2.06,12.75,27.5,0.904,1,1,42.0,0.19,39.91,30.0,0
1779285639100,1173,UAS-02,413.3,18.90,21.21,2.32,13.63,27.1,0.175,0,0,44.7,0.00,39.63,29.9,0
1779285639133,1174,GND-VEH-01,805.2,19.40,21.97,2.58,13.96,28.3,0.980,1,1,42.0,0.52,39.95,30.0,0
1779285639167,1175,PERSON-01,468.7,18.77,21.41,2.64,13.27,27.8,0.940,1,1,43.5,0.01,40.03,29.9,0
1779285639200,1176,UAS-01,475.6,19.01,21.47,2.46,14.24,28.7,0.990,1,1,42.9,0.58,40.01,21.4,1
1779285639233,1177,UAS-02,493.7,19.03,21.44,2.41,13.03,28.2,0.931,1,1,42.9,0.35,40.24,29.9,0
1779285639267,1178,GND-VEH-01,603.3,19.10,21.43,2.33,13.55,26.7,0.950,1,1,42.0,0.16,39.38,29.8,0
1779285639300,1179,PERSON-01,474.2,19.08,21.43,2.35,12.98,28.4,0.895,1,1,42.1,0.56,39.35,30.1,0
1779285639333,1180,UAS-01,334.2,19.15,21.56,2.41,13.05,27.6,0.942,1,1,44.0,0.25,39.65,29.9,0
1779285639367,1181,UAS-02,492.8,18.92,21.22,2.30,12.57,27.3,0.871,1,1,42.0,0.64,39.48,29.9,0
1779285639400,1182,GND-VEH-01,771.4,18.91,20.89,1.97,12.36,28.4,0.884,1,1,43.9,0.23,39.53,30.0,0
1779285639433,1183,PERSON-01,554.7,18.70,21.03,2.33,12.94,27.6,0.897,1,1,43.6,0.41,39.85,29.8,0
1779285639467,1184,UAS-01,672.4,18.89,21.27,2.37,13.31,28.3,0.934,1,1,42.3,0.52,39.85,30.1,0
1779285639500,1185,UAS-02,307.4,18.90,21.42,2.52,13.39,27.8,0.973,1,1,42.0,0.07,39.99,29.9,0
1779285639533,1186,GND-VEH-01,674.1,18.82,21.27,2.45,13.91,27.7,0.990,1,1,42.7,0.86,39.69,30.0,0
1779285639567,1187,PERSON-01,631.2,19.16,21.31,2.15,13.06,27.1,0.928,1,1,44.3,1.02,39.68,29.9,0
1779285639600,1188,UAS-01,416.3,19.06,21.15,2.09,13.16,27.5,0.201,0,0,42.4,0.00,39.43,29.8,0
1779285639633,1189,UAS-02,756.2,18.91,21.00,2.09,12.66,27.7,0.880,1,1,42.4,0.46,39.98,30.2,0
1779285639667,1190,GND-VEH-01,505.8,18.81,21.23,2.42,13.18,27.5,0.934,1,1,42.6,0.62,39.59,29.9,0
1779285639700,1191,PERSON-01,509.9,19.01,21.47,2.46,12.72,28.1,0.899,1,1,43.5,0.24,40.18,30.1,0
1779285639733,1192,UAS-01,332.8,19.17,21.55,2.38,13.75,28.3,0.987,1,1,42.0,0.43,39.70,29.8,0
1779285639767,1193,UAS-02,446.1,18.99,21.05,2.06,13.43,27.9,0.934,1,1,42.2,0.20,39.58,30.0,0
1779285639800,1194,GND-VEH-01,306.4,18.96,21.57,2.61,13.67,28.6,0.943,1,1,44.1,0.12,39.79,30.2,0
1779285639833,1195,PERSON-01,435.2,19.09,21.37,2.27,12.64,28.2,0.884,1,1,42.0,0.03,40.10,30.0,0
1779285639867,1196,UAS-01,346.6,18.98,21.23,2.25,12.72,26.9,0.152,0,0,42.0,0.00,40.08,30.0,0
1779285639900,1197,UAS-02,333.5,19.06,21.28,2.22,13.09,27.5,0.905,1,1,43.9,0.75,40.32,29.9,0
1779285639933,1198,GND-VEH-01,528.4,19.08,21.31,2.23,13.77,27.5,0.970,1,1,42.0,0.85,39.95,30.0,0
1779285639967,1199,PERSON-01,361.8,19.02,21.42,2.39,12.86,28.5,0.223,0,0,42.1,0.00,39.97,29.9,0
1779285640000,1200,UAS-01,437.1,18.99,21.29,2.31,13.66,27.9,0.960,1,1,42.0,0.02,39.61,30.1,0
1779285640033,1201,UAS-02,429.2,19.07,21.40,2.32,13.04,26.9,0.145,0,0,42.0,0.00,39.94,30.0,0
1779285640067,1202,GND-VEH-01,682.4,19.15,21.30,2.16,13.61,27.6,0.976,1,1,42.8,0.37,40.04,30.0,0
1779285640100,1203,PERSON-01,770.3,18.89,21.50,2.62,13.79,27.3,0.984,1,1,42.0,0.21,40.10,22.2,1
1779285640133,1204,UAS-01,595.5,18.91,21.07,2.16,13.22,29.2,0.961,1,1,42.0,0.80,40.18,30.0,0
1779285640167,1205,UAS-02,358.2,18.94,21.79,2.85,14.02,28.8,0.990,1,1,42.0,0.53,39.72,30.0,0
1779285640200,1206,GND-VEH-01,520.9,18.78,21.44,2.66,13.46,27.4,0.989,1,1,42.0,0.78,40.40,30.0,0
1779285640233,1207,PERSON-01,367.1,19.11,21.57,2.46,13.61,28.7,0.954,1,1,44.5,0.25,40.12,30.0,0
1779285640267,1208,UAS-01,456.3,19.09,21.39,2.30,13.61,27.1,0.947,1,1,42.0,0.19,40.28,30.0,0
1779285640300,1209,UAS-02,386.1,18.93,21.35,2.42,13.70,27.3,0.982,1,1,42.0,0.36,40.16,29.9,0
1779285640333,1210,GND-VEH-01,477.1,19.03,21.09,2.05,13.05,26.5,0.911,1,1,43.6,0.19,40.13,29.9,0
1779285640367,1211,PERSON-01,433.4,18.93,20.98,2.05,12.95,27.6,0.214,0,0,44.5,0.00,39.82,30.0,0
1779285640400,1212,UAS-01,540.6,18.68,21.17,2.49,13.87,29.8,0.976,1,1,42.0,1.01,39.70,30.0,0
1779285640433,1213,UAS-02,565.4,18.84,21.16,2.32,13.14,27.7,0.931,1,1,42.0,0.24,39.88,30.2,0
1779285640467,1214,GND-VEH-01,428.3,18.99,21.27,2.28,13.25,27.7,0.959,1,1,42.0,0.25,40.07,30.0,0
1779285640500,1215,PERSON-01,541.1,18.73,21.15,2.41,13.23,28.6,0.927,1,1,42.0,0.63,40.22,30.0,0
1779285640533,1216,UAS-01,1018.1,18.74,20.72,1.98,12.81,25.9,0.912,1,1,42.0,0.25,40.16,30.2,0
1779285640567,1217,UAS-02,384.9,19.05,21.35,2.29,13.32,27.4,0.176,0,0,42.3,0.00,40.27,29.9,0
1779285640600,1218,GND-VEH-01,303.2,19.15,21.49,2.34,12.85,28.3,0.890,1,1,42.0,0.39,40.24,30.0,0
1779285640633,1219,PERSON-01,329.1,18.95,21.50,2.55,13.91,29.2,0.990,1,1,42.0,0.16,40.29,30.2,0
1779285640667,1220,UAS-01,686.0,18.93,21.08,2.16,12.93,29.2,0.251,0,0,42.9,0.00,40.21,30.1,0
1779285640700,1221,UAS-02,739.0,18.99,21.02,2.04,13.15,28.2,0.943,1,1,42.0,0.04,40.17,30.0,0
1779285640733,1222,GND-VEH-01,451.0,19.11,21.42,2.31,13.33,28.4,0.938,1,1,42.0,0.07,39.88,30.1,0
1779285640767,1223,PERSON-01,350.6,18.85,21.16,2.31,12.94,26.2,0.895,1,1,45.9,0.19,40.15,30.0,0
1779285640800,1224,UAS-01,603.3,18.99,21.55,2.56,13.66,29.1,0.982,1,1,170.3,0.11,40.19,29.9,0
1779285640833,1225,UAS-02,579.8,19.07,21.25,2.18,13.90,27.7,0.990,1,1,45.2,0.19,40.57,30.1,0
1779285640867,1226,GND-VEH-01,559.0,19.14,21.36,2.22,13.28,29.0,0.970,1,1,42.0,0.03,40.45,30.1,0
1779285640900,1227,PERSON-01,364.1,18.98,21.59,2.61,14.02,28.3,0.976,1,1,43.6,0.18,40.22,30.0,0
1779285640933,1228,UAS-01,498.0,19.03,21.30,2.28,12.47,28.7,0.871,1,1,42.0,0.09,40.63,30.0,0
1779285640967,1229,UAS-02,317.2,18.95,21.32,2.37,13.35,27.3,0.234,0,0,42.0,0.00,40.32,30.0,0
1779285641000,1230,GND-VEH-01,700.8,19.08,21.33,2.25,13.54,28.5,0.969,1,1,42.0,0.05,40.36,29.9,0
1779285641033,1231,PERSON-01,495.1,18.94,21.30,2.36,13.71,29.4,0.963,1,1,42.0,0.03,40.13,29.8,0
1779285641067,1232,UAS-01,649.8,18.96,21.42,2.46,13.57,26.9,0.971,1,1,42.0,0.30,40.37,30.0,0
1779285641100,1233,UAS-02,351.8,19.04,21.46,2.42,13.28,27.9,0.146,0,0,42.0,0.00,40.01,29.9,0
1779285641133,1234,GND-VEH-01,814.5,19.09,21.19,2.10,12.76,28.7,0.884,1,1,42.0,0.62,40.41,30.0,0
1779285641167,1235,PERSON-01,547.8,18.84,20.99,2.15,12.59,29.1,0.229,0,0,43.1,0.00,39.92,29.9,0
1779285641200,1236,UAS-01,368.0,18.94,21.62,2.68,13.47,28.3,0.948,1,1,44.9,0.62,40.35,30.0,0
1779285641233,1237,UAS-02,658.1,19.08,21.06,1.98,12.92,28.2,0.931,1,1,43.5,0.32,40.39,30.0,0
1779285641267,1238,GND-VEH-01,425.9,18.99,21.37,2.38,13.13,29.4,0.971,1,1,42.0,0.60,40.36,30.0,0
1779285641300,1239,PERSON-01,368.9,19.09,21.31,2.22,13.01,28.1,0.900,1,1,42.5,0.27,40.26,29.9,0
1779285641333,1240,UAS-01,343.1,19.06,21.45,2.39,13.36,29.5,0.950,1,1,43.3,0.97,40.65,19.7,1
1779285641367,1241,UAS-02,479.3,18.91,21.17,2.26,12.87,28.4,0.906,1,1,45.5,0.39,40.47,29.9,0
1779285641400,1242,GND-VEH-01,463.2,19.08,21.55,2.47,13.84,27.3,0.976,1,1,42.0,0.29,40.68,29.8,0
1779285641433,1243,PERSON-01,376.1,18.82,21.34,2.52,14.11,28.2,0.990,1,1,42.0,0.58,40.50,30.1,0
1779285641467,1244,UAS-01,333.9,19.15,21.36,2.22,13.35,25.9,0.954,1,1,43.0,0.41,40.59,30.0,0
1779285641500,1245,UAS-02,335.2,19.00,21.86,2.85,13.89,27.1,0.990,1,1,42.4,0.09,40.40,29.8,0
1779285641533,1246,GND-VEH-01,856.3,18.94,21.30,2.36,12.77,27.7,0.904,1,1,43.2,0.50,40.40,21.0,1
1779285641567,1247,PERSON-01,558.9,19.03,21.56,2.53,13.63,26.2,0.990,1,1,42.0,0.76,40.04,29.9,0
1779285641600,1248,UAS-01,461.4,18.85,21.23,2.37,13.34,27.9,0.947,1,1,42.1,0.08,40.79,30.1,0
1779285641633,1249,UAS-02,786.3,18.95,21.50,2.56,13.37,27.8,0.970,1,1,42.0,0.61,40.23,30.0,0
1779285641667,1250,GND-VEH-01,350.4,18.91,21.25,2.33,13.75,27.5,0.990,1,1,42.0,0.43,40.57,30.1,0
1779285641700,1251,PERSON-01,449.4,19.00,21.18,2.18,13.15,28.3,0.922,1,1,42.0,0.84,40.44,30.0,0
1779285641733,1252,UAS-01,335.0,19.13,21.49,2.36,13.70,27.9,0.958,1,1,42.0,0.02,40.38,30.0,0
1779285641767,1253,UAS-02,386.4,18.73,21.22,2.48,13.39,25.8,0.950,1,1,42.0,0.41,40.95,30.0,0
1779285641800,1254,GND-VEH-01,660.8,18.98,21.31,2.33,13.35,27.3,0.935,1,1,181.4,0.85,40.10,30.1,0
1779285641833,1255,PERSON-01,489.8,18.92,21.05,2.13,12.66,28.6,0.201,0,0,42.0,0.00,40.58,29.8,0
1779285641867,1256,UAS-01,472.0,19.15,21.51,2.36,13.65,27.8,0.990,1,1,42.0,0.14,40.59,29.9,0
1779285641900,1257,UAS-02,760.1,19.11,21.40,2.28,13.07,28.0,0.931,1,1,43.3,0.06,40.21,30.2,0
1779285641933,1258,GND-VEH-01,533.0,19.24,21.85,2.61,13.68,28.8,0.952,1,1,42.0,0.33,40.48,30.1,0
1779285641967,1259,PERSON-01,475.2,18.97,21.67,2.70,13.21,28.6,0.231,0,0,42.0,0.00,40.71,30.0,0
1779285642000,1260,UAS-01,713.9,19.04,21.10,2.06,12.26,29.4,0.835,1,1,42.0,0.44,40.56,30.0,0
1779285642033,1261,UAS-02,474.6,19.06,21.63,2.58,13.74,29.3,0.961,1,1,42.0,0.20,40.62,30.1,0
1779285642067,1262,GND-VEH-01,732.8,18.86,21.12,2.26,13.54,29.1,0.982,1,1,45.3,0.72,40.56,30.0,0
1779285642100,1263,PERSON-01,315.7,18.91,21.52,2.62,13.61,28.2,0.977,1,1,46.0,0.68,40.75,30.0,0
1779285642133,1264,UAS-01,370.8,18.93,21.15,2.22,12.69,27.6,0.895,1,1,42.0,0.41,40.53,30.0,0
1779285642167,1265,UAS-02,323.5,18.76,21.37,2.61,13.43,28.0,0.961,1,1,42.0,0.14,40.30,30.0,0
1779285642200,1266,GND-VEH-01,461.9,19.05,21.33,2.28,12.71,27.2,0.228,0,0,42.0,0.00,40.74,30.2,0
1779285642233,1267,PERSON-01,348.2,19.30,22.05,2.75,13.40,28.2,0.959,1,1,42.5,0.41,40.84,30.0,0
1779285642267,1268,UAS-01,354.2,18.94,21.13,2.19,13.64,27.1,0.990,1,1,42.0,0.24,40.82,30.0,0
1779285642300,1269,UAS-02,572.2,18.85,21.14,2.30,12.79,29.3,0.898,1,1,43.9,0.11,40.76,30.0,0
1779285642333,1270,GND-VEH-01,745.8,18.82,21.12,2.31,13.77,27.3,0.970,1,1,42.0,0.19,40.94,30.0,0
1779285642367,1271,PERSON-01,503.6,18.82,21.06,2.24,13.52,27.1,0.948,1,1,42.7,0.69,40.91,30.0,0
1779285642400,1272,UAS-01,905.1,18.72,20.69,1.98,12.91,28.3,0.904,1,1,42.7,0.05,40.10,30.1,0
1779285642433,1273,UAS-02,777.0,18.91,21.00,2.09,12.92,27.3,0.927,1,1,42.0,0.66,40.55,30.1,0
1779285642467,1274,GND-VEH-01,566.5,18.89,21.09,2.20,13.02,26.1,0.919,1,1,42.8,0.29,40.62,29.8,0
1779285642500,1275,PERSON-01,620.9,18.89,21.19,2.30,13.27,28.0,0.940,1,1,42.7,0.51,40.77,30.1,0
1779285642533,1276,UAS-01,462.9,19.00,21.38,2.39,13.16,29.2,0.946,1,1,46.1,0.14,40.39,30.1,0
1779285642567,1277,UAS-02,807.7,18.98,21.04,2.06,12.37,29.4,0.873,1,1,42.0,0.20,40.98,30.0,0
1779285642600,1278,GND-VEH-01,426.8,19.18,21.63,2.45,12.98,28.5,0.901,1,1,42.0,0.83,41.16,29.9,0
1779285642633,1279,PERSON-01,607.1,19.09,21.54,2.45,13.91,27.7,0.990,1,1,42.0,0.02,40.85,30.1,0
1779285642667,1280,UAS-01,529.1,19.17,21.47,2.30,13.59,28.7,0.949,1,1,43.1,0.74,40.91,29.9,0
1779285642700,1281,UAS-02,344.6,19.07,21.21,2.14,13.10,28.0,0.942,1,1,42.0,0.87,40.72,30.0,0
1779285642733,1282,GND-VEH-01,586.7,18.90,21.39,2.49,13.75,28.1,0.958,1,1,42.9,0.49,41.06,29.9,0
1779285642767,1283,PERSON-01,329.8,18.90,21.46,2.56,13.29,28.7,0.968,1,1,42.5,0.12,40.88,30.1,0
1779285642800,1284,UAS-01,547.0,19.01,21.48,2.47,13.24,28.0,0.951,1,1,43.8,0.62,40.89,30.0,0
1779285642833,1285,UAS-02,306.6,18.89,21.59,2.71,14.25,27.0,0.990,1,1,42.0,0.69,40.89,30.0,0
1779285642867,1286,GND-VEH-01,406.1,18.92,21.55,2.63,13.68,26.6,0.952,1,1,42.0,0.64,40.50,29.8,0
1779285642900,1287,PERSON-01,376.0,18.95,21.46,2.51,13.14,28.8,0.911,1,1,176.9,0.45,40.71,30.0,0
1779285642933,1288,UAS-01,340.4,19.02,21.66,2.64,14.29,29.0,0.990,1,1,44.0,0.01,41.17,30.0,0
1779285642967,1289,UAS-02,477.5,18.88,21.25,2.37,13.70,27.7,0.990,1,1,42.0,0.39,40.80,30.0,0
1779285643000,1290,GND-VEH-01,769.8,18.86,21.07,2.22,12.14,28.3,0.845,1,1,43.4,0.30,40.75,29.9,0
1779285643033,1291,PERSON-01,354.8,18.99,21.39,2.40,13.02,28.1,0.925,1,1,43.4,0.29,40.84,30.2,0
1779285643067,1292,UAS-01,860.3,19.23,21.12,1.90,11.96,28.7,0.830,1,1,42.0,0.55,41.05,29.9,0
1779285643100,1293,UAS-02,333.7,18.95,21.35,2.39,13.20,29.0,0.949,1,1,42.0,0.15,40.46,30.0,0
1779285643133,1294,GND-VEH-01,588.8,19.34,21.89,2.54,14.36,28.4,0.990,1,1,44.1,0.27,41.01,29.8,0
1779285643167,1295,PERSON-01,431.5,19.06,21.31,2.25,13.32,29.2,0.931,1,1,44.4,0.17,41.18,30.0,0
1779285643200,1296,UAS-01,496.0,18.79,20.96,2.17,13.37,29.3,0.947,1,1,42.0,0.21,40.85,29.9,0
1779285643233,1297,UAS-02,341.3,18.90,21.21,2.30,13.82,28.0,0.990,1,1,43.7,0.76,41.09,30.0,0
1779285643267,1298,GND-VEH-01,757.2,19.03,21.35,2.32,12.56,27.9,0.877,1,1,42.0,0.32,40.62,30.0,0
1779285643300,1299,PERSON-01,440.6,19.12,21.42,2.30,13.10,28.6,0.908,1,1,43.3,0.19,41.15,30.1,0
1779285643333,1300,UAS-01,501.7,19.15,21.22,2.07,12.25,29.2,0.852,1,1,42.0,0.68,40.72,30.0,0
1779285643367,1301,UAS-02,659.3,18.84,21.19,2.35,12.75,29.1,0.175,0,0,42.0,0.00,40.89,20.6,1
1779285643400,1302,GND-VEH-01,340.5,18.90,21.14,2.24,13.27,26.4,0.942,1,1,42.0,0.14,41.00,30.0,0
1779285643433,1303,PERSON-01,329.2,18.89,21.20,2.31,13.01,27.8,0.916,1,1,42.1,0.78,40.82,30.0,0
1779285643467,1304,UAS-01,761.8,18.84,21.21,2.38,13.67,27.6,0.975,1,1,42.0,0.29,41.04,30.1,0
1779285643500,1305,UAS-02,598.0,19.01,20.92,1.91,13.32,28.5,0.934,1,1,42.0,0.52,40.89,30.0,0
1779285643533,1306,GND-VEH-01,922.8,19.07,20.84,1.77,12.67,27.6,0.233,0,0,43.4,0.00,40.95,29.8,0
1779285643567,1307,PERSON-01,475.5,18.84,21.23,2.40,13.25,27.7,0.920,1,1,42.0,1.03,41.03,30.1,0
1779285643600,1308,UAS-01,565.8,19.26,21.63,2.36,13.74,27.4,0.990,1,1,42.0,0.88,41.38,30.0,0
1779285643633,1309,UAS-02,713.2,18.69,20.88,2.19,13.50,29.0,0.968,1,1,42.0,0.38,41.32,30.1,0
1779285643667,1310,GND-VEH-01,376.9,19.15,21.65,2.50,14.26,27.0,0.990,1,1,42.0,0.28,41.65,30.0,0
1779285643700,1311,PERSON-01,394.4,18.66,21.00,2.34,13.82,27.6,0.980,1,1,45.7,0.18,41.06,30.0,0
1779285643733,1312,UAS-01,723.8,19.07,21.19,2.13,12.62,29.7,0.880,1,1,43.1,0.70,41.18,30.1,0
1779285643767,1313,UAS-02,355.7,19.06,21.60,2.53,13.39,27.7,0.964,1,1,42.6,0.67,41.07,29.9,0
1779285643800,1314,GND-VEH-01,860.2,19.00,21.12,2.11,12.83,27.7,0.869,1,1,42.0,0.52,41.12,29.9,0
1779285643833,1315,PERSON-01,355.5,19.33,21.98,2.65,14.03,27.8,0.963,1,1,42.0,0.66,41.01,30.0,0
1779285643867,1316,UAS-01,496.9,19.14,21.49,2.35,13.72,26.8,0.985,1,1,45.6,0.09,40.90,30.1,0
1779285643900,1317,UAS-02,429.6,19.16,21.12,1.96,12.80,28.8,0.894,1,1,42.0,0.30,40.88,30.0,0
1779285643933,1318,GND-VEH-01,661.5,19.12,21.32,2.20,12.92,29.3,0.902,1,1,146.3,0.15,41.19,30.0,0
1779285643967,1319,PERSON-01,609.0,18.99,21.08,2.09,12.52,28.2,0.869,1,1,43.6,0.13,40.90,29.9,0
1779285644000,1320,UAS-01,814.5,18.75,20.81,2.06,13.24,28.5,0.912,1,1,45.0,0.03,41.19,30.1,0
1779285644033,1321,UAS-02,615.2,18.99,21.27,2.28,13.18,28.9,0.930,1,1,42.0,0.28,41.56,29.8,0
1779285644067,1322,GND-VEH-01,366.9,18.94,21.25,2.31,12.81,28.9,0.911,1,1,42.4,0.00,41.83,30.0,0
1779285644100,1323,PERSON-01,508.7,18.89,21.05,2.16,13.32,26.3,0.956,1,1,42.0,0.24,41.16,30.0,0
1779285644133,1324,UAS-01,426.6,18.91,21.22,2.31,13.12,27.2,0.917,1,1,44.6,0.53,41.24,22.8,1
1779285644167,1325,UAS-02,529.6,19.02,21.24,2.22,13.12,27.8,0.909,1,1,43.9,0.93,41.32,30.0,0
1779285644200,1326,GND-VEH-01,461.4,18.96,21.25,2.29,14.35,27.3,0.990,1,1,42.0,0.54,41.10,29.9,0
1779285644233,1327,PERSON-01,595.9,18.83,21.14,2.31,13.13,28.2,0.922,1,1,42.0,0.07,41.67,30.0,0
1779285644267,1328,UAS-01,468.1,18.99,21.42,2.43,14.21,26.9,0.990,1,1,42.0,0.97,41.35,30.1,0
1779285644300,1329,UAS-02,564.8,18.94,21.03,2.09,13.12,28.7,0.951,1,1,42.0,0.08,41.30,30.0,0
1779285644333,1330,GND-VEH-01,500.8,18.86,21.34,2.48,13.24,28.2,0.948,1,1,42.0,0.31,41.02,30.1,0
1779285644367,1331,PERSON-01,321.4,19.04,21.52,2.48,13.82,27.4,0.983,1,1,44.2,0.10,41.39,30.2,0
1779285644400,1332,UAS-01,511.4,19.03,21.49,2.46,12.86,28.3,0.242,0,0,42.0,0.00,41.16,29.9,0
1779285644433,1333,UAS-02,714.4,19.03,21.28,2.25,12.60,26.4,0.898,1,1,43.5,1.30,40.91,30.0,0
1779285644467,1334,GND-VEH-01,406.9,19.11,21.48,2.37,13.63,26.2,0.946,1,1,44.1,0.33,41.22,30.1,0
1779285644500,1335,PERSON-01,379.4,18.86,21.56,2.71,13.89,26.7,0.990,1,1,43.7,0.19,41.10,30.0,0
1779285644533,1336,UAS-01,408.0,18.87,21.11,2.25,12.69,27.3,0.900,1,1,42.0,0.11,41.61,29.9,0
1779285644567,1337,UAS-02,357.3,19.14,21.78,2.63,13.59,29.0,0.963,1,1,42.6,0.01,40.88,30.1,0
1779285644600,1338,GND-VEH-01,750.7,19.41,21.37,1.96,12.58,28.8,0.853,1,1,117.5,0.10,41.28,29.8,0
1779285644633,1339,PERSON-01,611.0,19.01,21.32,2.31,13.38,28.5,0.943,1,1,42.8,0.29,41.51,30.0,0
1779285644667,1340,UAS-01,660.9,18.80,21.42,2.63,13.98,27.8,0.982,1,1,42.0,0.99,41.49,30.0,0
1779285644700,1341,UAS-02,326.2,19.24,21.94,2.70,14.39,27.3,0.990,1,1,45.8,0.21,41.15,30.1,0
1779285644733,1342,GND-VEH-01,370.7,18.85,20.96,2.11,12.94,28.9,0.927,1,1,43.9,0.56,41.23,23.6,1
1779285644767,1343,PERSON-01,398.6,19.06,21.49,2.42,13.31,27.5,0.952,1,1,42.0,0.93,41.53,29.9,0
1779285644800,1344,UAS-01,504.9,19.04,21.21,2.17,13.33,27.9,0.915,1,1,42.0,0.31,41.11,30.0,0
1779285644833,1345,UAS-02,320.9,19.24,21.59,2.36,13.07,26.6,0.200,0,0,42.0,0.00,41.62,30.1,0
1779285644867,1346,GND-VEH-01,331.2,19.02,21.23,2.21,12.97,28.2,0.913,1,1,44.5,0.49,41.03,29.9,0
1779285644900,1347,PERSON-01,577.2,19.21,21.54,2.33,12.77,27.9,0.900,1,1,44.9,0.17,41.31,30.0,0
1779285644933,1348,UAS-01,473.6,19.10,21.29,2.19,13.48,28.6,0.967,1,1,43.3,0.43,41.15,30.1,0
1779285644967,1349,UAS-02,372.8,19.24,21.48,2.24,12.85,27.0,0.868,1,1,42.0,0.12,41.14,29.9,0
1779285645000,1350,GND-VEH-01,494.6,18.95,21.23,2.28,12.79,27.4,0.910,1,1,42.0,0.05,41.96,30.0,0
1779285645033,1351,PERSON-01,393.6,19.06,21.33,2.28,13.39,28.6,0.969,1,1,42.0,0.51,41.30,29.9,0
1779285645067,1352,UAS-01,382.3,19.06,21.45,2.40,13.99,27.6,0.990,1,1,42.0,0.68,42.09,30.2,0
1779285645100,1353,UAS-02,701.9,19.18,21.32,2.14,13.04,28.7,0.887,1,1,43.1,0.20,41.30,30.0,0
1779285645133,1354,GND-VEH-01,989.8,19.05,21.13,2.09,12.93,27.8,0.893,1,1,42.0,0.10,41.45,30.0,0
1779285645167,1355,PERSON-01,488.9,19.02,21.56,2.55,13.66,28.1,0.968,1,1,42.9,0.19,41.59,30.0,0
1779285645200,1356,UAS-01,433.1,18.92,21.44,2.52,13.64,27.7,0.968,1,1,42.2,0.44,41.45,30.1,0
1779285645233,1357,UAS-02,574.2,18.91,21.07,2.16,12.99,29.2,0.900,1,1,42.7,1.07,41.47,30.1,0
1779285645267,1358,GND-VEH-01,709.0,19.13,21.16,2.02,12.74,27.1,0.902,1,1,42.2,1.10,41.71,30.0,0
1779285645300,1359,PERSON-01,542.1,19.32,21.94,2.62,13.88,28.3,0.969,1,1,42.0,0.07,41.80,30.1,0
1779285645333,1360,UAS-01,339.2,18.94,21.59,2.64,12.60,29.4,0.894,1,1,42.0,0.87,41.71,30.2,0
1779285645367,1361,UAS-02,331.2,19.22,21.89,2.67,13.83,27.3,0.990,1,1,42.0,1.10,41.51,30.0,0
1779285645400,1362,GND-VEH-01,873.1,18.79,21.01,2.22,13.54,29.2,0.254,0,0,43.7,0.00,41.67,29.9,0
1779285645433,1363,PERSON-01,307.1,18.89,21.46,2.57,13.88,28.5,0.983,1,1,42.0,0.13,41.16,30.0,0
1779285645467,1364,UAS-01,491.4,18.79,20.83,2.05,12.79,26.9,0.276,0,0,42.0,0.00,41.46,30.0,0
1779285645500,1365,UAS-02,489.6,18.90,21.21,2.31,12.76,28.9,0.886,1,1,43.1,0.37,41.54,30.1,0
1779285645533,1366,GND-VEH-01,375.0,19.17,21.39,2.22,13.11,29.6,0.930,1,1,42.7,0.22,41.73,30.1,0
1779285645567,1367,PERSON-01,560.4,19.13,21.70,2.57,13.76,27.0,0.988,1,1,42.2,0.12,41.49,30.0,0
1779285645600,1368,UAS-01,320.1,18.89,21.51,2.62,13.55,28.7,0.961,1,1,43.1,0.11,42.09,29.9,0
1779285645633,1369,UAS-02,317.6,19.25,21.61,2.36,13.97,27.8,0.977,1,1,42.7,0.16,41.68,30.1,0
1779285645667,1370,GND-VEH-01,635.1,18.86,21.36,2.51,13.15,28.0,0.928,1,1,42.0,0.00,41.79,29.9,0
1779285645700,1371,PERSON-01,581.4,19.13,21.25,2.13,13.21,29.3,0.926,1,1,42.0,0.13,41.14,29.9,0
1779285645733,1372,UAS-01,443.8,19.09,21.29,2.20,12.59,29.3,0.867,1,1,42.9,0.73,41.90,30.1,0
1779285645767,1373,UAS-02,394.3,19.18,22.03,2.85,14.09,27.8,0.990,1,1,42.2,0.16,42.12,30.1,0
1779285645800,1374,GND-VEH-01,493.1,19.03,21.54,2.51,13.46,28.3,0.980,1,1,43.2,0.36,41.73,30.0,0
1779285645833,1375,PERSON-01,780.7,18.95,20.97,2.01,12.81,28.6,0.234,0,0,42.6,0.00,41.64,30.0,0
1779285645867,1376,UAS-01,529.7,19.03,21.41,2.38,12.88,27.9,0.920,1,1,42.0,0.78,41.77,30.0,0
1779285645900,1377,UAS-02,435.8,19.11,21.72,2.60,14.06,28.6,0.990,1,1,42.0,0.36,41.86,30.0,0
1779285645933,1378,GND-VEH-01,566.8,19.08,21.36,2.28,12.96,28.6,0.899,1,1,42.0,0.59,41.74,30.0,0
1779285645967,1379,PERSON-01,609.6,19.15,21.31,2.16,13.51,28.5,0.973,1,1,42.3,0.63,41.99,30.0,0
1779285646000,1380,UAS-01,685.2,19.06,21.69,2.63,13.74,29.3,0.973,1,1,42.9,0.39,42.16,30.1,0
1779285646033,1381,UAS-02,893.8,19.00,21.33,2.33,14.03,27.7,0.990,1,1,42.0,0.09,42.07,29.9,0
1779285646067,1382,GND-VEH-01,647.9,19.06,21.43,2.37,13.02,30.4,0.907,1,1,43.2,0.84,41.93,30.0,0
1779285646100,1383,PERSON-01,348.3,19.27,21.89,2.62,13.85,27.6,0.990,1,1,42.0,0.07,41.64,30.1,0
1779285646133,1384,UAS-01,391.9,19.14,21.69,2.55,13.61,27.3,0.955,1,1,43.8,0.13,42.11,30.0,0
1779285646167,1385,UAS-02,965.1,19.19,21.60,2.41,12.89,27.1,0.934,1,1,44.0,0.10,41.95,30.1,0
1779285646200,1386,GND-VEH-01,550.2,18.99,21.35,2.36,13.28,28.4,0.920,1,1,137.9,0.98,42.34,29.9,0
1779285646233,1387,PERSON-01,357.1,19.02,21.58,2.56,13.58,28.4,0.941,1,1,42.1,0.28,42.00,30.1,0
1779285646267,1388,UAS-01,754.5,18.88,20.95,2.06,12.97,29.9,0.902,1,1,42.0,0.24,42.02,30.1,0
1779285646300,1389,UAS-02,389.2,18.84,21.15,2.31,13.68,28.0,0.973,1,1,43.4,0.23,41.62,30.0,0
1779285646333,1390,GND-VEH-01,311.2,18.87,21.31,2.44,13.41,28.0,0.959,1,1,42.2,0.25,42.24,30.1,0
1779285646367,1391,PERSON-01,697.4,19.13,21.37,2.23,13.22,28.2,0.945,1,1,42.0,0.05,41.81,29.8,0
1779285646400,1392,UAS-01,424.4,18.94,21.11,2.18,12.89,28.2,0.927,1,1,42.0,0.04,41.71,29.9,0
1779285646433,1393,UAS-02,501.8,19.27,21.32,2.05,12.80,28.6,0.902,1,1,42.0,0.33,42.18,30.0,0
1779285646467,1394,GND-VEH-01,352.0,19.04,21.60,2.56,12.80,28.7,0.911,1,1,42.0,0.48,42.20,30.1,0
1779285646500,1395,PERSON-01,376.0,19.12,21.42,2.29,13.29,27.4,0.970,1,1,42.9,0.37,41.72,30.0,0
1779285646533,1396,UAS-01,338.6,19.02,21.79,2.77,14.07,27.5,0.990,1,1,42.3,0.51,41.77,30.0,0
1779285646567,1397,UAS-02,398.8,18.82,20.97,2.15,12.15,29.4,0.844,1,1,42.0,0.21,41.82,30.0,0
1779285646600,1398,GND-VEH-01,368.1,19.11,21.74,2.63,13.73,28.1,0.990,1,1,42.9,0.65,41.93,30.0,0
1779285646633,1399,PERSON-01,568.1,18.78,20.83,2.05,12.85,27.6,0.897,1,1,42.0,0.12,41.75,29.9,0
1779285646667,1400,UAS-01,461.8,19.02,21.00,1.98,11.90,29.7,0.815,1,1,42.0,0.96,42.18,30.0,0
1779285646700,1401,UAS-02,377.6,18.70,21.21,2.51,13.92,28.4,0.972,1,1,42.0,0.31,42.08,30.1,0
1779285646733,1402,GND-VEH-01,817.5,19.11,21.34,2.23,13.44,26.2,0.971,1,1,42.0,0.13,41.82,29.9,0
1779285646767,1403,PERSON-01,470.6,18.99,21.33,2.34,13.99,27.5,0.990,1,1,42.0,0.31,42.33,30.1,0
1779285646800,1404,UAS-01,847.2,19.05,21.39,2.33,12.79,28.5,0.901,1,1,44.0,0.09,42.22,30.0,0
1779285646833,1405,UAS-02,454.3,19.09,21.39,2.30,13.44,26.8,0.953,1,1,42.1,0.37,42.38,30.0,0
1779285646867,1406,GND-VEH-01,301.2,18.95,21.40,2.45,13.52,27.5,0.962,1,1,42.0,0.02,41.55,30.0,0
1779285646900,1407,PERSON-01,622.0,18.86,21.06,2.19,12.73,28.7,0.912,1,1,42.0,0.69,42.14,29.9,0
1779285646933,1408,UAS-01,576.7,19.16,21.21,2.05,12.59,29.7,0.871,1,1,43.1,0.21,41.66,30.2,0
1779285646967,1409,UAS-02,946.6,18.89,20.97,2.08,13.21,27.0,0.969,1,1,42.4,0.73,41.95,22.6,1
1779285647000,1410,GND-VEH-01,317.4,18.90,21.22,2.32,13.19,28.8,0.962,1,1,43.7,0.55,42.06,29.9,0
1779285647033,1411,PERSON-01,505.8,18.90,21.02,2.12,12.64,27.8,0.895,1,1,43.8,0.02,42.40,29.9,0
1779285647067,1412,UAS-01,362.2,19.00,21.16,2.17,13.27,27.0,0.942,1,1,42.0,0.85,42.37,30.0,0
1779285647100,1413,UAS-02,536.5,19.12,21.44,2.33,13.96,29.4,0.967,1,1,42.0,0.05,41.93,30.0,0
1779285647133,1414,GND-VEH-01,579.9,19.03,21.46,2.44,13.71,29.6,0.981,1,1,42.0,0.40,41.98,30.0,0
1779285647167,1415,PERSON-01,452.2,18.80,21.10,2.29,12.73,28.8,0.898,1,1,42.0,0.62,42.33,29.9,0
1779285647200,1416,UAS-01,343.0,18.89,21.30,2.41,13.05,28.1,0.927,1,1,42.0,0.68,42.05,30.0,0
1779285647233,1417,UAS-02,328.7,18.89,21.20,2.31,13.75,27.7,0.985,1,1,42.0,0.58,42.45,30.0,0
1779285647267,1418,GND-VEH-01,367.3,19.06,21.75,2.69,13.87,26.6,0.986,1,1,43.1,0.35,42.26,29.9,0
1779285647300,1419,PERSON-01,420.1,18.82,21.21,2.39,13.28,27.7,0.937,1,1,44.9,0.50,42.01,30.0,0
1779285647333,1420,UAS-01,447.3,19.04,21.83,2.79,13.96,27.4,0.990,1,1,42.0,0.04,42.21,30.0,0
1779285647367,1421,UAS-02,470.9,18.94,21.22,2.28,12.35,30.2,0.859,1,1,129.8,0.28,42.22,30.0,0
1779285647400,1422,GND-VEH-01,551.3,18.80,21.04,2.24,12.38,28.8,0.884,1,1,42.0,0.06,42.49,24.0,1
1779285647433,1423,PERSON-01,455.6,18.90,21.35,2.45,13.00,28.8,0.920,1,1,42.0,0.26,42.07,30.0,0
1779285647467,1424,UAS-01,311.2,19.08,21.61,2.52,13.78,27.9,0.981,1,1,42.0,0.07,42.33,29.8,0
1779285647500,1425,UAS-02,706.0,18.75,20.79,2.04,12.96,28.6,0.935,1,1,42.7,0.27,42.25,30.0,0
1779285647533,1426,GND-VEH-01,551.9,18.87,21.43,2.56,13.71,27.8,0.968,1,1,42.0,0.22,42.44,30.0,0
1779285647567,1427,PERSON-01,426.7,19.20,21.71,2.50,13.51,26.7,0.979,1,1,42.0,0.05,42.26,30.0,0
1779285647600,1428,UAS-01,1026.7,19.15,21.43,2.28,12.81,27.9,0.909,1,1,42.0,0.02,42.55,30.0,0
1779285647633,1429,UAS-02,591.9,18.91,21.09,2.17,13.57,28.1,0.963,1,1,44.6,0.12,42.05,30.1,0
1779285647667,1430,GND-VEH-01,725.3,19.02,21.62,2.60,13.61,27.5,0.959,1,1,42.9,0.28,42.59,30.1,0
1779285647700,1431,PERSON-01,463.2,19.14,21.36,2.22,12.73,28.1,0.887,1,1,43.7,0.51,42.31,29.9,0
1779285647733,1432,UAS-01,425.0,19.13,21.54,2.42,13.50,27.7,0.949,1,1,42.0,0.74,42.42,30.0,0
1779285647767,1433,UAS-02,393.2,18.86,21.04,2.18,12.18,28.6,0.181,0,0,42.0,0.00,42.59,30.2,0
1779285647800,1434,GND-VEH-01,453.3,19.10,21.59,2.49,13.36,28.1,0.960,1,1,44.4,0.75,42.64,30.0,0
1779285647833,1435,PERSON-01,411.7,18.79,21.08,2.29,14.11,28.7,0.976,1,1,42.0,0.27,42.68,30.0,0
1779285647867,1436,UAS-01,477.7,18.94,21.39,2.45,13.68,27.9,0.945,1,1,42.3,0.41,42.53,29.9,0
1779285647900,1437,UAS-02,424.7,18.89,21.46,2.57,13.69,27.5,0.974,1,1,42.0,0.41,42.48,30.2,0
1779285647933,1438,GND-VEH-01,392.1,18.98,21.85,2.88,14.01,29.1,0.982,1,1,42.0,0.54,42.48,29.9,0
1779285647967,1439,PERSON-01,604.1,19.09,21.44,2.36,13.59,27.6,0.955,1,1,42.0,0.10,42.17,29.9,0
1779285648000,1440,UAS-01,470.6,19.12,21.69,2.57,13.69,28.1,0.990,1,1,42.0,0.30,42.25,30.0,0
1779285648033,1441,UAS-02,531.7,18.97,21.19,2.22,13.10,26.9,0.958,1,1,42.0,0.35,42.72,30.0,0
1779285648067,1442,GND-VEH-01,684.0,18.84,21.33,2.50,14.28,28.9,0.990,1,1,42.0,0.56,42.56,30.0,0
1779285648100,1443,PERSON-01,443.6,18.90,21.12,2.21,13.53,26.4,0.970,1,1,44.1,0.20,42.46,30.1,0
1779285648133,1444,UAS-01,550.1,19.25,21.36,2.11,12.84,28.7,0.924,1,1,42.0,0.48,42.62,20.8,1
1779285648167,1445,UAS-02,627.8,18.90,21.15,2.24,13.58,26.7,0.958,1,1,121.3,0.14,42.65,29.9,0
1779285648200,1446,GND-VEH-01,348.1,18.80,20.86,2.06,12.74,28.7,0.903,1,1,42.0,0.11,42.46,29.9,0
1779285648233,1447,PERSON-01,344.5,19.10,21.45,2.35,12.60,28.3,0.884,1,1,43.8,0.03,42.52,30.2,0
1779285648267,1448,UAS-01,418.5,18.78,21.27,2.48,13.91,27.4,0.988,1,1,42.0,0.53,42.31,30.1,0
1779285648300,1449,UAS-02,636.7,19.11,21.50,2.39,13.93,27.9,0.990,1,1,42.0,0.90,42.15,29.9,0
1779285648333,1450,GND-VEH-01,366.4,19.32,21.74,2.42,13.35,29.9,0.936,1,1,43.0,0.46,42.22,29.9,0
1779285648367,1451,PERSON-01,324.2,19.01,21.48,2.47,13.63,28.3,0.969,1,1,42.0,0.30,42.07,30.1,0
1779285648400,1452,UAS-01,585.0,18.95,21.25,2.31,13.73,27.8,0.974,1,1,42.5,0.10,42.95,30.0,0
1779285648433,1453,UAS-02,373.6,19.08,21.50,2.42,13.42,29.3,0.933,1,1,42.0,0.97,42.80,29.9,0
1779285648467,1454,GND-VEH-01,327.9,18.96,21.66,2.70,13.98,27.3,0.990,1,1,42.0,0.00,42.64,30.2,0
1779285648500,1455,PERSON-01,511.9,18.92,21.08,2.17,12.65,30.1,0.885,1,1,42.0,0.18,42.53,30.1,0
1779285648533,1456,UAS-01,452.7,19.24,21.73,2.49,12.88,28.1,0.903,1,1,42.0,0.26,42.35,30.0,0
1779285648567,1457,UAS-02,534.6,19.09,21.70,2.61,13.74,28.5,0.943,1,1,42.0,0.75,42.73,29.9,0
1779285648600,1458,GND-VEH-01,496.8,18.86,21.39,2.53,13.59,27.3,0.964,1,1,42.0,0.14,42.66,30.0,0
1779285648633,1459,PERSON-01,372.0,18.89,21.02,2.14,12.63,27.7,0.892,1,1,42.0,0.01,42.54,29.9,0
1779285648667,1460,UAS-01,508.5,19.03,21.34,2.31,13.50,28.4,0.951,1,1,44.0,0.34,43.04,30.2,0
1779285648700,1461,UAS-02,575.4,19.04,21.16,2.12,13.02,28.6,0.931,1,1,45.4,0.07,42.85,29.9,0
1779285648733,1462,GND-VEH-01,324.8,18.79,20.88,2.09,13.43,28.4,0.967,1,1,42.0,0.03,42.26,30.0,0
1779285648767,1463,PERSON-01,674.3,18.96,21.17,2.21,13.37,28.5,0.950,1,1,42.3,0.16,42.89,29.9,0
1779285648800,1464,UAS-01,741.4,19.19,21.15,1.95,12.83,28.5,0.913,1,1,42.0,0.07,42.77,30.1,0
1779285648833,1465,UAS-02,593.5,19.22,21.22,2.00,12.79,27.5,0.897,1,1,43.5,0.31,42.60,30.0,0
1779285648867,1466,GND-VEH-01,368.1,19.28,21.74,2.46,13.28,29.1,0.947,1,1,42.0,1.05,42.74,30.0,0
1779285648900,1467,PERSON-01,482.7,18.83,21.10,2.26,14.02,27.2,0.990,1,1,43.0,0.08,42.31,30.0,0
1779285648933,1468,UAS-01,587.7,18.87,21.44,2.57,13.65,28.7,0.948,1,1,42.0,0.26,42.28,21.2,1
1779285648967,1469,UAS-02,544.8,19.02,21.25,2.23,13.06,27.4,0.940,1,1,42.0,0.12,43.20,30.0,0
1779285649000,1470,GND-VEH-01,317.5,19.17,21.36,2.19,13.30,28.5,0.958,1,1,43.9,0.12,42.72,29.9,0
1779285649033,1471,PERSON-01,369.5,18.93,21.51,2.58,14.26,28.2,0.990,1,1,42.5,0.57,42.42,30.0,0
1779285649067,1472,UAS-01,379.1,19.28,21.52,2.24,12.41,28.5,0.844,1,1,42.0,0.62,42.89,30.0,0
1779285649100,1473,UAS-02,400.5,19.00,21.73,2.73,13.77,27.8,0.975,1,1,168.2,0.41,43.04,30.0,0
1779285649133,1474,GND-VEH-01,373.1,19.21,21.43,2.22,12.66,28.7,0.861,1,1,42.6,0.16,42.65,29.9,0
1779285649167,1475,PERSON-01,431.0,18.94,21.19,2.24,13.29,28.4,0.952,1,1,42.0,0.36,42.91,30.0,0
1779285649200,1476,UAS-01,448.0,19.36,21.46,2.10,12.60,28.0,0.889,1,1,42.0,0.44,43.10,19.6,1
1779285649233,1477,UAS-02,416.3,19.30,21.57,2.27,12.72,26.9,0.900,1,1,42.0,0.80,42.71,29.9,0
1779285649267,1478,GND-VEH-01,637.7,19.04,21.19,2.15,13.26,28.4,0.913,1,1,44.2,0.10,42.71,30.0,0
1779285649300,1479,PERSON-01,646.7,19.07,20.95,1.88,12.33,28.4,0.873,1,1,42.0,0.25,42.72,30.1,0
1779285649333,1480,UAS-01,588.0,19.07,21.39,2.32,13.22,27.4,0.923,1,1,42.0,0.61,42.93,22.0,1
1779285649367,1481,UAS-02,746.6,19.12,21.27,2.15,12.84,27.9,0.192,0,0,43.3,0.00,42.42,30.0,0
1779285649400,1482,GND-VEH-01,343.5,18.94,21.15,2.21,12.62,28.9,0.869,1,1,42.0,0.13,42.88,29.9,0
1779285649433,1483,PERSON-01,420.3,18.87,21.21,2.34,13.32,27.0,0.954,1,1,43.2,0.12,42.82,29.9,0
1779285649467,1484,UAS-01,336.2,19.22,21.60,2.38,13.81,27.5,0.987,1,1,45.5,0.93,43.25,29.8,0
1779285649500,1485,UAS-02,423.4,18.83,21.09,2.26,12.84,27.7,0.893,1,1,42.1,0.26,42.75,30.1,0
1779285649533,1486,GND-VEH-01,437.5,19.12,21.49,2.37,13.45,29.2,0.959,1,1,42.0,0.18,42.86,30.0,0
1779285649567,1487,PERSON-01,579.3,19.06,21.44,2.37,13.42,28.7,0.947,1,1,44.7,0.48,43.13,29.9,0
1779285649600,1488,UAS-01,486.9,19.10,21.57,2.46,14.15,27.4,0.987,1,1,42.5,0.06,43.01,19.1,1
1779285649633,1489,UAS-02,462.1,19.28,21.89,2.61,13.99,28.4,0.990,1,1,42.0,0.21,42.95,29.8,0
1779285649667,1490,GND-VEH-01,427.6,19.02,21.15,2.13,12.39,29.4,0.141,0,0,42.0,0.00,42.90,30.0,0
1779285649700,1491,PERSON-01,339.8,18.88,21.43,2.55,13.40,28.7,0.953,1,1,42.0,0.56,43.19,30.0,0
1779285649733,1492,UAS-01,348.1,19.07,21.56,2.49,12.90,27.2,0.928,1,1,42.0,0.09,43.05,29.9,0
1779285649767,1493,UAS-02,402.9,18.67,21.09,2.42,13.31,28.3,0.924,1,1,42.0,0.20,42.82,29.9,0
1779285649800,1494,GND-VEH-01,429.6,19.14,21.63,2.49,13.37,29.3,0.177,0,0,44.0,0.00,43.25,30.0,0
1779285649833,1495,PERSON-01,401.4,19.01,21.52,2.51,13.76,26.9,0.990,1,1,42.0,0.10,42.36,30.1,0
1779285649867,1496,UAS-01,673.6,19.17,21.32,2.15,13.83,27.5,0.990,1,1,43.4,0.03,42.65,30.0,0
1779285649900,1497,UAS-02,880.6,19.16,21.50,2.34,12.52,27.3,0.884,1,1,44.1,0.12,42.90,29.9,0
1779285649933,1498,GND-VEH-01,493.4,19.02,21.16,2.13,13.35,28.0,0.968,1,1,42.3,0.33,42.97,30.1,0
1779285649967,1499,PERSON-01,377.4,18.96,21.32,2.36,13.17,28.9,0.920,1,1,43.8,0.42,43.16,30.0,0
1779285650000,1500,UAS-01,427.0,19.11,21.39,2.28,12.75,28.2,0.934,1,1,128.4,0.15,43.23,30.0,0
1779285650033,1501,UAS-02,565.2,19.08,21.58,2.50,14.00,28.2,0.984,1,1,42.0,0.13,42.88,30.0,0
1779285650067,1502,GND-VEH-01,535.9,18.97,21.57,2.60,13.57,28.1,0.985,1,1,44.0,0.37,42.97,30.0,0
1779285650100,1503,PERSON-01,452.5,19.13,21.60,2.47,13.20,29.6,0.949,1,1,42.0,0.36,42.93,30.0,0
1779285650133,1504,UAS-01,555.0,19.07,21.24,2.17,12.66,28.6,0.864,1,1,42.0,0.20,43.25,30.1,0
1779285650167,1505,UAS-02,496.2,18.79,20.99,2.20,12.88,28.8,0.925,1,1,43.2,1.11,43.32,30.2,0
1779285650200,1506,GND-VEH-01,860.1,18.97,21.15,2.18,13.98,25.3,0.990,1,1,43.5,0.16,42.72,30.1,0
1779285650233,1507,PERSON-01,507.0,19.08,21.49,2.41,13.26,28.8,0.948,1,1,44.2,0.15,43.09,30.0,0
1779285650267,1508,UAS-01,451.9,19.30,21.33,2.03,13.23,28.1,0.966,1,1,42.0,0.51,42.88,29.9,0
1779285650300,1509,UAS-02,509.7,19.08,21.55,2.47,13.80,28.0,0.989,1,1,42.0,0.50,43.03,30.0,0
1779285650333,1510,GND-VEH-01,508.1,18.88,21.29,2.41,13.20,28.8,0.933,1,1,42.3,0.10,43.09,30.0,0
1779285650367,1511,PERSON-01,621.7,18.86,20.87,2.01,12.83,29.1,0.913,1,1,42.0,0.22,42.73,29.9,0
1779285650400,1512,UAS-01,384.3,19.06,21.28,2.23,13.34,29.9,0.948,1,1,44.4,0.04,43.15,22.0,1
1779285650433,1513,UAS-02,404.6,18.94,21.07,2.13,13.95,28.3,0.990,1,1,42.5,0.54,43.28,30.0,0
1779285650467,1514,GND-VEH-01,459.4,19.04,21.58,2.55,13.63,27.8,0.975,1,1,42.0,0.66,43.37,30.1,0
1779285650500,1515,PERSON-01,310.9,19.09,21.66,2.57,13.40,27.3,0.938,1,1,43.4,0.43,43.26,29.9,0
1779285650533,1516,UAS-01,341.0,18.95,21.32,2.37,12.78,28.0,0.919,1,1,42.0,0.08,43.36,30.1,0
1779285650567,1517,UAS-02,300.2,19.06,21.78,2.72,14.02,27.7,0.990,1,1,42.0,0.26,42.71,30.0,0
1779285650600,1518,GND-VEH-01,539.9,18.88,21.32,2.44,13.36,29.5,0.209,0,0,42.0,0.00,42.88,29.9,0
1779285650633,1519,PERSON-01,631.8,18.91,21.27,2.36,12.60,26.9,0.889,1,1,42.0,0.46,43.22,30.0,0
1779285650667,1520,UAS-01,644.2,19.18,21.43,2.24,12.79,29.5,0.907,1,1,42.1,0.32,43.16,29.9,0
1779285650700,1521,UAS-02,385.5,18.90,21.40,2.51,12.73,27.9,0.892,1,1,43.1,1.12,43.00,30.1,0
1779285650733,1522,GND-VEH-01,490.1,18.84,21.05,2.22,13.31,28.3,0.933,1,1,42.0,0.40,43.01,30.0,0
1779285650767,1523,PERSON-01,574.9,18.72,20.85,2.13,13.17,26.7,0.969,1,1,42.0,0.17,43.10,30.0,0
1779285650800,1524,UAS-01,422.4,18.74,21.37,2.63,13.61,27.7,0.968,1,1,42.0,0.32,43.44,30.0,0
1779285650833,1525,UAS-02,424.9,18.80,20.98,2.18,13.52,28.0,0.936,1,1,42.0,0.66,43.26,30.0,0
1779285650867,1526,GND-VEH-01,308.5,18.95,21.35,2.41,13.19,29.5,0.925,1,1,42.0,0.30,43.58,30.1,0
1779285650900,1527,PERSON-01,314.6,19.05,21.59,2.54,13.69,27.8,0.972,1,1,43.2,0.81,43.10,30.0,0
1779285650933,1528,UAS-01,728.6,19.17,21.67,2.50,12.82,28.3,0.264,0,0,43.6,0.00,42.99,29.9,0
1779285650967,1529,UAS-02,326.6,18.88,21.23,2.35,13.17,29.1,0.922,1,1,42.0,0.64,43.44,29.9,0
1779285651000,1530,GND-VEH-01,425.6,19.09,21.51,2.41,12.81,28.7,0.914,1,1,42.8,0.52,42.97,29.9,0
1779285651033,1531,PERSON-01,322.0,19.06,21.48,2.42,13.25,29.4,0.915,1,1,42.0,0.76,43.59,30.0,0
1779285651067,1532,UAS-01,327.1,18.85,21.33,2.48,13.65,27.1,0.990,1,1,44.1,0.02,43.43,30.0,0
1779285651100,1533,UAS-02,541.9,19.08,21.21,2.13,13.28,27.2,0.935,1,1,42.0,0.74,43.37,30.1,0
1779285651133,1534,GND-VEH-01,379.3,18.98,21.34,2.36,13.01,29.8,0.902,1,1,42.0,0.10,43.76,30.1,0
1779285651167,1535,PERSON-01,410.5,19.31,21.63,2.32,13.29,27.3,0.953,1,1,42.5,1.00,43.52,30.2,0
1779285651200,1536,UAS-01,434.0,19.04,21.32,2.28,13.27,26.7,0.910,1,1,42.0,0.51,43.27,30.0,0
1779285651233,1537,UAS-02,439.5,19.33,21.52,2.19,12.89,28.5,0.909,1,1,42.0,0.24,43.54,30.0,0
1779285651267,1538,GND-VEH-01,307.1,18.93,21.47,2.54,13.04,27.3,0.903,1,1,42.0,0.86,43.40,30.0,0
1779285651300,1539,PERSON-01,315.5,19.31,21.45,2.14,13.20,26.6,0.927,1,1,42.1,0.39,43.30,30.0,0
1779285651333,1540,UAS-01,367.6,18.95,21.10,2.15,13.12,28.4,0.922,1,1,42.0,0.40,43.65,30.0,0
1779285651367,1541,UAS-02,333.7,18.91,21.61,2.71,14.40,28.1,0.990,1,1,42.2,0.56,43.36,30.0,0
1779285651400,1542,GND-VEH-01,589.0,18.84,21.16,2.32,13.48,27.9,0.976,1,1,43.8,0.40,43.37,29.9,0
1779285651433,1543,PERSON-01,637.5,19.16,21.53,2.37,13.19,27.0,0.939,1,1,42.0,0.38,43.64,30.0,0
1779285651467,1544,UAS-01,350.1,18.80,21.35,2.56,13.08,29.5,0.193,0,0,42.0,0.00,43.66,29.9,0
1779285651500,1545,UAS-02,735.5,19.10,21.36,2.26,13.45,27.8,0.959,1,1,42.0,0.27,43.22,29.9,0
1779285651533,1546,GND-VEH-01,402.8,19.07,21.29,2.22,13.57,28.1,0.924,1,1,42.0,0.04,43.66,29.9,0
1779285651567,1547,PERSON-01,523.6,18.92,21.19,2.26,13.15,28.6,0.935,1,1,42.0,0.20,43.36,30.1,0
1779285651600,1548,UAS-01,524.9,19.17,21.67,2.50,13.36,27.6,0.933,1,1,42.0,0.26,43.75,30.0,0
1779285651633,1549,UAS-02,460.3,19.01,21.61,2.61,13.40,28.3,0.949,1,1,42.0,0.11,43.49,30.0,0
1779285651667,1550,GND-VEH-01,449.7,18.87,21.59,2.72,13.73,27.4,0.990,1,1,42.8,0.05,43.60,30.1,0
1779285651700,1551,PERSON-01,353.8,19.25,21.79,2.54,13.03,28.2,0.916,1,1,42.0,0.17,43.37,29.9,0
1779285651733,1552,UAS-01,301.6,19.02,21.62,2.60,13.53,30.6,0.979,1,1,42.0,0.28,43.68,30.0,0
1779285651767,1553,UAS-02,369.1,19.10,21.42,2.31,13.94,28.7,0.990,1,1,42.3,0.01,43.58,30.0,0
1779285651800,1554,GND-VEH-01,570.6,19.05,21.05,2.00,12.51,29.4,0.868,1,1,42.0,0.45,43.33,30.1,0
1779285651833,1555,PERSON-01,449.3,19.06,21.27,2.21,12.86,29.0,0.881,1,1,42.0,0.49,43.22,30.0,0
1779285651867,1556,UAS-01,808.2,18.98,21.21,2.23,13.26,27.3,0.937,1,1,43.1,0.12,43.60,30.1,0
1779285651900,1557,UAS-02,529.9,19.23,21.48,2.25,12.87,27.6,0.927,1,1,44.6,0.17,43.65,30.0,0
1779285651933,1558,GND-VEH-01,310.3,19.09,21.33,2.24,12.77,27.9,0.214,0,0,42.0,0.00,43.56,30.0,0
1779285651967,1559,PERSON-01,340.1,18.78,21.33,2.55,14.54,27.7,0.990,1,1,42.0,0.44,43.81,29.9,0
1779285652000,1560,UAS-01,304.2,19.19,21.74,2.55,13.77,28.6,0.976,1,1,42.0,0.32,43.70,30.0,0
1779285652033,1561,UAS-02,469.7,19.26,21.74,2.48,13.26,29.0,0.935,1,1,43.7,0.05,43.86,29.9,0
1779285652067,1562,GND-VEH-01,337.6,18.95,21.40,2.46,13.61,27.3,0.943,1,1,44.2,0.07,43.58,29.9,0
1779285652100,1563,PERSON-01,461.4,18.99,21.54,2.55,13.72,27.0,0.942,1,1,42.5,0.16,43.62,30.0,0
1779285652133,1564,UAS-01,360.1,19.17,21.61,2.44,13.66,28.6,0.962,1,1,42.0,1.00,43.55,29.9,0
1779285652167,1565,UAS-02,490.2,18.99,21.46,2.47,13.07,27.0,0.938,1,1,42.0,0.32,43.76,29.9,0
1779285652200,1566,GND-VEH-01,397.2,18.73,21.39,2.66,14.02,27.8,0.990,1,1,42.0,0.05,43.44,29.9,0
1779285652233,1567,PERSON-01,473.7,18.90,20.90,2.00,13.09,26.4,0.935,1,1,42.7,0.87,44.01,29.8,0
1779285652267,1568,UAS-01,756.5,19.17,21.66,2.49,14.01,29.0,0.990,1,1,42.4,0.35,43.95,29.9,0
1779285652300,1569,UAS-02,391.8,18.96,21.03,2.07,12.88,27.9,0.910,1,1,42.0,0.93,43.29,30.1,0
1779285652333,1570,GND-VEH-01,646.1,18.97,21.34,2.38,12.77,29.6,0.901,1,1,43.5,0.45,43.74,29.8,0
1779285652367,1571,PERSON-01,840.3,18.84,21.12,2.28,13.60,28.6,0.961,1,1,42.0,0.29,43.91,30.1,0
1779285652400,1572,UAS-01,492.9,19.13,21.47,2.34,13.64,28.1,0.966,1,1,42.1,0.96,43.45,30.1,0
1779285652433,1573,UAS-02,571.0,18.92,21.19,2.27,13.31,28.0,0.943,1,1,42.0,0.18,43.56,29.9,0
1779285652467,1574,GND-VEH-01,335.3,19.13,21.54,2.41,14.20,27.1,0.969,1,1,43.4,0.41,43.73,30.0,0
1779285652500,1575,PERSON-01,591.1,19.10,21.58,2.48,14.09,28.1,0.990,1,1,42.9,0.26,43.85,29.9,0
1779285652533,1576,UAS-01,508.8,18.98,21.37,2.39,13.90,27.3,0.990,1,1,43.5,0.31,43.48,30.0,0
1779285652567,1577,UAS-02,640.0,18.78,21.06,2.29,13.19,28.0,0.932,1,1,42.0,0.07,44.04,30.2,0
1779285652600,1578,GND-VEH-01,362.7,19.10,21.26,2.16,13.16,27.4,0.916,1,1,42.3,0.47,43.87,30.0,0
1779285652633,1579,PERSON-01,390.9,19.06,21.42,2.36,13.54,27.9,0.941,1,1,42.0,0.48,43.91,30.1,0
1779285652667,1580,UAS-01,539.7,18.82,21.29,2.48,13.47,26.8,0.193,0,0,44.9,0.00,44.31,30.1,0
1779285652700,1581,UAS-02,531.9,19.17,21.55,2.38,13.15,27.9,0.918,1,1,43.0,0.17,44.38,29.9,0
1779285652733,1582,GND-VEH-01,368.2,19.17,22.03,2.85,14.19,28.3,0.990,1,1,42.0,0.63,43.56,30.0,0
1779285652767,1583,PERSON-01,407.0,19.02,21.19,2.17,13.13,28.6,0.910,1,1,43.8,0.28,43.84,30.1,0
1779285652800,1584,UAS-01,491.9,19.09,21.18,2.09,12.91,28.5,0.194,0,0,42.0,0.00,43.68,29.8,0
1779285652833,1585,UAS-02,708.0,19.02,20.99,1.97,12.79,27.4,0.912,1,1,42.0,0.14,43.82,30.0,0
1779285652867,1586,GND-VEH-01,331.8,19.23,21.55,2.32,13.95,27.7,0.990,1,1,42.6,0.11,44.20,30.0,0
1779285652900,1587,PERSON-01,788.6,19.10,21.03,1.93,13.54,26.8,0.947,1,1,42.3,0.19,43.95,30.1,0
1779285652933,1588,UAS-01,392.5,19.10,21.38,2.28,13.51,28.1,0.936,1,1,42.0,0.08,43.71,30.1,0
1779285652967,1589,UAS-02,363.4,19.03,21.33,2.30,13.14,26.9,0.943,1,1,42.5,1.24,44.20,30.0,0
1779285653000,1590,GND-VEH-01,514.0,18.94,21.34,2.39,13.71,28.1,0.973,1,1,42.0,0.02,43.88,29.8,0
1779285653033,1591,PERSON-01,365.4,18.79,21.36,2.57,13.94,28.6,0.990,1,1,42.0,0.17,44.31,29.9,0
1779285653067,1592,UAS-01,459.1,19.03,21.31,2.29,13.23,28.4,0.944,1,1,42.0,0.01,43.77,30.2,0
1779285653100,1593,UAS-02,659.9,18.82,21.14,2.32,13.11,29.4,0.916,1,1,44.3,0.34,44.17,29.9,0
1779285653133,1594,GND-VEH-01,530.1,18.96,21.33,2.37,13.34,28.9,0.948,1,1,42.0,0.15,44.12,30.0,0
1779285653167,1595,PERSON-01,344.3,19.01,21.23,2.22,12.74,28.5,0.895,1,1,44.0,0.12,44.05,29.8,0
1779285653200,1596,UAS-01,782.5,19.19,21.36,2.17,12.18,28.3,0.864,1,1,44.1,0.48,43.48,30.2,0
1779285653233,1597,UAS-02,332.0,19.21,22.02,2.81,14.52,26.7,0.981,1,1,44.8,0.66,43.76,30.0,0
1779285653267,1598,GND-VEH-01,620.5,19.11,21.28,2.18,13.07,29.1,0.914,1,1,45.4,0.69,44.10,30.1,0
1779285653300,1599,PERSON-01,561.1,19.07,21.38,2.31,12.85,26.8,0.171,0,0,42.0,0.00,43.75,30.0,0
1779285653333,1600,UAS-01,878.3,18.95,21.20,2.25,13.49,28.3,0.976,1,1,42.0,0.27,43.50,30.1,0
1779285653367,1601,UAS-02,582.4,18.74,20.92,2.18,13.15,28.9,0.939,1,1,42.0,0.15,44.37,30.2,0
1779285653400,1602,GND-VEH-01,733.5,18.91,21.04,2.13,12.43,30.2,0.865,1,1,42.0,0.01,43.90,29.8,0
1779285653433,1603,PERSON-01,394.5,18.96,21.34,2.38,13.51,27.8,0.945,1,1,43.6,0.36,44.09,30.0,0
1779285653467,1604,UAS-01,591.3,19.00,21.33,2.33,13.87,28.1,0.990,1,1,42.8,0.03,44.31,30.2,0
1779285653500,1605,UAS-02,341.6,19.11,21.74,2.63,13.67,26.4,0.979,1,1,45.6,0.56,43.95,29.9,0
1779285653533,1606,GND-VEH-01,811.0,19.01,21.18,2.17,13.13,29.0,0.926,1,1,42.5,0.05,44.15,29.9,0
1779285653567,1607,PERSON-01,605.5,18.78,20.96,2.17,12.52,29.3,0.849,1,1,42.0,0.53,44.14,30.0,0
1779285653600,1608,UAS-01,524.0,19.07,21.43,2.36,13.71,27.2,0.218,0,0,43.4,0.00,44.10,30.1,0
1779285653633,1609,UAS-02,726.4,18.92,20.90,1.98,12.65,28.4,0.860,1,1,42.6,0.43,44.18,30.1,0
1779285653667,1610,GND-VEH-01,325.8,19.02,21.87,2.84,14.47,28.2,0.990,1,1,42.0,0.02,44.31,21.7,1
1779285653700,1611,PERSON-01,410.6,19.05,21.46,2.41,12.89,26.0,0.900,1,1,42.0,0.48,44.06,29.9,0
1779285653733,1612,UAS-01,669.9,18.95,21.34,2.39,13.54,27.1,0.954,1,1,42.7,0.42,43.69,30.0,0
1779285653767,1613,UAS-02,505.0,19.08,21.49,2.41,13.62,28.3,0.220,0,0,43.9,0.00,44.11,29.9,0
1779285653800,1614,GND-VEH-01,762.5,18.93,21.19,2.26,13.33,27.2,0.939,1,1,42.0,0.12,44.28,30.0,0
1779285653833,1615,PERSON-01,520.6,18.97,21.14,2.17,13.60,28.3,0.214,0,0,44.9,0.00,44.43,30.0,0
1779285653867,1616,UAS-01,342.9,19.20,21.81,2.61,12.92,27.8,0.920,1,1,44.7,0.63,44.69,30.0,0
1779285653900,1617,UAS-02,916.2,19.13,21.25,2.12,13.16,27.9,0.938,1,1,42.0,0.73,43.80,23.3,1
1779285653933,1618,GND-VEH-01,570.5,18.97,21.22,2.25,13.11,28.0,0.931,1,1,43.1,0.62,44.12,30.0,0
1779285653967,1619,PERSON-01,727.6,19.08,21.39,2.31,13.67,28.9,0.990,1,1,42.9,0.22,44.55,23.4,1
1779285654000,1620,UAS-01,330.3,18.93,21.64,2.71,13.26,27.9,0.943,1,1,42.0,0.32,43.83,30.1,0
1779285654033,1621,UAS-02,407.0,19.19,21.74,2.55,13.16,29.2,0.946,1,1,130.7,0.53,44.12,30.0,0
1779285654067,1622,GND-VEH-01,322.3,19.02,21.30,2.28,13.33,28.4,0.243,0,0,42.0,0.00,44.50,29.8,0
1779285654100,1623,PERSON-01,306.4,18.86,21.30,2.44,13.20,28.8,0.940,1,1,44.2,0.19,44.20,29.8,0
1779285654133,1624,UAS-01,306.2,18.99,21.69,2.70,13.99,27.9,0.990,1,1,44.3,0.82,44.58,29.9,0
1779285654167,1625,UAS-02,338.4,19.17,21.53,2.37,13.25,26.5,0.934,1,1,43.0,0.19,44.08,29.8,0
1779285654200,1626,GND-VEH-01,383.8,18.78,21.31,2.52,13.52,26.8,0.958,1,1,43.7,0.22,44.55,30.0,0
1779285654233,1627,PERSON-01,396.1,18.94,21.16,2.23,13.24,26.6,0.953,1,1,42.1,0.72,44.07,30.1,0
1779285654267,1628,UAS-01,782.8,18.96,21.31,2.35,13.11,28.4,0.909,1,1,45.4,0.13,44.15,30.0,0
1779285654300,1629,UAS-02,434.2,19.19,21.31,2.12,12.77,28.2,0.901,1,1,42.0,0.13,44.15,21.7,1
1779285654333,1630,GND-VEH-01,361.9,19.01,21.09,2.08,13.12,29.0,0.925,1,1,42.0,0.10,44.23,30.0,0
1779285654367,1631,PERSON-01,306.2,19.18,21.93,2.75,13.74,28.4,0.985,1,1,42.0,0.27,44.29,21.2,1
1779285654400,1632,UAS-01,306.2,19.07,21.30,2.24,12.53,27.6,0.870,1,1,42.0,0.41,44.17,30.1,0
1779285654433,1633,UAS-02,358.0,18.92,21.46,2.55,13.50,28.6,0.945,1,1,42.0,0.18,44.27,29.9,0
1779285654467,1634,GND-VEH-01,378.8,18.86,21.29,2.43,13.85,27.5,0.990,1,1,44.0,0.85,44.64,30.1,0
1779285654500,1635,PERSON-01,322.9,19.00,21.56,2.56,13.72,27.5,0.964,1,1,42.0,0.61,44.46,30.1,0
1779285654533,1636,UAS-01,377.8,19.26,21.57,2.31,13.51,27.0,0.960,1,1,42.0,0.02,44.80,30.0,0
1779285654567,1637,UAS-02,461.8,18.99,21.28,2.30,12.73,27.1,0.877,1,1,43.1,0.19,44.28,30.1,0
1779285654600,1638,GND-VEH-01,527.2,18.92,21.42,2.49,13.14,27.4,0.934,1,1,42.0,0.49,43.97,30.0,0
1779285654633,1639,PERSON-01,554.6,18.99,21.65,2.66,14.14,27.8,0.975,1,1,45.2,0.09,44.35,29.9,0
1779285654667,1640,UAS-01,307.0,18.88,21.38,2.50,13.45,29.2,0.208,0,0,42.3,0.00,43.94,30.0,0
1779285654700,1641,UAS-02,556.8,19.11,21.24,2.13,13.53,27.7,0.956,1,1,42.0,0.00,44.12,30.0,0
1779285654733,1642,GND-VEH-01,433.1,18.88,21.34,2.46,13.77,27.9,0.990,1,1,42.0,0.16,44.27,30.0,0
1779285654767,1643,PERSON-01,386.8,18.78,20.96,2.18,12.71,28.8,0.872,1,1,42.0,0.21,44.91,30.0,0
1779285654800,1644,UAS-01,314.5,18.98,21.62,2.65,13.32,28.0,0.969,1,1,42.0,0.46,44.63,30.1,0
1779285654833,1645,UAS-02,402.0,19.00,21.62,2.62,13.71,26.2,0.980,1,1,43.3,0.84,44.89,29.8,0
1779285654867,1646,GND-VEH-01,766.4,18.93,21.41,2.48,13.37,27.9,0.953,1,1,42.0,0.14,44.51,30.1,0
1779285654900,1647,PERSON-01,342.9,18.89,21.21,2.32,13.95,27.6,0.982,1,1,44.2,0.13,44.32,30.0,0
1779285654933,1648,UAS-01,528.4,19.09,21.65,2.56,13.97,26.6,0.990,1,1,42.0,0.29,44.43,30.1,0
1779285654967,1649,UAS-02,537.2,18.95,21.34,2.40,12.73,27.4,0.144,0,0,42.0,0.00,44.53,30.0,0
1779285655000,1650,GND-VEH-01,362.3,18.94,21.15,2.21,13.21,26.8,0.239,0,0,42.3,0.00,44.65,29.9,0
1779285655033,1651,PERSON-01,601.6,19.09,21.47,2.39,13.61,27.0,0.959,1,1,44.3,0.13,44.69,22.1,1
1779285655067,1652,UAS-01,456.9,19.03,21.33,2.30,13.88,26.9,0.981,1,1,45.9,0.02,44.34,30.1,0
1779285655100,1653,UAS-02,538.0,18.88,21.43,2.55,13.11,27.7,0.907,1,1,43.1,0.10,44.62,30.1,0
1779285655133,1654,GND-VEH-01,682.2,19.06,21.31,2.25,12.57,28.4,0.872,1,1,42.0,0.24,44.46,29.9,0
1779285655167,1655,PERSON-01,760.2,18.92,20.87,1.95,12.75,27.0,0.897,1,1,42.7,0.43,44.38,30.0,0
1779285655200,1656,UAS-01,307.0,18.92,21.20,2.29,13.35,27.7,0.944,1,1,42.0,0.27,44.79,29.9,0
1779285655233,1657,UAS-02,663.3,19.10,21.58,2.49,14.19,28.1,0.990,1,1,42.5,0.09,44.42,30.1,0
1779285655267,1658,GND-VEH-01,666.3,18.97,21.31,2.34,12.88,26.4,0.186,0,0,44.0,0.00,44.42,29.9,0
1779285655300,1659,PERSON-01,451.2,19.03,21.39,2.37,13.61,27.6,0.966,1,1,43.2,0.05,44.67,29.9,0
1779285655333,1660,UAS-01,329.3,18.95,21.42,2.46,13.27,28.7,0.957,1,1,42.0,0.68,45.00,30.0,0
1779285655367,1661,UAS-02,549.5,19.00,21.58,2.58,13.53,28.0,0.958,1,1,42.0,0.43,44.67,23.5,1
1779285655400,1662,GND-VEH-01,329.2,19.01,21.33,2.32,13.17,28.4,0.931,1,1,43.8,0.39,45.15,30.1,0
1779285655433,1663,PERSON-01,441.4,18.90,21.40,2.50,13.87,28.7,0.968,1,1,42.0,0.31,44.50,30.0,0
1779285655467,1664,UAS-01,320.8,19.05,21.52,2.47,13.42,25.6,0.983,1,1,42.0,0.59,44.83,29.9,0
1779285655500,1665,UAS-02,798.2,19.13,21.42,2.29,13.13,28.3,0.931,1,1,42.0,0.14,44.64,30.0,0
1779285655533,1666,GND-VEH-01,591.8,18.81,21.15,2.34,12.81,27.6,0.901,1,1,42.0,0.41,44.83,30.0,0
1779285655567,1667,PERSON-01,611.4,19.12,21.32,2.20,12.90,27.9,0.933,1,1,42.0,0.36,44.70,29.9,0
1779285655600,1668,UAS-01,501.1,18.93,21.32,2.40,12.89,28.2,0.894,1,1,42.0,0.19,45.13,30.1,0
1779285655633,1669,UAS-02,610.4,19.24,21.42,2.19,13.17,26.7,0.910,1,1,42.0,0.28,44.48,30.1,0
1779285655667,1670,GND-VEH-01,559.1,19.12,21.38,2.25,13.39,28.4,0.958,1,1,42.0,0.04,44.67,30.0,0
1779285655700,1671,PERSON-01,351.6,19.14,21.43,2.29,13.89,28.7,0.990,1,1,42.8,0.51,44.38,30.0,0
1779285655733,1672,UAS-01,610.9,19.07,21.38,2.32,12.94,27.7,0.917,1,1,42.0,0.64,44.07,29.9,0
1779285655767,1673,UAS-02,502.2,18.86,21.00,2.14,13.14,27.3,0.937,1,1,44.7,0.55,44.93,30.0,0
1779285655800,1674,GND-VEH-01,607.0,18.70,20.93,2.23,12.98,28.1,0.923,1,1,42.0,0.10,44.70,30.0,0
1779285655833,1675,PERSON-01,431.2,19.26,21.59,2.33,13.23,26.3,0.923,1,1,42.4,0.13,44.57,29.9,0
1779285655867,1676,UAS-01,486.3,18.96,21.47,2.51,14.30,26.6,0.988,1,1,42.0,0.13,44.61,30.1,0
1779285655900,1677,UAS-02,570.0,18.85,20.97,2.12,13.09,27.7,0.918,1,1,42.0,0.24,44.83,29.9,0
1779285655933,1678,GND-VEH-01,525.0,18.98,21.13,2.15,13.33,28.6,0.912,1,1,42.0,0.42,45.19,30.1,0
1779285655967,1679,PERSON-01,311.2,19.06,21.28,2.22,12.87,28.1,0.908,1,1,42.0,0.16,44.82,30.0,0
1779285656000,1680,UAS-01,500.5,19.15,21.47,2.32,12.63,29.5,0.918,1,1,44.8,0.47,44.93,29.9,0
1779285656033,1681,UAS-02,835.0,18.83,21.11,2.28,13.80,29.5,0.973,1,1,42.0,0.02,45.32,29.9,0
1779285656067,1682,GND-VEH-01,701.8,18.95,21.16,2.21,12.87,27.8,0.924,1,1,42.0,0.28,44.60,30.1,0
1779285656100,1683,PERSON-01,357.3,19.10,21.30,2.19,13.13,27.4,0.931,1,1,42.9,0.47,44.94,30.0,0
1779285656133,1684,UAS-01,484.5,19.05,21.31,2.26,12.52,27.1,0.893,1,1,42.0,0.05,44.57,30.1,0
1779285656167,1685,UAS-02,461.1,19.05,21.12,2.06,12.76,28.6,0.867,1,1,42.0,0.07,44.66,30.0,0
1779285656200,1686,GND-VEH-01,700.6,18.84,21.10,2.27,13.14,27.8,0.938,1,1,42.5,0.62,44.66,30.1,0
1779285656233,1687,PERSON-01,871.4,18.97,20.87,1.90,13.07,29.6,0.909,1,1,42.0,0.68,44.82,30.0,0
1779285656267,1688,UAS-01,332.4,19.14,21.83,2.69,13.01,28.0,0.909,1,1,42.0,0.28,44.78,30.0,0
1779285656300,1689,UAS-02,599.4,18.88,20.93,2.05,13.47,27.4,0.944,1,1,42.0,0.28,44.85,23.0,1
1779285656333,1690,GND-VEH-01,551.0,19.14,21.64,2.50,13.54,26.8,0.974,1,1,42.0,0.07,44.77,29.9,0
1779285656367,1691,PERSON-01,1025.2,18.86,20.76,1.90,12.87,26.9,0.902,1,1,42.0,0.14,44.92,23.3,1
1779285656400,1692,UAS-01,399.7,19.02,21.24,2.22,13.15,27.4,0.932,1,1,42.0,0.48,44.55,30.1,0
1779285656433,1693,UAS-02,674.2,19.09,21.25,2.16,12.66,29.5,0.246,0,0,42.0,0.00,44.96,30.0,0
1779285656467,1694,GND-VEH-01,323.3,19.04,21.30,2.26,13.18,29.4,0.933,1,1,42.5,0.45,44.89,30.1,0
1779285656500,1695,PERSON-01,596.0,19.06,21.45,2.39,13.65,27.5,0.974,1,1,42.0,0.82,45.12,30.0,0
1779285656533,1696,UAS-01,773.5,19.11,21.34,2.23,12.65,27.4,0.904,1,1,43.2,0.01,45.41,29.9,0
1779285656567,1697,UAS-02,432.1,18.92,21.79,2.87,14.53,28.1,0.990,1,1,42.5,0.88,44.93,30.0,0
1779285656600,1698,GND-VEH-01,304.6,19.19,21.77,2.58,13.77,29.2,0.987,1,1,42.0,0.13,44.49,30.1,0
1779285656633,1699,PERSON-01,358.6,18.89,21.55,2.66,14.11,26.7,0.985,1,1,42.0,0.17,45.13,30.0,0
1779285656667,1700,UAS-01,516.8,19.03,21.24,2.21,13.37,27.7,0.962,1,1,43.8,0.32,45.45,30.0,0
1779285656700,1701,UAS-02,359.3,19.09,21.37,2.29,12.86,27.6,0.886,1,1,42.0,0.48,45.34,29.9,0
1779285656733,1702,GND-VEH-01,689.3,19.09,21.69,2.60,13.26,29.0,0.944,1,1,42.0,0.88,45.17,29.9,0
1779285656767,1703,PERSON-01,380.9,19.01,21.47,2.46,13.03,29.8,0.921,1,1,42.0,0.53,44.93,30.1,0
1779285656800,1704,UAS-01,534.1,19.03,21.47,2.44,12.83,28.7,0.894,1,1,42.5,0.06,45.00,29.9,0
1779285656833,1705,UAS-02,407.9,18.96,21.37,2.41,13.37,27.8,0.958,1,1,44.7,0.91,45.29,30.0,0
1779285656867,1706,GND-VEH-01,488.4,18.69,20.86,2.17,12.91,28.3,0.909,1,1,42.0,0.74,45.46,30.0,0
1779285656900,1707,PERSON-01,506.0,19.18,21.51,2.33,13.65,28.1,0.980,1,1,44.2,0.04,45.44,30.0,0
1779285656933,1708,UAS-01,602.3,19.29,21.51,2.22,13.03,26.6,0.906,1,1,42.0,0.01,44.78,30.2,0
1779285656967,1709,UAS-02,548.5,18.91,21.38,2.48,13.40,27.5,0.954,1,1,42.0,0.26,44.76,30.0,0
1779285657000,1710,GND-VEH-01,472.6,18.91,21.47,2.57,12.74,27.5,0.208,0,0,43.5,0.00,44.75,30.0,0
1779285657033,1711,PERSON-01,944.0,18.97,20.90,1.93,12.60,29.6,0.882,1,1,42.0,1.01,45.21,30.0,0
1779285657067,1712,UAS-01,409.1,18.81,21.29,2.48,13.83,26.7,0.990,1,1,44.1,0.92,44.88,30.2,0
1779285657100,1713,UAS-02,315.7,19.24,21.74,2.49,12.82,29.1,0.891,1,1,42.9,0.10,44.63,30.0,0
1779285657133,1714,GND-VEH-01,481.3,18.84,21.19,2.35,13.44,29.0,0.970,1,1,43.1,0.62,45.27,30.1,0
1779285657167,1715,PERSON-01,417.2,18.66,20.58,1.93,13.05,29.1,0.914,1,1,42.0,0.62,45.27,30.0,0
1779285657200,1716,UAS-01,540.4,19.19,21.86,2.67,13.97,29.6,0.990,1,1,42.0,0.11,44.80,30.0,0
1779285657233,1717,UAS-02,777.7,19.13,21.27,2.15,12.70,27.4,0.913,1,1,42.0,0.23,44.82,30.0,0
1779285657267,1718,GND-VEH-01,343.1,18.99,21.45,2.46,13.45,28.3,0.947,1,1,42.3,0.72,45.56,30.2,0
1779285657300,1719,PERSON-01,647.7,19.01,21.26,2.26,12.45,30.6,0.874,1,1,42.0,0.89,45.61,30.0,0
1779285657333,1720,UAS-01,357.7,19.03,21.34,2.31,13.00,28.6,0.913,1,1,42.0,0.33,45.31,30.0,0
1779285657367,1721,UAS-02,431.8,18.89,21.34,2.45,13.75,29.7,0.986,1,1,42.7,1.08,45.24,30.0,0
1779285657400,1722,GND-VEH-01,361.1,18.99,21.47,2.48,13.70,28.1,0.966,1,1,42.8,0.18,45.10,30.0,0
1779285657433,1723,PERSON-01,384.1,19.00,21.11,2.11,12.56,27.5,0.883,1,1,43.1,0.31,45.01,29.8,0
1779285657467,1724,UAS-01,651.4,18.98,21.04,2.05,13.21,28.0,0.948,1,1,45.1,0.36,45.52,30.0,0
1779285657500,1725,UAS-02,322.7,19.05,21.82,2.77,13.42,28.4,0.937,1,1,44.9,0.67,45.56,30.0,0
1779285657533,1726,GND-VEH-01,612.6,18.98,21.09,2.10,12.29,27.2,0.866,1,1,45.4,0.13,45.21,30.1,0
1779285657567,1727,PERSON-01,585.5,18.65,20.83,2.18,13.11,28.4,0.916,1,1,42.0,0.11,45.82,30.1,0
1779285657600,1728,UAS-01,373.0,18.90,21.46,2.56,14.18,28.3,0.990,1,1,42.0,0.59,45.23,30.2,0
1779285657633,1729,UAS-02,571.6,19.14,21.51,2.37,13.30,28.6,0.935,1,1,43.2,1.11,45.31,30.0,0
1779285657667,1730,GND-VEH-01,525.3,18.86,21.45,2.59,14.21,29.6,0.204,0,0,111.2,0.00,45.63,30.0,0
1779285657700,1731,PERSON-01,365.7,19.14,21.60,2.46,12.78,30.7,0.891,1,1,43.3,0.05,45.51,30.1,0
1779285657733,1732,UAS-01,397.6,19.14,21.43,2.29,13.15,28.0,0.929,1,1,42.7,0.39,44.87,29.9,0
1779285657767,1733,UAS-02,575.8,19.18,21.44,2.26,13.70,27.8,0.988,1,1,42.5,0.45,45.00,30.0,0
1779285657800,1734,GND-VEH-01,385.5,19.16,21.79,2.62,13.31,28.0,0.947,1,1,44.7,0.24,45.07,29.9,0
1779285657833,1735,PERSON-01,579.8,19.08,21.37,2.29,12.90,29.3,0.213,0,0,42.0,0.00,45.41,30.0,0
1779285657867,1736,UAS-01,690.0,18.88,21.17,2.29,12.65,28.6,0.166,0,0,43.0,0.00,45.03,30.2,0
1779285657900,1737,UAS-02,340.0,18.96,21.32,2.36,12.67,29.5,0.878,1,1,42.5,0.05,45.08,29.9,0
1779285657933,1738,GND-VEH-01,419.4,18.86,21.57,2.71,13.00,30.3,0.902,1,1,42.0,0.40,45.84,30.0,0
1779285657967,1739,PERSON-01,695.3,19.00,21.16,2.17,12.50,28.0,0.862,1,1,43.8,0.29,45.17,30.0,0
1779285658000,1740,UAS-01,454.4,19.04,21.40,2.36,12.94,27.9,0.905,1,1,42.0,0.70,45.32,30.0,0
1779285658033,1741,UAS-02,514.1,18.96,20.98,2.02,13.41,29.4,0.945,1,1,44.0,0.08,45.35,29.9,0
1779285658067,1742,GND-VEH-01,542.0,18.92,21.53,2.61,13.04,30.1,0.940,1,1,42.0,0.10,45.08,29.9,0
1779285658100,1743,PERSON-01,403.7,19.11,21.52,2.41,13.36,29.7,0.948,1,1,43.6,0.03,45.28,30.0,0
1779285658133,1744,UAS-01,469.3,19.18,21.51,2.33,12.29,28.2,0.169,0,0,42.0,0.00,45.63,30.1,0
1779285658167,1745,UAS-02,675.0,19.14,21.45,2.31,13.59,29.1,0.963,1,1,42.0,0.12,45.40,30.1,0
1779285658200,1746,GND-VEH-01,338.2,19.15,21.48,2.32,13.67,27.2,0.990,1,1,44.5,0.66,45.35,19.8,1
1779285658233,1747,PERSON-01,477.9,19.03,21.43,2.39,13.07,28.9,0.937,1,1,43.2,0.06,45.31,30.1,0
1779285658267,1748,UAS-01,892.5,19.07,21.25,2.18,13.53,29.1,0.953,1,1,42.7,0.17,45.41,29.9,0
1779285658300,1749,UAS-02,495.9,19.01,21.20,2.19,12.37,30.4,0.859,1,1,42.6,0.07,45.98,30.1,0
1779285658333,1750,GND-VEH-01,318.5,18.96,21.42,2.46,13.53,30.7,0.974,1,1,42.0,0.44,45.90,29.9,0
1779285658367,1751,PERSON-01,930.3,18.84,20.92,2.08,12.96,29.0,0.934,1,1,42.0,0.19,45.59,30.0,0
1779285658400,1752,UAS-01,380.4,18.81,20.94,2.13,12.98,29.0,0.227,0,0,42.0,0.00,45.49,30.0,0
1779285658433,1753,UAS-02,610.9,18.79,20.81,2.02,12.30,29.4,0.846,1,1,44.4,0.38,45.72,30.0,0
1779285658467,1754,GND-VEH-01,400.4,18.76,20.98,2.22,12.98,29.1,0.900,1,1,42.0,0.07,45.47,29.8,0
1779285658500,1755,PERSON-01,339.6,18.90,21.09,2.19,12.81,27.4,0.896,1,1,42.0,0.20,45.52,30.0,0
1779285658533,1756,UAS-01,518.9,19.01,21.11,2.10,12.90,28.7,0.894,1,1,42.0,1.00,45.58,30.0,0
1779285658567,1757,UAS-02,541.9,19.17,21.41,2.24,13.26,28.5,0.956,1,1,42.0,0.11,45.48,30.1,0
1779285658600,1758,GND-VEH-01,790.9,18.93,20.94,2.01,12.69,27.7,0.902,1,1,42.3,0.27,45.78,30.1,0
1779285658633,1759,PERSON-01,539.5,19.00,21.17,2.17,12.89,27.7,0.894,1,1,42.0,0.54,45.58,29.9,0
1779285658667,1760,UAS-01,479.0,19.05,21.30,2.25,13.06,30.1,0.933,1,1,42.0,0.09,45.48,24.0,1
1779285658700,1761,UAS-02,328.3,18.98,21.82,2.84,13.79,28.0,0.990,1,1,45.4,0.77,45.73,30.0,0
1779285658733,1762,GND-VEH-01,566.9,19.06,21.59,2.53,13.53,29.4,0.980,1,1,43.3,0.61,45.43,29.9,0
1779285658767,1763,PERSON-01,511.9,19.06,21.56,2.50,13.96,29.2,0.990,1,1,45.9,0.70,45.72,30.1,0
1779285658800,1764,UAS-01,627.4,19.11,21.61,2.50,13.13,29.1,0.172,0,0,42.1,0.00,45.87,30.0,0
1779285658833,1765,UAS-02,591.7,18.88,21.56,2.67,13.09,28.6,0.911,1,1,43.1,0.09,45.46,30.0,0
1779285658867,1766,GND-VEH-01,552.6,18.84,21.09,2.25,13.83,28.3,0.990,1,1,42.0,0.59,45.77,30.1,0
1779285658900,1767,PERSON-01,665.7,18.78,21.35,2.56,13.99,28.8,0.990,1,1,42.0,0.56,45.47,30.1,0
1779285658933,1768,UAS-01,425.4,19.06,21.11,2.05,12.42,29.4,0.872,1,1,44.2,0.32,45.70,30.0,0
1779285658967,1769,UAS-02,819.0,18.93,20.83,1.91,11.92,28.1,0.850,1,1,42.0,0.13,45.91,29.9,0
1779285659000,1770,GND-VEH-01,342.9,18.87,21.23,2.36,12.69,28.3,0.858,1,1,44.9,0.00,45.61,30.0,0
1779285659033,1771,PERSON-01,632.6,19.09,21.66,2.57,13.99,28.9,0.990,1,1,42.0,0.30,46.23,29.9,0
1779285659067,1772,UAS-01,362.7,18.93,21.41,2.48,13.71,28.2,0.956,1,1,42.4,0.33,46.10,30.2,0
1779285659100,1773,UAS-02,740.4,18.94,21.12,2.18,12.67,30.3,0.878,1,1,43.0,0.36,45.75,30.0,0
1779285659133,1774,GND-VEH-01,474.0,18.78,20.97,2.20,12.93,28.4,0.178,0,0,42.6,0.00,45.58,29.9,0
1779285659167,1775,PERSON-01,350.4,19.20,21.42,2.22,13.33,30.2,0.948,1,1,42.0,0.00,46.23,30.0,0
1779285659200,1776,UAS-01,539.2,19.13,21.52,2.38,13.13,29.7,0.907,1,1,43.8,0.27,45.98,29.9,0
1779285659233,1777,UAS-02,316.1,18.99,21.50,2.51,13.53,29.0,0.970,1,1,44.1,0.94,46.03,29.9,0
1779285659267,1778,GND-VEH-01,527.3,19.02,20.89,1.87,12.35,27.6,0.852,1,1,42.0,0.15,45.39,30.0,0
1779285659300,1779,PERSON-01,496.0,18.95,21.27,2.33,12.80,29.8,0.901,1,1,46.4,0.76,45.73,30.0,0
1779285659333,1780,UAS-01,428.0,19.06,21.19,2.13,12.85,27.3,0.911,1,1,42.0,0.29,45.71,30.1,0
1779285659367,1781,UAS-02,306.5,19.13,21.69,2.56,14.12,28.8,0.988,1,1,43.3,0.38,45.73,30.1,0
1779285659400,1782,GND-VEH-01,329.4,19.06,21.73,2.67,14.30,29.1,0.990,1,1,44.9,0.10,46.07,30.0,0
1779285659433,1783,PERSON-01,763.9,18.88,20.64,1.77,13.00,28.9,0.896,1,1,44.3,0.09,46.13,29.8,0
1779285659467,1784,UAS-01,737.2,19.10,21.40,2.31,13.59,29.3,0.959,1,1,42.0,0.47,45.69,30.0,0
1779285659500,1785,UAS-02,310.0,19.16,21.57,2.41,13.21,28.0,0.945,1,1,43.1,0.72,45.28,29.9,0
1779285659533,1786,GND-VEH-01,407.9,19.05,21.50,2.46,13.76,28.2,0.969,1,1,42.0,0.03,45.53,30.0,0
1779285659567,1787,PERSON-01,393.7,18.76,20.92,2.16,13.20,29.1,0.940,1,1,44.7,0.33,45.80,30.0,0
1779285659600,1788,UAS-01,577.7,19.05,21.46,2.41,13.35,30.3,0.969,1,1,42.0,0.47,46.17,30.1,0
1779285659633,1789,UAS-02,525.0,19.03,21.34,2.31,12.91,31.0,0.917,1,1,42.0,0.50,46.35,30.1,0
1779285659667,1790,GND-VEH-01,782.9,19.11,21.57,2.45,13.93,29.0,0.983,1,1,42.0,0.15,45.72,30.1,0
1779285659700,1791,PERSON-01,481.0,19.01,20.86,1.85,12.31,28.6,0.198,0,0,42.0,0.00,46.11,29.9,0
1779285659733,1792,UAS-01,450.7,18.94,21.37,2.43,13.42,29.6,0.952,1,1,43.2,0.20,46.00,30.1,0
1779285659767,1793,UAS-02,647.4,18.94,21.15,2.21,12.72,28.5,0.926,1,1,42.0,0.19,46.03,29.9,0
1779285659800,1794,GND-VEH-01,639.4,19.18,21.33,2.15,12.65,29.3,0.905,1,1,42.8,0.16,46.06,29.9,0
1779285659833,1795,PERSON-01,792.9,18.96,21.04,2.08,13.03,30.3,0.939,1,1,44.6,0.36,45.99,29.9,0
1779285659867,1796,UAS-01,584.6,19.02,21.53,2.50,12.74,29.7,0.892,1,1,43.2,0.06,46.05,29.9,0
1779285659900,1797,UAS-02,385.3,18.87,21.02,2.15,12.55,30.0,0.871,1,1,44.2,0.48,46.13,30.0,0
1779285659933,1798,GND-VEH-01,1052.2,19.17,21.16,1.99,12.11,29.4,0.848,1,1,42.4,0.79,45.99,29.9,0
1779285659967,1799,PERSON-01,669.0,18.76,21.24,2.48,13.50,29.6,0.956,1,1,42.1,0.15,45.92,30.0,0
