timestamp,frame_id,target_id,range_m,ambient_temp_c,target_temp_c,delta_t_c,snr_db,netd_mk,detection_confidence,detected,classified,classification_latency_ms,track_error_m,sensor_temp_c,frame_rate_hz,dropped_frame
1779285600000,0,UAS-01,511.4,18.94,22.01,3.08,17.87,21.4,0.988,1,1,31.0,0.17,28.23,30.0,0
1779285600033,1,UAS-02,348.8,19.10,22.09,2.99,18.34,20.9,0.990,1,1,31.0,0.41,28.05,30.0,0
1779285600067,2,GND-VEH-01,566.9,19.06,22.21,3.15,18.10,23.3,0.990,1,1,32.2,0.28,28.12,30.1,0
1779285600100,3,PERSON-01,488.9,18.97,22.03,3.06,17.99,22.0,0.990,1,1,31.0,0.28,27.74,29.8,0
1779285600133,4,UAS-01,474.5,19.03,22.18,3.15,18.83,23.3,0.969,1,1,34.7,0.41,27.87,30.1,0
1779285600167,5,UAS-02,844.2,18.90,21.55,2.65,18.29,19.9,0.990,1,1,31.0,0.25,28.31,29.9,0
1779285600200,6,GND-VEH-01,588.1,19.09,22.44,3.35,17.82,21.8,0.990,1,1,31.0,0.06,28.04,30.1,0
1779285600233,7,PERSON-01,639.5,19.17,22.49,3.32,18.43,22.2,0.990,1,1,31.0,0.19,28.43,30.1,0
1779285600267,8,UAS-01,549.3,18.86,21.87,3.02,18.06,22.2,0.990,1,1,31.0,0.01,28.01,30.1,0
1779285600300,9,UAS-02,361.7,19.03,22.10,3.07,18.66,22.1,0.990,1,1,31.0,0.02,27.45,30.0,0
1779285600333,10,GND-VEH-01,364.8,18.91,22.07,3.16,18.42,22.1,0.990,1,1,31.6,0.16,27.99,29.9,0
1779285600367,11,PERSON-01,308.3,18.94,21.96,3.02,18.37,22.2,0.988,1,1,31.0,0.49,28.20,29.9,0
1779285600400,12,UAS-01,996.4,18.82,21.97,3.15,18.31,24.2,0.987,1,1,31.0,0.18,28.18,30.0,0
1779285600433,13,UAS-02,373.1,19.03,22.32,3.29,18.35,22.3,0.990,1,1,31.0,0.43,28.14,29.9,0
1779285600467,14,GND-VEH-01,496.1,18.95,22.06,3.11,18.73,22.1,0.990,1,1,33.0,0.14,27.96,30.0,0
1779285600500,15,PERSON-01,334.2,18.91,22.23,3.32,19.02,22.2,0.990,1,1,31.0,0.25,28.23,29.9,0
1779285600533,16,UAS-01,307.2,19.07,22.39,3.32,19.02,21.4,0.990,1,1,31.0,0.28,27.97,30.1,0
1779285600567,17,UAS-02,630.2,18.96,22.26,3.30,17.75,21.5,0.990,1,1,32.7,0.08,28.16,29.9,0
1779285600600,18,GND-VEH-01,400.8,18.82,21.82,2.99,17.95,22.2,0.990,1,1,33.1,0.20,28.01,30.0,0
1779285600633,19,PERSON-01,473.7,18.91,22.00,3.10,18.19,22.3,0.990,1,1,31.0,0.04,28.18,30.1,0
1779285600667,20,UAS-01,415.9,18.96,22.47,3.50,18.73,21.5,0.990,1,1,32.1,0.06,27.95,30.1,0
1779285600700,21,UAS-02,704.4,18.80,21.86,3.07,18.45,20.8,0.990,1,1,31.9,0.12,28.17,30.1,0
1779285600733,22,GND-VEH-01,533.4,18.74,22.18,3.44,18.91,21.3,0.990,1,1,31.0,0.27,28.44,30.1,0
1779285600767,23,PERSON-01,405.5,18.81,22.31,3.51,18.39,22.1,0.990,1,1,31.9,0.02,28.29,30.0,0
1779285600800,24,UAS-01,534.9,18.90,21.98,3.08,18.04,22.4,0.990,1,1,31.0,0.16,28.03,30.2,0
1779285600833,25,UAS-02,468.9,19.23,22.30,3.07,18.94,21.2,0.990,1,1,31.0,0.22,28.48,29.9,0
1779285600867,26,GND-VEH-01,611.1,19.31,22.38,3.07,17.89,22.5,0.990,1,1,31.0,0.08,28.20,30.0,0
1779285600900,27,PERSON-01,420.5,18.91,22.12,3.21,18.37,22.4,0.990,1,1,31.0,0.21,27.78,29.8,0
1779285600933,28,UAS-01,406.0,19.05,22.05,3.00,17.59,22.3,0.990,1,1,31.0,0.34,28.45,30.0,0
1779285600967,29,UAS-02,944.8,18.78,21.91,3.12,18.25,21.9,0.990,1,1,31.0,0.18,28.38,30.0,0
1779285601000,30,GND-VEH-01,486.3,19.18,22.11,2.93,17.16,22.1,0.982,1,1,33.0,0.01,28.20,29.8,0
1779285601033,31,PERSON-01,362.6,19.16,22.20,3.04,18.52,21.2,0.990,1,1,31.0,0.18,28.14,30.0,0
1779285601067,32,UAS-01,425.6,19.18,22.34,3.16,18.65,21.3,0.990,1,1,31.4,0.29,28.22,30.1,0
1779285601100,33,UAS-02,463.3,19.14,22.35,3.21,18.00,21.3,0.990,1,1,32.3,0.09,27.91,30.0,0
1779285601133,34,GND-VEH-01,803.3,18.95,22.05,3.10,18.38,21.3,0.989,1,1,31.4,0.29,27.96,30.0,0
1779285601167,35,PERSON-01,362.2,19.13,22.31,3.18,18.62,21.6,0.990,1,1,31.5,0.08,28.02,29.9,0
1779285601200,36,UAS-01,498.9,18.95,22.20,3.25,18.25,23.1,0.974,1,1,31.0,0.50,28.59,29.9,0
1779285601233,37,UAS-02,356.3,18.99,22.06,3.07,18.16,22.5,0.990,1,1,31.0,0.01,28.28,30.0,0
1779285601267,38,GND-VEH-01,320.7,18.88,21.89,3.01,17.81,21.2,0.990,1,1,31.0,0.17,28.42,29.9,0
1779285601300,39,PERSON-01,311.9,19.08,22.20,3.12,18.18,23.3,0.990,1,1,31.5,0.10,28.47,30.0,0
1779285601333,40,UAS-01,462.5,19.05,22.04,2.99,18.29,22.3,0.990,1,1,31.0,0.09,28.52,30.0,0
1779285601367,41,UAS-02,532.7,18.85,22.26,3.41,18.68,22.9,0.970,1,1,31.0,0.31,28.59,30.1,0
1779285601400,42,GND-VEH-01,736.8,18.93,21.72,2.79,17.14,22.2,0.990,1,1,31.0,0.53,27.97,29.9,0
1779285601433,43,PERSON-01,498.5,19.16,22.30,3.14,18.98,21.2,0.972,1,1,31.8,0.04,28.06,30.1,0
1779285601467,44,UAS-01,324.3,18.69,22.05,3.35,18.89,20.9,0.979,1,1,32.1,0.45,27.85,29.9,0
1779285601500,45,UAS-02,382.1,19.23,22.25,3.02,17.70,22.4,0.984,1,1,31.0,0.27,28.68,30.2,0
1779285601533,46,GND-VEH-01,537.6,19.21,22.30,3.10,18.27,21.2,0.990,1,1,32.3,0.12,28.15,30.0,0
1779285601567,47,PERSON-01,447.9,19.23,22.57,3.34,18.48,23.0,0.990,1,1,31.0,0.34,28.20,29.9,0
1779285601600,48,UAS-01,1013.6,18.79,21.74,2.95,18.00,21.0,0.990,1,1,31.0,0.10,28.14,30.0,0
1779285601633,49,UAS-02,685.3,18.93,21.68,2.75,18.08,22.7,0.990,1,1,31.0,0.39,28.23,30.2,0
1779285601667,50,GND-VEH-01,443.9,19.02,22.23,3.21,18.84,23.7,0.990,1,1,31.0,0.23,28.09,30.0,0
1779285601700,51,PERSON-01,943.6,19.04,21.88,2.84,17.52,21.5,0.990,1,1,33.7,0.41,28.30,30.0,0
1779285601733,52,UAS-01,520.0,18.81,22.03,3.22,18.75,21.1,0.990,1,1,31.0,0.11,27.75,30.1,0
1779285601767,53,UAS-02,312.4,19.29,22.31,3.02,17.91,21.4,0.990,1,1,31.0,0.17,28.59,30.0,0
1779285601800,54,GND-VEH-01,320.2,18.90,22.00,3.10,18.47,21.3,0.990,1,1,33.6,0.13,27.73,30.0,0
1779285601833,55,PERSON-01,444.6,19.12,22.33,3.21,17.58,23.1,0.990,1,1,31.0,0.10,28.37,30.0,0
1779285601867,56,UAS-01,466.5,18.92,22.08,3.16,19.14,22.3,0.987,1,1,31.0,0.25,27.86,29.9,0
1779285601900,57,UAS-02,527.3,18.91,22.23,3.32,18.79,21.8,0.990,1,1,31.4,0.11,28.27,29.9,0
1779285601933,58,GND-VEH-01,476.3,19.05,22.17,3.12,18.52,23.4,0.990,1,1,31.0,0.09,28.34,29.9,0
1779285601967,59,PERSON-01,381.1,18.82,21.90,3.08,17.96,21.2,0.990,1,1,31.0,0.05,28.49,29.9,0
1779285602000,60,UAS-01,406.5,18.98,22.25,3.27,18.58,22.5,0.986,1,1,31.0,0.04,28.17,30.0,0
1779285602033,61,UAS-02,349.6,18.98,21.89,2.92,18.07,20.7,0.990,1,1,32.8,0.09,28.42,30.2,0
1779285602067,62,GND-VEH-01,772.6,18.94,22.08,3.13,18.74,21.1,0.990,1,1,32.2,0.28,28.19,30.1,0
1779285602100,63,PERSON-01,592.5,18.98,22.30,3.32,18.57,21.9,0.990,1,1,31.4,0.22,28.48,30.0,0
1779285602133,64,UAS-01,364.5,19.01,22.03,3.03,18.31,21.9,0.990,1,1,31.0,0.13,27.91,29.9,0
1779285602167,65,UAS-02,702.5,19.18,22.31,3.13,18.73,22.4,0.990,1,1,32.0,0.32,27.96,29.9,0
1779285602200,66,GND-VEH-01,796.6,18.86,22.09,3.23,17.95,23.0,0.990,1,1,32.8,0.09,28.14,30.0,0
1779285602233,67,PERSON-01,731.8,19.12,22.55,3.43,19.38,21.5,0.990,1,1,31.0,0.14,27.98,30.1,0
1779285602267,68,UAS-01,444.8,18.85,22.19,3.34,18.51,22.6,0.990,1,1,31.0,0.29,28.19,30.0,0
1779285602300,69,UAS-02,473.5,18.98,22.11,3.13,17.34,22.7,0.990,1,1,31.9,0.15,28.51,29.9,0
1779285602333,70,GND-VEH-01,527.1,19.12,22.38,3.25,18.70,22.1,0.990,1,1,31.0,0.00,28.57,30.0,0
1779285602367,71,PERSON-01,420.1,19.04,22.04,3.00,18.18,19.6,0.990,1,1,31.0,0.10,28.09,30.0,0
1779285602400,72,UAS-01,423.9,18.90,22.02,3.12,17.47,21.9,0.990,1,1,31.0,0.20,28.39,30.1,0
1779285602433,73,UAS-02,342.6,18.97,21.97,3.00,17.72,23.5,0.990,1,1,31.7,0.02,28.23,30.1,0
1779285602467,74,GND-VEH-01,313.1,18.96,22.14,3.18,18.35,21.9,0.990,1,1,31.0,0.14,28.32,29.9,0
1779285602500,75,PERSON-01,355.2,18.99,22.03,3.05,17.74,21.7,0.990,1,1,31.0,0.16,28.62,30.1,0
1779285602533,76,UAS-01,539.3,18.93,22.23,3.30,18.88,21.9,0.986,1,1,31.0,0.39,28.29,29.9,0
1779285602567,77,UAS-02,379.3,18.91,22.21,3.30,18.17,21.9,0.990,1,1,31.0,0.17,28.53,30.1,0
1779285602600,78,GND-VEH-01,376.1,19.02,22.28,3.26,19.18,21.6,0.990,1,1,31.0,0.35,28.27,30.2,0
1779285602633,79,PERSON-01,449.9,19.07,22.16,3.09,17.37,22.8,0.990,1,1,33.8,0.21,27.92,30.1,0
1779285602667,80,UAS-01,484.8,18.98,22.12,3.14,18.36,22.4,0.967,1,1,31.0,0.40,28.43,30.0,0
1779285602700,81,UAS-02,534.7,18.96,22.22,3.26,18.74,21.3,0.988,1,1,31.1,0.09,28.57,29.9,0
1779285602733,82,GND-VEH-01,302.3,18.96,22.21,3.25,18.78,21.3,0.990,1,1,31.0,0.19,28.03,30.0,0
1779285602767,83,PERSON-01,709.5,19.10,22.42,3.32,18.55,24.1,0.988,1,1,36.1,0.21,27.98,29.9,0
1779285602800,84,UAS-01,313.3,18.93,22.25,3.32,18.28,21.9,0.990,1,1,31.0,0.44,28.38,30.1,0
1779285602833,85,UAS-02,481.8,18.82,22.13,3.31,18.80,22.6,0.990,1,1,34.3,0.20,28.37,30.1,0
1779285602867,86,GND-VEH-01,438.1,18.89,22.49,3.61,18.58,21.0,0.983,1,1,31.0,0.04,28.24,30.0,0
1779285602900,87,PERSON-01,317.1,19.13,22.05,2.92,18.18,23.6,0.990,1,1,31.8,0.42,28.20,30.1,0
1779285602933,88,UAS-01,328.9,18.97,22.23,3.26,18.33,21.8,0.984,1,1,31.3,0.13,28.70,29.9,0
1779285602967,89,UAS-02,380.2,19.09,22.10,3.01,18.05,21.7,0.984,1,1,31.6,0.29,28.44,30.0,0
1779285603000,90,GND-VEH-01,608.2,18.97,21.86,2.89,18.10,20.0,0.990,1,1,31.0,0.13,28.46,30.0,0
1779285603033,91,PERSON-01,310.1,18.76,21.97,3.21,18.15,22.9,0.990,1,1,33.2,0.02,28.35,30.0,0
1779285603067,92,UAS-01,364.0,19.12,22.76,3.64,19.05,21.3,0.989,1,1,31.0,0.53,28.25,30.1,0
1779285603100,93,UAS-02,930.5,18.96,21.74,2.78,17.25,23.2,0.990,1,1,31.8,0.04,27.99,30.0,0
1779285603133,94,GND-VEH-01,381.6,19.29,22.54,3.25,18.46,22.7,0.982,1,1,31.3,0.03,28.61,30.0,0
1779285603167,95,PERSON-01,620.4,19.15,21.93,2.78,17.66,22.8,0.990,1,1,31.0,0.18,28.13,30.0,0
1779285603200,96,UAS-01,629.4,19.06,22.16,3.11,18.13,21.7,0.990,1,1,31.0,0.04,28.36,29.9,0
1779285603233,97,UAS-02,481.1,19.27,22.52,3.25,17.98,22.6,0.989,1,1,32.1,0.18,28.59,30.0,0
1779285603267,98,GND-VEH-01,707.8,18.97,22.01,3.04,17.97,23.8,0.990,1,1,31.0,0.30,28.21,29.9,0
1779285603300,99,PERSON-01,563.5,19.23,22.40,3.17,18.16,21.4,0.990,1,1,31.0,0.25,28.18,30.1,0
1779285603333,100,UAS-01,566.9,19.19,22.04,2.85,17.89,21.2,0.990,1,1,32.8,0.08,28.26,30.0,0
1779285603367,101,UAS-02,621.9,19.06,21.92,2.86,17.54,23.8,0.990,1,1,34.3,0.33,27.98,29.9,0
1779285603400,102,GND-VEH-01,325.6,18.80,22.14,3.33,18.20,21.5,0.988,1,1,31.0,0.12,28.57,30.2,0
1779285603433,103,PERSON-01,468.1,18.78,21.79,3.01,18.31,21.2,0.990,1,1,31.7,0.58,28.38,30.0,0
1779285603467,104,UAS-01,585.3,19.20,22.17,2.97,17.67,23.4,0.990,1,1,31.0,0.27,28.60,30.0,0
1779285603500,105,UAS-02,916.5,18.92,21.95,3.03,18.60,21.5,0.979,1,1,31.0,0.67,28.60,30.0,0
1779285603533,106,GND-VEH-01,386.8,18.77,22.10,3.33,17.89,21.4,0.983,1,1,31.0,0.51,28.57,29.9,0
1779285603567,107,PERSON-01,736.9,18.89,22.02,3.13,17.38,22.4,0.990,1,1,33.8,0.29,27.94,30.1,0
1779285603600,108,UAS-01,761.1,19.09,21.90,2.81,17.32,21.7,0.969,1,1,31.0,0.09,28.41,30.0,0
1779285603633,109,UAS-02,357.2,18.92,22.07,3.16,17.85,21.1,0.986,1,1,31.0,0.18,28.77,29.9,0
1779285603667,110,GND-VEH-01,439.0,19.24,22.46,3.22,17.67,23.2,0.975,1,1,31.0,0.07,28.38,30.0,0
1779285603700,111,PERSON-01,599.3,18.96,21.91,2.95,17.88,22.4,0.990,1,1,31.0,0.09,28.48,29.9,0
1779285603733,112,UAS-01,486.2,19.22,22.42,3.20,18.08,21.7,0.990,1,1,31.0,0.18,28.72,30.1,0
1779285603767,113,UAS-02,537.4,19.12,21.95,2.84,18.36,22.8,0.990,1,1,31.0,0.24,28.49,30.0,0
1779285603800,114,GND-VEH-01,831.8,19.30,22.53,3.23,18.16,23.5,0.990,1,1,31.0,0.04,28.16,30.1,0
1779285603833,115,PERSON-01,494.6,19.22,22.53,3.32,18.09,22.0,0.990,1,1,31.0,0.35,28.77,30.1,0
1779285603867,116,UAS-01,639.9,19.00,21.93,2.93,17.83,23.5,0.990,1,1,31.0,0.42,28.34,30.1,0
1779285603900,117,UAS-02,486.3,18.68,21.77,3.09,17.90,22.9,0.990,1,1,31.2,0.02,28.38,30.0,0
1779285603933,118,GND-VEH-01,627.5,18.83,22.10,3.27,18.80,21.6,0.990,1,1,31.0,0.29,28.40,29.9,0
1779285603967,119,PERSON-01,569.1,18.80,21.94,3.14,17.70,21.6,0.990,1,1,32.6,0.04,28.68,30.0,0
1779285604000,120,UAS-01,550.4,18.84,22.18,3.34,18.80,22.2,0.990,1,1,31.8,0.18,28.51,30.0,0
1779285604033,121,UAS-02,356.4,19.23,22.21,2.98,18.18,23.9,0.990,1,1,31.6,0.09,28.59,30.0,0
1779285604067,122,GND-VEH-01,523.1,18.95,22.23,3.28,18.46,21.8,0.990,1,1,32.2,0.09,28.21,30.1,0
1779285604100,123,PERSON-01,572.0,19.02,22.10,3.08,18.25,20.2,0.990,1,1,31.0,0.08,28.33,30.0,0
1779285604133,124,UAS-01,449.0,19.16,22.31,3.15,17.84,21.9,0.990,1,1,31.0,0.09,28.69,30.1,0
1779285604167,125,UAS-02,397.6,19.32,22.67,3.35,18.81,21.7,0.990,1,1,31.0,0.25,28.28,30.1,0
1779285604200,126,GND-VEH-01,308.5,18.81,21.85,3.04,17.93,21.8,0.981,1,1,31.0,0.18,28.37,30.1,0
1779285604233,127,PERSON-01,756.1,19.05,22.00,2.95,17.11,22.8,0.990,1,1,32.4,0.22,28.70,29.9,0
1779285604267,128,UAS-01,344.6,19.33,22.63,3.29,18.04,22.6,0.990,1,1,31.8,0.48,28.49,30.0,0
1779285604300,129,UAS-02,324.3,19.10,22.13,3.03,17.79,22.9,0.990,1,1,32.4,0.23,28.18,30.1,0
1779285604333,130,GND-VEH-01,563.3,19.19,22.52,3.33,18.67,21.9,0.990,1,1,31.0,0.24,28.70,29.8,0
1779285604367,131,PERSON-01,676.0,19.12,21.96,2.84,17.66,22.0,0.989,1,1,32.5,0.01,28.49,30.0,0
1779285604400,132,UAS-01,452.1,18.82,22.16,3.34,18.66,20.8,0.990,1,1,31.0,0.32,28.30,29.9,0
1779285604433,133,UAS-02,609.5,18.96,22.08,3.13,18.66,21.2,0.990,1,1,31.0,0.24,28.47,29.9,0
1779285604467,134,GND-VEH-01,647.8,19.07,21.94,2.87,17.83,22.9,0.990,1,1,31.0,0.06,28.59,30.0,0
1779285604500,135,PERSON-01,439.3,19.19,22.37,3.18,17.78,21.1,0.990,1,1,31.8,0.26,28.67,29.9,0
1779285604533,136,UAS-01,679.8,19.00,21.77,2.77,17.24,23.5,0.985,1,1,32.0,0.29,28.78,29.9,0
1779285604567,137,UAS-02,581.3,18.81,21.88,3.07,18.10,22.5,0.990,1,1,31.2,0.01,28.62,29.8,0
1779285604600,138,GND-VEH-01,475.3,18.97,21.76,2.79,17.25,22.3,0.990,1,1,31.0,0.04,28.47,30.0,0
1779285604633,139,PERSON-01,465.7,19.05,21.93,2.88,18.21,20.9,0.990,1,1,32.7,0.01,28.34,29.9,0
1779285604667,140,UAS-01,346.8,18.92,22.03,3.11,18.35,20.9,0.990,1,1,31.0,0.26,28.56,30.1,0
1779285604700,141,UAS-02,478.2,18.75,22.17,3.41,18.72,22.6,0.990,1,1,31.0,0.24,28.47,30.0,0
1779285604733,142,GND-VEH-01,534.6,18.90,22.05,3.15,17.95,21.4,0.990,1,1,32.0,0.25,28.67,30.0,0
1779285604767,143,PERSON-01,454.1,18.98,22.31,3.33,18.98,21.5,0.988,1,1,31.0,0.63,28.42,30.2,0
1779285604800,144,UAS-01,808.8,18.81,21.59,2.78,17.75,21.9,0.990,1,1,31.7,0.38,28.35,30.0,0
1779285604833,145,UAS-02,432.4,19.19,22.63,3.44,17.92,22.3,0.990,1,1,31.0,0.19,28.47,30.1,0
1779285604867,146,GND-VEH-01,559.3,18.82,21.93,3.11,18.79,21.4,0.990,1,1,31.6,0.23,28.63,30.0,0
1779285604900,147,PERSON-01,318.1,18.74,22.08,3.34,18.46,21.5,0.990,1,1,31.0,0.31,28.51,29.9,0
1779285604933,148,UAS-01,507.7,19.13,21.97,2.85,17.28,20.9,0.990,1,1,31.2,0.53,28.72,30.0,0
1779285604967,149,UAS-02,681.7,19.05,22.09,3.03,18.00,22.2,0.990,1,1,31.0,0.42,28.78,30.1,0
1779285605000,150,GND-VEH-01,696.6,19.08,22.48,3.40,19.05,21.0,0.990,1,1,34.4,0.15,28.42,30.1,0
1779285605033,151,PERSON-01,305.4,19.03,22.32,3.30,18.84,21.2,0.990,1,1,31.7,0.33,28.28,30.1,0
1779285605067,152,UAS-01,674.5,19.03,22.03,3.00,17.88,23.6,0.963,1,1,31.0,0.08,28.68,30.0,0
1779285605100,153,UAS-02,730.7,19.02,22.07,3.05,17.82,21.2,0.990,1,1,31.0,0.56,28.73,30.2,0
1779285605133,154,GND-VEH-01,762.0,19.07,22.05,2.99,17.88,22.4,0.990,1,1,31.7,0.23,28.62,30.1,0
1779285605167,155,PERSON-01,454.2,18.81,21.84,3.03,18.02,21.5,0.990,1,1,31.0,0.08,28.50,29.9,0
1779285605200,156,UAS-01,871.0,18.99,22.14,3.14,17.57,20.8,0.990,1,1,31.5,0.12,28.11,30.0,0
1779285605233,157,UAS-02,681.5,19.19,22.31,3.13,18.42,22.3,0.990,1,1,31.0,0.07,28.47,30.1,0
1779285605267,158,GND-VEH-01,477.6,19.01,22.29,3.27,18.12,22.0,0.990,1,1,31.0,0.22,28.04,29.9,0
1779285605300,159,PERSON-01,502.0,18.80,21.89,3.09,18.49,19.9,0.967,1,1,31.0,0.22,28.46,30.0,0
1779285605333,160,UAS-01,672.8,19.11,22.08,2.97,18.03,21.3,0.990,1,1,32.8,0.10,28.76,29.9,0
1779285605367,161,UAS-02,638.4,18.93,22.03,3.10,17.75,21.4,0.990,1,1,31.0,0.09,28.52,30.0,0
1779285605400,162,GND-VEH-01,430.4,18.98,22.05,3.08,18.24,20.5,0.990,1,1,31.0,0.22,28.96,29.9,0
1779285605433,163,PERSON-01,553.1,18.78,22.00,3.22,18.40,21.3,0.979,1,1,32.5,0.22,28.83,30.1,0
1779285605467,164,UAS-01,447.8,18.94,22.45,3.51,18.80,22.3,0.990,1,1,31.0,0.04,28.60,30.2,0
1779285605500,165,UAS-02,637.7,19.06,22.11,3.05,17.96,20.6,0.990,1,1,31.0,0.38,28.62,29.8,0
1779285605533,166,GND-VEH-01,372.6,18.63,21.56,2.94,17.40,21.6,0.990,1,1,33.3,0.05,28.50,30.1,0
1779285605567,167,PERSON-01,733.3,19.15,22.26,3.11,17.70,23.7,0.984,1,1,31.0,0.11,28.95,29.9,0
1779285605600,168,UAS-01,346.4,19.01,22.22,3.21,18.39,23.2,0.990,1,1,31.5,0.29,28.34,30.2,0
1779285605633,169,UAS-02,734.5,19.00,21.86,2.86,17.66,20.8,0.984,1,1,31.4,0.25,28.46,30.1,0
1779285605667,170,GND-VEH-01,482.5,18.92,21.97,3.05,17.52,23.6,0.990,1,1,33.9,0.26,28.70,30.1,0
1779285605700,171,PERSON-01,579.7,19.01,22.45,3.44,18.52,22.4,0.989,1,1,31.3,0.07,28.43,30.1,0
1779285605733,172,UAS-01,301.0,19.08,22.32,3.23,18.56,21.2,0.984,1,1,31.0,0.05,28.86,29.9,0
1779285605767,173,UAS-02,604.6,18.83,21.97,3.14,18.19,23.2,0.990,1,1,32.7,0.11,28.67,29.9,0
1779285605800,174,GND-VEH-01,459.2,18.67,21.64,2.97,17.83,22.3,0.990,1,1,31.0,0.11,28.70,30.1,0
1779285605833,175,PERSON-01,387.7,18.90,22.16,3.26,17.93,24.1,0.990,1,1,31.0,0.09,28.48,30.1,0
1779285605867,176,UAS-01,484.4,18.90,22.04,3.14,18.43,21.6,0.990,1,1,31.0,0.11,28.84,30.0,0
1779285605900,177,UAS-02,429.3,19.23,22.25,3.03,17.97,22.9,0.976,1,1,31.0,0.03,28.62,30.1,0
1779285605933,178,GND-VEH-01,639.8,19.29,22.47,3.18,18.03,23.1,0.985,1,1,32.8,0.03,29.15,30.0,0
1779285605967,179,PERSON-01,464.6,18.98,22.04,3.07,18.08,22.3,0.972,1,1,31.0,0.04,28.72,29.8,0
1779285606000,180,UAS-01,444.8,18.92,22.27,3.35,18.50,22.1,0.990,1,1,31.0,0.02,28.66,29.9,0
1779285606033,181,UAS-02,351.2,18.71,22.27,3.55,18.56,21.9,0.990,1,1,33.1,0.25,28.62,30.0,0
1779285606067,182,GND-VEH-01,497.9,19.03,22.58,3.55,18.44,21.3,0.985,1,1,35.3,0.18,28.96,29.9,0
1779285606100,183,PERSON-01,718.5,18.97,22.11,3.14,18.01,23.3,0.990,1,1,31.0,0.18,28.46,30.0,0
1779285606133,184,UAS-01,779.1,18.96,22.03,3.07,17.62,21.9,0.990,1,1,32.6,0.20,28.64,30.0,0
1779285606167,185,UAS-02,564.1,18.75,21.92,3.17,18.43,20.8,0.990,1,1,31.0,0.34,28.35,29.9,0
1779285606200,186,GND-VEH-01,655.9,18.85,22.05,3.20,17.65,22.9,0.990,1,1,32.9,0.08,28.83,29.9,0
1779285606233,187,PERSON-01,456.0,19.06,22.27,3.20,18.46,20.7,0.990,1,1,31.0,0.01,28.82,30.1,0
1779285606267,188,UAS-01,628.7,19.00,22.26,3.26,18.43,22.0,0.990,1,1,33.1,0.08,28.52,30.0,0
1779285606300,189,UAS-02,464.8,19.17,22.67,3.50,19.39,21.3,0.990,1,1,31.0,0.45,28.90,30.0,0
1779285606333,190,GND-VEH-01,714.0,18.82,21.92,3.10,17.98,22.9,0.990,1,1,33.2,0.23,28.80,30.0,0
1779285606367,191,PERSON-01,514.5,18.98,22.32,3.34,18.45,22.5,0.986,1,1,31.6,0.23,28.93,30.1,0
1779285606400,192,UAS-01,841.9,18.99,22.14,3.16,18.39,21.2,0.990,1,1,31.0,0.62,28.81,29.9,0
1779285606433,193,UAS-02,692.9,18.81,21.54,2.73,18.07,21.4,0.990,1,1,31.0,0.23,28.82,29.9,0
1779285606467,194,GND-VEH-01,394.8,18.90,21.89,2.99,18.09,22.1,0.990,1,1,31.2,0.28,28.51,29.9,0
1779285606500,195,PERSON-01,373.4,18.94,21.99,3.05,18.64,20.5,0.990,1,1,31.9,0.04,28.61,30.0,0
1779285606533,196,UAS-01,481.1,18.81,21.88,3.07,18.05,22.6,0.990,1,1,32.4,0.24,28.75,30.0,0
1779285606567,197,UAS-02,437.0,19.24,22.29,3.06,17.58,22.0,0.990,1,1,31.0,0.28,29.35,30.0,0
1779285606600,198,GND-VEH-01,303.2,18.85,22.12,3.27,18.21,21.8,0.990,1,1,31.4,0.04,28.86,30.1,0
1779285606633,199,PERSON-01,648.5,19.25,22.27,3.02,17.60,21.5,0.990,1,1,31.0,0.27,29.09,29.8,0
1779285606667,200,UAS-01,621.1,18.94,22.13,3.19,18.77,20.4,0.979,1,1,32.3,0.57,28.90,30.0,0
1779285606700,201,UAS-02,375.6,19.30,22.63,3.33,18.18,22.7,0.990,1,1,31.0,0.27,28.31,30.1,0
1779285606733,202,GND-VEH-01,509.3,19.24,22.18,2.94,18.19,21.9,0.984,1,1,34.3,0.29,28.70,30.0,0
1779285606767,203,PERSON-01,403.4,19.17,22.37,3.20,18.03,21.0,0.983,1,1,31.0,0.14,28.93,29.9,0
1779285606800,204,UAS-01,363.1,18.82,22.30,3.49,18.90,21.4,0.990,1,1,31.0,0.13,28.31,30.0,0
1779285606833,205,UAS-02,642.5,19.26,22.13,2.86,17.73,21.7,0.990,1,1,31.0,0.11,28.62,30.0,0
1779285606867,206,GND-VEH-01,598.9,19.21,22.17,2.96,17.89,21.7,0.990,1,1,31.0,0.31,28.58,30.1,0
1779285606900,207,PERSON-01,791.3,19.09,22.20,3.11,18.88,21.4,0.979,1,1,31.0,0.11,29.00,30.0,0
1779285606933,208,UAS-01,816.5,18.99,21.79,2.79,18.29,22.4,0.990,1,1,31.0,0.45,29.10,29.8,0
1779285606967,209,UAS-02,362.4,18.75,21.99,3.24,18.68,20.7,0.978,1,1,32.3,0.20,29.17,30.0,0
1779285607000,210,GND-VEH-01,334.5,18.98,22.61,3.63,19.46,21.9,0.990,1,1,31.3,0.39,28.79,29.9,0
1779285607033,211,PERSON-01,605.8,19.07,22.09,3.02,17.66,22.1,0.990,1,1,32.6,0.14,28.43,30.0,0
1779285607067,212,UAS-01,324.4,18.94,22.12,3.18,17.68,21.8,0.990,1,1,32.5,0.19,28.83,30.1,0
1779285607100,213,UAS-02,437.8,18.78,22.24,3.46,18.96,21.3,0.990,1,1,33.4,0.47,28.95,30.0,0
1779285607133,214,GND-VEH-01,368.5,18.92,22.09,3.17,18.50,20.3,0.990,1,1,33.1,0.19,28.90,30.0,0
1779285607167,215,PERSON-01,361.1,19.00,21.93,2.93,18.33,21.7,0.990,1,1,31.0,0.27,29.21,29.9,0
1779285607200,216,UAS-01,392.0,19.14,22.47,3.33,18.67,22.5,0.982,1,1,31.0,0.25,28.74,30.0,0
1779285607233,217,UAS-02,551.0,18.93,21.98,3.05,18.46,22.0,0.990,1,1,31.0,0.23,29.20,30.0,0
1779285607267,218,GND-VEH-01,406.7,19.14,22.23,3.09,18.12,22.7,0.990,1,1,32.0,0.26,28.94,30.2,0
1779285607300,219,PERSON-01,726.4,19.03,22.10,3.06,17.46,23.9,0.974,1,1,31.0,0.04,28.73,30.1,0
1779285607333,220,UAS-01,331.1,19.03,22.25,3.22,18.56,21.7,0.990,1,1,31.0,0.27,28.73,29.9,0
1779285607367,221,UAS-02,500.3,19.22,22.54,3.32,18.64,22.8,0.990,1,1,31.0,0.04,28.91,30.2,0
1779285607400,222,GND-VEH-01,597.6,19.11,22.08,2.96,17.89,21.8,0.990,1,1,31.6,0.22,28.69,30.0,0
1779285607433,223,PERSON-01,636.7,18.81,21.89,3.08,17.92,23.4,0.990,1,1,31.0,0.51,28.64,30.0,0
1779285607467,224,UAS-01,533.6,19.17,22.61,3.44,18.59,22.4,0.990,1,1,31.0,0.34,28.98,29.9,0
1779285607500,225,UAS-02,345.7,19.20,22.34,3.14,17.79,22.8,0.988,1,1,31.0,0.14,28.62,30.1,0
1779285607533,226,GND-VEH-01,666.0,18.88,21.89,3.01,17.16,23.7,0.990,1,1,31.0,0.08,28.76,30.0,0
1779285607567,227,PERSON-01,323.3,18.90,22.42,3.52,18.56,21.6,0.990,1,1,33.6,0.19,28.85,29.9,0
1779285607600,228,UAS-01,383.4,19.06,22.35,3.29,18.41,22.8,0.985,1,1,34.7,0.14,29.00,29.8,0
1779285607633,229,UAS-02,420.2,18.85,21.97,3.12,18.05,22.8,0.990,1,1,31.0,0.04,29.07,29.9,0
1779285607667,230,GND-VEH-01,583.1,19.08,21.89,2.82,17.38,22.7,0.990,1,1,31.6,0.22,29.16,30.0,0
1779285607700,231,PERSON-01,703.2,18.80,21.73,2.93,17.69,22.2,0.990,1,1,31.0,0.16,28.66,30.1,0
1779285607733,232,UAS-01,364.5,18.96,22.32,3.36,18.37,22.5,0.990,1,1,31.6,0.30,28.89,30.0,0
1779285607767,233,UAS-02,302.1,19.10,22.53,3.43,19.22,21.1,0.990,1,1,31.2,0.50,29.21,30.2,0
1779285607800,234,GND-VEH-01,376.3,18.76,21.90,3.14,17.63,22.2,0.978,1,1,31.0,0.14,28.78,30.0,0
1779285607833,235,PERSON-01,624.5,19.04,21.86,2.82,18.42,21.4,0.990,1,1,31.0,0.43,28.59,30.0,0
1779285607867,236,UAS-01,666.2,19.11,22.31,3.20,18.34,21.9,0.990,1,1,31.0,0.28,28.80,29.9,0
1779285607900,237,UAS-02,823.3,18.93,21.94,3.01,18.23,22.2,0.983,1,1,31.0,0.02,28.98,30.0,0
1779285607933,238,GND-VEH-01,304.4,19.19,22.29,3.10,17.95,22.0,0.990,1,1,32.4,0.45,28.72,30.1,0
1779285607967,239,PERSON-01,596.3,19.07,22.22,3.14,17.99,23.7,0.990,1,1,31.9,0.28,29.05,30.0,0
1779285608000,240,UAS-01,394.4,19.00,22.31,3.30,18.26,22.7,0.982,1,1,32.5,0.01,29.06,30.1,0
1779285608033,241,UAS-02,380.8,18.85,22.18,3.33,19.42,22.5,0.971,1,1,31.0,0.19,28.96,30.1,0
1779285608067,242,GND-VEH-01,442.2,18.82,21.82,2.99,17.79,20.9,0.990,1,1,34.0,0.22,29.34,29.9,0
1779285608100,243,PERSON-01,425.2,19.06,22.26,3.20,18.15,21.7,0.990,1,1,31.0,0.02,28.97,30.1,0
1779285608133,244,UAS-01,505.6,19.07,22.21,3.14,18.20,21.9,0.990,1,1,34.4,0.06,28.92,30.0,0
1779285608167,245,UAS-02,399.2,19.15,22.30,3.14,18.17,22.6,0.978,1,1,31.0,0.16,29.29,30.0,0
1779285608200,246,GND-VEH-01,637.9,19.20,22.02,2.82,18.08,20.4,0.990,1,1,32.6,0.44,28.92,30.1,0
1779285608233,247,PERSON-01,537.0,19.03,22.23,3.20,18.28,21.6,0.990,1,1,31.0,0.14,28.91,29.9,0
1779285608267,248,UAS-01,538.8,19.14,22.01,2.86,17.73,21.0,0.982,1,1,31.0,0.06,28.61,29.9,0
1779285608300,249,UAS-02,587.5,19.17,22.41,3.24,18.30,22.3,0.990,1,1,31.0,0.07,28.74,30.1,0
1779285608333,250,GND-VEH-01,575.7,19.01,22.14,3.12,18.29,22.1,0.977,1,1,33.3,0.07,29.21,30.0,0
1779285608367,251,PERSON-01,442.2,19.03,22.36,3.33,18.24,22.3,0.990,1,1,31.0,0.21,29.13,29.9,0
1779285608400,252,UAS-01,328.8,18.87,21.91,3.04,17.34,22.8,0.990,1,1,33.1,0.10,28.79,30.1,0
1779285608433,253,UAS-02,324.5,19.14,22.37,3.23,17.81,23.6,0.990,1,1,31.1,0.38,29.24,30.0,0
1779285608467,254,GND-VEH-01,695.6,19.35,22.57,3.22,17.67,21.6,0.990,1,1,33.6,0.32,29.08,30.2,0
1779285608500,255,PERSON-01,456.1,19.12,22.18,3.06,17.33,22.7,0.990,1,1,31.1,0.41,28.87,30.1,0
1779285608533,256,UAS-01,620.3,19.10,22.31,3.21,18.54,20.9,0.990,1,1,31.7,0.15,29.44,30.0,0
1779285608567,257,UAS-02,520.6,18.78,21.70,2.93,17.66,21.8,0.990,1,1,33.9,0.49,28.47,30.1,0
1779285608600,258,GND-VEH-01,434.7,18.94,22.35,3.41,18.27,23.1,0.990,1,1,31.0,0.15,28.97,30.0,0
1779285608633,259,PERSON-01,866.0,18.99,22.06,3.07,17.76,22.8,0.983,1,1,32.5,0.02,29.23,30.2,0
1779285608667,260,UAS-01,428.0,19.06,22.31,3.25,18.16,20.7,0.990,1,1,31.0,0.28,28.84,30.1,0
1779285608700,261,UAS-02,439.3,18.87,21.86,2.99,18.23,21.6,0.990,1,1,31.0,0.40,29.14,30.1,0
1779285608733,262,GND-VEH-01,572.4,19.04,22.24,3.19,18.01,22.5,0.990,1,1,31.0,0.17,28.74,30.2,0
1779285608767,263,PERSON-01,488.2,19.14,22.29,3.15,18.69,21.2,0.977,1,1,31.0,0.29,29.02,30.0,0
1779285608800,264,UAS-01,471.4,19.11,22.26,3.16,17.97,20.1,0.977,1,1,31.0,0.12,28.77,30.0,0
1779285608833,265,UAS-02,501.3,19.05,22.66,3.61,18.85,21.9,0.988,1,1,31.0,0.22,29.09,30.0,0
1779285608867,266,GND-VEH-01,884.4,18.94,21.85,2.90,17.83,23.2,0.990,1,1,31.0,0.02,29.02,29.9,0
1779285608900,267,PERSON-01,541.6,18.86,21.92,3.06,17.39,21.3,0.984,1,1,31.0,0.23,29.12,30.0,0
1779285608933,268,UAS-01,599.6,19.32,22.48,3.16,17.74,22.7,0.974,1,1,31.0,0.13,28.94,30.1,0
1779285608967,269,UAS-02,331.2,19.20,22.55,3.35,18.66,21.1,0.990,1,1,31.0,0.63,28.96,30.0,0
1779285609000,270,GND-VEH-01,531.6,18.99,22.32,3.33,19.01,22.4,0.990,1,1,32.9,0.05,28.87,30.1,0
1779285609033,271,PERSON-01,319.4,18.93,22.45,3.52,18.86,22.3,0.990,1,1,31.8,0.08,28.77,30.1,0
1779285609067,272,UAS-01,920.1,18.76,21.46,2.70,18.14,22.4,0.961,1,1,31.0,0.36,29.54,30.1,0
1779285609100,273,UAS-02,506.1,19.05,22.15,3.10,18.53,22.4,0.982,1,1,34.1,0.13,28.70,30.1,0
1779285609133,274,GND-VEH-01,353.4,19.11,22.29,3.18,18.27,22.5,0.990,1,1,31.0,0.26,29.14,30.2,0
1779285609167,275,PERSON-01,446.1,19.10,22.55,3.45,19.18,22.0,0.984,1,1,31.0,0.06,29.54,30.0,0
1779285609200,276,UAS-01,624.1,19.12,22.08,2.96,17.69,22.3,0.990,1,1,32.7,0.45,28.88,30.0,0
1779285609233,277,UAS-02,837.0,18.89,21.96,3.07,18.29,22.0,0.990,1,1,31.9,0.12,29.37,30.1,0
1779285609267,278,GND-VEH-01,520.4,18.99,21.94,2.94,17.93,22.4,0.990,1,1,31.0,0.23,29.25,29.7,0
1779285609300,279,PERSON-01,490.5,18.77,21.72,2.95,17.79,21.7,0.979,1,1,31.0,0.12,29.05,30.0,0
1779285609333,280,UAS-01,455.0,18.92,21.76,2.83,18.17,21.4,0.990,1,1,31.6,0.42,29.33,30.1,0
1779285609367,281,UAS-02,326.4,18.70,21.99,3.29,18.53,22.1,0.990,1,1,31.0,0.01,28.67,30.0,0
1779285609400,282,GND-VEH-01,723.7,18.94,21.81,2.87,17.02,23.7,0.990,1,1,31.0,0.03,28.72,30.1,0
1779285609433,283,PERSON-01,535.4,19.09,22.19,3.10,18.63,21.1,0.990,1,1,32.8,0.14,28.88,30.0,0
1779285609467,284,UAS-01,553.1,19.02,22.26,3.24,18.76,21.3,0.976,1,1,31.0,0.27,28.80,30.0,0
1779285609500,285,UAS-02,449.8,19.18,22.66,3.48,18.81,22.1,0.990,1,1,31.5,0.16,29.02,30.0,0
1779285609533,286,GND-VEH-01,317.8,18.90,22.18,3.29,18.89,21.2,0.990,1,1,31.8,0.37,29.23,30.1,0
1779285609567,287,PERSON-01,462.9,19.08,22.33,3.25,18.53,23.4,0.990,1,1,31.0,0.10,28.81,30.0,0
1779285609600,288,UAS-01,606.2,18.78,21.78,3.00,18.39,20.8,0.990,1,1,31.0,0.41,29.30,30.2,0
1779285609633,289,UAS-02,517.1,19.05,22.12,3.07,18.10,22.5,0.990,1,1,32.5,0.09,29.28,30.2,0
1779285609667,290,GND-VEH-01,403.5,19.02,22.01,2.99,18.76,22.1,0.990,1,1,32.5,0.07,29.17,30.0,0
1779285609700,291,PERSON-01,382.5,18.96,22.37,3.41,18.34,22.9,0.990,1,1,33.6,0.17,29.18,29.9,0
1779285609733,292,UAS-01,539.2,18.76,22.02,3.25,18.50,21.8,0.990,1,1,31.9,0.06,29.08,29.9,0
1779285609767,293,UAS-02,303.4,18.92,22.36,3.44,18.28,23.4,0.990,1,1,32.8,0.04,29.06,30.0,0
1779285609800,294,GND-VEH-01,580.8,19.09,22.07,2.98,17.53,21.0,0.990,1,1,31.0,0.23,29.05,29.9,0
1779285609833,295,PERSON-01,440.0,18.90,22.00,3.10,18.19,21.9,0.990,1,1,31.0,0.09,29.01,30.0,0
1779285609867,296,UAS-01,383.0,18.66,21.51,2.85,17.96,21.8,0.979,1,1,31.0,0.05,29.18,29.9,0
1779285609900,297,UAS-02,309.4,19.00,22.44,3.43,18.66,20.7,0.986,1,1,31.0,0.23,29.28,30.1,0
1779285609933,298,GND-VEH-01,531.4,18.92,22.13,3.21,17.40,22.7,0.990,1,1,32.7,0.21,29.19,30.1,0
1779285609967,299,PERSON-01,353.4,18.85,22.44,3.59,19.16,21.4,0.980,1,1,31.0,0.32,29.17,30.0,0
1779285610000,300,UAS-01,830.3,18.85,22.22,3.38,18.59,22.1,0.990,1,1,31.8,0.23,29.33,30.0,0
1779285610033,301,UAS-02,336.9,19.06,22.27,3.21,17.83,23.0,0.984,1,1,31.0,0.65,29.34,29.9,0
1779285610067,302,GND-VEH-01,574.5,19.15,22.61,3.46,18.47,23.7,0.990,1,1,31.6,0.52,29.32,30.0,0
1779285610100,303,PERSON-01,452.0,19.24,22.80,3.56,18.55,23.0,0.976,1,1,32.3,0.13,29.33,30.1,0
1779285610133,304,UAS-01,587.5,18.87,22.05,3.18,18.12,20.9,0.982,1,1,32.2,0.23,29.17,30.2,0
1779285610167,305,UAS-02,408.9,19.22,22.70,3.48,19.13,23.0,0.990,1,1,31.3,0.14,28.96,30.1,0
1779285610200,306,GND-VEH-01,351.2,19.05,22.11,3.06,17.32,23.7,0.990,1,1,32.7,0.33,29.40,30.2,0
1779285610233,307,PERSON-01,466.7,18.83,22.06,3.23,18.07,21.9,0.987,1,1,31.0,0.16,29.13,30.0,0
1779285610267,308,UAS-01,362.2,18.85,21.70,2.85,18.06,21.5,0.990,1,1,31.0,0.35,29.71,30.0,0
1779285610300,309,UAS-02,391.9,19.15,22.24,3.09,18.25,23.4,0.990,1,1,31.4,0.07,28.75,30.1,0
1779285610333,310,GND-VEH-01,487.4,18.91,22.20,3.28,18.68,21.7,0.990,1,1,31.0,0.05,29.45,29.9,0
1779285610367,311,PERSON-01,428.9,18.90,21.74,2.84,18.22,22.4,0.990,1,1,31.3,0.08,29.02,30.0,0
1779285610400,312,UAS-01,606.1,19.20,22.24,3.05,17.42,23.1,0.990,1,1,33.0,0.29,28.79,29.9,0
1779285610433,313,UAS-02,462.7,19.20,22.27,3.07,18.75,21.4,0.962,1,1,31.0,0.14,29.20,29.9,0
1779285610467,314,GND-VEH-01,333.7,19.36,22.57,3.22,17.99,22.2,0.990,1,1,32.4,0.04,29.24,29.8,0
1779285610500,315,PERSON-01,614.5,19.06,21.94,2.88,17.52,21.8,0.990,1,1,31.0,0.38,29.33,29.9,0
1779285610533,316,UAS-01,387.0,19.10,22.30,3.19,17.97,21.8,0.990,1,1,32.4,0.40,29.16,30.1,0
1779285610567,317,UAS-02,489.0,19.11,22.29,3.18,17.96,24.3,0.990,1,1,31.0,0.26,29.34,29.9,0
1779285610600,318,GND-VEH-01,569.1,18.88,22.23,3.35,18.51,22.6,0.990,1,1,31.4,0.24,29.33,30.0,0
1779285610633,319,PERSON-01,498.9,19.01,22.07,3.06,18.57,22.6,0.982,1,1,31.0,0.23,29.22,30.1,0
1779285610667,320,UAS-01,435.9,18.75,21.97,3.22,18.27,21.1,0.990,1,1,31.0,0.37,28.99,29.9,0
1779285610700,321,UAS-02,711.1,19.26,22.32,3.07,18.15,20.9,0.990,1,1,31.0,0.05,29.11,30.1,0
1779285610733,322,GND-VEH-01,640.2,19.00,21.63,2.63,17.16,20.9,0.976,1,1,32.3,0.42,29.38,30.0,0
1779285610767,323,PERSON-01,369.2,19.20,22.77,3.57,18.91,23.5,0.990,1,1,31.0,0.30,29.25,30.0,0
1779285610800,324,UAS-01,712.1,18.77,21.58,2.81,17.86,22.5,0.990,1,1,31.0,0.51,29.21,30.0,0
1779285610833,325,UAS-02,638.0,19.07,22.17,3.10,18.43,20.0,0.990,1,1,31.3,0.15,29.35,30.0,0
1779285610867,326,GND-VEH-01,396.9,18.79,21.94,3.14,18.51,21.8,0.990,1,1,31.0,0.16,29.03,29.9,0
1779285610900,327,PERSON-01,443.6,18.87,22.26,3.40,18.68,22.7,0.990,1,1,31.7,0.19,28.95,30.1,0
1779285610933,328,UAS-01,412.3,19.11,22.35,3.24,18.10,22.3,0.990,1,1,31.0,0.04,29.25,30.1,0
1779285610967,329,UAS-02,623.3,18.99,21.88,2.89,17.53,22.5,0.990,1,1,31.0,0.05,29.14,30.0,0
1779285611000,330,GND-VEH-01,326.6,19.05,22.39,3.34,18.65,23.5,0.990,1,1,32.5,0.24,28.83,30.0,0
1779285611033,331,PERSON-01,564.4,19.07,22.33,3.25,18.44,21.2,0.990,1,1,35.6,0.12,29.36,29.9,0
1779285611067,332,UAS-01,648.4,19.16,22.68,3.52,18.37,22.1,0.990,1,1,32.7,0.26,29.00,30.0,0
1779285611100,333,UAS-02,419.8,18.96,22.03,3.07,18.85,22.8,0.990,1,1,31.1,0.30,29.71,30.0,0
1779285611133,334,GND-VEH-01,525.6,19.10,22.10,3.00,17.62,21.2,0.975,1,1,31.0,0.27,29.37,30.0,0
1779285611167,335,PERSON-01,689.1,19.15,22.05,2.90,17.24,21.0,0.990,1,1,31.0,0.42,29.12,30.1,0
1779285611200,336,UAS-01,332.7,19.11,22.63,3.51,18.77,22.1,0.986,1,1,31.9,0.26,29.55,29.9,0
1779285611233,337,UAS-02,370.4,18.84,22.25,3.41,18.02,21.3,0.990,1,1,31.0,0.04,29.53,30.0,0
1779285611267,338,GND-VEH-01,307.3,18.93,22.51,3.58,18.46,23.8,0.990,1,1,32.0,0.00,29.26,30.1,0
1779285611300,339,PERSON-01,550.1,19.15,22.40,3.25,18.79,21.3,0.990,1,1,31.0,0.06,29.19,30.0,0
1779285611333,340,UAS-01,327.5,18.96,22.32,3.36,18.39,22.7,0.990,1,1,31.0,0.07,29.00,30.0,0
1779285611367,341,UAS-02,547.7,18.93,21.97,3.04,18.71,21.9,0.990,1,1,31.0,0.29,29.60,29.9,0
1779285611400,342,GND-VEH-01,509.9,18.96,22.41,3.45,18.75,22.4,0.990,1,1,31.0,0.45,29.05,30.1,0
1779285611433,343,PERSON-01,459.4,19.22,22.41,3.19,18.33,23.9,0.990,1,1,34.8,0.13,29.26,30.0,0
1779285611467,344,UAS-01,520.8,18.97,22.19,3.21,18.75,21.5,0.990,1,1,33.3,0.47,29.39,30.0,0
1779285611500,345,UAS-02,363.3,18.76,22.22,3.45,18.92,21.6,0.990,1,1,31.5,0.33,29.56,29.9,0
1779285611533,346,GND-VEH-01,659.3,19.07,22.12,3.05,17.86,22.2,0.980,1,1,31.0,0.16,29.26,30.1,0
1779285611567,347,PERSON-01,599.9,18.91,22.00,3.09,18.62,23.3,0.990,1,1,33.7,0.16,29.51,29.9,0
1779285611600,348,UAS-01,438.1,19.00,22.37,3.37,18.32,22.6,0.990,1,1,34.9,0.09,29.26,30.0,0
1779285611633,349,UAS-02,638.3,18.93,22.30,3.37,18.87,19.7,0.990,1,1,34.6,0.23,29.31,30.0,0
1779285611667,350,GND-VEH-01,334.9,19.17,22.20,3.03,18.15,22.5,0.990,1,1,31.0,0.38,29.58,30.1,0
1779285611700,351,PERSON-01,452.5,18.87,22.02,3.14,17.80,21.7,0.984,1,1,31.9,0.05,29.27,30.0,0
1779285611733,352,UAS-01,646.8,18.91,21.95,3.04,18.37,22.4,0.990,1,1,31.0,0.06,29.47,30.0,0
1779285611767,353,UAS-02,313.8,18.94,22.22,3.27,17.70,23.9,0.981,1,1,31.7,0.14,29.91,30.0,0
1779285611800,354,GND-VEH-01,526.0,19.22,22.06,2.84,18.20,22.3,0.990,1,1,31.0,0.11,29.17,29.9,0
1779285611833,355,PERSON-01,590.1,18.80,22.00,3.20,17.85,22.7,0.990,1,1,31.0,0.27,29.42,30.0,0
1779285611867,356,UAS-01,354.0,19.13,22.45,3.31,18.19,22.0,0.986,1,1,31.0,0.16,29.54,29.9,0
1779285611900,357,UAS-02,337.2,18.98,22.12,3.15,18.41,22.4,0.990,1,1,31.0,0.07,29.24,30.1,0
1779285611933,358,GND-VEH-01,590.5,18.98,21.79,2.82,17.58,21.7,0.990,1,1,31.0,0.03,29.76,30.0,0
1779285611967,359,PERSON-01,667.9,18.95,22.34,3.40,18.38,20.8,0.981,1,1,31.0,0.43,29.31,29.9,0
1779285612000,360,UAS-01,627.4,18.98,22.13,3.15,18.12,22.2,0.990,1,1,33.6,0.18,29.56,30.0,0
1779285612033,361,UAS-02,715.3,19.06,22.13,3.08,17.67,23.0,0.990,1,1,31.1,0.13,29.89,30.0,0
1779285612067,362,GND-VEH-01,364.4,18.90,22.08,3.18,18.56,22.1,0.990,1,1,31.5,0.47,29.33,30.1,0
1779285612100,363,PERSON-01,379.5,19.15,22.31,3.16,18.46,21.4,0.975,1,1,33.1,0.10,29.39,30.0,0
1779285612133,364,UAS-01,347.5,19.08,22.25,3.17,18.12,20.5,0.990,1,1,32.4,0.16,29.26,30.0,0
1779285612167,365,UAS-02,677.2,18.96,21.71,2.75,17.53,22.4,0.990,1,1,32.0,0.22,29.91,30.0,0
1779285612200,366,GND-VEH-01,373.6,19.08,22.37,3.29,18.18,21.5,0.990,1,1,31.6,0.17,29.72,29.9,0
1779285612233,367,PERSON-01,643.2,19.18,22.34,3.16,18.16,21.4,0.990,1,1,31.0,0.13,29.83,30.0,0
1779285612267,368,UAS-01,641.1,18.97,22.21,3.24,18.86,21.7,0.990,1,1,31.0,0.18,29.50,30.0,0
1779285612300,369,UAS-02,672.2,18.93,21.87,2.93,18.04,22.5,0.990,1,1,33.9,0.15,29.63,30.0,0
1779285612333,370,GND-VEH-01,326.3,19.07,22.08,3.01,17.82,22.6,0.990,1,1,31.0,0.20,29.21,30.0,0
1779285612367,371,PERSON-01,308.4,19.10,22.15,3.05,17.81,22.6,0.989,1,1,32.2,0.14,29.18,29.9,0
1779285612400,372,UAS-01,544.7,18.79,22.02,3.23,18.29,24.2,0.990,1,1,31.0,0.00,29.25,30.1,0
1779285612433,373,UAS-02,367.6,19.11,22.35,3.24,18.01,23.3,0.977,1,1,31.6,0.54,29.41,30.0,0
1779285612467,374,GND-VEH-01,366.7,19.06,22.18,3.12,18.30,21.8,0.969,1,1,31.3,0.35,29.57,30.0,0
1779285612500,375,PERSON-01,365.6,19.07,22.09,3.02,17.80,21.8,0.984,1,1,31.0,0.23,29.68,30.0,0
1779285612533,376,UAS-01,353.7,19.12,22.46,3.33,18.59,22.6,0.990,1,1,31.7,0.10,29.08,30.1,0
1779285612567,377,UAS-02,409.3,18.88,21.90,3.02,17.64,21.7,0.990,1,1,33.1,0.20,29.27,29.8,0
1779285612600,378,GND-VEH-01,553.5,18.93,22.12,3.19,18.01,23.0,0.990,1,1,31.0,0.06,29.10,30.0,0
1779285612633,379,PERSON-01,499.7,18.90,21.82,2.92,17.78,22.3,0.990,1,1,32.0,0.10,29.09,30.0,0
1779285612667,380,UAS-01,659.0,18.97,22.20,3.23,18.36,22.0,0.990,1,1,32.7,0.42,29.65,29.8,0
1779285612700,381,UAS-02,782.5,18.88,21.84,2.96,17.99,22.2,0.981,1,1,31.0,0.23,29.34,30.0,0
1779285612733,382,GND-VEH-01,514.8,18.97,22.10,3.13,18.30,23.1,0.990,1,1,31.0,0.43,29.63,30.1,0
1779285612767,383,PERSON-01,334.6,19.21,22.39,3.19,18.08,23.4,0.990,1,1,31.8,0.20,29.34,29.9,0
1779285612800,384,UAS-01,432.6,19.12,22.17,3.05,18.16,21.3,0.979,1,1,31.0,0.01,29.87,29.9,0
1779285612833,385,UAS-02,350.4,18.73,22.14,3.41,18.56,22.0,0.990,1,1,32.4,0.14,29.27,29.9,0
1779285612867,386,GND-VEH-01,537.1,19.23,22.47,3.24,18.32,23.1,0.990,1,1,31.0,0.19,29.08,29.9,0
1779285612900,387,PERSON-01,456.5,19.18,21.83,2.66,17.18,21.2,0.990,1,1,32.4,0.03,30.07,30.1,0
1779285612933,388,UAS-01,315.2,19.01,22.46,3.45,18.94,22.1,0.990,1,1,31.0,0.06,29.70,30.1,0
1779285612967,389,UAS-02,458.5,19.15,22.04,2.90,18.27,21.8,0.989,1,1,31.2,0.10,29.71,30.0,0
1779285613000,390,GND-VEH-01,337.0,19.12,22.55,3.43,18.29,22.8,0.990,1,1,31.0,0.39,29.85,30.0,0
1779285613033,391,PERSON-01,446.3,19.00,21.84,2.83,17.61,21.8,0.987,1,1,31.0,0.09,29.72,30.1,0
1779285613067,392,UAS-01,457.6,18.90,22.01,3.11,18.51,22.9,0.990,1,1,31.3,0.03,29.14,30.0,0
1779285613100,393,UAS-02,645.8,18.98,22.18,3.20,18.17,22.8,0.990,1,1,32.5,0.30,29.74,30.1,0
1779285613133,394,GND-VEH-01,307.4,18.81,22.22,3.41,18.20,22.4,0.990,1,1,31.0,0.12,29.50,30.0,0
1779285613167,395,PERSON-01,846.6,18.90,21.66,2.75,16.52,23.0,0.990,1,1,31.5,0.03,29.64,30.0,0
1779285613200,396,UAS-01,425.8,19.01,22.34,3.33,17.94,22.1,0.988,1,1,32.5,0.04,29.37,29.9,0
1779285613233,397,UAS-02,552.9,18.81,21.95,3.15,17.86,21.9,0.989,1,1,32.8,0.14,29.33,30.1,0
1779285613267,398,GND-VEH-01,647.4,19.06,21.97,2.90,17.73,21.8,0.990,1,1,31.7,0.56,29.47,30.1,0
1779285613300,399,PERSON-01,564.5,19.09,21.81,2.72,17.47,22.8,0.990,1,1,31.0,0.13,29.81,30.0,0
1779285613333,400,UAS-01,378.3,19.01,22.39,3.38,18.21,21.6,0.990,1,1,31.0,0.20,29.62,29.9,0
1779285613367,401,UAS-02,331.6,18.90,22.03,3.13,17.85,23.1,0.990,1,1,31.0,0.07,29.31,30.1,0
1779285613400,402,GND-VEH-01,342.4,19.10,22.09,3.00,18.41,20.4,0.990,1,1,31.0,0.12,29.57,30.0,0
1779285613433,403,PERSON-01,805.2,19.06,21.99,2.92,18.05,21.9,0.978,1,1,33.5,0.07,30.06,29.9,0
1779285613467,404,UAS-01,940.2,18.95,22.00,3.06,18.33,21.7,0.971,1,1,31.0,0.26,29.69,30.0,0
1779285613500,405,UAS-02,574.6,19.15,22.38,3.22,18.42,23.1,0.978,1,1,31.0,0.19,29.54,30.2,0
1779285613533,406,GND-VEH-01,308.5,18.74,22.22,3.48,18.73,22.1,0.990,1,1,31.0,0.46,29.64,30.1,0
1779285613567,407,PERSON-01,660.8,19.03,22.08,3.05,18.48,22.4,0.990,1,1,31.0,0.09,29.52,30.0,0
1779285613600,408,UAS-01,468.1,19.01,22.11,3.09,17.69,23.0,0.990,1,1,31.0,0.61,29.22,29.9,0
1779285613633,409,UAS-02,458.5,18.89,22.09,3.19,17.68,22.2,0.990,1,1,31.0,0.18,29.16,30.0,0
1779285613667,410,GND-VEH-01,424.7,19.07,22.07,3.00,18.11,23.0,0.990,1,1,31.9,0.21,29.22,30.0,0
1779285613700,411,PERSON-01,542.0,19.11,22.13,3.03,18.20,22.1,0.990,1,1,31.0,0.25,29.83,29.8,0
1779285613733,412,UAS-01,312.9,18.98,22.26,3.28,18.98,22.0,0.990,1,1,31.3,0.48,29.53,30.1,0
1779285613767,413,UAS-02,676.2,19.01,21.74,2.72,18.25,22.5,0.990,1,1,34.2,0.24,29.79,30.0,0
1779285613800,414,GND-VEH-01,301.5,19.03,22.21,3.18,18.26,23.3,0.990,1,1,32.4,0.17,29.84,29.9,0
1779285613833,415,PERSON-01,425.4,19.03,22.04,3.01,17.88,23.7,0.990,1,1,31.0,0.02,29.60,29.8,0
1779285613867,416,UAS-01,491.0,18.76,21.78,3.02,17.89,22.4,0.990,1,1,31.0,0.07,29.98,30.0,0
1779285613900,417,UAS-02,399.2,19.06,22.53,3.47,19.32,21.4,0.990,1,1,31.0,0.21,29.53,30.0,0
1779285613933,418,GND-VEH-01,396.8,19.03,22.43,3.41,19.20,22.7,0.990,1,1,31.3,0.47,29.81,30.2,0
1779285613967,419,PERSON-01,304.6,19.23,22.75,3.52,19.36,23.5,0.990,1,1,31.4,0.16,29.54,29.9,0
1779285614000,420,UAS-01,556.8,19.01,22.24,3.23,18.48,23.9,0.990,1,1,31.0,0.14,29.79,29.9,0
1779285614033,421,UAS-02,398.8,19.10,22.22,3.12,17.99,21.1,0.990,1,1,32.7,0.15,29.49,30.0,0
1779285614067,422,GND-VEH-01,870.1,18.79,21.79,3.00,18.00,22.0,0.990,1,1,31.0,0.28,29.51,30.0,0
1779285614100,423,PERSON-01,426.5,19.00,22.13,3.13,18.17,21.7,0.990,1,1,32.1,0.26,29.34,29.9,0
1779285614133,424,UAS-01,428.1,19.04,22.61,3.56,18.85,22.5,0.976,1,1,31.0,0.07,29.78,30.1,0
1779285614167,425,UAS-02,319.0,18.75,22.21,3.46,18.67,22.4,0.986,1,1,32.8,0.11,29.80,30.0,0
1779285614200,426,GND-VEH-01,714.9,18.92,22.18,3.26,18.52,21.7,0.990,1,1,33.6,0.44,29.96,30.0,0
1779285614233,427,PERSON-01,547.0,19.02,22.26,3.23,18.43,22.4,0.985,1,1,31.1,0.09,29.79,29.9,0
1779285614267,428,UAS-01,390.1,19.11,22.25,3.15,18.10,21.4,0.990,1,1,31.0,0.49,29.52,29.9,0
1779285614300,429,UAS-02,570.3,19.06,22.15,3.08,18.01,24.1,0.979,1,1,31.0,0.19,29.84,29.9,0
1779285614333,430,GND-VEH-01,644.7,18.95,21.98,3.03,17.85,22.7,0.990,1,1,31.0,0.07,29.56,30.0,0
1779285614367,431,PERSON-01,1028.7,18.84,21.68,2.84,17.32,22.4,0.983,1,1,32.0,0.28,30.14,29.9,0
1779285614400,432,UAS-01,498.5,19.39,22.14,2.76,17.66,23.0,0.990,1,1,33.3,0.44,29.64,30.0,0
1779285614433,433,UAS-02,436.3,18.94,22.28,3.34,18.65,22.2,0.981,1,1,32.6,0.01,29.28,30.0,0
1779285614467,434,GND-VEH-01,464.3,18.76,21.87,3.11,18.27,21.2,0.984,1,1,33.8,0.38,29.40,30.1,0
1779285614500,435,PERSON-01,386.7,19.03,22.26,3.23,17.80,22.2,0.990,1,1,31.0,0.09,29.37,30.0,0
1779285614533,436,UAS-01,532.3,18.83,21.93,3.10,18.48,20.5,0.990,1,1,31.0,0.19,29.92,30.0,0
1779285614567,437,UAS-02,401.7,19.13,22.33,3.20,18.44,23.3,0.990,1,1,31.0,0.06,29.95,30.1,0
1779285614600,438,GND-VEH-01,550.0,19.00,22.23,3.23,18.26,22.3,0.990,1,1,31.9,0.42,29.37,30.1,0
1779285614633,439,PERSON-01,333.5,18.85,21.92,3.06,18.26,22.5,0.990,1,1,31.0,0.01,29.78,30.0,0
1779285614667,440,UAS-01,416.9,18.75,21.95,3.20,18.51,21.6,0.990,1,1,31.2,0.00,29.40,30.0,0
1779285614700,441,UAS-02,704.3,18.90,22.06,3.15,17.98,21.4,0.990,1,1,31.0,0.15,29.79,30.1,0
1779285614733,442,GND-VEH-01,428.0,19.09,22.49,3.40,18.56,22.4,0.979,1,1,31.0,0.21,29.94,30.0,0
1779285614767,443,PERSON-01,593.2,19.06,22.01,2.95,18.29,21.6,0.990,1,1,31.0,0.03,29.82,30.0,0
1779285614800,444,UAS-01,435.7,19.07,22.24,3.17,18.23,22.1,0.990,1,1,31.6,0.28,29.70,29.8,0
1779285614833,445,UAS-02,567.6,19.02,21.77,2.75,17.48,22.4,0.990,1,1,31.5,0.03,29.94,29.9,0
1779285614867,446,GND-VEH-01,315.8,19.17,22.36,3.19,17.69,23.3,0.990,1,1,31.0,0.13,29.48,29.9,0
1779285614900,447,PERSON-01,558.4,19.14,22.17,3.03,17.96,21.6,0.990,1,1,31.1,0.43,29.75,30.0,0
1779285614933,448,UAS-01,342.2,18.90,21.99,3.09,17.60,22.8,0.990,1,1,32.2,0.18,29.75,30.2,0
1779285614967,449,UAS-02,682.7,19.09,22.22,3.13,18.53,21.7,0.990,1,1,31.0,0.25,29.92,30.1,0
1779285615000,450,GND-VEH-01,480.2,19.21,22.28,3.07,17.87,23.2,0.978,1,1,35.1,0.15,29.67,30.0,0
1779285615033,451,PERSON-01,347.8,19.07,22.19,3.13,17.91,22.0,0.990,1,1,31.7,0.04,29.98,30.1,0
1779285615067,452,UAS-01,307.2,18.96,22.48,3.53,18.90,22.2,0.990,1,1,33.8,0.17,29.69,30.0,0
1779285615100,453,UAS-02,781.9,18.94,22.06,3.12,18.93,20.6,0.969,1,1,31.0,0.22,29.99,22.5,1
1779285615133,454,GND-VEH-01,376.8,19.07,22.10,3.03,18.41,22.8,0.990,1,1,33.2,0.27,29.85,29.9,0
1779285615167,455,PERSON-01,485.2,19.06,22.24,3.18,18.64,22.7,0.990,1,1,35.9,0.21,29.65,30.1,0
1779285615200,456,UAS-01,560.7,18.89,21.80,2.91,18.13,22.6,0.990,1,1,31.0,0.15,30.07,30.0,0
1779285615233,457,UAS-02,356.3,18.71,21.92,3.20,18.70,20.9,0.990,1,1,31.0,0.13,29.73,30.0,0
1779285615267,458,GND-VEH-01,545.7,19.25,22.22,2.97,18.06,20.4,0.969,1,1,31.0,0.36,29.90,29.9,0
1779285615300,459,PERSON-01,374.1,19.18,22.35,3.17,18.18,21.3,0.990,1,1,31.0,0.11,30.35,30.0,0
1779285615333,460,UAS-01,327.4,19.13,22.45,3.32,18.88,20.2,0.990,1,1,31.0,0.31,29.87,30.0,0
1779285615367,461,UAS-02,301.1,19.02,22.01,2.98,17.78,22.3,0.990,1,1,31.0,0.03,29.49,29.9,0
1779285615400,462,GND-VEH-01,444.5,18.94,21.89,2.95,17.86,21.8,0.982,1,1,31.0,0.08,29.62,30.0,0
1779285615433,463,PERSON-01,719.3,19.02,22.06,3.05,18.22,22.6,0.990,1,1,31.0,0.12,29.70,29.8,0
1779285615467,464,UAS-01,430.4,18.90,22.05,3.15,18.42,22.5,0.990,1,1,31.0,0.31,29.83,30.2,0
1779285615500,465,UAS-02,507.3,18.95,22.05,3.10,18.59,22.1,0.990,1,1,31.0,0.10,30.13,30.0,0
1779285615533,466,GND-VEH-01,314.2,18.83,22.31,3.49,18.55,21.6,0.990,1,1,32.1,0.09,29.87,29.9,0
1779285615567,467,PERSON-01,517.5,18.98,22.36,3.37,18.26,24.2,0.967,1,1,31.3,0.10,30.09,30.0,0
1779285615600,468,UAS-01,301.7,18.93,22.15,3.23,18.59,21.2,0.990,1,1,31.2,0.10,29.72,30.1,0
1779285615633,469,UAS-02,639.5,19.05,22.38,3.33,18.35,21.2,0.990,1,1,31.0,0.00,29.82,29.9,0
1779285615667,470,GND-VEH-01,320.7,18.77,22.15,3.38,18.82,22.2,0.990,1,1,31.6,0.27,30.02,30.0,0
1779285615700,471,PERSON-01,408.2,19.00,22.46,3.46,18.79,21.2,0.990,1,1,33.8,0.30,29.70,30.0,0
1779285615733,472,UAS-01,339.4,19.26,22.26,3.00,17.39,21.9,0.990,1,1,31.0,0.18,29.45,30.0,0
1779285615767,473,UAS-02,513.7,19.05,22.22,3.17,18.24,21.9,0.990,1,1,32.8,0.31,29.62,29.9,0
1779285615800,474,GND-VEH-01,680.8,19.26,22.12,2.86,17.96,20.2,0.990,1,1,31.0,0.15,30.32,30.2,0
1779285615833,475,PERSON-01,523.5,19.09,22.16,3.07,17.99,20.5,0.990,1,1,31.3,0.36,30.13,30.1,0
1779285615867,476,UAS-01,755.4,19.02,22.27,3.25,17.72,22.4,0.990,1,1,33.1,0.12,29.62,30.1,0
1779285615900,477,UAS-02,521.4,19.17,22.29,3.11,18.01,20.1,0.990,1,1,32.0,0.21,29.91,30.0,0
1779285615933,478,GND-VEH-01,547.8,19.18,22.62,3.44,18.63,21.5,0.979,1,1,31.0,0.20,29.79,30.0,0
1779285615967,479,PERSON-01,564.8,19.18,22.18,3.00,17.96,23.3,0.990,1,1,31.6,0.22,29.57,30.0,0
1779285616000,480,UAS-01,394.9,18.66,22.03,3.37,18.43,22.6,0.990,1,1,31.0,0.14,29.91,30.1,0
1779285616033,481,UAS-02,366.7,18.93,22.42,3.49,19.42,21.3,0.990,1,1,31.5,0.37,29.98,30.1,0
1779285616067,482,GND-VEH-01,839.7,19.20,22.19,2.98,17.60,20.6,0.990,1,1,34.2,0.14,30.12,30.1,0
1779285616100,483,PERSON-01,330.6,19.29,22.57,3.28,18.08,22.1,0.990,1,1,31.0,0.43,30.00,30.1,0
1779285616133,484,UAS-01,673.4,19.12,22.46,3.34,18.32,22.7,0.990,1,1,31.4,0.09,30.00,30.0,0
1779285616167,485,UAS-02,350.2,19.15,22.08,2.92,17.63,23.6,0.990,1,1,31.0,0.37,29.84,30.1,0
1779285616200,486,GND-VEH-01,360.9,18.86,22.24,3.37,18.87,23.2,0.990,1,1,33.5,0.07,29.90,29.9,0
1779285616233,487,PERSON-01,386.0,19.33,22.32,2.99,17.40,21.7,0.983,1,1,31.0,0.06,29.91,30.1,0
1779285616267,488,UAS-01,371.6,19.10,22.29,3.19,18.42,22.4,0.986,1,1,31.1,0.34,29.74,30.0,0
1779285616300,489,UAS-02,437.7,18.83,21.92,3.09,18.00,22.7,0.979,1,1,31.0,0.09,30.03,30.2,0
1779285616333,490,GND-VEH-01,640.1,18.83,22.02,3.19,18.58,22.0,0.988,1,1,31.0,0.08,30.23,30.0,0
1779285616367,491,PERSON-01,346.8,19.06,22.12,3.06,18.48,21.2,0.990,1,1,32.5,0.31,29.71,30.0,0
1779285616400,492,UAS-01,580.2,19.05,22.11,3.06,18.29,21.2,0.990,1,1,31.2,0.59,29.91,29.9,0
1779285616433,493,UAS-02,785.3,18.70,21.69,3.00,18.13,21.5,0.990,1,1,31.0,0.36,30.10,30.1,0
1779285616467,494,GND-VEH-01,906.8,19.10,21.99,2.89,18.35,21.6,0.990,1,1,31.0,0.18,29.76,29.8,0
1779285616500,495,PERSON-01,662.5,18.93,21.95,3.02,17.81,21.8,0.986,1,1,31.0,0.25,29.81,30.0,0
1779285616533,496,UAS-01,461.8,18.93,22.31,3.39,18.25,23.7,0.990,1,1,31.3,0.03,29.88,29.9,0
1779285616567,497,UAS-02,304.0,18.62,21.83,3.21,17.95,23.4,0.990,1,1,33.5,0.19,29.85,29.9,0
1779285616600,498,GND-VEH-01,537.1,19.14,22.55,3.42,18.97,21.6,0.966,1,1,31.0,0.34,30.34,30.0,0
1779285616633,499,PERSON-01,449.1,19.09,22.07,2.98,18.01,22.9,0.990,1,1,33.5,0.47,29.70,30.0,0
1779285616667,500,UAS-01,645.3,19.28,22.39,3.11,18.33,22.2,0.990,1,1,32.6,0.01,30.02,30.0,0
1779285616700,501,UAS-02,383.2,18.99,22.38,3.40,17.99,23.7,0.990,1,1,31.0,0.38,29.86,29.9,0
1779285616733,502,GND-VEH-01,367.3,19.08,22.46,3.38,17.96,22.7,0.990,1,1,31.0,0.20,29.85,30.0,0
1779285616767,503,PERSON-01,643.2,18.90,22.17,3.27,18.41,20.8,0.990,1,1,31.0,0.06,30.20,29.9,0
1779285616800,504,UAS-01,499.7,18.95,21.82,2.87,17.46,23.6,0.990,1,1,31.0,0.01,30.08,30.0,0
1779285616833,505,UAS-02,909.9,19.26,22.36,3.10,17.80,22.8,0.990,1,1,31.5,0.50,29.50,29.9,0
1779285616867,506,GND-VEH-01,388.9,19.24,22.59,3.35,18.57,23.6,0.990,1,1,31.0,0.06,30.08,30.1,0
1779285616900,507,PERSON-01,544.7,19.31,22.43,3.12,18.53,22.8,0.990,1,1,31.0,0.34,29.79,29.9,0
1779285616933,508,UAS-01,468.7,19.21,22.52,3.31,18.94,21.5,0.990,1,1,31.0,0.23,30.20,30.0,0
1779285616967,509,UAS-02,535.3,19.14,22.35,3.21,17.27,23.5,0.990,1,1,31.0,0.22,29.85,30.0,0
1779285617000,510,GND-VEH-01,586.2,19.36,22.44,3.08,17.90,21.6,0.990,1,1,32.1,0.25,29.96,30.0,0
1779285617033,511,PERSON-01,410.9,18.85,21.86,3.01,18.42,22.0,0.979,1,1,33.9,0.06,30.36,30.0,0
1779285617067,512,UAS-01,349.2,19.12,22.36,3.24,17.73,23.6,0.990,1,1,31.0,0.21,30.25,30.0,0
1779285617100,513,UAS-02,357.1,18.87,21.83,2.96,17.81,22.2,0.959,1,1,33.2,0.23,30.24,29.8,0
1779285617133,514,GND-VEH-01,500.5,18.73,21.55,2.81,18.23,19.7,0.990,1,1,32.1,0.20,30.21,30.0,0
1779285617167,515,PERSON-01,341.3,18.92,22.19,3.27,18.47,23.6,0.990,1,1,31.0,0.21,29.84,30.0,0
1779285617200,516,UAS-01,421.3,19.23,22.43,3.20,18.84,21.2,0.990,1,1,31.4,0.39,30.13,30.1,0
1779285617233,517,UAS-02,406.3,18.99,22.09,3.10,18.67,22.2,0.990,1,1,31.2,0.18,29.94,30.0,0
1779285617267,518,GND-VEH-01,542.4,18.86,21.86,3.00,18.49,20.3,0.990,1,1,31.0,0.01,30.02,30.2,0
1779285617300,519,PERSON-01,341.7,19.03,22.00,2.97,18.36,22.3,0.990,1,1,33.0,0.04,30.23,30.1,0
1779285617333,520,UAS-01,481.1,18.63,21.94,3.32,18.67,22.3,0.990,1,1,31.0,0.19,29.96,29.9,0
1779285617367,521,UAS-02,556.5,19.08,22.15,3.07,18.74,21.1,0.990,1,1,31.0,0.27,30.17,29.9,0
1779285617400,522,GND-VEH-01,443.8,19.27,22.38,3.12,18.58,21.5,0.990,1,1,31.0,0.03,30.26,29.9,0
1779285617433,523,PERSON-01,626.1,19.12,22.09,2.98,17.61,22.2,0.990,1,1,31.0,0.38,30.31,29.9,0
1779285617467,524,UAS-01,343.9,19.17,22.33,3.16,18.66,22.1,0.988,1,1,31.1,0.11,29.87,29.9,0
1779285617500,525,UAS-02,463.4,19.11,22.72,3.61,18.77,21.0,0.989,1,1,31.8,0.03,30.51,29.9,0
1779285617533,526,GND-VEH-01,518.5,18.75,21.81,3.06,17.56,21.8,0.990,1,1,31.0,0.35,29.90,30.0,0
1779285617567,527,PERSON-01,363.5,19.14,22.41,3.27,18.28,22.4,0.990,1,1,31.0,0.27,30.05,29.9,0
1779285617600,528,UAS-01,563.0,19.06,22.42,3.36,18.86,21.5,0.989,1,1,34.0,0.11,29.98,30.0,0
1779285617633,529,UAS-02,338.6,18.88,22.27,3.39,18.20,22.7,0.987,1,1,31.0,0.13,30.05,30.2,0
1779285617667,530,GND-VEH-01,598.2,18.89,22.09,3.20,18.78,21.7,0.990,1,1,31.8,0.22,30.52,29.9,0
1779285617700,531,PERSON-01,348.9,18.69,22.02,3.32,18.85,23.4,0.987,1,1,31.0,0.18,29.88,29.9,0
1779285617733,532,UAS-01,434.4,19.11,22.57,3.46,18.81,22.6,0.990,1,1,33.1,0.09,30.16,29.9,0
1779285617767,533,UAS-02,332.2,18.79,22.15,3.36,18.91,23.7,0.990,1,1,33.5,0.03,29.95,30.1,0
1779285617800,534,GND-VEH-01,364.9,18.93,22.28,3.35,18.18,22.8,0.990,1,1,31.0,0.02,29.93,30.0,0
1779285617833,535,PERSON-01,446.1,19.13,22.24,3.11,18.19,21.5,0.990,1,1,33.5,0.02,30.00,29.9,0
1779285617867,536,UAS-01,575.3,19.24,22.58,3.34,18.23,23.4,0.990,1,1,32.5,0.03,30.01,29.9,0
1779285617900,537,UAS-02,730.1,18.86,21.89,3.03,17.99,20.0,0.984,1,1,31.0,0.38,30.18,30.1,0
1779285617933,538,GND-VEH-01,668.7,19.23,22.20,2.97,18.16,23.1,0.990,1,1,31.0,0.11,30.29,30.1,0
1779285617967,539,PERSON-01,485.6,18.90,22.07,3.17,18.56,22.7,0.983,1,1,33.7,0.11,30.15,29.9,0
1779285618000,540,UAS-01,519.8,18.98,21.87,2.90,17.76,22.0,0.990,1,1,31.0,0.36,29.98,30.0,0
1779285618033,541,UAS-02,369.0,18.80,21.74,2.95,17.36,23.5,0.990,1,1,34.8,0.13,30.11,30.0,0
1779285618067,542,GND-VEH-01,765.3,19.15,22.36,3.21,18.16,22.1,0.990,1,1,32.8,0.34,29.82,30.0,0
1779285618100,543,PERSON-01,656.7,18.84,22.24,3.40,18.69,22.6,0.990,1,1,31.0,0.19,29.95,29.9,0
1779285618133,544,UAS-01,421.8,19.03,21.98,2.95,18.30,21.1,0.990,1,1,31.0,0.65,30.03,30.0,0
1779285618167,545,UAS-02,834.1,19.14,21.98,2.85,17.34,22.4,0.988,1,1,32.1,0.06,29.84,30.0,0
1779285618200,546,GND-VEH-01,685.4,18.70,22.07,3.38,18.94,21.8,0.990,1,1,31.4,0.54,30.30,30.1,0
1779285618233,547,PERSON-01,323.7,18.92,21.92,3.00,17.85,22.5,0.990,1,1,31.4,0.28,30.04,29.9,0
1779285618267,548,UAS-01,864.0,19.12,21.83,2.71,17.22,20.9,0.985,1,1,31.0,0.12,30.33,30.1,0
1779285618300,549,UAS-02,563.7,18.82,21.86,3.04,17.98,22.2,0.990,1,1,31.8,0.36,30.10,29.9,0
1779285618333,550,GND-VEH-01,909.8,19.02,22.07,3.05,18.04,23.8,0.990,1,1,31.0,0.22,30.27,30.0,0
1779285618367,551,PERSON-01,450.3,18.78,21.91,3.12,19.08,21.8,0.990,1,1,31.0,0.10,29.97,29.9,0
1779285618400,552,UAS-01,442.8,19.01,22.37,3.35,19.11,21.7,0.990,1,1,31.0,0.06,30.08,30.1,0
1779285618433,553,UAS-02,460.6,18.86,22.08,3.22,17.97,20.6,0.990,1,1,31.0,0.04,30.33,29.9,0
1779285618467,554,GND-VEH-01,607.0,19.09,22.29,3.19,18.23,23.0,0.990,1,1,31.0,0.03,30.33,30.0,0
1779285618500,555,PERSON-01,370.5,18.83,22.03,3.20,17.80,23.2,0.990,1,1,31.0,0.14,30.04,30.0,0
1779285618533,556,UAS-01,424.5,19.02,22.31,3.28,18.01,21.1,0.990,1,1,32.2,0.17,30.34,29.9,0
1779285618567,557,UAS-02,312.0,19.00,22.06,3.06,17.42,21.4,0.981,1,1,31.0,0.01,30.23,30.0,0
1779285618600,558,GND-VEH-01,653.7,19.08,22.38,3.30,18.60,22.8,0.990,1,1,32.1,0.25,30.23,30.0,0
1779285618633,559,PERSON-01,418.4,18.81,21.81,3.00,18.68,20.9,0.990,1,1,34.8,0.14,30.18,30.0,0
1779285618667,560,UAS-01,492.0,18.76,21.78,3.02,17.98,22.1,0.985,1,1,31.4,0.53,30.09,29.9,0
1779285618700,561,UAS-02,321.8,19.11,22.30,3.19,18.40,22.1,0.990,1,1,31.0,0.02,29.98,30.0,0
1779285618733,562,GND-VEH-01,612.5,18.97,21.84,2.87,17.69,21.5,0.990,1,1,33.0,0.22,30.06,30.0,0
1779285618767,563,PERSON-01,522.5,19.04,22.27,3.23,18.06,21.0,0.990,1,1,31.0,0.22,30.29,29.9,0
1779285618800,564,UAS-01,831.3,18.80,22.08,3.28,18.16,23.0,0.990,1,1,31.0,0.28,30.15,29.9,0
1779285618833,565,UAS-02,345.6,18.88,22.19,3.31,18.82,21.5,0.990,1,1,31.0,0.51,30.52,30.0,0
1779285618867,566,GND-VEH-01,527.4,19.01,22.30,3.30,18.16,22.5,0.980,1,1,31.7,0.16,30.41,29.9,0
1779285618900,567,PERSON-01,317.2,19.25,22.43,3.18,18.93,20.9,0.990,1,1,31.0,0.10,30.42,30.1,0
1779285618933,568,UAS-01,444.3,19.00,21.78,2.78,17.67,22.3,0.988,1,1,32.8,0.12,30.12,29.9,0
1779285618967,569,UAS-02,368.7,18.92,22.10,3.18,18.07,21.1,0.970,1,1,31.0,0.31,30.03,30.0,0
1779285619000,570,GND-VEH-01,424.5,19.02,22.22,3.20,17.93,22.5,0.990,1,1,31.0,0.58,30.40,30.2,0
1779285619033,571,PERSON-01,346.0,18.85,22.38,3.53,19.36,20.8,0.990,1,1,31.0,0.12,30.37,30.0,0
1779285619067,572,UAS-01,408.7,19.18,22.37,3.19,17.80,21.1,0.975,1,1,31.0,0.32,30.22,30.0,0
1779285619100,573,UAS-02,512.5,18.84,22.17,3.33,18.29,22.0,0.990,1,1,31.0,0.16,30.01,30.2,0
1779285619133,574,GND-VEH-01,312.2,18.91,21.94,3.03,18.03,21.2,0.973,1,1,31.0,0.17,30.27,30.0,0
1779285619167,575,PERSON-01,606.2,18.83,22.07,3.24,17.97,22.6,0.990,1,1,31.4,0.19,30.18,30.0,0
1779285619200,576,UAS-01,363.6,19.20,22.28,3.08,18.08,22.7,0.989,1,1,34.8,0.41,30.17,29.9,0
1779285619233,577,UAS-02,857.1,19.15,22.25,3.09,18.35,22.6,0.990,1,1,31.0,0.29,30.50,29.9,0
1779285619267,578,GND-VEH-01,961.2,18.83,21.58,2.75,17.81,22.0,0.990,1,1,31.1,0.47,30.39,29.9,0
1779285619300,579,PERSON-01,433.1,19.05,22.35,3.30,18.96,21.4,0.980,1,1,32.8,0.31,30.28,29.9,0
1779285619333,580,UAS-01,468.2,19.26,22.33,3.08,18.64,22.2,0.980,1,1,31.0,0.30,30.42,29.9,0
1779285619367,581,UAS-02,508.9,19.09,22.22,3.13,17.91,21.9,0.990,1,1,32.5,0.19,30.47,30.0,0
1779285619400,582,GND-VEH-01,496.1,19.09,22.44,3.35,19.06,21.0,0.990,1,1,31.4,0.45,29.93,30.0,0
1779285619433,583,PERSON-01,627.3,18.96,21.87,2.91,17.26,23.5,0.990,1,1,31.0,0.04,30.15,29.9,0
1779285619467,584,UAS-01,302.3,18.73,21.74,3.02,17.66,21.2,0.990,1,1,31.0,0.14,30.63,30.2,0
1779285619500,585,UAS-02,307.4,18.97,22.05,3.07,18.22,20.5,0.990,1,1,31.0,0.13,30.51,30.0,0
1779285619533,586,GND-VEH-01,471.4,19.16,22.57,3.41,18.08,21.1,0.990,1,1,31.0,0.43,30.02,30.1,0
1779285619567,587,PERSON-01,428.9,18.84,21.97,3.13,18.72,21.7,0.990,1,1,31.0,0.41,30.37,30.0,0
1779285619600,588,UAS-01,521.4,19.03,22.09,3.06,18.10,21.0,0.990,1,1,32.7,0.32,30.45,30.1,0
1779285619633,589,UAS-02,344.8,19.10,22.54,3.44,18.55,22.8,0.986,1,1,31.0,0.26,30.78,29.9,0
1779285619667,590,GND-VEH-01,491.0,18.93,21.94,3.01,17.92,21.5,0.978,1,1,34.6,0.30,30.09,30.0,0
1779285619700,591,PERSON-01,469.4,19.11,22.15,3.04,18.77,20.7,0.989,1,1,31.0,0.20,30.48,29.8,0
1779285619733,592,UAS-01,576.4,19.03,22.05,3.02,17.59,21.9,0.990,1,1,31.0,0.21,30.84,30.1,0
1779285619767,593,UAS-02,493.1,18.99,22.24,3.25,18.03,22.7,0.990,1,1,31.0,0.15,30.63,30.0,0
1779285619800,594,GND-VEH-01,381.2,19.04,22.31,3.27,18.61,23.3,0.990,1,1,31.1,0.36,30.30,30.0,0
1779285619833,595,PERSON-01,516.1,18.86,22.09,3.23,17.32,23.4,0.990,1,1,32.6,0.35,30.25,30.0,0
1779285619867,596,UAS-01,306.8,18.91,22.03,3.12,18.02,21.6,0.990,1,1,33.6,0.08,30.12,29.9,0
1779285619900,597,UAS-02,352.2,18.97,22.54,3.57,18.78,21.7,0.990,1,1,31.0,0.27,30.62,30.0,0
1779285619933,598,GND-VEH-01,591.1,19.01,22.06,3.05,17.54,22.3,0.990,1,1,31.0,0.23,30.13,30.1,0
1779285619967,599,PERSON-01,456.3,18.87,22.12,3.26,19.25,21.0,0.990,1,1,31.0,0.09,30.01,30.1,0
1779285620000,600,UAS-01,355.6,19.20,22.45,3.24,18.85,23.0,0.990,1,1,31.0,0.00,30.19,30.0,0
1779285620033,601,UAS-02,830.7,18.74,21.75,3.02,17.90,23.2,0.990,1,1,34.7,0.11,30.74,30.0,0
1779285620067,602,GND-VEH-01,357.4,19.09,22.27,3.19,17.81,22.8,0.972,1,1,31.8,0.42,30.83,30.0,0
1779285620100,603,PERSON-01,449.3,19.17,22.31,3.14,17.76,22.0,0.990,1,1,33.1,0.18,30.67,30.0,0
1779285620133,604,UAS-01,714.7,18.80,21.67,2.87,17.58,23.6,0.975,1,1,31.9,0.15,30.04,29.9,0
1779285620167,605,UAS-02,501.0,18.68,21.96,3.28,18.75,22.5,0.979,1,1,31.0,0.04,30.46,30.0,0
1779285620200,606,GND-VEH-01,678.1,19.16,22.59,3.43,18.18,22.7,0.977,1,1,31.0,0.23,30.37,30.1,0
1779285620233,607,PERSON-01,316.7,18.95,22.20,3.25,18.56,21.5,0.981,1,1,31.0,0.35,30.56,30.0,0
1779285620267,608,UAS-01,345.6,18.77,22.04,3.27,19.19,22.1,0.990,1,1,31.0,0.21,30.09,29.8,0
1779285620300,609,UAS-02,377.0,18.99,22.42,3.43,19.66,21.9,0.971,1,1,31.0,0.01,30.73,29.9,0
1779285620333,610,GND-VEH-01,698.7,18.92,21.99,3.07,17.98,21.3,0.990,1,1,31.4,0.32,30.14,30.0,0
1779285620367,611,PERSON-01,489.0,18.70,21.95,3.25,18.97,21.8,0.990,1,1,31.0,0.34,30.54,30.0,0
1779285620400,612,UAS-01,571.1,19.04,22.05,3.01,17.81,22.9,0.979,1,1,32.3,0.00,30.12,30.2,0
1779285620433,613,UAS-02,377.2,18.89,22.36,3.47,19.56,21.1,0.990,1,1,31.6,0.21,30.39,30.1,0
1779285620467,614,GND-VEH-01,340.0,18.89,22.07,3.17,18.03,22.4,0.990,1,1,31.0,0.41,30.60,30.0,0
1779285620500,615,PERSON-01,460.6,18.83,21.95,3.12,18.36,22.9,0.990,1,1,32.5,0.29,30.47,29.9,0
1779285620533,616,UAS-01,784.2,19.12,22.22,3.10,17.82,22.6,0.984,1,1,33.2,0.09,30.32,29.9,0
1779285620567,617,UAS-02,600.3,19.03,22.15,3.11,17.99,22.5,0.990,1,1,31.0,0.05,30.28,29.9,0
1779285620600,618,GND-VEH-01,660.0,18.84,22.11,3.27,17.36,23.4,0.990,1,1,31.0,0.39,30.08,29.8,0
1779285620633,619,PERSON-01,535.6,18.70,22.07,3.37,19.24,22.9,0.990,1,1,31.3,0.13,30.50,30.0,0
1779285620667,620,UAS-01,599.4,19.16,22.27,3.12,18.45,21.1,0.990,1,1,31.0,0.56,30.45,29.9,0
1779285620700,621,UAS-02,489.2,19.14,22.25,3.11,17.97,21.6,0.990,1,1,31.0,0.01,30.27,30.1,0
1779285620733,622,GND-VEH-01,588.3,18.94,21.88,2.94,18.01,21.2,0.990,1,1,31.0,0.64,30.63,30.1,0
1779285620767,623,PERSON-01,405.2,19.05,22.34,3.29,18.83,21.0,0.990,1,1,33.3,0.25,30.25,30.0,0
1779285620800,624,UAS-01,416.5,18.90,22.31,3.41,18.68,22.0,0.990,1,1,31.0,0.45,30.33,30.0,0
1779285620833,625,UAS-02,637.4,19.04,21.98,2.95,17.29,21.3,0.990,1,1,33.6,0.12,30.59,30.1,0
1779285620867,626,GND-VEH-01,417.2,18.70,21.80,3.09,18.58,20.8,0.972,1,1,31.0,0.39,30.80,29.9,0
1779285620900,627,PERSON-01,441.0,19.04,21.95,2.92,18.20,19.9,0.990,1,1,31.0,0.25,30.84,29.9,0
1779285620933,628,UAS-01,522.4,18.97,22.33,3.36,18.90,21.4,0.990,1,1,31.9,0.13,30.77,30.0,0
1779285620967,629,UAS-02,467.7,18.82,22.28,3.46,18.84,21.8,0.990,1,1,31.0,0.01,30.54,29.9,0
1779285621000,630,GND-VEH-01,382.9,19.00,22.05,3.05,18.74,22.9,0.990,1,1,32.1,0.02,30.31,29.9,0
1779285621033,631,PERSON-01,468.4,19.11,22.33,3.22,18.53,22.1,0.990,1,1,32.8,0.18,30.55,30.1,0
1779285621067,632,UAS-01,391.7,18.98,22.46,3.48,18.44,22.5,0.985,1,1,31.2,0.21,29.95,30.0,0
1779285621100,633,UAS-02,496.2,19.18,22.36,3.18,18.10,23.4,0.986,1,1,31.0,0.52,30.20,29.9,0
1779285621133,634,GND-VEH-01,362.2,19.11,22.32,3.21,17.48,22.2,0.990,1,1,31.0,0.19,30.51,30.0,0
1779285621167,635,PERSON-01,804.1,19.10,22.44,3.34,18.09,21.7,0.990,1,1,32.7,0.02,30.45,29.9,0
1779285621200,636,UAS-01,513.8,18.95,21.95,3.00,18.00,21.2,0.990,1,1,31.0,0.31,30.04,30.1,0
1779285621233,637,UAS-02,473.4,18.99,22.42,3.43,18.94,21.4,0.990,1,1,31.0,0.01,30.29,30.0,0
1779285621267,638,GND-VEH-01,469.6,19.24,22.35,3.12,18.68,23.2,0.987,1,1,31.0,0.11,30.59,30.1,0
1779285621300,639,PERSON-01,644.6,18.92,22.19,3.27,18.09,22.8,0.990,1,1,32.9,0.01,30.46,29.9,0
1779285621333,640,UAS-01,311.5,18.91,22.46,3.54,19.11,22.8,0.990,1,1,31.0,0.02,30.97,30.2,0
1779285621367,641,UAS-02,366.9,19.29,22.29,3.00,17.51,22.0,0.990,1,1,31.0,0.33,30.43,30.1,0
1779285621400,642,GND-VEH-01,395.8,18.74,22.33,3.59,18.46,24.0,0.985,1,1,31.4,0.07,30.53,30.0,0
1779285621433,643,PERSON-01,358.1,19.19,22.30,3.12,17.39,22.0,0.990,1,1,32.8,0.23,30.79,30.0,0
1779285621467,644,UAS-01,322.4,19.07,22.15,3.08,18.92,21.2,0.990,1,1,33.3,0.58,30.23,30.1,0
1779285621500,645,UAS-02,365.3,18.93,22.05,3.12,18.10,21.3,0.990,1,1,31.0,0.17,30.15,30.0,0
1779285621533,646,GND-VEH-01,513.7,19.24,22.32,3.07,18.23,22.2,0.990,1,1,34.0,0.31,30.27,30.1,0
1779285621567,647,PERSON-01,474.1,19.06,22.15,3.09,18.08,22.3,0.980,1,1,31.0,0.36,30.17,29.9,0
1779285621600,648,UAS-01,732.8,19.04,22.17,3.14,17.58,23.0,0.990,1,1,31.0,0.23,30.72,29.9,0
1779285621633,649,UAS-02,480.8,19.07,22.20,3.13,18.31,21.4,0.976,1,1,31.0,0.08,30.46,30.0,0
1779285621667,650,GND-VEH-01,632.2,19.03,22.31,3.27,18.25,23.2,0.990,1,1,31.0,0.11,30.43,30.2,0
1779285621700,651,PERSON-01,354.1,18.67,21.92,3.24,18.45,21.4,0.990,1,1,32.6,0.09,30.72,30.0,0
1779285621733,652,UAS-01,331.6,19.12,22.84,3.72,18.48,22.0,0.990,1,1,31.0,0.16,30.93,30.0,0
1779285621767,653,UAS-02,514.8,19.11,21.97,2.86,17.06,24.0,0.990,1,1,31.4,0.18,30.56,29.9,0
1779285621800,654,GND-VEH-01,535.4,19.18,22.17,2.99,18.22,22.6,0.990,1,1,31.0,0.03,30.62,30.1,0
1779285621833,655,PERSON-01,998.3,18.83,21.35,2.53,16.97,23.4,0.990,1,1,31.0,0.17,30.60,30.1,0
1779285621867,656,UAS-01,713.5,19.15,21.99,2.84,17.86,21.9,0.990,1,1,31.7,0.11,30.61,30.2,0
1779285621900,657,UAS-02,390.4,18.95,22.20,3.25,19.12,20.8,0.990,1,1,31.0,0.13,30.57,30.0,0
1779285621933,658,GND-VEH-01,560.7,18.78,21.93,3.15,18.20,22.7,0.990,1,1,31.0,0.11,30.38,30.1,0
1779285621967,659,PERSON-01,458.2,19.11,22.36,3.25,17.56,23.5,0.990,1,1,31.0,0.11,30.62,30.0,0
1779285622000,660,UAS-01,478.1,19.08,22.16,3.08,18.36,22.7,0.990,1,1,31.5,0.07,30.47,30.1,0
1779285622033,661,UAS-02,345.2,18.98,21.86,2.88,18.36,20.7,0.990,1,1,33.7,0.03,30.66,30.2,0
1779285622067,662,GND-VEH-01,656.1,19.01,22.14,3.13,18.11,22.6,0.990,1,1,31.0,0.60,30.23,29.9,0
1779285622100,663,PERSON-01,923.0,19.00,21.96,2.96,18.26,20.6,0.990,1,1,32.4,0.24,30.65,30.0,0
1779285622133,664,UAS-01,515.4,19.06,22.19,3.13,17.57,22.1,0.990,1,1,33.7,0.25,30.40,30.1,0
1779285622167,665,UAS-02,700.8,19.10,22.21,3.11,17.61,23.0,0.990,1,1,31.0,0.10,30.55,30.1,0
1779285622200,666,GND-VEH-01,709.2,18.99,22.03,3.04,18.70,22.7,0.990,1,1,31.0,0.25,30.67,29.9,0
1779285622233,667,PERSON-01,474.6,19.35,22.61,3.27,18.60,22.2,0.990,1,1,33.1,0.17,31.14,30.1,0
1779285622267,668,UAS-01,605.4,19.28,22.32,3.03,18.27,20.7,0.990,1,1,31.0,0.11,30.47,30.0,0
1779285622300,669,UAS-02,617.8,19.04,22.24,3.20,18.75,22.3,0.986,1,1,31.0,0.13,30.62,29.9,0
1779285622333,670,GND-VEH-01,498.5,18.98,21.99,3.01,17.70,22.2,0.990,1,1,31.0,0.00,30.21,29.8,0
1779285622367,671,PERSON-01,712.9,19.08,22.34,3.27,17.75,22.2,0.990,1,1,31.0,0.24,30.61,29.9,0
1779285622400,672,UAS-01,481.5,18.89,22.25,3.36,18.11,22.8,0.990,1,1,31.0,0.04,30.91,30.0,0
1779285622433,673,UAS-02,835.8,19.19,22.07,2.88,18.30,22.0,0.990,1,1,31.4,0.19,30.66,30.0,0
1779285622467,674,GND-VEH-01,392.5,18.97,22.32,3.34,18.19,21.7,0.990,1,1,31.8,0.04,30.62,29.9,0
1779285622500,675,PERSON-01,426.3,18.99,21.96,2.97,18.11,23.1,0.972,1,1,33.5,0.03,30.73,30.0,0
1779285622533,676,UAS-01,936.9,19.14,22.06,2.93,18.26,21.3,0.990,1,1,31.6,0.34,30.49,30.1,0
1779285622567,677,UAS-02,321.0,19.28,22.50,3.22,17.79,22.1,0.986,1,1,31.5,0.18,30.49,30.1,0
1779285622600,678,GND-VEH-01,782.4,18.86,22.25,3.39,18.13,22.8,0.970,1,1,33.6,0.23,30.60,30.1,0
1779285622633,679,PERSON-01,398.6,18.93,22.10,3.17,17.49,21.1,0.970,1,1,31.0,0.30,30.52,29.9,0
1779285622667,680,UAS-01,483.3,19.02,22.01,3.00,17.96,23.7,0.971,1,1,31.0,0.21,30.44,29.9,0
1779285622700,681,UAS-02,414.4,18.83,22.00,3.17,18.34,20.4,0.990,1,1,31.0,0.13,30.88,29.9,0
1779285622733,682,GND-VEH-01,708.2,18.99,21.97,2.98,17.84,22.3,0.990,1,1,31.0,0.34,30.21,30.1,0
1779285622767,683,PERSON-01,418.6,18.95,22.25,3.30,18.31,21.1,0.981,1,1,31.0,0.18,30.67,29.9,0
1779285622800,684,UAS-01,422.4,18.88,21.89,3.01,18.32,23.1,0.990,1,1,31.0,0.19,30.93,29.9,0
1779285622833,685,UAS-02,453.3,19.16,22.28,3.12,17.61,20.8,0.983,1,1,31.8,0.11,30.35,30.0,0
1779285622867,686,GND-VEH-01,711.4,18.93,21.89,2.96,17.69,22.4,0.978,1,1,31.3,0.15,30.82,30.1,0
1779285622900,687,PERSON-01,449.0,19.00,22.41,3.41,18.61,22.5,0.990,1,1,31.0,0.22,30.85,29.9,0
1779285622933,688,UAS-01,374.0,19.30,22.65,3.36,18.62,20.6,0.990,1,1,32.2,0.00,30.40,29.9,0
1779285622967,689,UAS-02,596.1,18.82,21.87,3.05,18.56,21.2,0.990,1,1,31.0,0.34,30.34,29.9,0
1779285623000,690,GND-VEH-01,383.5,18.85,22.42,3.57,19.18,22.4,0.990,1,1,31.0,0.10,30.95,30.1,0
1779285623033,691,PERSON-01,513.9,18.91,22.24,3.34,18.46,23.0,0.990,1,1,31.0,0.31,30.39,29.9,0
1779285623067,692,UAS-01,320.7,19.05,22.14,3.09,17.79,21.8,0.977,1,1,32.3,0.45,30.82,29.9,0
1779285623100,693,UAS-02,389.0,18.86,21.93,3.07,17.53,21.5,0.990,1,1,31.0,0.08,30.68,30.0,0
1779285623133,694,GND-VEH-01,382.0,19.02,22.15,3.13,18.60,23.0,0.990,1,1,31.0,0.14,30.76,29.9,0
1779285623167,695,PERSON-01,365.3,19.24,22.43,3.19,18.74,21.0,0.990,1,1,32.8,0.05,30.42,29.9,0
1779285623200,696,UAS-01,533.1,19.06,22.23,3.17,17.55,23.6,0.990,1,1,31.0,0.00,30.54,30.0,0
1779285623233,697,UAS-02,699.4,19.14,21.79,2.65,18.02,22.5,0.990,1,1,31.4,0.31,30.77,30.0,0
1779285623267,698,GND-VEH-01,367.1,19.21,22.27,3.06,18.05,22.9,0.990,1,1,32.2,0.22,30.96,30.1,0
1779285623300,699,PERSON-01,392.8,19.27,22.25,2.98,17.71,23.6,0.987,1,1,31.0,0.03,30.89,30.1,0
1779285623333,700,UAS-01,708.4,19.04,22.08,3.04,17.74,23.9,0.990,1,1,31.0,0.28,30.05,29.9,0
1779285623367,701,UAS-02,490.5,19.04,22.37,3.33,18.90,22.6,0.989,1,1,31.8,0.22,30.82,30.0,0
1779285623400,702,GND-VEH-01,525.1,18.97,22.09,3.13,17.96,23.1,0.990,1,1,31.1,0.25,30.54,30.0,0
1779285623433,703,PERSON-01,387.4,19.01,22.25,3.24,17.66,21.9,0.969,1,1,31.0,0.08,30.84,30.0,0
1779285623467,704,UAS-01,624.1,19.06,22.10,3.04,18.41,21.8,0.990,1,1,32.9,0.24,31.00,30.1,0
1779285623500,705,UAS-02,343.1,18.77,21.87,3.10,17.00,22.0,0.990,1,1,33.2,0.10,31.04,30.0,0
1779285623533,706,GND-VEH-01,554.1,18.83,21.98,3.15,18.49,22.9,0.983,1,1,31.0,0.05,30.68,30.0,0
1779285623567,707,PERSON-01,460.4,19.03,22.03,3.00,18.46,21.2,0.990,1,1,31.0,0.28,30.63,29.9,0
1779285623600,708,UAS-01,329.4,18.88,22.20,3.32,18.78,21.6,0.989,1,1,31.5,0.17,30.95,30.0,0
1779285623633,709,UAS-02,378.5,19.28,22.51,3.23,18.33,20.5,0.990,1,1,31.0,0.26,30.51,29.9,0
1779285623667,710,GND-VEH-01,417.4,18.78,22.07,3.29,18.32,22.3,0.990,1,1,32.2,0.06,31.01,29.9,0
1779285623700,711,PERSON-01,508.7,19.06,22.18,3.13,18.24,20.8,0.990,1,1,31.0,0.40,31.10,30.2,0
1779285623733,712,UAS-01,338.5,18.94,22.27,3.33,18.60,21.7,0.990,1,1,31.0,0.11,30.42,30.0,0
1779285623767,713,UAS-02,457.9,19.05,22.02,2.97,18.65,22.2,0.985,1,1,31.0,0.24,30.84,29.9,0
1779285623800,714,GND-VEH-01,662.3,18.85,21.84,2.99,18.59,22.6,0.990,1,1,33.9,0.29,30.64,29.9,0
1779285623833,715,PERSON-01,550.2,18.62,21.39,2.77,17.11,22.3,0.990,1,1,31.0,0.09,31.21,30.0,0
1779285623867,716,UAS-01,340.9,18.74,21.97,3.23,18.06,21.8,0.990,1,1,31.0,0.25,30.54,30.0,0
1779285623900,717,UAS-02,424.6,18.98,22.22,3.24,18.22,23.0,0.990,1,1,31.0,0.46,30.75,30.1,0
1779285623933,718,GND-VEH-01,358.9,18.84,22.41,3.57,19.63,22.9,0.989,1,1,31.0,0.50,30.55,29.9,0
1779285623967,719,PERSON-01,817.1,19.02,22.02,3.00,17.99,21.5,0.990,1,1,32.0,0.05,30.92,29.9,0
1779285624000,720,UAS-01,598.4,19.03,22.06,3.03,18.00,21.8,0.990,1,1,32.8,0.04,30.99,30.0,0
1779285624033,721,UAS-02,499.6,19.21,22.34,3.13,18.34,21.2,0.978,1,1,32.2,0.37,30.77,30.1,0
1779285624067,722,GND-VEH-01,508.0,18.94,21.92,2.99,17.45,20.9,0.990,1,1,31.0,0.04,30.77,30.1,0
1779285624100,723,PERSON-01,498.7,19.15,22.34,3.18,18.06,22.2,0.990,1,1,31.0,0.12,31.01,23.6,1
1779285624133,724,UAS-01,370.1,18.81,21.84,3.03,18.27,22.0,0.990,1,1,32.6,0.14,31.35,29.9,0
1779285624167,725,UAS-02,445.7,19.09,22.21,3.12,18.92,22.1,0.990,1,1,31.7,0.26,30.92,30.1,0
1779285624200,726,GND-VEH-01,620.8,19.13,22.29,3.16,17.99,20.0,0.990,1,1,31.0,0.12,30.88,30.0,0
1779285624233,727,PERSON-01,323.5,19.03,22.25,3.22,17.65,21.8,0.990,1,1,31.0,0.04,31.05,29.9,0
1779285624267,728,UAS-01,465.6,18.81,21.65,2.84,16.93,22.0,0.990,1,1,34.1,0.12,30.90,29.9,0
1779285624300,729,UAS-02,314.8,18.97,22.35,3.38,18.89,20.8,0.987,1,1,31.0,0.02,30.31,30.1,0
1779285624333,730,GND-VEH-01,774.5,19.22,22.29,3.07,18.37,23.6,0.990,1,1,32.1,0.04,31.12,30.1,0
1779285624367,731,PERSON-01,672.3,19.24,22.03,2.79,17.85,23.3,0.990,1,1,33.6,0.29,30.84,29.9,0
1779285624400,732,UAS-01,340.8,18.99,22.43,3.44,18.63,22.9,0.990,1,1,31.0,0.11,31.11,29.9,0
1779285624433,733,UAS-02,558.8,18.97,22.00,3.02,17.08,21.6,0.974,1,1,33.1,0.24,30.93,29.9,0
1779285624467,734,GND-VEH-01,424.4,19.02,22.36,3.34,18.14,21.7,0.990,1,1,32.0,0.04,30.87,29.9,0
1779285624500,735,PERSON-01,519.5,19.14,22.52,3.38,18.27,20.0,0.978,1,1,31.4,0.01,31.32,29.8,0
1779285624533,736,UAS-01,659.5,19.26,22.48,3.22,17.78,23.9,0.990,1,1,31.0,0.48,30.99,29.9,0
1779285624567,737,UAS-02,524.6,18.79,22.05,3.25,19.31,20.2,0.990,1,1,31.0,0.33,30.94,30.1,0
1779285624600,738,GND-VEH-01,491.1,19.26,22.65,3.39,18.24,24.0,0.990,1,1,31.3,0.12,30.57,30.0,0
1779285624633,739,PERSON-01,415.2,19.21,22.50,3.29,18.02,21.8,0.990,1,1,31.6,0.02,31.04,29.8,0
1779285624667,740,UAS-01,535.8,19.11,22.25,3.14,18.30,20.7,0.990,1,1,31.0,0.14,30.50,29.9,0
1779285624700,741,UAS-02,367.5,18.90,22.04,3.14,18.07,21.5,0.990,1,1,31.0,0.07,31.04,30.0,0
1779285624733,742,GND-VEH-01,468.1,19.01,21.99,2.99,17.74,22.0,0.990,1,1,33.5,0.30,30.86,30.2,0
1779285624767,743,PERSON-01,312.0,19.05,22.34,3.29,18.05,21.8,0.990,1,1,31.0,0.03,30.70,30.1,0
1779285624800,744,UAS-01,630.2,19.07,22.13,3.06,17.46,21.0,0.985,1,1,31.9,0.37,31.50,30.0,0
1779285624833,745,UAS-02,329.3,19.20,22.80,3.60,19.14,22.1,0.990,1,1,31.0,0.13,30.75,30.0,0
1779285624867,746,GND-VEH-01,502.1,19.01,22.52,3.51,18.75,22.9,0.968,1,1,31.0,0.04,31.19,29.8,0
1779285624900,747,PERSON-01,952.0,18.80,21.51,2.71,17.61,21.9,0.990,1,1,33.4,0.06,30.74,29.8,0
1779285624933,748,UAS-01,937.8,18.88,22.06,3.18,17.64,23.3,0.990,1,1,31.0,0.19,31.11,30.0,0
1779285624967,749,UAS-02,318.1,18.81,22.23,3.41,18.82,21.7,0.990,1,1,31.1,0.17,31.27,30.1,0
1779285625000,750,GND-VEH-01,332.1,19.16,22.44,3.28,18.40,22.1,0.990,1,1,31.0,0.42,31.33,30.1,0
1779285625033,751,PERSON-01,776.3,18.95,22.12,3.17,18.18,22.4,0.988,1,1,31.0,0.20,30.73,30.0,0
1779285625067,752,UAS-01,587.6,18.94,21.72,2.78,17.35,22.7,0.990,1,1,31.0,0.04,31.10,30.0,0
1779285625100,753,UAS-02,305.1,18.84,22.04,3.21,18.13,22.7,0.990,1,1,31.6,0.22,31.30,29.8,0
1779285625133,754,GND-VEH-01,316.1,19.02,21.99,2.96,17.85,22.0,0.987,1,1,31.0,0.12,31.12,29.9,0
1779285625167,755,PERSON-01,414.3,18.83,21.94,3.11,18.01,22.4,0.990,1,1,31.0,0.25,30.76,30.1,0
1779285625200,756,UAS-01,717.8,19.16,22.28,3.12,18.23,22.5,0.990,1,1,32.3,0.04,30.98,29.9,0
1779285625233,757,UAS-02,514.0,18.99,22.06,3.07,18.25,21.9,0.990,1,1,33.6,0.10,30.81,29.9,0
1779285625267,758,GND-VEH-01,665.6,18.85,21.80,2.95,17.38,23.4,0.988,1,1,31.6,0.26,30.95,30.2,0
1779285625300,759,PERSON-01,416.9,19.13,22.18,3.05,17.92,22.2,0.981,1,1,31.0,0.11,30.72,30.2,0
1779285625333,760,UAS-01,544.5,19.01,22.28,3.28,18.25,21.9,0.990,1,1,31.0,0.13,31.00,30.0,0
1779285625367,761,UAS-02,362.5,18.78,21.99,3.21,17.59,23.0,0.990,1,1,31.0,0.46,30.94,30.1,0
1779285625400,762,GND-VEH-01,316.4,19.14,22.53,3.39,18.13,21.8,0.990,1,1,31.4,0.41,31.05,30.0,0
1779285625433,763,PERSON-01,371.6,19.15,22.23,3.07,18.02,21.2,0.990,1,1,31.0,0.14,30.59,30.0,0
1779285625467,764,UAS-01,477.8,18.86,22.09,3.23,18.65,21.7,0.990,1,1,31.0,0.16,31.00,30.0,0
1779285625500,765,UAS-02,333.7,18.91,22.28,3.37,18.60,21.4,0.990,1,1,31.9,0.15,31.20,29.9,0
1779285625533,766,GND-VEH-01,381.9,19.31,22.52,3.20,18.46,21.4,0.990,1,1,31.0,0.06,31.19,30.1,0
1779285625567,767,PERSON-01,490.6,19.24,22.61,3.37,18.88,23.4,0.990,1,1,32.5,0.43,30.79,30.0,0
1779285625600,768,UAS-01,462.7,18.87,21.95,3.08,18.57,22.1,0.990,1,1,31.0,0.32,30.75,30.0,0
1779285625633,769,UAS-02,410.3,18.93,21.62,2.70,17.38,22.1,0.990,1,1,32.5,0.33,31.07,30.1,0
1779285625667,770,GND-VEH-01,345.1,18.98,22.18,3.20,18.26,22.1,0.990,1,1,31.5,0.05,31.35,30.0,0
1779285625700,771,PERSON-01,514.7,18.91,22.05,3.14,18.04,20.7,0.990,1,1,31.0,0.07,31.33,30.0,0
1779285625733,772,UAS-01,566.8,19.03,22.07,3.04,17.14,21.8,0.979,1,1,31.0,0.19,30.65,30.0,0
1779285625767,773,UAS-02,429.8,18.91,22.26,3.35,18.56,21.3,0.990,1,1,31.0,0.19,30.78,30.1,0
1779285625800,774,GND-VEH-01,836.4,18.98,21.74,2.76,17.12,21.5,0.990,1,1,31.6,0.24,31.11,30.0,0
1779285625833,775,PERSON-01,582.5,18.96,22.00,3.03,18.70,21.6,0.990,1,1,31.9,0.16,31.15,30.0,0
1779285625867,776,UAS-01,877.7,18.95,22.03,3.08,17.43,21.5,0.990,1,1,32.4,0.18,31.19,30.1,0
1779285625900,777,UAS-02,475.0,19.00,22.19,3.19,17.64,23.1,0.971,1,1,33.0,0.28,30.75,30.0,0
1779285625933,778,GND-VEH-01,480.3,19.02,22.04,3.02,17.86,21.9,0.990,1,1,31.8,0.03,31.19,29.9,0
1779285625967,779,PERSON-01,492.0,19.18,22.39,3.21,18.15,20.5,0.985,1,1,31.1,0.27,31.08,30.0,0
1779285626000,780,UAS-01,363.3,19.02,22.13,3.11,18.50,20.3,0.978,1,1,32.2,0.36,30.99,30.0,0
1779285626033,781,UAS-02,560.6,18.99,21.98,2.99,17.81,22.2,0.990,1,1,31.0,0.06,31.13,30.0,0
1779285626067,782,GND-VEH-01,905.3,18.98,22.17,3.19,18.33,20.5,0.982,1,1,31.0,0.21,30.96,30.1,0
1779285626100,783,PERSON-01,329.4,19.14,22.30,3.16,17.57,22.3,0.977,1,1,33.1,0.18,31.34,30.1,0
1779285626133,784,UAS-01,416.9,19.06,22.26,3.20,18.07,21.1,0.990,1,1,31.2,0.21,31.54,30.1,0
1779285626167,785,UAS-02,662.6,19.14,22.17,3.03,18.69,21.5,0.972,1,1,31.3,0.04,30.60,30.1,0
1779285626200,786,GND-VEH-01,462.1,19.12,22.11,2.99,18.95,20.7,0.984,1,1,31.0,0.04,30.70,30.2,0
1779285626233,787,PERSON-01,328.8,18.97,22.05,3.08,17.84,23.3,0.990,1,1,31.0,0.14,30.78,29.9,0
1779285626267,788,UAS-01,488.7,18.68,21.78,3.10,18.95,22.8,0.985,1,1,35.3,0.24,31.68,30.0,0
1779285626300,789,UAS-02,345.4,19.09,22.15,3.07,18.46,21.1,0.975,1,1,31.0,0.57,30.87,30.0,0
1779285626333,790,GND-VEH-01,306.7,19.12,22.18,3.05,17.78,21.9,0.990,1,1,31.0,0.24,31.04,30.0,0
1779285626367,791,PERSON-01,441.1,19.12,22.09,2.96,17.31,22.6,0.982,1,1,34.6,0.03,31.34,29.8,0
1779285626400,792,UAS-01,516.4,19.30,22.47,3.17,18.43,23.4,0.990,1,1,31.0,0.13,31.00,29.9,0
1779285626433,793,UAS-02,821.0,18.92,21.97,3.05,18.17,21.9,0.990,1,1,32.4,0.26,30.88,29.9,0
1779285626467,794,GND-VEH-01,428.1,19.06,22.04,2.97,18.21,22.9,0.990,1,1,32.5,0.18,30.80,29.8,0
1779285626500,795,PERSON-01,409.2,18.93,22.24,3.32,18.64,22.9,0.990,1,1,31.3,0.18,30.97,29.9,0
1779285626533,796,UAS-01,308.6,19.14,22.63,3.50,18.69,23.0,0.981,1,1,35.7,0.38,31.10,29.9,0
1779285626567,797,UAS-02,457.0,18.88,22.12,3.24,18.06,21.6,0.990,1,1,31.1,0.10,30.94,30.0,0
1779285626600,798,GND-VEH-01,525.5,19.26,22.61,3.36,17.84,22.9,0.990,1,1,31.7,0.12,31.07,30.0,0
1779285626633,799,PERSON-01,547.6,19.06,22.44,3.39,18.41,23.1,0.980,1,1,31.0,0.11,31.22,29.9,0
1779285626667,800,UAS-01,540.0,18.96,22.25,3.29,18.55,22.3,0.984,1,1,31.0,0.28,31.02,30.1,0
1779285626700,801,UAS-02,714.1,19.15,22.28,3.13,18.37,21.2,0.988,1,1,31.0,0.15,31.05,30.0,0
1779285626733,802,GND-VEH-01,661.4,19.00,22.33,3.33,18.60,21.7,0.990,1,1,31.0,0.16,31.27,29.9,0
1779285626767,803,PERSON-01,322.8,18.94,22.23,3.29,18.25,22.2,0.990,1,1,31.4,0.26,31.12,30.1,0
1779285626800,804,UAS-01,420.5,19.18,22.40,3.22,18.67,22.5,0.990,1,1,31.0,0.06,31.15,30.1,0
1779285626833,805,UAS-02,564.1,18.84,22.01,3.17,17.90,20.9,0.990,1,1,31.0,0.19,30.42,30.1,0
1779285626867,806,GND-VEH-01,711.0,19.06,21.82,2.76,18.19,22.0,0.990,1,1,32.5,0.03,31.27,29.9,0
1779285626900,807,PERSON-01,565.8,19.05,22.57,3.52,18.62,20.6,0.981,1,1,32.4,0.32,30.99,30.0,0
1779285626933,808,UAS-01,350.3,19.16,22.01,2.85,17.54,22.6,0.990,1,1,31.0,0.31,31.12,29.9,0
1779285626967,809,UAS-02,608.3,18.89,21.82,2.92,17.60,21.7,0.990,1,1,32.5,0.12,31.00,29.9,0
1779285627000,810,GND-VEH-01,309.5,19.19,22.72,3.53,18.81,22.7,0.990,1,1,31.0,0.55,31.10,30.1,0
1779285627033,811,PERSON-01,556.8,19.26,22.45,3.19,18.45,21.0,0.990,1,1,31.1,0.30,30.93,30.0,0
1779285627067,812,UAS-01,668.9,18.76,21.88,3.12,17.54,21.6,0.990,1,1,32.1,0.08,31.11,29.9,0
1779285627100,813,UAS-02,410.8,19.13,22.67,3.54,18.06,21.9,0.990,1,1,31.8,0.14,31.57,30.0,0
1779285627133,814,GND-VEH-01,483.3,18.78,22.02,3.24,18.17,22.5,0.990,1,1,33.6,0.32,30.89,29.9,0
1779285627167,815,PERSON-01,697.4,18.98,22.17,3.20,18.31,21.6,0.990,1,1,31.0,0.09,30.81,30.0,0
1779285627200,816,UAS-01,567.1,18.91,21.68,2.77,17.74,21.5,0.990,1,1,31.2,0.08,31.43,29.9,0
1779285627233,817,UAS-02,634.7,19.09,22.43,3.34,18.66,22.4,0.990,1,1,32.3,0.08,31.09,30.1,0
1779285627267,818,GND-VEH-01,542.3,19.04,21.91,2.87,17.41,22.0,0.990,1,1,31.0,0.20,31.29,30.1,0
1779285627300,819,PERSON-01,674.9,18.90,21.99,3.10,17.79,21.1,0.990,1,1,31.0,0.22,31.06,29.9,0
1779285627333,820,UAS-01,340.4,18.93,22.11,3.18,18.21,22.9,0.990,1,1,31.0,0.16,31.43,30.0,0
1779285627367,821,UAS-02,401.5,18.92,21.92,3.00,17.71,21.5,0.990,1,1,31.0,0.10,31.02,30.1,0
1779285627400,822,GND-VEH-01,814.6,18.94,21.86,2.91,17.70,20.7,0.990,1,1,31.0,0.37,31.58,29.9,0
1779285627433,823,PERSON-01,479.8,19.09,22.10,3.01,17.70,21.8,0.990,1,1,31.0,0.19,31.20,30.0,0
1779285627467,824,UAS-01,618.0,19.09,21.92,2.82,17.59,22.7,0.990,1,1,32.6,0.30,31.16,29.9,0
1779285627500,825,UAS-02,699.3,19.00,21.99,2.98,18.11,22.3,0.990,1,1,31.0,0.22,31.61,30.0,0
1779285627533,826,GND-VEH-01,324.5,19.10,22.28,3.18,19.05,21.6,0.990,1,1,31.0,0.02,31.40,30.0,0
1779285627567,827,PERSON-01,507.8,19.20,22.50,3.31,18.36,23.5,0.990,1,1,31.0,0.17,31.46,30.0,0
1779285627600,828,UAS-01,587.8,18.91,21.97,3.07,17.46,24.1,0.990,1,1,31.0,0.01,31.31,30.0,0
1779285627633,829,UAS-02,484.7,18.79,22.13,3.34,19.26,20.8,0.990,1,1,31.0,0.23,31.56,29.9,0
1779285627667,830,GND-VEH-01,946.2,19.11,21.83,2.72,17.31,21.8,0.990,1,1,33.3,0.12,31.17,29.9,0
1779285627700,831,PERSON-01,360.9,19.04,22.35,3.31,18.06,23.3,0.990,1,1,34.2,0.38,31.53,30.0,0
1779285627733,832,UAS-01,371.0,18.92,22.03,3.11,18.09,21.0,0.989,1,1,31.0,0.30,31.13,29.9,0
1779285627767,833,UAS-02,541.5,18.96,22.17,3.22,18.14,22.0,0.990,1,1,31.0,0.02,31.31,30.0,0
1779285627800,834,GND-VEH-01,927.5,18.80,21.56,2.76,17.74,21.9,0.990,1,1,31.0,0.32,30.91,30.2,0
1779285627833,835,PERSON-01,381.6,18.94,22.24,3.30,18.50,20.9,0.988,1,1,31.9,0.01,31.68,29.9,0
1779285627867,836,UAS-01,375.0,19.23,22.60,3.37,18.84,21.8,0.988,1,1,31.9,0.36,31.01,30.0,0
1779285627900,837,UAS-02,407.0,19.16,22.45,3.29,18.56,21.8,0.987,1,1,31.8,0.55,31.30,29.9,0
1779285627933,838,GND-VEH-01,546.5,19.05,22.12,3.07,17.87,22.6,0.988,1,1,31.0,0.24,31.31,30.0,0
1779285627967,839,PERSON-01,331.0,18.95,22.20,3.24,19.11,21.7,0.983,1,1,31.0,0.02,31.58,30.1,0
1779285628000,840,UAS-01,357.5,19.00,22.25,3.25,18.38,22.2,0.990,1,1,33.1,0.16,31.35,29.8,0
1779285628033,841,UAS-02,559.3,19.05,22.32,3.26,18.62,21.2,0.990,1,1,31.0,0.11,31.57,29.9,0
1779285628067,842,GND-VEH-01,343.1,18.92,21.85,2.93,17.91,22.4,0.990,1,1,32.0,0.39,31.67,29.9,0
1779285628100,843,PERSON-01,312.7,19.27,22.42,3.15,18.81,21.2,0.976,1,1,31.0,0.02,31.14,30.1,0
1779285628133,844,UAS-01,405.9,18.79,22.00,3.21,18.85,21.9,0.990,1,1,31.5,0.41,31.24,29.9,0
1779285628167,845,UAS-02,832.4,19.20,22.31,3.11,17.95,22.3,0.990,1,1,31.4,0.18,31.35,30.1,0
1779285628200,846,GND-VEH-01,341.2,18.98,22.18,3.20,17.98,20.6,0.985,1,1,33.9,0.10,31.14,29.9,0
1779285628233,847,PERSON-01,642.3,19.01,22.01,3.00,17.83,20.9,0.990,1,1,31.0,0.06,31.38,29.9,0
1779285628267,848,UAS-01,493.6,19.05,22.09,3.04,18.43,21.7,0.990,1,1,32.5,0.14,31.13,29.9,0
1779285628300,849,UAS-02,709.8,19.00,21.81,2.81,18.42,21.6,0.990,1,1,31.0,0.35,31.37,30.0,0
1779285628333,850,GND-VEH-01,613.9,18.80,22.17,3.36,18.35,20.3,0.972,1,1,32.1,0.53,31.57,30.1,0
1779285628367,851,PERSON-01,447.0,19.16,22.53,3.37,18.66,21.3,0.982,1,1,31.0,0.18,31.06,30.0,0
1779285628400,852,UAS-01,708.5,19.18,22.33,3.14,18.30,21.9,0.990,1,1,33.1,0.09,31.15,29.9,0
1779285628433,853,UAS-02,675.7,19.13,22.37,3.25,18.02,21.4,0.980,1,1,33.8,0.28,31.52,30.1,0
1779285628467,854,GND-VEH-01,323.6,19.06,22.32,3.25,18.34,21.0,0.990,1,1,31.1,0.01,31.61,30.1,0
1779285628500,855,PERSON-01,720.1,18.81,21.95,3.14,18.16,22.5,0.990,1,1,31.0,0.23,31.35,30.2,0
1779285628533,856,UAS-01,314.8,18.99,22.35,3.35,18.11,21.9,0.990,1,1,31.3,0.15,31.34,30.0,0
1779285628567,857,UAS-02,617.9,19.08,22.37,3.29,18.95,20.9,0.990,1,1,31.0,0.23,31.12,30.0,0
1779285628600,858,GND-VEH-01,413.2,19.02,21.95,2.93,17.78,22.3,0.985,1,1,32.2,0.27,31.27,30.0,0
1779285628633,859,PERSON-01,454.1,19.02,21.82,2.80,17.66,21.8,0.989,1,1,32.2,0.17,31.25,30.0,0
1779285628667,860,UAS-01,938.1,18.72,21.84,3.12,18.56,22.5,0.990,1,1,31.0,0.26,31.24,30.0,0
1779285628700,861,UAS-02,633.5,18.79,21.79,3.01,17.59,20.4,0.973,1,1,31.0,0.01,31.05,30.0,0
1779285628733,862,GND-VEH-01,568.5,19.14,22.09,2.95,17.27,22.3,0.975,1,1,31.0,0.16,31.31,30.0,0
1779285628767,863,PERSON-01,317.7,18.99,22.30,3.31,19.32,20.4,0.990,1,1,31.1,0.22,31.16,30.1,0
1779285628800,864,UAS-01,529.1,18.98,22.27,3.29,17.86,20.7,0.987,1,1,31.8,0.03,30.92,29.8,0
1779285628833,865,UAS-02,464.8,19.10,22.29,3.19,18.34,22.2,0.975,1,1,32.7,0.35,31.23,30.0,0
1779285628867,866,GND-VEH-01,666.7,19.14,22.15,3.01,17.70,23.0,0.983,1,1,31.0,0.04,31.68,30.0,0
1779285628900,867,PERSON-01,873.2,18.85,21.99,3.14,18.35,20.8,0.990,1,1,31.0,0.22,31.10,30.0,0
1779285628933,868,UAS-01,352.2,18.97,22.26,3.29,18.55,23.1,0.990,1,1,33.7,0.05,31.65,29.9,0
1779285628967,869,UAS-02,339.7,18.94,22.50,3.56,19.05,21.6,0.990,1,1,31.5,0.22,31.82,30.0,0
1779285629000,870,GND-VEH-01,975.9,18.90,22.06,3.16,17.87,21.8,0.990,1,1,31.0,0.10,31.23,30.1,0
1779285629033,871,PERSON-01,513.7,18.67,22.13,3.46,18.84,22.4,0.988,1,1,31.0,0.08,31.47,30.0,0
1779285629067,872,UAS-01,419.6,18.75,21.95,3.20,18.75,23.0,0.984,1,1,31.0,0.40,31.30,30.0,0
1779285629100,873,UAS-02,371.3,19.02,22.26,3.24,18.14,22.1,0.978,1,1,31.0,0.35,31.91,30.0,0
1779285629133,874,GND-VEH-01,735.6,18.87,22.00,3.13,18.27,21.7,0.987,1,1,31.0,0.07,31.31,29.9,0
1779285629167,875,PERSON-01,611.8,19.18,22.42,3.23,17.96,21.6,0.990,1,1,31.0,0.23,31.50,30.1,0
1779285629200,876,UAS-01,317.7,19.05,22.18,3.13,18.29,22.5,0.990,1,1,32.6,0.15,31.45,29.9,0
1779285629233,877,UAS-02,609.0,18.92,21.98,3.07,17.83,21.9,0.982,1,1,31.0,0.30,31.48,29.9,0
1779285629267,878,GND-VEH-01,339.6,18.96,22.39,3.43,18.40,22.5,0.990,1,1,34.0,0.12,32.08,30.1,0
1779285629300,879,PERSON-01,453.4,19.15,22.32,3.16,17.44,22.8,0.990,1,1,31.0,0.23,31.28,30.0,0
1779285629333,880,UAS-01,354.0,19.29,22.58,3.29,17.93,22.2,0.973,1,1,31.0,0.10,31.31,30.1,0
1779285629367,881,UAS-02,479.5,18.90,22.42,3.52,19.87,20.8,0.990,1,1,32.6,0.00,31.04,29.9,0
1779285629400,882,GND-VEH-01,766.8,18.81,21.68,2.87,17.83,20.5,0.990,1,1,32.4,0.01,31.31,29.9,0
1779285629433,883,PERSON-01,331.2,18.94,22.41,3.47,18.60,22.0,0.986,1,1,31.0,0.35,31.65,30.1,0
1779285629467,884,UAS-01,536.9,18.99,22.26,3.26,18.40,21.3,0.990,1,1,31.0,0.48,31.55,30.0,0
1779285629500,885,UAS-02,370.8,18.96,22.05,3.09,18.19,22.1,0.974,1,1,31.0,0.01,31.74,30.0,0
1779285629533,886,GND-VEH-01,317.7,19.06,22.22,3.16,17.76,21.8,0.990,1,1,33.7,0.43,31.67,30.1,0
1779285629567,887,PERSON-01,384.8,18.87,22.27,3.39,18.72,21.8,0.990,1,1,31.0,0.06,31.48,29.9,0
1779285629600,888,UAS-01,361.8,19.00,22.06,3.05,18.28,23.0,0.990,1,1,31.0,0.07,31.44,30.0,0
1779285629633,889,UAS-02,501.1,19.03,22.35,3.32,18.69,20.9,0.990,1,1,31.0,0.13,31.32,30.1,0
1779285629667,890,GND-VEH-01,421.7,19.30,22.52,3.22,19.06,22.4,0.990,1,1,32.0,0.36,31.53,30.0,0
1779285629700,891,PERSON-01,485.4,19.07,22.28,3.21,18.17,22.8,0.979,1,1,31.1,0.51,31.30,29.9,0
1779285629733,892,UAS-01,589.4,19.12,22.13,3.01,17.66,23.0,0.990,1,1,31.0,0.20,31.40,30.1,0
1779285629767,893,UAS-02,437.7,19.08,22.24,3.16,18.51,21.5,0.990,1,1,31.2,0.46,31.62,29.9,0
1779285629800,894,GND-VEH-01,704.2,19.09,22.60,3.52,19.39,20.9,0.975,1,1,31.0,0.34,31.25,30.0,0
1779285629833,895,PERSON-01,333.7,18.82,22.36,3.53,18.69,21.8,0.990,1,1,31.0,0.20,31.17,30.0,0
1779285629867,896,UAS-01,603.4,19.05,22.07,3.02,17.71,22.6,0.990,1,1,31.0,0.47,31.97,30.1,0
1779285629900,897,UAS-02,472.6,19.14,22.60,3.47,19.60,21.3,0.985,1,1,31.0,0.12,31.60,30.0,0
1779285629933,898,GND-VEH-01,544.1,19.18,22.41,3.23,17.63,22.4,0.990,1,1,31.5,0.16,31.05,30.1,0
1779285629967,899,PERSON-01,454.9,19.10,22.50,3.39,18.93,22.5,0.990,1,1,31.7,0.32,31.24,29.9,0
1779285630000,900,UAS-01,666.2,18.93,21.65,2.72,17.44,22.3,0.990,1,1,34.1,0.13,31.54,30.0,0
1779285630033,901,UAS-02,510.5,19.16,22.13,2.97,17.97,20.9,0.990,1,1,31.1,0.33,31.41,29.9,0
1779285630067,902,GND-VEH-01,306.3,18.95,22.28,3.33,18.76,23.0,0.990,1,1,31.4,0.69,31.02,29.9,0
1779285630100,903,PERSON-01,597.2,18.82,21.77,2.95,17.73,23.4,0.990,1,1,32.9,0.22,31.34,30.1,0
1779285630133,904,UAS-01,327.0,19.00,21.99,2.99,17.07,23.2,0.971,1,1,31.0,0.64,31.86,30.0,0
1779285630167,905,UAS-02,358.7,19.16,22.66,3.50,18.72,20.5,0.988,1,1,33.1,0.38,31.38,30.1,0
1779285630200,906,GND-VEH-01,356.4,19.18,22.08,2.90,18.03,23.0,0.990,1,1,32.7,0.11,31.35,30.1,0
1779285630233,907,PERSON-01,507.0,19.06,22.20,3.14,18.28,21.5,0.982,1,1,31.0,0.13,31.79,30.0,0
1779285630267,908,UAS-01,369.2,19.11,22.54,3.43,18.68,22.9,0.990,1,1,31.0,0.41,31.20,29.9,0
1779285630300,909,UAS-02,521.1,18.84,21.92,3.08,18.20,21.5,0.990,1,1,31.3,0.08,31.59,30.0,0
1779285630333,910,GND-VEH-01,713.1,19.12,22.03,2.92,18.57,20.5,0.990,1,1,33.8,0.07,31.63,30.0,0
1779285630367,911,PERSON-01,317.0,18.77,21.96,3.19,18.10,21.3,0.979,1,1,32.5,0.10,31.54,29.9,0
1779285630400,912,UAS-01,397.4,19.00,22.27,3.27,18.89,22.2,0.990,1,1,31.0,0.12,31.57,30.1,0
1779285630433,913,UAS-02,647.0,19.00,22.26,3.25,18.38,22.2,0.990,1,1,31.0,0.61,31.61,30.0,0
1779285630467,914,GND-VEH-01,412.5,18.90,22.37,3.47,18.60,22.3,0.988,1,1,31.2,0.18,32.03,30.1,0
1779285630500,915,PERSON-01,594.1,19.30,22.61,3.31,18.80,22.0,0.990,1,1,31.0,0.24,31.61,30.0,0
1779285630533,916,UAS-01,577.9,19.17,22.14,2.97,17.65,21.8,0.990,1,1,31.0,0.06,31.31,30.2,0
1779285630567,917,UAS-02,564.4,19.03,22.03,3.00,18.23,22.5,0.990,1,1,33.1,0.17,31.39,30.1,0
1779285630600,918,GND-VEH-01,748.5,18.91,21.93,3.02,18.32,21.2,0.990,1,1,34.5,0.16,31.46,30.1,0
1779285630633,919,PERSON-01,476.3,19.03,22.13,3.10,18.56,20.8,0.990,1,1,31.0,0.13,31.64,30.0,0
1779285630667,920,UAS-01,586.6,19.00,22.20,3.20,18.59,22.8,0.990,1,1,31.0,0.44,31.64,29.9,0
1779285630700,921,UAS-02,430.0,18.95,22.34,3.38,18.40,21.8,0.990,1,1,31.1,0.23,31.74,30.1,0
1779285630733,922,GND-VEH-01,393.4,19.03,22.27,3.24,18.89,20.5,0.990,1,1,34.6,0.07,31.46,30.1,0
1779285630767,923,PERSON-01,473.5,19.05,22.26,3.21,18.65,23.6,0.990,1,1,31.0,0.15,31.79,29.8,0
1779285630800,924,UAS-01,453.0,18.92,21.97,3.05,18.09,21.4,0.990,1,1,31.0,0.05,31.78,30.0,0
1779285630833,925,UAS-02,687.5,19.02,22.41,3.39,18.00,22.2,0.987,1,1,31.1,0.17,31.34,29.9,0
1779285630867,926,GND-VEH-01,360.5,19.05,22.07,3.03,18.48,21.0,0.990,1,1,31.4,0.05,31.67,30.0,0
1779285630900,927,PERSON-01,348.8,19.13,22.30,3.17,18.35,21.1,0.990,1,1,32.5,0.38,31.68,29.8,0
1779285630933,928,UAS-01,819.6,19.01,21.74,2.72,17.00,22.8,0.990,1,1,31.0,0.58,31.86,30.1,0
1779285630967,929,UAS-02,428.6,18.92,22.04,3.11,18.64,22.1,0.990,1,1,34.6,0.00,31.58,30.0,0
1779285631000,930,GND-VEH-01,324.4,19.17,22.57,3.40,18.74,21.1,0.990,1,1,31.0,0.22,31.76,29.8,0
1779285631033,931,PERSON-01,335.5,19.03,22.36,3.33,18.56,23.3,0.990,1,1,31.0,0.23,31.70,30.0,0
1779285631067,932,UAS-01,437.3,19.04,22.16,3.12,18.22,23.4,0.990,1,1,34.6,0.24,31.53,30.0,0
1779285631100,933,UAS-02,497.4,18.96,22.08,3.12,18.12,23.6,0.990,1,1,31.0,0.04,31.57,30.0,0
1779285631133,934,GND-VEH-01,391.8,19.00,22.37,3.37,18.57,22.9,0.990,1,1,31.0,0.11,31.77,29.9,0
1779285631167,935,PERSON-01,487.5,19.02,22.17,3.14,18.58,21.1,0.990,1,1,32.5,0.02,31.62,30.1,0
1779285631200,936,UAS-01,331.1,19.08,22.11,3.03,17.67,21.6,0.990,1,1,31.0,0.12,31.68,30.1,0
1779285631233,937,UAS-02,325.9,19.21,22.23,3.02,18.50,21.6,0.990,1,1,31.0,0.41,31.94,30.0,0
1779285631267,938,GND-VEH-01,345.3,18.91,22.30,3.38,18.75,23.0,0.990,1,1,32.1,0.11,31.89,30.0,0
1779285631300,939,PERSON-01,729.2,18.92,22.19,3.27,17.89,21.3,0.990,1,1,32.0,0.09,31.66,30.1,0
1779285631333,940,UAS-01,535.4,18.89,21.82,2.93,17.17,22.4,0.990,1,1,32.2,0.06,31.60,30.1,0
1779285631367,941,UAS-02,586.3,18.79,21.97,3.18,18.52,22.1,0.990,1,1,31.3,0.33,31.44,30.0,0
1779285631400,942,GND-VEH-01,414.1,19.16,22.39,3.23,18.19,22.3,0.978,1,1,31.5,0.17,31.94,29.8,0
1779285631433,943,PERSON-01,538.0,18.95,21.93,2.98,17.97,20.1,0.977,1,1,31.0,0.11,31.63,30.1,0
1779285631467,944,UAS-01,358.6,19.18,22.54,3.36,19.46,20.6,0.990,1,1,31.0,0.16,31.82,30.1,0
1779285631500,945,UAS-02,382.5,18.88,22.49,3.60,18.51,23.0,0.990,1,1,31.0,0.13,31.66,29.9,0
1779285631533,946,GND-VEH-01,712.1,19.03,22.08,3.04,17.69,22.3,0.968,1,1,31.0,0.03,31.61,30.0,0
1779285631567,947,PERSON-01,649.2,18.94,22.12,3.18,18.48,20.7,0.990,1,1,32.1,0.09,31.38,30.0,0
1779285631600,948,UAS-01,612.5,18.88,21.90,3.03,17.67,22.6,0.987,1,1,31.3,0.59,31.81,29.9,0
1779285631633,949,UAS-02,730.0,19.20,22.22,3.02,18.13,21.6,0.990,1,1,32.8,0.13,31.79,30.0,0
1779285631667,950,GND-VEH-01,378.3,19.02,21.94,2.92,17.80,21.7,0.990,1,1,32.2,0.14,31.64,30.1,0
1779285631700,951,PERSON-01,576.7,19.02,22.29,3.27,18.16,22.7,0.988,1,1,31.0,0.37,31.35,30.0,0
1779285631733,952,UAS-01,326.2,19.08,22.49,3.42,18.57,23.5,0.990,1,1,31.0,0.01,31.73,30.0,0
1779285631767,953,UAS-02,406.5,18.94,22.01,3.07,18.11,20.5,0.990,1,1,31.0,0.13,31.57,29.9,0
1779285631800,954,GND-VEH-01,369.6,18.99,22.35,3.36,18.63,19.7,0.990,1,1,31.3,0.02,31.86,30.0,0
1779285631833,955,PERSON-01,366.1,18.85,21.96,3.11,17.94,21.5,0.990,1,1,32.3,0.20,31.61,29.9,0
1779285631867,956,UAS-01,719.4,18.96,22.33,3.37,18.24,22.7,0.990,1,1,31.0,0.11,31.57,30.0,0
1779285631900,957,UAS-02,994.3,18.87,21.89,3.02,18.44,21.4,0.988,1,1,31.7,0.16,31.81,29.8,0
1779285631933,958,GND-VEH-01,705.8,18.81,22.01,3.20,18.87,21.8,0.990,1,1,32.2,0.16,31.27,30.1,0
1779285631967,959,PERSON-01,508.7,19.03,22.19,3.17,17.95,21.4,0.990,1,1,31.0,0.04,31.74,30.0,0
1779285632000,960,UAS-01,633.5,18.95,22.01,3.06,18.52,21.3,0.990,1,1,32.4,0.25,31.82,30.1,0
1779285632033,961,UAS-02,306.0,18.90,22.22,3.32,18.85,21.3,0.964,1,1,33.7,0.13,31.92,29.9,0
1779285632067,962,GND-VEH-01,335.6,18.92,22.31,3.39,18.69,21.8,0.979,1,1,31.7,0.03,31.68,29.9,0
1779285632100,963,PERSON-01,328.5,18.88,21.92,3.04,18.17,22.5,0.990,1,1,31.0,0.27,31.52,30.1,0
1779285632133,964,UAS-01,438.6,19.05,22.48,3.42,18.60,22.5,0.978,1,1,32.5,0.10,31.28,30.0,0
1779285632167,965,UAS-02,328.2,19.08,22.14,3.06,18.32,21.7,0.990,1,1,32.6,0.07,31.49,30.0,0
1779285632200,966,GND-VEH-01,629.2,19.28,22.41,3.12,17.93,22.7,0.990,1,1,31.4,0.11,31.73,30.0,0
1779285632233,967,PERSON-01,558.2,19.01,22.43,3.42,19.19,21.6,0.990,1,1,31.0,0.35,31.93,30.1,0
1779285632267,968,UAS-01,315.8,18.90,21.93,3.03,17.93,22.6,0.990,1,1,31.6,0.20,31.51,29.9,0
1779285632300,969,UAS-02,488.7,19.05,22.06,3.01,18.07,22.1,0.990,1,1,31.6,0.48,31.65,30.1,0
1779285632333,970,GND-VEH-01,670.0,19.25,22.29,3.04,18.48,22.8,0.990,1,1,32.6,0.58,31.72,30.0,0
1779285632367,971,PERSON-01,680.9,19.00,22.12,3.12,19.30,21.1,0.990,1,1,31.0,0.13,32.02,30.1,0
1779285632400,972,UAS-01,406.7,19.00,22.61,3.60,19.02,23.4,0.990,1,1,31.0,0.05,31.60,30.1,0
1779285632433,973,UAS-02,844.5,18.81,21.54,2.72,17.27,21.5,0.990,1,1,32.5,0.23,32.02,30.0,0
1779285632467,974,GND-VEH-01,560.3,18.88,21.86,2.97,17.82,22.2,0.990,1,1,31.6,0.12,31.75,29.9,0
1779285632500,975,PERSON-01,518.1,19.19,22.47,3.28,18.62,21.3,0.990,1,1,34.0,0.25,32.18,30.0,0
1779285632533,976,UAS-01,477.6,19.05,22.14,3.09,17.59,22.6,0.990,1,1,31.0,0.18,32.14,30.1,0
1779285632567,977,UAS-02,308.2,18.73,22.02,3.29,18.79,23.2,0.990,1,1,31.0,0.35,31.84,30.0,0
1779285632600,978,GND-VEH-01,433.6,19.09,22.27,3.18,18.10,21.4,0.990,1,1,31.0,0.00,31.69,29.9,0
1779285632633,979,PERSON-01,507.2,19.16,22.22,3.06,17.91,21.2,0.990,1,1,32.5,0.14,32.13,30.1,0
1779285632667,980,UAS-01,481.1,18.92,22.13,3.21,18.09,22.1,0.989,1,1,31.0,0.46,31.91,30.1,0
1779285632700,981,UAS-02,392.2,19.03,22.13,3.10,18.71,22.6,0.983,1,1,34.8,0.48,31.71,30.1,0
1779285632733,982,GND-VEH-01,387.3,19.32,22.40,3.09,18.30,22.8,0.990,1,1,31.3,0.32,31.65,29.9,0
1779285632767,983,PERSON-01,667.1,19.13,22.32,3.19,19.12,21.1,0.990,1,1,32.6,0.06,32.02,30.0,0
1779285632800,984,UAS-01,449.8,19.19,22.24,3.05,18.34,21.8,0.990,1,1,31.0,0.05,31.82,29.9,0
1779285632833,985,UAS-02,333.9,19.07,22.25,3.18,18.28,21.1,0.990,1,1,31.0,0.26,31.64,30.0,0
1779285632867,986,GND-VEH-01,619.3,19.04,22.20,3.16,18.57,22.4,0.990,1,1,31.0,0.55,31.47,30.0,0
1779285632900,987,PERSON-01,433.1,19.24,22.05,2.81,18.59,21.2,0.990,1,1,32.2,0.35,32.24,29.9,0
1779285632933,988,UAS-01,569.6,19.03,22.25,3.22,19.02,21.8,0.990,1,1,31.0,0.33,31.57,30.1,0
1779285632967,989,UAS-02,868.5,18.63,21.29,2.66,17.76,21.4,0.990,1,1,33.8,0.50,32.16,30.0,0
1779285633000,990,GND-VEH-01,486.4,19.00,22.29,3.29,18.43,22.1,0.990,1,1,31.9,0.02,32.02,29.9,0
1779285633033,991,PERSON-01,544.0,19.07,22.18,3.12,18.93,21.4,0.967,1,1,33.8,0.09,31.71,30.1,0
1779285633067,992,UAS-01,641.9,19.01,22.23,3.22,17.97,22.3,0.990,1,1,31.3,0.16,31.49,30.0,0
1779285633100,993,UAS-02,421.4,18.97,22.03,3.06,17.78,22.7,0.990,1,1,31.0,0.05,31.96,29.9,0
1779285633133,994,GND-VEH-01,694.4,19.15,22.12,2.97,18.55,22.2,0.990,1,1,31.0,0.38,32.38,29.9,0
1779285633167,995,PERSON-01,651.4,19.10,22.06,2.96,18.20,21.3,0.990,1,1,32.7,0.09,31.56,30.1,0
1779285633200,996,UAS-01,368.5,18.77,21.94,3.18,18.14,20.6,0.985,1,1,33.1,0.53,31.68,30.1,0
1779285633233,997,UAS-02,794.7,19.27,22.32,3.05,17.83,21.6,0.990,1,1,31.0,0.06,31.46,30.0,0
1779285633267,998,GND-VEH-01,616.8,19.04,21.98,2.94,18.17,21.4,0.990,1,1,31.0,0.01,31.67,29.9,0
1779285633300,999,PERSON-01,346.3,18.99,22.30,3.31,18.68,23.4,0.990,1,1,31.6,0.01,31.68,30.0,0
1779285633333,1000,UAS-01,511.0,19.05,21.77,2.72,17.87,21.6,0.990,1,1,31.0,0.33,32.11,29.8,0
1779285633367,1001,UAS-02,532.3,18.65,21.70,3.05,17.79,22.0,0.990,1,1,31.0,0.25,31.68,30.0,0
1779285633400,1002,GND-VEH-01,496.4,19.18,22.56,3.38,18.18,23.7,0.990,1,1,31.0,0.06,32.15,30.0,0
1779285633433,1003,PERSON-01,409.1,19.05,21.97,2.92,17.89,21.1,0.990,1,1,31.0,0.02,31.68,30.1,0
1779285633467,1004,UAS-01,456.9,18.97,21.97,2.99,18.91,21.4,0.980,1,1,32.4,0.04,31.98,30.0,0
1779285633500,1005,UAS-02,694.9,19.12,22.23,3.12,17.64,23.9,0.981,1,1,34.1,0.02,31.80,29.9,0
1779285633533,1006,GND-VEH-01,326.6,19.08,22.35,3.27,18.13,22.7,0.990,1,1,31.0,0.04,31.98,30.1,0
1779285633567,1007,PERSON-01,389.0,19.04,22.06,3.02,17.69,23.4,0.990,1,1,31.0,0.12,32.01,30.1,0
1779285633600,1008,UAS-01,343.7,18.96,21.75,2.79,18.00,22.0,0.990,1,1,31.0,0.06,32.29,30.0,0
1779285633633,1009,UAS-02,561.7,18.90,22.09,3.19,19.18,22.0,0.970,1,1,31.4,0.07,32.02,30.0,0
1779285633667,1010,GND-VEH-01,459.8,18.88,22.05,3.17,17.83,21.0,0.990,1,1,31.0,0.10,32.18,29.8,0
1779285633700,1011,PERSON-01,328.5,18.85,22.26,3.41,19.09,20.5,0.990,1,1,33.3,0.12,32.03,30.0,0
1779285633733,1012,UAS-01,516.1,19.15,22.11,2.97,17.55,22.8,0.990,1,1,31.0,0.09,32.13,30.0,0
1779285633767,1013,UAS-02,421.1,19.06,22.34,3.28,18.35,21.9,0.990,1,1,32.9,0.13,31.98,29.9,0
1779285633800,1014,GND-VEH-01,530.0,19.02,22.27,3.25,18.91,21.8,0.990,1,1,31.3,0.37,31.98,29.9,0
1779285633833,1015,PERSON-01,710.3,19.02,21.70,2.68,17.71,21.5,0.990,1,1,31.1,0.33,31.99,30.0,0
1779285633867,1016,UAS-01,627.3,19.04,22.27,3.22,18.44,22.2,0.990,1,1,31.0,0.11,32.19,29.8,0
1779285633900,1017,UAS-02,653.9,18.70,21.63,2.93,17.48,23.3,0.990,1,1,31.0,0.60,31.61,29.9,0
1779285633933,1018,GND-VEH-01,610.9,18.96,22.09,3.13,18.00,22.2,0.990,1,1,31.0,0.10,31.68,30.1,0
1779285633967,1019,PERSON-01,319.6,18.73,21.80,3.07,18.35,21.7,0.990,1,1,32.5,0.00,31.81,30.2,0
1779285634000,1020,UAS-01,316.6,18.99,22.52,3.52,19.07,21.8,0.975,1,1,31.0,0.11,31.76,29.9,0
1779285634033,1021,UAS-02,320.3,18.99,22.37,3.37,17.80,23.1,0.990,1,1,31.0,0.15,32.03,29.8,0
1779285634067,1022,GND-VEH-01,409.6,19.20,22.50,3.30,18.87,22.4,0.990,1,1,32.5,0.02,31.84,30.0,0
1779285634100,1023,PERSON-01,425.6,18.93,22.06,3.13,18.38,22.8,0.975,1,1,32.5,0.22,32.27,30.1,0
1779285634133,1024,UAS-01,379.1,18.87,21.98,3.10,17.70,22.3,0.990,1,1,31.9,0.00,31.94,30.2,0
1779285634167,1025,UAS-02,864.4,18.96,22.24,3.28,18.78,21.8,0.990,1,1,31.1,0.27,31.95,30.1,0
1779285634200,1026,GND-VEH-01,343.0,19.09,22.17,3.08,18.50,22.8,0.990,1,1,31.0,0.13,31.61,29.9,0
1779285634233,1027,PERSON-01,394.3,18.85,22.09,3.24,17.51,22.1,0.976,1,1,31.0,0.12,32.04,30.0,0
1779285634267,1028,UAS-01,357.4,19.15,22.46,3.31,18.09,23.3,0.990,1,1,31.0,0.17,32.23,30.0,0
1779285634300,1029,UAS-02,305.1,19.12,22.32,3.20,18.47,21.2,0.990,1,1,31.1,0.45,32.09,30.1,0
1779285634333,1030,GND-VEH-01,504.0,19.03,22.50,3.47,17.92,22.9,0.985,1,1,33.5,0.04,31.53,30.0,0
1779285634367,1031,PERSON-01,678.9,19.12,22.43,3.31,18.76,21.4,0.990,1,1,31.0,0.37,31.97,30.0,0
1779285634400,1032,UAS-01,362.8,19.07,22.25,3.18,18.58,22.4,0.990,1,1,31.0,0.41,31.92,30.1,0
1779285634433,1033,UAS-02,539.1,18.86,21.95,3.09,18.28,20.3,0.990,1,1,31.0,0.43,32.34,29.9,0
1779285634467,1034,GND-VEH-01,459.8,19.08,22.18,3.10,18.30,20.8,0.980,1,1,33.1,0.33,32.08,30.0,0
1779285634500,1035,PERSON-01,923.4,19.06,22.21,3.16,18.82,22.1,0.990,1,1,31.0,0.10,32.03,29.9,0
1779285634533,1036,UAS-01,593.5,19.02,22.15,3.14,17.93,22.8,0.990,1,1,31.0,0.09,32.38,29.9,0
1779285634567,1037,UAS-02,331.8,19.13,22.42,3.29,18.32,21.9,0.990,1,1,31.9,0.07,31.92,30.1,0
1779285634600,1038,GND-VEH-01,374.1,19.02,22.32,3.29,17.88,21.7,0.972,1,1,31.0,0.49,32.38,30.0,0
1779285634633,1039,PERSON-01,344.4,19.02,22.02,3.00,17.90,21.5,0.990,1,1,31.0,0.03,31.70,29.9,0
1779285634667,1040,UAS-01,485.7,18.89,22.11,3.22,17.60,24.4,0.990,1,1,32.7,0.13,31.89,29.9,0
1779285634700,1041,UAS-02,399.8,19.01,22.30,3.29,18.66,21.7,0.990,1,1,32.0,0.02,31.78,30.0,0
1779285634733,1042,GND-VEH-01,303.6,19.11,22.22,3.11,17.90,21.8,0.990,1,1,31.0,0.09,32.23,29.9,0
1779285634767,1043,PERSON-01,705.0,18.86,21.97,3.11,18.04,21.4,0.977,1,1,31.0,0.05,31.87,30.1,0
1779285634800,1044,UAS-01,748.4,19.06,22.14,3.08,18.15,22.1,0.990,1,1,32.6,0.23,32.21,30.1,0
1779285634833,1045,UAS-02,408.0,19.16,22.46,3.31,18.68,21.0,0.990,1,1,33.0,0.04,31.84,29.9,0
1779285634867,1046,GND-VEH-01,352.9,19.14,22.31,3.17,18.88,22.1,0.983,1,1,32.1,0.10,32.26,30.0,0
1779285634900,1047,PERSON-01,348.1,19.28,22.43,3.15,18.39,20.9,0.990,1,1,31.0,0.43,32.25,29.9,0
1779285634933,1048,UAS-01,335.6,19.28,22.47,3.19,18.40,20.9,0.990,1,1,31.1,0.07,31.86,30.0,0
1779285634967,1049,UAS-02,442.3,19.09,22.09,3.00,18.29,23.4,0.990,1,1,31.0,0.24,32.10,29.9,0
1779285635000,1050,GND-VEH-01,740.6,18.84,21.55,2.72,17.57,20.4,0.990,1,1,33.3,0.34,32.17,30.1,0
1779285635033,1051,PERSON-01,301.5,18.99,22.43,3.45,18.06,22.3,0.990,1,1,32.3,0.53,31.84,30.0,0
1779285635067,1052,UAS-01,332.9,19.08,22.65,3.56,18.91,21.7,0.990,1,1,33.0,0.06,32.17,30.1,0
1779285635100,1053,UAS-02,620.2,18.68,21.65,2.97,18.05,23.6,0.990,1,1,31.0,0.01,31.88,30.2,0
1779285635133,1054,GND-VEH-01,641.9,18.91,22.00,3.09,17.86,21.6,0.990,1,1,31.5,0.04,31.75,30.1,0
1779285635167,1055,PERSON-01,427.3,18.96,22.21,3.25,18.82,22.2,0.990,1,1,31.5,0.15,32.22,29.9,0
1779285635200,1056,UAS-01,515.9,18.96,22.14,3.18,17.58,22.6,0.985,1,1,31.0,0.61,32.28,30.0,0
1779285635233,1057,UAS-02,648.5,18.82,22.25,3.43,19.05,23.0,0.990,1,1,31.0,0.13,31.91,30.0,0
1779285635267,1058,GND-VEH-01,464.3,19.02,22.29,3.27,18.31,22.8,0.990,1,1,33.4,0.15,32.12,29.9,0
1779285635300,1059,PERSON-01,571.6,19.10,22.02,2.92,17.87,21.8,0.990,1,1,31.0,0.06,32.13,29.9,0
1779285635333,1060,UAS-01,491.7,19.02,22.12,3.10,18.15,22.5,0.990,1,1,31.0,0.09,32.23,30.1,0
1779285635367,1061,UAS-02,790.3,18.80,22.04,3.24,18.91,20.9,0.204,0,0,33.5,0.00,32.37,29.9,0
1779285635400,1062,GND-VEH-01,648.4,19.09,22.17,3.08,17.78,23.4,0.990,1,1,31.0,0.02,32.06,30.0,0
1779285635433,1063,PERSON-01,640.5,19.17,22.21,3.04,17.33,22.1,0.990,1,1,31.2,0.22,32.03,29.9,0
1779285635467,1064,UAS-01,544.5,18.76,21.77,3.02,18.41,22.1,0.990,1,1,32.0,0.41,32.14,29.9,0
1779285635500,1065,UAS-02,474.3,18.77,21.74,2.96,18.79,19.8,0.990,1,1,31.0,0.34,32.49,30.0,0
1779285635533,1066,GND-VEH-01,520.2,19.19,22.20,3.01,17.94,23.6,0.990,1,1,31.0,0.28,31.71,30.0,0
1779285635567,1067,PERSON-01,676.0,18.88,22.17,3.29,17.90,22.5,0.974,1,1,33.3,0.07,32.40,30.1,0
1779285635600,1068,UAS-01,471.3,18.97,22.40,3.44,18.55,21.7,0.990,1,1,31.0,0.28,32.58,30.2,0
1779285635633,1069,UAS-02,358.8,19.22,22.41,3.19,18.53,22.2,0.990,1,1,32.7,0.15,32.48,30.0,0
1779285635667,1070,GND-VEH-01,455.8,18.85,21.97,3.11,18.57,21.5,0.966,1,1,31.0,0.33,32.40,30.2,0
1779285635700,1071,PERSON-01,693.8,18.96,21.89,2.93,18.05,22.0,0.990,1,1,33.7,0.04,31.63,30.1,0
1779285635733,1072,UAS-01,526.1,18.92,22.35,3.43,18.63,22.3,0.990,1,1,31.0,0.03,32.09,30.1,0
1779285635767,1073,UAS-02,420.4,18.91,22.45,3.54,18.90,21.8,0.990,1,1,32.3,0.06,32.16,29.9,0
1779285635800,1074,GND-VEH-01,668.7,18.77,21.75,2.98,17.87,22.8,0.987,1,1,31.0,0.10,32.24,30.2,0
1779285635833,1075,PERSON-01,600.4,19.14,22.46,3.32,18.08,22.5,0.990,1,1,31.0,0.16,32.32,30.1,0
1779285635867,1076,UAS-01,485.1,19.01,22.17,3.16,17.93,21.5,0.990,1,1,31.0,0.17,32.05,30.0,0
1779285635900,1077,UAS-02,372.7,19.17,22.40,3.23,18.54,22.4,0.990,1,1,33.1,0.03,32.03,30.1,0
1779285635933,1078,GND-VEH-01,396.2,19.14,22.54,3.39,18.24,21.3,0.990,1,1,31.3,0.14,32.31,29.9,0
1779285635967,1079,PERSON-01,458.2,18.94,22.30,3.36,18.91,22.6,0.990,1,1,31.0,0.15,32.20,30.1,0
1779285636000,1080,UAS-01,804.7,18.89,21.92,3.04,17.53,21.7,0.989,1,1,32.2,0.12,32.05,30.0,0
1779285636033,1081,UAS-02,304.8,18.85,22.13,3.28,18.69,21.0,0.976,1,1,31.0,0.04,32.05,29.9,0
1779285636067,1082,GND-VEH-01,470.9,18.99,22.04,3.04,17.94,22.0,0.977,1,1,32.0,0.09,32.31,30.0,0
1779285636100,1083,PERSON-01,529.7,18.77,21.82,3.06,17.74,22.2,0.983,1,1,34.1,0.07,32.19,30.1,0
1779285636133,1084,UAS-01,378.3,19.16,22.46,3.29,18.40,21.7,0.974,1,1,31.6,0.30,31.64,30.0,0
1779285636167,1085,UAS-02,585.0,19.18,22.51,3.33,18.11,22.3,0.990,1,1,31.0,0.15,32.43,30.1,0
1779285636200,1086,GND-VEH-01,491.3,18.94,21.92,2.99,17.96,21.7,0.990,1,1,31.0,0.17,31.92,29.8,0
1779285636233,1087,PERSON-01,350.3,19.02,22.39,3.37,18.78,22.2,0.988,1,1,31.0,0.08,32.07,30.1,0
1779285636267,1088,UAS-01,369.4,19.12,21.96,2.84,18.31,22.6,0.990,1,1,31.0,0.48,31.99,29.9,0
1779285636300,1089,UAS-02,803.6,18.79,21.93,3.14,18.22,22.3,0.990,1,1,31.0,0.14,31.89,30.1,0
1779285636333,1090,GND-VEH-01,553.7,19.00,22.17,3.17,17.92,22.3,0.978,1,1,34.3,0.11,32.37,30.1,0
1779285636367,1091,PERSON-01,632.4,18.95,22.25,3.30,18.49,21.5,0.982,1,1,31.0,0.02,32.21,29.9,0
1779285636400,1092,UAS-01,627.6,18.80,21.88,3.08,18.28,22.1,0.990,1,1,31.3,0.11,32.60,30.2,0
1779285636433,1093,UAS-02,441.0,18.81,22.02,3.21,17.73,22.0,0.990,1,1,31.0,0.10,32.42,29.9,0
1779285636467,1094,GND-VEH-01,428.9,19.19,22.63,3.44,18.99,21.7,0.990,1,1,32.9,0.26,32.03,30.0,0
1779285636500,1095,PERSON-01,348.1,19.03,22.07,3.04,17.57,21.5,0.990,1,1,35.6,0.62,31.97,30.0,0
1779285636533,1096,UAS-01,396.3,18.74,21.95,3.22,18.21,22.0,0.990,1,1,31.0,0.04,32.38,30.1,0
1779285636567,1097,UAS-02,673.0,18.84,22.01,3.18,17.62,21.2,0.990,1,1,32.5,0.30,32.17,30.1,0
1779285636600,1098,GND-VEH-01,624.8,18.74,21.94,3.20,18.85,22.3,0.990,1,1,31.0,0.53,32.14,29.9,0
1779285636633,1099,PERSON-01,416.4,18.95,22.03,3.08,17.93,21.9,0.990,1,1,31.0,0.01,32.64,29.9,0
1779285636667,1100,UAS-01,340.1,19.05,22.42,3.37,19.11,21.2,0.990,1,1,31.0,0.24,32.31,30.1,0
1779285636700,1101,UAS-02,313.4,19.25,22.40,3.15,18.38,22.7,0.990,1,1,31.4,0.05,32.42,29.9,0
1779285636733,1102,GND-VEH-01,489.5,19.14,22.25,3.11,17.67,21.2,0.990,1,1,34.2,0.17,32.33,29.8,0
1779285636767,1103,PERSON-01,343.0,19.04,22.41,3.38,17.51,23.6,0.986,1,1,32.1,0.23,32.18,30.1,0
1779285636800,1104,UAS-01,410.2,18.80,22.08,3.29,18.47,22.6,0.990,1,1,33.2,0.55,31.95,30.2,0
1779285636833,1105,UAS-02,369.5,19.09,22.10,3.01,17.56,23.1,0.990,1,1,33.2,0.41,32.35,30.0,0
1779285636867,1106,GND-VEH-01,634.4,19.17,21.96,2.80,17.50,21.7,0.978,1,1,31.0,0.26,32.31,30.0,0
1779285636900,1107,PERSON-01,573.5,18.92,22.25,3.33,18.65,21.8,0.989,1,1,31.0,0.02,32.15,29.9,0
1779285636933,1108,UAS-01,452.5,18.95,22.06,3.10,18.34,21.6,0.990,1,1,31.0,0.06,32.65,30.0,0
1779285636967,1109,UAS-02,312.7,19.08,22.11,3.03,18.88,22.3,0.990,1,1,33.1,0.56,32.03,29.8,0
1779285637000,1110,GND-VEH-01,555.9,18.94,22.24,3.30,18.34,21.1,0.990,1,1,31.0,0.10,32.23,30.0,0
1779285637033,1111,PERSON-01,709.2,18.88,21.84,2.96,18.22,20.9,0.990,1,1,31.0,0.46,32.21,30.0,0
1779285637067,1112,UAS-01,430.8,19.01,22.09,3.08,18.07,21.1,0.990,1,1,33.4,0.08,32.31,30.1,0
1779285637100,1113,UAS-02,442.2,19.08,22.54,3.46,19.10,21.9,0.990,1,1,32.0,0.07,32.48,29.9,0
1779285637133,1114,GND-VEH-01,652.6,19.15,22.27,3.11,17.36,23.1,0.990,1,1,31.3,0.05,32.37,30.0,0
1779285637167,1115,PERSON-01,649.2,19.10,22.02,2.92,18.51,21.5,0.983,1,1,31.0,0.13,32.51,29.9,0
1779285637200,1116,UAS-01,411.3,18.91,21.95,3.04,17.80,22.8,0.982,1,1,31.0,0.32,32.62,30.0,0
1779285637233,1117,UAS-02,309.0,18.87,21.81,2.94,17.89,20.7,0.990,1,1,32.2,0.01,32.38,30.1,0
1779285637267,1118,GND-VEH-01,375.0,18.89,22.03,3.14,17.68,21.9,0.990,1,1,31.0,0.01,32.51,30.0,0
1779285637300,1119,PERSON-01,479.8,19.17,22.01,2.85,18.37,20.9,0.990,1,1,32.2,0.32,32.51,29.9,0
1779285637333,1120,UAS-01,565.7,19.21,22.36,3.15,18.44,21.5,0.978,1,1,31.0,0.11,32.64,30.0,0
1779285637367,1121,UAS-02,317.3,18.79,21.96,3.17,18.67,21.9,0.990,1,1,31.2,0.11,32.35,30.0,0
1779285637400,1122,GND-VEH-01,625.0,19.06,21.96,2.91,17.62,21.7,0.990,1,1,32.7,0.12,32.53,30.0,0
1779285637433,1123,PERSON-01,385.2,19.14,22.46,3.31,18.69,22.2,0.990,1,1,31.0,0.36,32.69,29.9,0
1779285637467,1124,UAS-01,610.4,19.34,22.27,2.93,18.13,22.1,0.986,1,1,31.0,0.60,32.42,30.1,0
1779285637500,1125,UAS-02,437.6,18.89,22.33,3.44,18.85,21.2,0.990,1,1,31.2,0.35,32.16,29.9,0
1779285637533,1126,GND-VEH-01,479.7,19.05,22.32,3.27,17.97,22.3,0.990,1,1,33.0,0.02,32.82,30.0,0
1779285637567,1127,PERSON-01,746.8,19.10,21.89,2.79,17.64,21.8,0.990,1,1,32.0,0.41,32.73,29.9,0
1779285637600,1128,UAS-01,304.9,19.03,22.52,3.50,18.23,23.6,0.990,1,1,32.4,0.52,32.35,29.9,0
1779285637633,1129,UAS-02,692.6,18.93,22.03,3.10,18.45,21.7,0.990,1,1,31.0,0.38,32.37,30.0,0
1779285637667,1130,GND-VEH-01,391.5,18.99,22.11,3.12,17.91,22.0,0.990,1,1,33.7,0.31,32.43,29.9,0
1779285637700,1131,PERSON-01,373.4,18.93,22.55,3.62,18.71,22.2,0.990,1,1,31.0,0.01,32.56,29.8,0
1779285637733,1132,UAS-01,345.7,19.05,22.56,3.51,18.96,20.3,0.990,1,1,32.7,0.17,32.28,30.0,0
1779285637767,1133,UAS-02,303.3,19.17,22.51,3.34,17.94,24.0,0.990,1,1,31.0,0.26,32.37,30.1,0
1779285637800,1134,GND-VEH-01,551.5,19.05,22.12,3.07,18.59,22.2,0.990,1,1,31.0,0.42,32.76,30.0,0
1779285637833,1135,PERSON-01,506.7,19.07,22.35,3.28,18.82,21.8,0.987,1,1,31.0,0.07,32.75,30.0,0
1779285637867,1136,UAS-01,436.1,18.87,21.89,3.02,17.53,23.6,0.990,1,1,31.0,0.15,32.89,29.9,0
1779285637900,1137,UAS-02,575.7,18.90,21.92,3.02,17.74,22.6,0.990,1,1,31.8,0.10,32.59,30.0,0
1779285637933,1138,GND-VEH-01,645.7,19.07,22.22,3.15,18.23,21.0,0.990,1,1,31.6,0.22,32.21,30.0,0
1779285637967,1139,PERSON-01,630.2,18.80,21.80,3.00,18.44,21.5,0.990,1,1,31.2,0.17,32.44,29.9,0
1779285638000,1140,UAS-01,445.0,18.92,22.08,3.16,18.33,20.2,0.990,1,1,31.0,0.65,32.29,30.0,0
1779285638033,1141,UAS-02,388.4,18.94,22.32,3.39,18.06,22.9,0.990,1,1,31.0,0.01,32.67,30.0,0
1779285638067,1142,GND-VEH-01,575.3,18.92,21.75,2.83,17.51,21.6,0.990,1,1,31.0,0.31,32.53,30.0,0
1779285638100,1143,PERSON-01,305.2,18.78,21.91,3.13,17.85,23.1,0.990,1,1,31.0,0.07,32.87,30.1,0
1779285638133,1144,UAS-01,516.9,19.00,22.33,3.32,18.02,21.3,0.990,1,1,32.8,0.22,32.43,30.2,0
1779285638167,1145,UAS-02,303.4,19.11,22.23,3.11,18.75,21.1,0.990,1,1,31.0,0.08,32.37,30.0,0
1779285638200,1146,GND-VEH-01,348.3,18.77,21.89,3.12,18.59,21.7,0.979,1,1,32.9,0.08,32.46,29.9,0
1779285638233,1147,PERSON-01,322.2,19.23,22.48,3.25,18.71,21.9,0.990,1,1,32.2,0.38,32.62,20.1,1
1779285638267,1148,UAS-01,790.8,18.75,21.91,3.16,18.75,20.7,0.975,1,1,33.3,0.29,32.26,30.2,0
1779285638300,1149,UAS-02,435.4,18.83,21.95,3.12,18.64,21.3,0.974,1,1,31.0,0.24,32.96,30.0,0
1779285638333,1150,GND-VEH-01,370.6,19.10,22.46,3.36,17.97,22.4,0.990,1,1,31.0,0.09,32.14,30.1,0
1779285638367,1151,PERSON-01,481.4,19.07,22.47,3.40,18.56,20.9,0.990,1,1,31.0,0.28,32.26,29.9,0
1779285638400,1152,UAS-01,529.8,18.94,21.90,2.97,18.57,21.3,0.990,1,1,31.8,0.08,32.09,30.0,0
1779285638433,1153,UAS-02,567.9,18.71,21.61,2.90,17.48,21.1,0.990,1,1,31.0,0.17,32.48,30.0,0
1779285638467,1154,GND-VEH-01,525.7,19.00,22.09,3.08,17.90,22.9,0.990,1,1,31.7,0.32,32.33,30.2,0
1779285638500,1155,PERSON-01,610.8,19.25,22.32,3.07,18.05,21.3,0.986,1,1,31.0,0.24,32.58,29.9,0
1779285638533,1156,UAS-01,476.9,19.14,22.40,3.26,18.34,22.1,0.990,1,1,31.9,0.02,32.46,29.9,0
1779285638567,1157,UAS-02,353.2,18.87,21.85,2.97,18.14,22.4,0.990,1,1,31.0,0.20,32.24,29.9,0
1779285638600,1158,GND-VEH-01,306.3,19.33,22.81,3.48,18.73,22.7,0.990,1,1,31.0,0.20,32.43,30.0,0
1779285638633,1159,PERSON-01,391.3,19.08,21.90,2.82,17.68,23.3,0.990,1,1,31.1,0.19,32.54,30.1,0
1779285638667,1160,UAS-01,596.7,18.88,22.02,3.14,18.53,22.5,0.990,1,1,31.0,0.06,32.29,30.0,0
1779285638700,1161,UAS-02,447.2,19.14,22.51,3.36,18.74,21.8,0.990,1,1,31.0,0.10,32.67,30.0,0
1779285638733,1162,GND-VEH-01,380.7,19.01,22.04,3.03,17.73,22.9,0.990,1,1,31.0,0.24,32.50,30.1,0
1779285638767,1163,PERSON-01,317.2,18.78,22.31,3.53,19.26,22.8,0.980,1,1,31.0,0.64,32.43,30.0,0
1779285638800,1164,UAS-01,669.9,18.89,21.88,2.99,17.84,22.6,0.990,1,1,31.8,0.14,32.25,30.1,0
1779285638833,1165,UAS-02,370.9,18.94,22.27,3.33,18.76,21.2,0.990,1,1,31.0,0.15,32.43,30.1,0
1779285638867,1166,GND-VEH-01,567.1,18.85,21.95,3.10,18.37,22.3,0.986,1,1,31.0,0.05,32.17,30.1,0
1779285638900,1167,PERSON-01,564.7,18.96,22.18,3.22,18.11,22.3,0.990,1,1,33.4,0.11,32.58,30.1,0
1779285638933,1168,UAS-01,574.1,19.12,22.41,3.29,18.48,21.4,0.953,1,1,31.0,0.44,32.59,29.9,0
1779285638967,1169,UAS-02,354.9,19.02,22.39,3.37,18.66,22.8,0.977,1,1,31.0,0.10,32.10,29.9,0
1779285639000,1170,GND-VEH-01,476.2,18.80,21.96,3.16,18.28,20.1,0.990,1,1,31.3,0.06,32.70,30.1,0
1779285639033,1171,PERSON-01,525.7,18.94,22.23,3.29,18.30,21.8,0.990,1,1,31.0,0.27,32.47,30.0,0
1779285639067,1172,UAS-01,326.6,18.94,22.01,3.07,18.34,22.1,0.990,1,1,31.4,0.13,32.58,30.1,0
1779285639100,1173,UAS-02,343.2,19.09,22.24,3.15,18.32,21.3,0.990,1,1,31.0,0.17,32.44,30.0,0
1779285639133,1174,GND-VEH-01,310.7,18.95,21.91,2.96,17.92,21.1,0.990,1,1,31.0,0.11,32.85,30.0,0
1779285639167,1175,PERSON-01,664.6,19.20,22.21,3.01,17.48,22.5,0.982,1,1,32.3,0.05,32.49,30.2,0
1779285639200,1176,UAS-01,387.8,19.03,22.22,3.20,18.56,23.3,0.987,1,1,33.7,0.08,32.72,30.1,0
1779285639233,1177,UAS-02,660.7,19.08,22.16,3.08,18.56,22.8,0.990,1,1,31.6,0.38,32.49,30.1,0
1779285639267,1178,GND-VEH-01,414.2,19.06,22.15,3.09,17.77,22.0,0.990,1,1,31.0,0.12,33.00,30.2,0
1779285639300,1179,PERSON-01,481.4,18.98,22.03,3.04,18.62,22.1,0.990,1,1,31.0,0.23,32.17,30.0,0
1779285639333,1180,UAS-01,425.8,19.01,22.20,3.19,18.24,23.3,0.990,1,1,32.7,0.07,32.26,30.0,0
1779285639367,1181,UAS-02,504.3,18.83,22.19,3.36,18.27,21.6,0.990,1,1,31.0,0.28,32.57,30.0,0
1779285639400,1182,GND-VEH-01,417.9,19.30,22.57,3.27,17.74,23.3,0.990,1,1,32.0,0.17,32.40,30.0,0
1779285639433,1183,PERSON-01,389.5,19.13,22.44,3.31,18.45,21.8,0.990,1,1,31.0,0.27,32.16,29.9,0
1779285639467,1184,UAS-01,450.5,18.96,22.33,3.37,18.52,21.8,0.990,1,1,31.0,0.06,32.89,29.9,0
1779285639500,1185,UAS-02,847.3,18.93,22.00,3.07,17.19,20.7,0.990,1,1,32.4,0.01,32.50,29.9,0
1779285639533,1186,GND-VEH-01,559.8,19.26,22.33,3.06,18.68,22.2,0.990,1,1,32.7,0.05,32.53,30.0,0
1779285639567,1187,PERSON-01,561.7,18.96,22.07,3.10,18.22,20.9,0.990,1,1,31.0,0.44,32.86,30.0,0
1779285639600,1188,UAS-01,460.1,18.97,22.12,3.15,18.53,21.1,0.990,1,1,31.0,0.37,32.35,30.1,0
1779285639633,1189,UAS-02,459.6,18.91,22.04,3.13,17.66,21.2,0.990,1,1,31.0,0.12,32.67,30.1,0
1779285639667,1190,GND-VEH-01,314.0,18.95,21.99,3.04,17.72,22.1,0.990,1,1,31.0,0.17,32.64,30.0,0
1779285639700,1191,PERSON-01,378.5,18.77,21.88,3.11,17.99,21.5,0.990,1,1,31.0,0.30,32.68,30.0,0
1779285639733,1192,UAS-01,578.8,18.92,22.35,3.43,18.92,22.5,0.990,1,1,31.0,0.04,32.66,30.1,0
1779285639767,1193,UAS-02,416.2,18.93,22.17,3.24,18.08,22.8,0.990,1,1,31.0,0.01,32.46,30.0,0
1779285639800,1194,GND-VEH-01,465.9,18.84,21.78,2.94,17.57,23.1,0.990,1,1,32.4,0.27,32.71,29.8,0
1779285639833,1195,PERSON-01,619.8,19.16,22.40,3.23,18.22,21.0,0.990,1,1,32.5,0.03,33.16,30.0,0
1779285639867,1196,UAS-01,659.9,19.02,22.34,3.32,18.90,21.6,0.990,1,1,31.0,0.21,32.33,30.0,0
1779285639900,1197,UAS-02,402.3,19.18,22.43,3.25,18.31,22.5,0.990,1,1,31.0,0.14,32.61,30.0,0
1779285639933,1198,GND-VEH-01,457.5,19.14,22.27,3.13,18.03,21.7,0.990,1,1,31.0,0.33,32.33,29.8,0
1779285639967,1199,PERSON-01,451.7,19.13,22.26,3.14,18.20,21.4,0.990,1,1,32.4,0.12,32.67,30.0,0
1779285640000,1200,UAS-01,696.3,19.00,22.16,3.16,18.09,22.2,0.990,1,1,32.2,0.12,32.66,29.9,0
1779285640033,1201,UAS-02,395.2,19.01,21.91,2.90,18.09,22.0,0.970,1,1,32.5,0.08,32.23,30.1,0
1779285640067,1202,GND-VEH-01,466.2,19.16,22.35,3.19,17.58,22.5,0.990,1,1,31.0,0.33,33.08,30.2,0
1779285640100,1203,PERSON-01,654.9,18.87,22.20,3.32,18.58,20.5,0.990,1,1,34.0,0.10,32.67,29.9,0
1779285640133,1204,UAS-01,392.6,18.74,21.85,3.11,18.08,22.4,0.981,1,1,33.8,0.11,32.53,30.0,0
1779285640167,1205,UAS-02,394.0,19.12,22.49,3.36,18.31,22.9,0.988,1,1,33.4,0.14,32.43,29.9,0
1779285640200,1206,GND-VEH-01,440.5,19.12,22.21,3.09,18.59,22.6,0.990,1,1,31.0,0.14,32.66,30.1,0
1779285640233,1207,PERSON-01,776.7,19.00,21.98,2.98,18.19,23.1,0.970,1,1,31.0,0.03,32.78,30.1,0
1779285640267,1208,UAS-01,719.4,19.24,22.56,3.32,18.94,22.4,0.990,1,1,31.0,0.39,32.16,29.9,0
1779285640300,1209,UAS-02,659.0,19.28,22.40,3.12,18.69,20.7,0.990,1,1,33.2,0.48,32.83,29.9,0
1779285640333,1210,GND-VEH-01,400.5,18.95,22.03,3.08,17.91,22.7,0.990,1,1,31.0,0.29,32.60,30.0,0
1779285640367,1211,PERSON-01,355.0,19.00,22.08,3.07,17.10,23.7,0.984,1,1,31.1,0.26,32.89,29.9,0
1779285640400,1212,UAS-01,303.0,19.08,22.21,3.13,18.23,22.1,0.990,1,1,33.6,0.27,32.28,29.9,0
1779285640433,1213,UAS-02,424.5,19.00,21.70,2.70,17.66,21.4,0.990,1,1,31.0,0.02,32.77,30.0,0
1779285640467,1214,GND-VEH-01,694.9,19.25,22.19,2.94,18.05,20.6,0.990,1,1,31.0,0.01,32.54,30.0,0
1779285640500,1215,PERSON-01,572.0,18.89,22.08,3.19,18.31,23.4,0.990,1,1,31.0,0.19,33.09,29.9,0
1779285640533,1216,UAS-01,347.9,19.29,22.75,3.47,18.59,22.1,0.990,1,1,31.0,0.02,32.70,30.0,0
1779285640567,1217,UAS-02,471.4,18.75,21.59,2.84,17.55,21.2,0.990,1,1,31.0,0.11,32.63,30.1,0
1779285640600,1218,GND-VEH-01,477.6,18.76,22.10,3.34,18.45,21.0,0.987,1,1,31.0,0.04,32.60,29.9,0
1779285640633,1219,PERSON-01,451.3,19.06,22.26,3.20,18.34,21.6,0.990,1,1,31.0,0.04,32.75,29.9,0
1779285640667,1220,UAS-01,410.7,18.97,21.94,2.96,18.12,23.5,0.990,1,1,31.0,0.10,32.43,30.1,0
1779285640700,1221,UAS-02,607.8,18.91,22.21,3.30,18.36,21.9,0.986,1,1,31.0,0.13,32.66,30.0,0
1779285640733,1222,GND-VEH-01,670.7,19.23,22.42,3.19,17.73,22.9,0.990,1,1,34.1,0.13,32.63,30.1,0
1779285640767,1223,PERSON-01,555.8,19.01,22.11,3.09,17.81,22.7,0.990,1,1,31.0,0.66,32.77,29.8,0
1779285640800,1224,UAS-01,629.0,19.12,22.11,2.99,18.03,22.1,0.984,1,1,31.0,0.04,32.37,30.0,0
1779285640833,1225,UAS-02,484.6,18.95,22.33,3.38,18.76,22.3,0.990,1,1,31.0,0.28,32.36,30.1,0
1779285640867,1226,GND-VEH-01,301.4,19.02,22.24,3.21,18.00,23.1,0.990,1,1,31.0,0.55,32.88,30.1,0
1779285640900,1227,PERSON-01,812.2,18.90,22.08,3.18,18.10,23.4,0.990,1,1,31.0,0.25,32.45,30.1,0
1779285640933,1228,UAS-01,446.2,19.11,22.33,3.22,18.31,23.6,0.990,1,1,31.9,0.00,32.58,30.0,0
1779285640967,1229,UAS-02,530.6,18.92,22.13,3.21,18.81,21.5,0.990,1,1,31.9,0.31,32.72,30.1,0
1779285641000,1230,GND-VEH-01,551.6,18.80,21.73,2.93,17.96,23.0,0.990,1,1,34.0,0.10,32.94,30.1,0
1779285641033,1231,PERSON-01,672.3,19.23,22.43,3.20,18.68,22.0,0.990,1,1,31.0,0.10,33.13,30.0,0
1779285641067,1232,UAS-01,336.0,19.15,22.28,3.13,17.78,22.8,0.958,1,1,31.0,0.30,33.03,30.2,0
1779285641100,1233,UAS-02,461.0,18.94,21.91,2.97,18.08,22.9,0.990,1,1,31.0,0.26,32.96,30.1,0
1779285641133,1234,GND-VEH-01,751.5,18.97,22.32,3.35,18.40,22.6,0.985,1,1,33.9,0.03,33.25,30.0,0
1779285641167,1235,PERSON-01,899.7,19.02,22.04,3.03,17.31,22.8,0.990,1,1,31.0,0.08,32.76,30.0,0
1779285641200,1236,UAS-01,666.1,19.25,22.37,3.12,18.69,21.9,0.990,1,1,31.0,0.31,32.93,30.0,0
1779285641233,1237,UAS-02,588.4,18.91,21.94,3.03,17.88,22.7,0.977,1,1,31.2,0.04,32.68,23.9,1
1779285641267,1238,GND-VEH-01,456.4,19.09,22.32,3.24,18.74,21.4,0.967,1,1,31.0,0.02,32.81,30.0,0
1779285641300,1239,PERSON-01,329.8,19.03,22.29,3.26,18.54,20.6,0.990,1,1,31.4,0.21,32.62,30.0,0
1779285641333,1240,UAS-01,369.9,18.81,22.18,3.38,18.75,22.3,0.990,1,1,33.1,0.04,32.46,30.0,0
1779285641367,1241,UAS-02,652.2,19.03,22.27,3.24,18.82,24.1,0.990,1,1,33.8,0.13,32.65,30.0,0
1779285641400,1242,GND-VEH-01,364.3,19.09,22.20,3.11,17.96,22.4,0.990,1,1,31.9,0.17,33.04,30.0,0
1779285641433,1243,PERSON-01,630.8,18.89,21.81,2.92,17.51,20.9,0.990,1,1,31.0,0.14,32.74,30.0,0
1779285641467,1244,UAS-01,710.1,19.01,22.22,3.22,18.62,22.5,0.980,1,1,32.3,0.21,32.62,30.0,0
1779285641500,1245,UAS-02,540.7,19.05,22.03,2.98,18.10,21.2,0.990,1,1,32.1,0.17,32.82,30.1,0
1779285641533,1246,GND-VEH-01,475.0,19.08,22.54,3.46,17.96,22.3,0.990,1,1,34.6,0.16,32.77,30.1,0
1779285641567,1247,PERSON-01,457.8,19.01,22.15,3.14,17.97,21.6,0.990,1,1,31.0,0.13,32.60,30.1,0
1779285641600,1248,UAS-01,401.7,18.98,22.35,3.37,18.95,21.6,0.990,1,1,31.0,0.10,32.82,30.0,0
1779285641633,1249,UAS-02,663.7,19.14,22.10,2.96,17.43,22.8,0.990,1,1,33.2,0.09,32.65,30.2,0
1779285641667,1250,GND-VEH-01,378.5,18.85,22.19,3.34,18.58,21.4,0.990,1,1,31.0,0.02,32.20,30.0,0
1779285641700,1251,PERSON-01,393.0,18.97,22.22,3.24,17.96,21.6,0.990,1,1,31.0,0.12,33.05,30.0,0
1779285641733,1252,UAS-01,435.0,18.96,22.15,3.19,18.20,20.2,0.990,1,1,31.4,0.08,33.31,30.0,0
1779285641767,1253,UAS-02,595.7,19.06,22.16,3.10,18.67,23.3,0.990,1,1,31.0,0.07,32.59,30.1,0
1779285641800,1254,GND-VEH-01,350.9,18.82,22.10,3.27,18.80,21.4,0.989,1,1,31.0,0.20,32.95,30.1,0
1779285641833,1255,PERSON-01,322.7,19.01,22.38,3.37,19.25,21.4,0.975,1,1,31.0,0.32,33.04,30.0,0
1779285641867,1256,UAS-01,327.6,18.99,22.01,3.02,18.44,21.9,0.990,1,1,31.0,0.13,32.87,30.0,0
1779285641900,1257,UAS-02,445.3,19.17,22.52,3.35,18.95,22.4,0.990,1,1,31.0,0.54,33.15,30.1,0
1779285641933,1258,GND-VEH-01,552.6,19.12,22.42,3.29,17.88,22.5,0.990,1,1,31.0,0.02,32.75,30.0,0
1779285641967,1259,PERSON-01,441.6,19.05,22.02,2.96,17.65,21.9,0.984,1,1,31.0,0.14,32.70,30.0,0
1779285642000,1260,UAS-01,336.1,18.92,22.14,3.22,18.02,21.4,0.990,1,1,31.0,0.06,33.37,30.0,0
1779285642033,1261,UAS-02,472.7,19.01,21.96,2.95,18.17,20.8,0.990,1,1,32.3,0.01,33.17,30.1,0
1779285642067,1262,GND-VEH-01,667.8,18.97,21.62,2.65,18.12,21.4,0.990,1,1,32.5,0.24,33.47,30.1,0
1779285642100,1263,PERSON-01,582.4,18.91,21.81,2.90,17.57,22.0,0.990,1,1,31.3,0.16,32.79,29.9,0
1779285642133,1264,UAS-01,561.6,19.01,22.17,3.16,17.89,22.9,0.979,1,1,34.0,0.24,32.70,30.1,0
1779285642167,1265,UAS-02,695.1,19.20,22.25,3.06,18.88,21.6,0.990,1,1,32.7,0.26,33.12,30.1,0
1779285642200,1266,GND-VEH-01,591.2,18.74,21.94,3.20,18.21,22.3,0.990,1,1,31.4,0.56,33.11,30.0,0
1779285642233,1267,PERSON-01,518.7,19.01,21.98,2.98,18.77,20.5,0.990,1,1,34.2,0.37,32.63,29.9,0
1779285642267,1268,UAS-01,425.2,19.07,22.20,3.14,18.60,22.2,0.990,1,1,31.0,0.33,33.01,30.0,0
1779285642300,1269,UAS-02,549.2,18.92,22.27,3.35,18.62,20.8,0.990,1,1,32.5,0.11,32.97,30.1,0
1779285642333,1270,GND-VEH-01,465.6,18.80,21.62,2.82,17.81,21.6,0.990,1,1,31.0,0.07,32.59,30.1,0
1779285642367,1271,PERSON-01,751.3,18.74,21.47,2.73,18.05,21.3,0.990,1,1,32.4,0.18,32.79,30.1,0
1779285642400,1272,UAS-01,764.6,19.00,21.90,2.89,18.26,21.8,0.990,1,1,33.0,0.41,32.65,30.0,0
1779285642433,1273,UAS-02,574.1,18.93,21.77,2.84,17.47,21.6,0.990,1,1,31.0,0.18,32.85,30.0,0
1779285642467,1274,GND-VEH-01,401.8,18.90,22.18,3.28,17.94,22.3,0.990,1,1,31.0,0.21,32.83,30.0,0
1779285642500,1275,PERSON-01,529.0,18.97,22.15,3.18,17.88,22.0,0.989,1,1,31.9,0.00,33.06,30.0,0
1779285642533,1276,UAS-01,610.6,18.87,22.02,3.15,18.23,22.0,0.990,1,1,31.0,0.34,32.65,29.9,0
1779285642567,1277,UAS-02,503.6,18.97,22.09,3.13,17.92,21.7,0.990,1,1,31.7,0.14,33.02,30.0,0
1779285642600,1278,GND-VEH-01,583.5,19.03,22.07,3.04,17.82,21.5,0.990,1,1,32.9,0.49,32.97,30.0,0
1779285642633,1279,PERSON-01,418.9,18.85,22.00,3.16,18.74,23.1,0.990,1,1,31.0,0.38,33.24,29.9,0
1779285642667,1280,UAS-01,409.1,19.04,22.27,3.23,18.23,21.8,0.990,1,1,31.0,0.25,32.72,29.9,0
1779285642700,1281,UAS-02,585.9,18.84,21.87,3.03,18.79,22.4,0.990,1,1,31.3,0.35,33.17,30.1,0
1779285642733,1282,GND-VEH-01,522.8,18.98,21.98,3.00,17.93,22.9,0.990,1,1,31.0,0.22,33.39,30.1,0
1779285642767,1283,PERSON-01,614.1,18.94,22.12,3.18,18.28,21.1,0.990,1,1,31.5,0.30,33.10,30.0,0
1779285642800,1284,UAS-01,306.2,18.95,22.08,3.13,18.97,22.1,0.990,1,1,31.0,0.43,32.90,30.0,0
1779285642833,1285,UAS-02,346.8,18.99,22.09,3.10,18.83,20.0,0.990,1,1,31.2,0.07,32.57,30.1,0
1779285642867,1286,GND-VEH-01,337.2,19.12,22.55,3.43,18.18,21.7,0.976,1,1,31.0,0.10,33.44,30.0,0
1779285642900,1287,PERSON-01,609.7,19.06,22.08,3.02,17.74,23.1,0.990,1,1,32.1,0.33,33.26,30.0,0
1779285642933,1288,UAS-01,651.7,18.91,21.76,2.85,17.63,21.7,0.990,1,1,31.5,0.40,32.49,30.0,0
1779285642967,1289,UAS-02,361.0,18.86,22.24,3.38,18.62,23.6,0.990,1,1,31.0,0.02,32.77,29.9,0
1779285643000,1290,GND-VEH-01,465.8,18.91,22.18,3.27,17.72,21.8,0.988,1,1,31.0,0.02,33.17,30.1,0
1779285643033,1291,PERSON-01,468.8,19.00,21.97,2.96,17.37,22.3,0.990,1,1,31.8,0.01,32.85,29.8,0
1779285643067,1292,UAS-01,519.4,18.88,21.97,3.08,18.96,21.0,0.990,1,1,33.9,0.08,33.05,30.0,0
1779285643100,1293,UAS-02,376.0,19.18,22.54,3.36,18.20,23.2,0.990,1,1,31.7,0.23,32.92,30.2,0
1779285643133,1294,GND-VEH-01,601.0,19.02,22.13,3.11,17.27,23.3,0.990,1,1,31.8,0.00,32.58,29.9,0
1779285643167,1295,PERSON-01,491.7,19.01,22.21,3.20,18.46,22.3,0.990,1,1,31.0,0.00,33.18,30.0,0
1779285643200,1296,UAS-01,604.1,19.20,22.46,3.26,18.46,21.5,0.968,1,1,31.1,0.12,32.87,29.9,0
1779285643233,1297,UAS-02,620.2,18.92,21.78,2.86,17.92,21.4,0.990,1,1,32.2,0.18,33.15,30.0,0
1779285643267,1298,GND-VEH-01,345.7,19.12,22.21,3.09,17.86,21.7,0.988,1,1,31.0,0.41,33.63,29.8,0
1779285643300,1299,PERSON-01,546.2,19.30,22.50,3.20,17.98,22.8,0.990,1,1,31.0,0.52,33.05,29.8,0
1779285643333,1300,UAS-01,399.1,19.25,22.51,3.27,18.76,21.2,0.990,1,1,31.0,0.10,32.93,29.9,0
1779285643367,1301,UAS-02,495.8,19.11,22.37,3.25,18.66,21.7,0.990,1,1,31.8,0.17,33.09,29.9,0
1779285643400,1302,GND-VEH-01,520.4,19.00,22.13,3.13,18.42,22.1,0.990,1,1,32.7,0.47,33.57,30.0,0
1779285643433,1303,PERSON-01,317.6,19.15,22.23,3.08,18.79,22.5,0.990,1,1,31.0,0.21,32.89,29.9,0
1779285643467,1304,UAS-01,847.3,19.25,21.97,2.73,18.16,21.8,0.990,1,1,31.0,0.14,32.77,30.1,0
1779285643500,1305,UAS-02,382.5,19.03,22.14,3.11,18.84,22.3,0.972,1,1,31.0,0.07,33.70,30.1,0
1779285643533,1306,GND-VEH-01,378.3,19.13,22.07,2.94,18.34,22.6,0.990,1,1,31.0,0.40,33.01,30.1,0
1779285643567,1307,PERSON-01,369.3,19.13,22.07,2.94,17.75,22.3,0.990,1,1,31.0,0.07,33.45,30.1,0
1779285643600,1308,UAS-01,605.1,18.89,21.53,2.64,17.31,22.1,0.990,1,1,31.0,0.20,33.53,30.0,0
1779285643633,1309,UAS-02,329.2,19.07,21.97,2.90,18.17,23.1,0.990,1,1,31.9,0.47,32.90,30.2,0
1779285643667,1310,GND-VEH-01,390.5,18.80,22.11,3.31,17.81,21.9,0.990,1,1,31.0,0.07,33.01,30.0,0
1779285643700,1311,PERSON-01,601.7,18.97,22.24,3.27,18.16,21.3,0.990,1,1,32.1,0.27,33.28,30.0,0
1779285643733,1312,UAS-01,484.4,19.12,22.39,3.27,18.59,22.8,0.990,1,1,31.0,0.12,32.83,30.0,0
1779285643767,1313,UAS-02,493.4,19.10,22.28,3.18,18.40,21.0,0.990,1,1,31.0,0.20,33.02,29.9,0
1779285643800,1314,GND-VEH-01,307.5,19.13,22.23,3.10,18.54,21.9,0.990,1,1,31.0,0.34,33.25,30.1,0
1779285643833,1315,PERSON-01,647.7,19.24,22.18,2.94,17.86,20.8,0.980,1,1,32.5,0.15,33.42,30.0,0
1779285643867,1316,UAS-01,394.9,18.86,22.10,3.24,18.30,24.5,0.990,1,1,32.7,0.00,33.23,30.1,0
1779285643900,1317,UAS-02,424.7,18.83,22.08,3.25,18.49,20.8,0.990,1,1,31.0,0.56,32.58,30.2,0
1779285643933,1318,GND-VEH-01,486.7,18.86,22.00,3.14,18.06,22.5,0.983,1,1,32.1,0.18,33.09,30.0,0
1779285643967,1319,PERSON-01,599.3,19.12,22.47,3.35,18.28,21.1,0.990,1,1,31.0,0.34,32.75,30.0,0
1779285644000,1320,UAS-01,323.4,19.17,22.56,3.39,19.19,20.9,0.984,1,1,32.9,0.23,33.12,30.1,0
1779285644033,1321,UAS-02,558.2,18.88,22.14,3.26,18.17,21.8,0.990,1,1,33.1,0.20,32.83,29.9,0
1779285644067,1322,GND-VEH-01,312.2,19.17,22.51,3.34,18.57,22.3,0.990,1,1,34.3,0.33,33.22,30.0,0
1779285644100,1323,PERSON-01,523.7,19.01,22.36,3.35,18.25,23.2,0.990,1,1,31.0,0.04,33.31,30.0,0
1779285644133,1324,UAS-01,383.4,18.91,22.12,3.20,17.81,23.1,0.990,1,1,31.0,0.06,32.93,30.0,0
1779285644167,1325,UAS-02,405.8,19.17,22.24,3.07,18.35,20.2,0.979,1,1,31.8,0.23,33.63,29.9,0
1779285644200,1326,GND-VEH-01,413.6,19.04,22.13,3.08,18.03,21.8,0.990,1,1,31.0,0.05,33.00,30.0,0
1779285644233,1327,PERSON-01,449.5,19.16,22.44,3.29,17.62,22.0,0.990,1,1,31.0,0.18,33.05,29.9,0
1779285644267,1328,UAS-01,566.2,18.68,21.49,2.81,18.45,21.3,0.984,1,1,33.0,0.04,33.02,30.1,0
1779285644300,1329,UAS-02,596.9,19.06,22.27,3.21,18.32,23.3,0.990,1,1,31.0,0.08,32.57,30.0,0
1779285644333,1330,GND-VEH-01,476.3,19.33,22.85,3.52,18.98,22.8,0.990,1,1,31.0,0.51,32.76,30.0,0
1779285644367,1331,PERSON-01,404.7,19.11,22.09,2.98,17.28,23.0,0.977,1,1,31.0,0.05,33.03,29.9,0
1779285644400,1332,UAS-01,353.7,19.06,22.30,3.24,18.53,21.9,0.970,1,1,31.0,0.05,33.10,30.1,0
1779285644433,1333,UAS-02,481.5,19.10,22.34,3.25,18.51,21.4,0.990,1,1,31.4,0.06,33.26,29.9,0
1779285644467,1334,GND-VEH-01,408.8,19.15,22.56,3.41,18.07,22.1,0.982,1,1,31.5,0.29,32.82,30.1,0
1779285644500,1335,PERSON-01,326.7,19.04,22.18,3.13,17.43,22.5,0.990,1,1,33.6,0.42,32.82,29.9,0
1779285644533,1336,UAS-01,328.7,18.93,22.25,3.32,18.15,22.4,0.990,1,1,31.0,0.32,33.27,30.0,0
1779285644567,1337,UAS-02,358.0,19.21,22.32,3.11,18.33,23.3,0.989,1,1,31.3,0.05,33.03,30.0,0
1779285644600,1338,GND-VEH-01,570.7,19.04,21.95,2.91,17.51,22.8,0.990,1,1,31.0,0.21,33.45,30.0,0
1779285644633,1339,PERSON-01,758.7,18.99,21.80,2.81,17.39,22.7,0.990,1,1,31.8,0.10,33.07,30.0,0
1779285644667,1340,UAS-01,463.4,18.72,21.70,2.98,17.57,22.9,0.983,1,1,33.0,0.11,33.32,30.0,0
1779285644700,1341,UAS-02,512.4,18.95,22.23,3.29,17.46,21.2,0.990,1,1,32.1,0.32,33.00,29.8,0
1779285644733,1342,GND-VEH-01,310.9,19.09,22.42,3.33,18.78,21.4,0.977,1,1,34.8,0.53,33.26,29.9,0
1779285644767,1343,PERSON-01,593.6,18.92,22.17,3.25,18.08,21.8,0.985,1,1,31.9,0.53,33.35,30.0,0
1779285644800,1344,UAS-01,356.8,18.85,22.23,3.38,18.49,21.8,0.990,1,1,33.3,0.16,33.33,30.1,0
1779285644833,1345,UAS-02,349.5,18.79,22.08,3.29,18.70,21.3,0.990,1,1,33.3,0.03,33.27,29.9,0
1779285644867,1346,GND-VEH-01,523.6,19.10,22.21,3.11,18.00,22.7,0.990,1,1,31.2,0.01,33.30,30.1,0
1779285644900,1347,PERSON-01,450.3,18.84,21.99,3.15,18.51,23.7,0.971,1,1,32.3,0.21,33.59,29.9,0
1779285644933,1348,UAS-01,456.9,18.88,22.11,3.23,18.62,22.8,0.990,1,1,31.0,0.23,32.93,30.0,0
1779285644967,1349,UAS-02,570.3,19.03,21.74,2.71,17.44,22.1,0.990,1,1,32.4,0.18,33.16,30.0,0
1779285645000,1350,GND-VEH-01,807.4,18.84,21.96,3.12,17.94,22.5,0.990,1,1,31.0,0.08,33.74,30.1,0
1779285645033,1351,PERSON-01,367.6,18.78,21.92,3.14,17.27,23.2,0.973,1,1,31.3,0.31,33.12,29.8,0
1779285645067,1352,UAS-01,328.5,18.88,21.85,2.97,18.28,21.6,0.990,1,1,31.0,0.56,32.94,30.2,0
1779285645100,1353,UAS-02,575.7,19.15,22.56,3.41,17.67,23.1,0.990,1,1,32.5,0.16,33.23,30.1,0
1779285645133,1354,GND-VEH-01,733.1,19.04,22.17,3.13,17.67,23.5,0.990,1,1,31.0,0.10,33.20,30.0,0
1779285645167,1355,PERSON-01,785.5,19.11,22.01,2.89,18.08,22.9,0.977,1,1,33.0,0.19,33.17,30.1,0
1779285645200,1356,UAS-01,710.6,19.18,22.07,2.90,18.61,22.3,0.989,1,1,33.7,0.49,33.30,29.9,0
1779285645233,1357,UAS-02,416.4,19.04,22.30,3.27,18.47,23.0,0.990,1,1,31.0,0.06,33.33,30.0,0
1779285645267,1358,GND-VEH-01,783.9,18.94,21.91,2.97,17.45,21.3,0.990,1,1,32.8,0.21,33.06,29.9,0
1779285645300,1359,PERSON-01,356.8,19.06,22.57,3.52,18.88,22.5,0.990,1,1,31.0,0.26,32.76,30.0,0
1779285645333,1360,UAS-01,304.5,18.88,22.02,3.14,18.29,20.9,0.990,1,1,32.1,0.22,33.11,29.9,0
1779285645367,1361,UAS-02,609.3,19.12,22.49,3.37,18.75,21.6,0.990,1,1,31.0,0.25,33.55,29.8,0
1779285645400,1362,GND-VEH-01,1047.2,19.21,22.23,3.02,18.48,20.8,0.990,1,1,31.1,0.37,33.50,30.0,0
1779285645433,1363,PERSON-01,903.1,18.87,21.89,3.02,18.09,21.2,0.990,1,1,31.0,0.08,33.43,30.0,0
1779285645467,1364,UAS-01,436.0,19.08,21.86,2.78,17.82,21.5,0.990,1,1,31.0,0.39,33.20,30.0,0
1779285645500,1365,UAS-02,452.7,19.01,22.42,3.41,18.77,21.5,0.990,1,1,32.2,0.08,33.45,30.0,0
1779285645533,1366,GND-VEH-01,425.5,19.09,22.03,2.95,17.49,23.2,0.981,1,1,32.1,0.21,33.07,30.0,0
1779285645567,1367,PERSON-01,381.4,18.94,22.06,3.12,18.24,20.9,0.984,1,1,31.0,0.15,33.37,30.1,0
1779285645600,1368,UAS-01,326.7,18.77,21.94,3.17,18.51,21.3,0.988,1,1,31.5,0.31,33.82,30.0,0
1779285645633,1369,UAS-02,485.2,18.96,22.25,3.30,19.01,21.8,0.990,1,1,32.7,0.03,33.34,29.9,0
1779285645667,1370,GND-VEH-01,383.7,19.19,22.33,3.14,18.63,22.4,0.990,1,1,31.4,0.19,33.33,30.0,0
1779285645700,1371,PERSON-01,610.3,19.19,22.47,3.28,17.83,23.7,0.990,1,1,31.0,0.06,33.16,30.1,0
1779285645733,1372,UAS-01,399.9,19.11,22.19,3.07,18.06,21.8,0.990,1,1,31.0,0.23,33.63,30.1,0
1779285645767,1373,UAS-02,335.3,18.91,22.21,3.29,18.07,23.6,0.990,1,1,31.0,0.22,33.40,30.0,0
1779285645800,1374,GND-VEH-01,348.3,18.93,22.46,3.52,18.93,23.4,0.990,1,1,32.0,0.27,33.25,30.0,0
1779285645833,1375,PERSON-01,426.6,19.00,21.95,2.95,18.33,22.6,0.960,1,1,31.0,0.20,33.12,30.0,0
1779285645867,1376,UAS-01,426.8,19.18,22.25,3.07,18.24,22.5,0.990,1,1,31.0,0.18,33.39,30.0,0
1779285645900,1377,UAS-02,773.6,18.92,21.93,3.01,17.69,22.2,0.990,1,1,31.7,0.36,33.31,30.0,0
1779285645933,1378,GND-VEH-01,726.7,18.79,21.95,3.16,18.47,22.3,0.990,1,1,31.0,0.22,33.71,30.0,0
1779285645967,1379,PERSON-01,554.1,19.02,22.17,3.16,18.57,21.1,0.990,1,1,31.0,0.38,33.37,29.9,0
1779285646000,1380,UAS-01,636.4,18.95,21.94,2.99,18.49,21.5,0.990,1,1,32.6,0.26,32.81,30.0,0
1779285646033,1381,UAS-02,567.0,18.87,21.77,2.91,17.37,21.4,0.990,1,1,31.3,0.31,33.64,30.0,0
1779285646067,1382,GND-VEH-01,784.3,18.93,22.07,3.14,18.05,21.1,0.990,1,1,31.0,0.02,33.31,29.9,0
1779285646100,1383,PERSON-01,340.9,19.04,22.38,3.34,19.02,21.9,0.990,1,1,31.0,0.26,33.40,29.9,0
1779285646133,1384,UAS-01,479.1,19.03,22.01,2.98,18.16,21.0,0.967,1,1,32.3,0.01,32.96,29.9,0
1779285646167,1385,UAS-02,504.7,18.73,21.91,3.18,18.22,21.2,0.990,1,1,33.9,0.15,33.06,30.0,0
1779285646200,1386,GND-VEH-01,458.4,18.97,21.56,2.58,17.57,21.9,0.990,1,1,32.1,0.50,33.63,29.8,0
1779285646233,1387,PERSON-01,375.4,19.18,22.64,3.45,18.70,22.5,0.990,1,1,32.5,0.20,33.29,30.1,0
1779285646267,1388,UAS-01,350.6,19.17,22.35,3.18,18.92,22.2,0.990,1,1,32.3,0.06,33.71,30.0,0
1779285646300,1389,UAS-02,441.3,18.83,22.23,3.40,18.47,21.3,0.976,1,1,31.0,0.09,33.62,30.0,0
1779285646333,1390,GND-VEH-01,684.1,18.96,22.02,3.07,17.93,23.8,0.990,1,1,31.2,0.07,33.83,30.1,0
1779285646367,1391,PERSON-01,595.0,18.76,21.90,3.13,18.46,20.7,0.985,1,1,32.3,0.15,33.65,29.9,0
1779285646400,1392,UAS-01,498.7,18.92,21.92,3.00,18.51,21.4,0.990,1,1,31.0,0.25,33.57,29.9,0
1779285646433,1393,UAS-02,845.9,18.86,21.64,2.78,17.59,21.4,0.990,1,1,31.0,0.26,33.69,30.0,0
1779285646467,1394,GND-VEH-01,309.4,18.89,22.37,3.47,18.72,23.4,0.990,1,1,31.0,0.47,33.68,29.9,0
1779285646500,1395,PERSON-01,326.8,19.14,22.69,3.55,18.86,22.0,0.990,1,1,32.9,0.49,32.95,30.0,0
1779285646533,1396,UAS-01,339.0,18.95,22.13,3.18,18.21,23.9,0.990,1,1,31.0,0.01,33.54,30.0,0
1779285646567,1397,UAS-02,338.3,19.19,22.22,3.04,17.72,22.7,0.990,1,1,31.0,0.07,33.38,30.0,0
1779285646600,1398,GND-VEH-01,416.1,18.81,21.93,3.12,18.10,21.7,0.990,1,1,31.0,0.31,33.61,30.0,0
1779285646633,1399,PERSON-01,661.6,19.15,22.41,3.26,18.74,21.9,0.990,1,1,31.0,0.03,33.14,30.1,0
1779285646667,1400,UAS-01,493.1,19.21,22.29,3.08,17.83,23.2,0.990,1,1,31.5,0.21,33.91,29.8,0
1779285646700,1401,UAS-02,652.4,19.03,21.72,2.68,17.82,21.5,0.990,1,1,33.0,0.29,33.44,30.0,0
1779285646733,1402,GND-VEH-01,319.2,19.15,22.60,3.44,19.26,21.9,0.980,1,1,31.0,0.32,33.71,30.0,0
1779285646767,1403,PERSON-01,340.6,18.91,22.46,3.55,19.07,21.3,0.990,1,1,33.2,0.25,33.66,30.0,0
1779285646800,1404,UAS-01,551.4,18.80,21.61,2.82,17.32,21.4,0.990,1,1,31.0,0.39,33.23,30.1,0
1779285646833,1405,UAS-02,497.8,19.10,22.37,3.26,18.24,21.6,0.969,1,1,31.0,0.09,33.20,30.1,0
1779285646867,1406,GND-VEH-01,382.9,18.95,22.14,3.20,18.47,22.6,0.989,1,1,31.0,0.12,33.13,29.9,0
1779285646900,1407,PERSON-01,486.2,18.78,21.59,2.81,17.65,21.6,0.990,1,1,32.4,0.23,33.06,30.2,0
1779285646933,1408,UAS-01,483.1,18.92,22.10,3.17,18.56,22.1,0.990,1,1,31.3,0.63,33.52,30.0,0
1779285646967,1409,UAS-02,426.4,18.99,22.11,3.12,18.48,22.0,0.990,1,1,31.0,0.13,33.84,30.1,0
1779285647000,1410,GND-VEH-01,789.8,18.98,21.88,2.90,17.84,21.4,0.987,1,1,31.0,0.28,33.32,30.1,0
1779285647033,1411,PERSON-01,982.4,18.75,21.69,2.94,18.26,21.1,0.973,1,1,33.5,0.18,33.84,29.8,0
1779285647067,1412,UAS-01,562.8,19.18,22.15,2.97,17.62,22.0,0.990,1,1,32.6,0.03,33.51,30.1,0
1779285647100,1413,UAS-02,410.2,19.12,22.37,3.25,18.35,20.9,0.990,1,1,31.0,0.01,33.68,30.0,0
1779285647133,1414,GND-VEH-01,325.6,18.93,22.44,3.50,19.12,21.9,0.988,1,1,31.0,0.14,33.41,30.0,0
1779285647167,1415,PERSON-01,521.7,18.89,22.23,3.34,18.33,21.3,0.982,1,1,34.1,0.41,32.94,30.1,0
1779285647200,1416,UAS-01,360.7,19.02,22.36,3.34,19.27,21.3,0.990,1,1,31.0,0.56,33.74,30.1,0
1779285647233,1417,UAS-02,466.7,18.91,22.27,3.36,18.82,21.9,0.976,1,1,33.6,0.08,33.39,29.9,0
1779285647267,1418,GND-VEH-01,574.7,18.83,22.20,3.36,18.92,22.7,0.990,1,1,31.0,0.38,33.34,30.0,0
1779285647300,1419,PERSON-01,394.8,19.19,22.44,3.25,18.71,22.1,0.990,1,1,31.0,0.19,33.18,30.1,0
1779285647333,1420,UAS-01,474.0,18.90,22.18,3.28,18.49,21.3,0.177,0,0,31.0,0.00,33.62,30.1,0
1779285647367,1421,UAS-02,355.1,18.93,22.15,3.22,18.58,21.3,0.990,1,1,31.7,0.20,34.06,30.2,0
1779285647400,1422,GND-VEH-01,465.5,19.18,22.68,3.50,18.38,20.6,0.990,1,1,31.0,0.09,33.85,30.0,0
1779285647433,1423,PERSON-01,523.6,19.03,22.11,3.07,17.63,23.0,0.978,1,1,31.0,0.11,33.46,30.0,0
1779285647467,1424,UAS-01,454.1,18.90,21.92,3.01,17.35,20.9,0.990,1,1,31.0,0.44,33.34,30.0,0
1779285647500,1425,UAS-02,528.1,19.01,21.95,2.95,18.20,22.2,0.990,1,1,31.5,0.27,33.16,29.9,0
1779285647533,1426,GND-VEH-01,642.0,18.83,21.90,3.07,18.69,21.7,0.990,1,1,33.3,0.25,33.44,30.0,0
1779285647567,1427,PERSON-01,787.3,18.99,21.90,2.91,18.47,21.2,0.990,1,1,31.1,0.54,34.00,30.1,0
1779285647600,1428,UAS-01,350.1,18.83,21.96,3.13,18.77,23.3,0.990,1,1,32.0,0.10,33.50,30.1,0
1779285647633,1429,UAS-02,313.8,18.92,21.82,2.90,18.39,20.9,0.990,1,1,33.4,0.08,33.74,30.1,0
1779285647667,1430,GND-VEH-01,505.6,19.09,21.96,2.86,17.35,21.4,0.990,1,1,31.0,0.31,33.72,30.0,0
1779285647700,1431,PERSON-01,752.5,19.17,22.30,3.13,18.16,21.1,0.990,1,1,31.3,0.38,33.45,29.9,0
1779285647733,1432,UAS-01,646.0,18.80,21.74,2.94,17.79,21.9,0.990,1,1,31.0,0.20,33.60,30.2,0
1779285647767,1433,UAS-02,862.9,18.86,21.66,2.80,17.28,21.6,0.990,1,1,31.0,0.46,33.70,30.1,0
1779285647800,1434,GND-VEH-01,556.2,19.19,22.50,3.31,18.30,23.6,0.990,1,1,35.2,0.22,33.91,29.9,0
1779285647833,1435,PERSON-01,633.4,18.90,21.97,3.06,18.02,21.4,0.990,1,1,31.2,0.39,33.39,30.2,0
1779285647867,1436,UAS-01,364.7,19.10,22.44,3.34,18.32,23.0,0.990,1,1,31.0,0.00,33.44,30.2,0
1779285647900,1437,UAS-02,616.2,18.94,21.76,2.82,18.57,20.8,0.980,1,1,31.0,0.06,33.64,30.0,0
1779285647933,1438,GND-VEH-01,923.8,19.18,22.14,2.97,17.50,22.3,0.990,1,1,31.0,0.21,33.28,30.0,0
1779285647967,1439,PERSON-01,514.4,19.00,22.37,3.38,18.20,21.2,0.990,1,1,31.6,0.50,33.40,29.9,0
1779285648000,1440,UAS-01,381.9,18.86,22.25,3.39,19.26,21.2,0.990,1,1,32.0,0.10,33.58,30.1,0
1779285648033,1441,UAS-02,475.0,18.86,21.58,2.73,17.11,22.2,0.988,1,1,32.7,0.18,33.27,30.1,0
1779285648067,1442,GND-VEH-01,397.4,18.95,22.34,3.40,18.92,21.0,0.990,1,1,31.0,0.18,33.50,30.1,0
1779285648100,1443,PERSON-01,841.7,19.11,21.84,2.73,18.43,21.8,0.990,1,1,31.8,0.25,33.71,29.8,0
1779285648133,1444,UAS-01,832.3,19.06,22.14,3.08,17.94,22.0,0.990,1,1,32.3,0.14,33.56,30.0,0
1779285648167,1445,UAS-02,342.2,19.15,22.42,3.27,18.12,22.7,0.990,1,1,32.3,0.33,33.41,30.0,0
1779285648200,1446,GND-VEH-01,538.8,18.99,22.21,3.22,18.56,22.4,0.979,1,1,31.2,0.24,33.21,30.0,0
1779285648233,1447,PERSON-01,445.7,19.23,22.74,3.51,19.11,21.6,0.990,1,1,31.6,0.32,33.48,30.0,0
1779285648267,1448,UAS-01,598.0,19.01,22.15,3.14,17.64,22.4,0.984,1,1,34.0,0.00,33.57,30.0,0
1779285648300,1449,UAS-02,578.2,19.09,22.52,3.43,18.80,22.3,0.990,1,1,31.9,0.56,33.61,30.0,0
1779285648333,1450,GND-VEH-01,380.6,19.13,22.16,3.04,17.54,23.2,0.990,1,1,31.0,0.15,33.98,30.2,0
1779285648367,1451,PERSON-01,313.2,18.83,21.79,2.96,17.80,23.3,0.975,1,1,31.0,0.08,33.79,30.0,0
1779285648400,1452,UAS-01,455.2,18.97,22.06,3.10,17.91,23.1,0.990,1,1,34.2,0.30,33.37,30.0,0
1779285648433,1453,UAS-02,592.6,18.93,22.37,3.44,18.88,21.9,0.990,1,1,32.4,0.15,33.59,29.9,0
1779285648467,1454,GND-VEH-01,532.5,19.21,22.38,3.17,18.29,20.7,0.990,1,1,31.0,0.31,33.55,30.1,0
1779285648500,1455,PERSON-01,717.1,18.98,21.95,2.98,18.19,22.6,0.990,1,1,32.3,0.22,33.33,30.0,0
1779285648533,1456,UAS-01,526.3,19.07,22.30,3.24,18.09,21.0,0.990,1,1,32.2,0.16,33.59,29.9,0
1779285648567,1457,UAS-02,567.1,18.77,21.93,3.15,18.14,21.9,0.987,1,1,31.0,0.32,33.84,30.0,0
1779285648600,1458,GND-VEH-01,372.7,19.14,22.52,3.38,18.31,21.5,0.990,1,1,31.0,0.17,33.93,30.0,0
1779285648633,1459,PERSON-01,951.9,18.88,21.65,2.77,17.01,23.3,0.990,1,1,31.0,0.24,33.52,29.9,0
1779285648667,1460,UAS-01,528.3,18.91,22.19,3.29,17.62,21.9,0.989,1,1,31.0,0.12,33.55,30.0,0
1779285648700,1461,UAS-02,377.3,19.17,22.53,3.37,19.07,20.8,0.990,1,1,34.1,0.25,33.57,30.0,0
1779285648733,1462,GND-VEH-01,335.0,19.01,22.15,3.13,18.32,21.4,0.982,1,1,31.0,0.33,33.38,30.0,0
1779285648767,1463,PERSON-01,328.5,18.88,22.12,3.24,18.31,22.7,0.990,1,1,31.6,0.11,33.81,30.1,0
1779285648800,1464,UAS-01,437.3,19.04,22.13,3.09,17.60,21.8,0.979,1,1,31.0,0.10,33.81,30.0,0
1779285648833,1465,UAS-02,551.5,19.06,21.95,2.88,17.83,21.4,0.990,1,1,33.8,0.08,33.65,29.8,0
1779285648867,1466,GND-VEH-01,357.8,18.85,22.12,3.28,18.33,22.9,0.989,1,1,31.0,0.15,33.65,30.0,0
1779285648900,1467,PERSON-01,362.9,19.06,22.39,3.33,19.27,21.8,0.990,1,1,31.2,0.06,33.54,30.0,0
1779285648933,1468,UAS-01,412.9,18.84,22.30,3.46,18.10,22.4,0.987,1,1,31.1,0.14,33.52,29.8,0
1779285648967,1469,UAS-02,476.0,19.10,22.35,3.25,18.31,21.1,0.990,1,1,31.0,0.06,33.57,30.0,0
1779285649000,1470,GND-VEH-01,365.4,18.98,22.07,3.09,18.08,22.5,0.990,1,1,32.2,0.34,33.94,30.0,0
1779285649033,1471,PERSON-01,454.9,18.93,22.10,3.17,18.13,22.9,0.990,1,1,32.3,0.25,33.91,29.9,0
1779285649067,1472,UAS-01,386.4,19.03,22.22,3.19,18.32,21.2,0.990,1,1,31.0,0.23,34.00,29.9,0
1779285649100,1473,UAS-02,367.3,19.15,22.17,3.02,18.62,21.4,0.990,1,1,31.5,0.16,33.82,30.0,0
1779285649133,1474,GND-VEH-01,315.7,18.86,21.87,3.01,17.80,21.7,0.990,1,1,31.0,0.72,34.14,30.0,0
1779285649167,1475,PERSON-01,306.5,19.04,21.89,2.84,17.62,24.0,0.990,1,1,32.5,0.34,33.65,30.0,0
1779285649200,1476,UAS-01,305.5,18.88,21.93,3.04,18.48,22.3,0.983,1,1,32.6,0.30,33.50,30.1,0
1779285649233,1477,UAS-02,704.4,18.95,22.29,3.34,18.51,21.5,0.990,1,1,32.4,0.07,33.41,29.8,0
1779285649267,1478,GND-VEH-01,437.5,18.95,21.91,2.96,17.88,21.3,0.990,1,1,33.3,0.09,33.72,30.0,0
1779285649300,1479,PERSON-01,432.8,19.01,22.46,3.45,17.92,23.5,0.990,1,1,31.0,0.44,33.67,30.0,0
1779285649333,1480,UAS-01,343.7,18.77,21.97,3.19,18.28,22.4,0.990,1,1,31.1,0.18,33.96,30.2,0
1779285649367,1481,UAS-02,507.3,18.84,22.07,3.23,18.69,24.1,0.988,1,1,31.7,0.27,33.56,29.9,0
1779285649400,1482,GND-VEH-01,432.5,19.05,22.24,3.19,18.22,21.5,0.990,1,1,31.0,0.28,34.01,30.2,0
1779285649433,1483,PERSON-01,379.1,19.16,22.29,3.13,18.19,22.2,0.990,1,1,31.0,0.37,33.21,30.1,0
1779285649467,1484,UAS-01,630.0,19.09,22.04,2.96,17.87,22.0,0.986,1,1,31.0,0.31,34.00,30.0,0
1779285649500,1485,UAS-02,371.6,19.04,22.23,3.19,18.25,22.7,0.975,1,1,31.7,0.07,33.73,30.1,0
1779285649533,1486,GND-VEH-01,513.9,19.09,22.30,3.21,18.16,22.0,0.988,1,1,31.0,0.03,34.00,30.1,0
1779285649567,1487,PERSON-01,750.5,18.88,22.31,3.43,18.40,22.0,0.990,1,1,31.0,0.17,33.75,30.0,0
1779285649600,1488,UAS-01,366.0,19.35,22.77,3.42,18.52,22.0,0.990,1,1,31.2,0.32,33.65,30.1,0
1779285649633,1489,UAS-02,694.6,18.88,22.15,3.27,18.82,23.3,0.990,1,1,34.6,0.05,34.05,30.0,0
1779285649667,1490,GND-VEH-01,667.0,18.95,22.12,3.17,17.96,22.9,0.990,1,1,31.0,0.14,33.48,30.0,0
1779285649700,1491,PERSON-01,789.9,18.80,21.62,2.82,17.84,21.9,0.987,1,1,31.0,0.27,34.17,30.0,0
1779285649733,1492,UAS-01,502.3,19.11,22.25,3.13,17.84,23.6,0.990,1,1,34.4,0.28,33.61,29.8,0
1779285649767,1493,UAS-02,389.3,19.06,22.30,3.24,18.48,20.7,0.990,1,1,31.0,0.19,33.65,29.9,0
1779285649800,1494,GND-VEH-01,551.1,19.24,22.39,3.15,18.68,20.8,0.990,1,1,31.0,0.36,33.49,30.1,0
1779285649833,1495,PERSON-01,332.8,18.87,22.56,3.69,18.92,22.1,0.982,1,1,32.4,0.09,33.85,29.9,0
1779285649867,1496,UAS-01,510.6,19.00,22.29,3.29,18.30,22.5,0.977,1,1,31.0,0.01,34.23,30.0,0
1779285649900,1497,UAS-02,623.3,19.10,21.84,2.74,17.98,21.9,0.985,1,1,31.5,0.44,34.30,30.0,0
1779285649933,1498,GND-VEH-01,377.2,18.99,21.72,2.74,18.00,21.9,0.990,1,1,31.0,0.59,34.08,30.0,0
1779285649967,1499,PERSON-01,401.4,18.96,22.23,3.28,18.03,23.3,0.990,1,1,31.0,0.08,33.74,30.0,0
1779285650000,1500,UAS-01,413.5,18.71,21.84,3.13,18.03,23.0,0.990,1,1,31.0,0.09,33.56,30.0,0
1779285650033,1501,UAS-02,835.2,18.98,22.08,3.10,17.84,21.8,0.990,1,1,33.8,0.32,33.75,30.1,0
1779285650067,1502,GND-VEH-01,381.1,19.04,22.16,3.13,18.13,23.1,0.990,1,1,32.9,0.26,34.08,30.1,0
1779285650100,1503,PERSON-01,313.0,18.95,22.49,3.53,19.18,22.3,0.983,1,1,31.0,0.03,33.94,30.0,0
1779285650133,1504,UAS-01,459.1,18.93,22.18,3.26,18.12,23.0,0.990,1,1,31.0,0.27,33.68,30.1,0
1779285650167,1505,UAS-02,341.7,19.10,22.33,3.23,18.73,22.2,0.990,1,1,36.3,0.27,33.50,29.9,0
1779285650200,1506,GND-VEH-01,309.7,19.11,22.13,3.02,18.03,21.3,0.990,1,1,31.0,0.07,34.00,29.9,0
1779285650233,1507,PERSON-01,338.2,18.95,22.15,3.20,18.06,22.4,0.990,1,1,31.8,0.07,33.87,30.0,0
1779285650267,1508,UAS-01,642.5,19.00,21.86,2.86,18.04,21.3,0.990,1,1,31.3,0.03,33.72,30.0,0
1779285650300,1509,UAS-02,635.7,19.01,21.80,2.79,18.01,21.7,0.990,1,1,31.0,0.08,33.77,30.0,0
1779285650333,1510,GND-VEH-01,427.7,19.03,22.15,3.12,18.34,22.2,0.990,1,1,34.7,0.19,33.57,30.0,0
1779285650367,1511,PERSON-01,756.4,18.93,21.87,2.94,18.83,20.5,0.983,1,1,33.1,0.25,33.60,29.9,0
1779285650400,1512,UAS-01,345.3,19.14,22.16,3.02,17.69,20.9,0.969,1,1,33.9,0.20,33.75,30.1,0
1779285650433,1513,UAS-02,334.1,19.07,22.23,3.16,17.93,21.8,0.990,1,1,32.8,0.27,33.85,30.0,0
1779285650467,1514,GND-VEH-01,301.3,18.87,22.15,3.28,18.17,22.0,0.990,1,1,31.0,0.11,33.76,30.0,0
1779285650500,1515,PERSON-01,379.0,18.87,22.16,3.30,18.22,22.9,0.990,1,1,31.0,0.43,34.38,29.8,0
1779285650533,1516,UAS-01,749.2,18.67,21.71,3.04,17.93,22.1,0.990,1,1,31.2,0.40,33.88,30.0,0
1779285650567,1517,UAS-02,411.0,18.90,22.16,3.26,18.53,21.2,0.986,1,1,32.8,0.34,34.32,30.1,0
1779285650600,1518,GND-VEH-01,381.2,19.01,22.38,3.37,18.59,21.6,0.990,1,1,34.2,0.05,33.69,29.9,0
1779285650633,1519,PERSON-01,404.6,19.32,22.46,3.14,17.78,22.4,0.990,1,1,31.0,0.28,33.91,30.2,0
1779285650667,1520,UAS-01,593.1,18.95,22.20,3.24,18.53,23.4,0.990,1,1,31.7,0.27,33.78,30.0,0
1779285650700,1521,UAS-02,530.9,19.04,22.37,3.33,18.00,23.6,0.990,1,1,33.0,0.08,33.69,30.2,0
1779285650733,1522,GND-VEH-01,451.9,19.05,22.20,3.15,17.81,21.1,0.990,1,1,31.0,0.06,33.98,30.1,0
1779285650767,1523,PERSON-01,368.4,18.90,21.81,2.91,17.83,22.8,0.984,1,1,34.0,0.12,33.98,30.0,0
1779285650800,1524,UAS-01,379.8,19.06,22.05,2.99,18.33,22.8,0.990,1,1,34.4,0.26,34.37,30.0,0
1779285650833,1525,UAS-02,376.3,19.11,22.51,3.40,18.34,23.1,0.990,1,1,31.0,0.18,34.23,30.1,0
1779285650867,1526,GND-VEH-01,364.3,19.08,22.12,3.05,18.01,22.0,0.990,1,1,33.2,0.57,33.91,29.9,0
1779285650900,1527,PERSON-01,451.8,19.00,22.10,3.09,17.97,22.6,0.990,1,1,31.0,0.09,33.75,30.0,0
1779285650933,1528,UAS-01,487.8,19.28,22.28,3.00,17.97,20.5,0.990,1,1,35.0,0.31,34.23,30.1,0
1779285650967,1529,UAS-02,697.4,19.14,22.25,3.10,18.28,22.9,0.982,1,1,32.2,0.39,34.09,30.1,0
1779285651000,1530,GND-VEH-01,311.4,19.23,22.34,3.12,18.24,22.2,0.990,1,1,31.0,0.47,33.94,29.9,0
1779285651033,1531,PERSON-01,354.4,18.98,22.19,3.22,18.27,22.1,0.990,1,1,31.0,0.33,33.88,30.1,0
1779285651067,1532,UAS-01,301.0,19.03,22.23,3.21,18.29,22.6,0.990,1,1,31.9,0.06,34.11,29.9,0
1779285651100,1533,UAS-02,336.1,19.08,22.14,3.05,18.15,20.4,0.990,1,1,31.0,0.02,33.87,30.1,0
1779285651133,1534,GND-VEH-01,313.4,18.87,22.07,3.20,17.88,22.4,0.990,1,1,31.0,0.08,34.26,30.1,0
1779285651167,1535,PERSON-01,380.4,18.92,22.01,3.09,18.12,22.2,0.990,1,1,31.0,0.18,33.99,30.0,0
1779285651200,1536,UAS-01,376.6,19.23,22.28,3.05,18.19,22.4,0.990,1,1,31.0,0.46,34.20,30.2,0
1779285651233,1537,UAS-02,336.3,19.05,22.14,3.09,18.42,23.3,0.990,1,1,34.1,0.12,34.03,30.0,0
1779285651267,1538,GND-VEH-01,411.3,18.96,22.18,3.22,18.89,22.3,0.990,1,1,32.7,0.09,33.96,30.1,0
1779285651300,1539,PERSON-01,520.1,18.96,21.94,2.97,18.02,22.4,0.985,1,1,32.9,0.15,34.00,30.1,0
1779285651333,1540,UAS-01,792.9,19.07,22.19,3.12,17.96,22.7,0.990,1,1,31.0,0.28,33.94,30.1,0
1779285651367,1541,UAS-02,483.4,19.23,22.66,3.42,18.39,22.4,0.990,1,1,31.0,0.30,34.16,30.0,0
1779285651400,1542,GND-VEH-01,541.5,18.95,22.06,3.10,18.35,22.4,0.969,1,1,33.1,0.25,33.67,30.0,0
1779285651433,1543,PERSON-01,392.9,18.91,22.35,3.44,18.45,20.2,0.990,1,1,31.0,0.05,33.87,29.9,0
1779285651467,1544,UAS-01,878.5,19.03,21.99,2.96,18.15,21.5,0.990,1,1,31.0,0.08,34.22,30.1,0
1779285651500,1545,UAS-02,757.5,18.95,22.13,3.19,18.16,21.8,0.990,1,1,33.6,0.25,33.99,30.0,0
1779285651533,1546,GND-VEH-01,562.3,18.86,21.83,2.97,18.04,21.5,0.990,1,1,31.0,0.41,34.01,30.1,0
1779285651567,1547,PERSON-01,542.0,19.11,22.03,2.92,17.97,22.1,0.984,1,1,32.3,0.13,33.76,29.9,0
1779285651600,1548,UAS-01,407.5,18.99,21.78,2.80,17.64,23.3,0.990,1,1,31.0,0.15,33.53,29.9,0
1779285651633,1549,UAS-02,349.1,19.22,22.17,2.95,18.44,22.8,0.990,1,1,31.0,0.06,34.17,30.2,0
1779285651667,1550,GND-VEH-01,406.8,19.04,22.33,3.29,18.47,21.2,0.990,1,1,31.0,0.17,33.79,30.0,0
1779285651700,1551,PERSON-01,700.6,18.91,21.95,3.04,18.54,21.5,0.990,1,1,31.0,0.11,33.64,30.1,0
1779285651733,1552,UAS-01,536.2,19.18,22.24,3.05,17.95,22.7,0.987,1,1,31.1,0.06,34.19,30.1,0
1779285651767,1553,UAS-02,547.3,18.78,22.24,3.46,18.61,21.3,0.990,1,1,31.6,0.01,34.47,30.1,0
1779285651800,1554,GND-VEH-01,436.9,18.96,22.07,3.11,17.41,23.4,0.990,1,1,31.0,0.41,34.26,29.9,0
1779285651833,1555,PERSON-01,460.4,19.13,22.25,3.12,18.25,20.1,0.975,1,1,31.0,0.20,34.05,30.0,0
1779285651867,1556,UAS-01,332.2,18.99,22.35,3.37,19.53,19.4,0.990,1,1,31.0,0.58,33.67,30.0,0
1779285651900,1557,UAS-02,395.7,18.86,21.95,3.09,18.09,20.7,0.985,1,1,31.2,0.37,34.27,30.0,0
1779285651933,1558,GND-VEH-01,717.9,19.23,22.63,3.40,18.00,21.4,0.990,1,1,31.0,0.49,34.08,29.9,0
1779285651967,1559,PERSON-01,354.2,18.84,22.26,3.42,19.09,22.5,0.984,1,1,31.0,0.33,34.39,29.9,0
1779285652000,1560,UAS-01,487.0,19.07,21.79,2.72,17.18,23.7,0.986,1,1,31.0,0.05,33.70,29.9,0
1779285652033,1561,UAS-02,418.9,19.22,22.14,2.92,17.62,22.6,0.990,1,1,31.0,0.00,34.06,30.0,0
1779285652067,1562,GND-VEH-01,450.6,18.98,22.34,3.36,17.78,21.6,0.990,1,1,31.6,0.28,33.83,30.1,0
1779285652100,1563,PERSON-01,571.9,19.03,22.24,3.21,17.74,22.4,0.986,1,1,34.2,0.11,33.90,30.0,0
1779285652133,1564,UAS-01,345.2,19.00,22.13,3.13,18.19,21.5,0.990,1,1,31.0,0.35,33.93,30.0,0
1779285652167,1565,UAS-02,378.9,18.93,22.15,3.22,18.48,20.7,0.990,1,1,31.0,0.09,34.06,30.1,0
1779285652200,1566,GND-VEH-01,308.0,18.81,22.17,3.36,18.77,20.7,0.990,1,1,31.0,0.12,34.00,29.9,0
1779285652233,1567,PERSON-01,514.7,19.34,22.48,3.14,19.08,21.7,0.990,1,1,31.9,0.38,33.83,30.1,0
1779285652267,1568,UAS-01,712.7,19.14,22.26,3.13,18.11,22.2,0.990,1,1,31.0,0.05,34.18,30.2,0
1779285652300,1569,UAS-02,420.6,19.29,22.45,3.16,18.27,20.9,0.990,1,1,31.0,0.07,34.10,30.0,0
1779285652333,1570,GND-VEH-01,315.0,18.83,22.01,3.19,18.01,22.9,0.973,1,1,31.0,0.17,34.10,30.1,0
1779285652367,1571,PERSON-01,365.0,18.94,21.99,3.06,18.16,21.2,0.990,1,1,31.0,0.22,34.18,30.1,0
1779285652400,1572,UAS-01,361.3,18.91,22.10,3.19,17.68,21.1,0.990,1,1,31.0,0.32,34.35,30.1,0
1779285652433,1573,UAS-02,524.5,18.81,22.17,3.36,17.99,23.9,0.990,1,1,31.0,0.32,34.32,29.9,0
1779285652467,1574,GND-VEH-01,676.5,18.78,21.82,3.04,18.01,22.8,0.990,1,1,31.4,0.01,34.29,30.1,0
1779285652500,1575,PERSON-01,367.2,18.94,22.01,3.07,18.36,23.3,0.990,1,1,31.0,0.21,34.00,30.1,0
1779285652533,1576,UAS-01,341.8,18.99,22.41,3.43,19.12,22.2,0.990,1,1,33.9,0.22,34.25,30.0,0
1779285652567,1577,UAS-02,457.4,19.08,22.31,3.23,18.27,19.8,0.983,1,1,31.3,0.37,34.35,30.0,0
1779285652600,1578,GND-VEH-01,365.2,18.89,22.11,3.22,18.15,21.7,0.989,1,1,31.0,0.01,33.63,29.9,0
1779285652633,1579,PERSON-01,473.4,19.14,22.53,3.38,18.10,22.3,0.974,1,1,32.1,0.16,33.97,30.1,0
1779285652667,1580,UAS-01,428.3,18.92,22.23,3.31,18.80,22.8,0.990,1,1,31.5,0.04,33.73,30.1,0
1779285652700,1581,UAS-02,397.1,19.08,22.50,3.42,18.64,22.5,0.988,1,1,32.4,0.22,33.88,30.0,0
1779285652733,1582,GND-VEH-01,302.7,18.99,22.30,3.31,18.12,21.8,0.983,1,1,31.6,0.05,34.55,30.0,0
1779285652767,1583,PERSON-01,659.9,19.03,22.03,3.00,18.27,20.8,0.990,1,1,31.0,0.14,34.28,30.2,0
1779285652800,1584,UAS-01,375.5,18.78,21.99,3.22,18.20,21.4,0.990,1,1,31.0,0.29,34.38,30.0,0
1779285652833,1585,UAS-02,659.3,19.04,22.09,3.05,17.62,22.7,0.990,1,1,34.2,0.01,34.63,30.0,0
1779285652867,1586,GND-VEH-01,345.0,18.70,21.96,3.26,18.02,21.0,0.990,1,1,31.0,0.04,33.97,29.8,0
1779285652900,1587,PERSON-01,378.6,19.39,22.45,3.06,18.00,22.8,0.990,1,1,32.6,0.04,33.89,30.0,0
1779285652933,1588,UAS-01,306.0,18.99,22.09,3.10,17.80,21.1,0.990,1,1,32.4,0.21,34.36,30.1,0
1779285652967,1589,UAS-02,427.6,19.04,22.00,2.96,18.14,23.0,0.982,1,1,31.7,0.63,33.99,29.9,0
1779285653000,1590,GND-VEH-01,470.4,19.16,22.23,3.07,17.82,22.5,0.977,1,1,33.3,0.36,33.98,30.0,0
1779285653033,1591,PERSON-01,574.7,19.18,22.34,3.15,17.81,23.1,0.990,1,1,31.4,0.24,34.08,30.0,0
1779285653067,1592,UAS-01,408.9,19.27,22.47,3.20,18.28,22.3,0.990,1,1,33.5,0.30,34.38,29.9,0
1779285653100,1593,UAS-02,349.1,18.98,22.14,3.17,18.21,21.7,0.990,1,1,31.0,0.47,34.64,30.0,0
1779285653133,1594,GND-VEH-01,302.1,18.95,22.48,3.54,18.90,21.2,0.983,1,1,33.3,0.17,34.24,30.1,0
1779285653167,1595,PERSON-01,583.8,19.19,22.14,2.95,18.17,22.6,0.990,1,1,32.3,0.44,34.06,30.0,0
1779285653200,1596,UAS-01,385.9,19.06,22.40,3.34,18.56,19.8,0.975,1,1,32.9,0.01,34.13,29.9,0
1779285653233,1597,UAS-02,474.5,18.97,22.05,3.08,17.72,21.8,0.990,1,1,31.0,0.15,34.38,30.2,0
1779285653267,1598,GND-VEH-01,427.9,19.06,22.42,3.36,18.49,20.4,0.990,1,1,31.0,0.22,34.24,29.9,0
1779285653300,1599,PERSON-01,409.7,18.69,21.93,3.24,18.40,22.1,0.990,1,1,31.0,0.59,34.23,29.9,0
1779285653333,1600,UAS-01,358.7,19.17,22.59,3.42,18.67,23.3,0.990,1,1,31.0,0.06,34.08,30.0,0
1779285653367,1601,UAS-02,345.6,18.97,22.28,3.32,18.83,21.9,0.990,1,1,31.0,0.13,34.50,29.9,0
1779285653400,1602,GND-VEH-01,919.9,18.98,21.87,2.89,17.30,22.6,0.989,1,1,31.0,0.07,34.16,30.0,0
1779285653433,1603,PERSON-01,631.3,18.98,22.23,3.26,18.47,21.2,0.986,1,1,31.0,0.17,34.83,29.9,0
1779285653467,1604,UAS-01,695.8,18.75,22.00,3.25,18.70,22.4,0.990,1,1,32.0,0.07,34.49,30.0,0
1779285653500,1605,UAS-02,572.0,19.20,22.43,3.22,18.39,21.8,0.990,1,1,31.0,0.58,34.60,30.0,0
1779285653533,1606,GND-VEH-01,486.9,18.60,21.85,3.25,18.25,21.5,0.987,1,1,35.0,0.07,34.13,30.0,0
1779285653567,1607,PERSON-01,428.4,19.06,22.56,3.51,19.07,20.5,0.983,1,1,31.2,0.45,34.13,30.0,0
1779285653600,1608,UAS-01,568.5,18.85,21.78,2.93,18.21,21.2,0.990,1,1,32.7,0.29,34.23,30.0,0
1779285653633,1609,UAS-02,409.3,19.06,22.31,3.25,17.63,23.2,0.990,1,1,33.8,0.05,34.42,30.0,0
1779285653667,1610,GND-VEH-01,401.4,18.98,22.06,3.08,18.12,21.2,0.976,1,1,31.0,0.11,33.67,30.0,0
1779285653700,1611,PERSON-01,583.7,19.02,22.05,3.04,17.43,23.7,0.990,1,1,35.0,0.45,34.43,29.8,0
1779285653733,1612,UAS-01,629.2,19.05,22.09,3.04,18.07,22.1,0.990,1,1,32.2,0.25,34.31,30.0,0
1779285653767,1613,UAS-02,911.4,18.82,22.00,3.18,18.00,21.9,0.990,1,1,31.0,0.06,33.95,30.0,0
1779285653800,1614,GND-VEH-01,715.3,19.02,22.04,3.02,18.43,21.9,0.990,1,1,31.0,0.07,34.02,30.1,0
1779285653833,1615,PERSON-01,509.5,19.04,22.18,3.13,17.82,21.9,0.980,1,1,32.0,0.03,34.32,29.9,0
1779285653867,1616,UAS-01,702.0,18.97,22.05,3.08,17.85,22.8,0.980,1,1,31.8,0.08,34.51,30.0,0
1779285653900,1617,UAS-02,506.5,18.95,21.99,3.04,17.78,21.9,0.990,1,1,31.0,0.18,34.33,30.0,0
1779285653933,1618,GND-VEH-01,768.9,19.01,22.06,3.05,18.07,21.8,0.990,1,1,31.6,0.07,34.56,30.0,0
1779285653967,1619,PERSON-01,674.0,19.06,22.15,3.09,18.13,22.6,0.987,1,1,31.5,0.32,34.29,29.9,0
1779285654000,1620,UAS-01,317.9,19.05,22.19,3.13,17.62,23.3,0.975,1,1,31.0,0.05,34.39,30.0,0
1779285654033,1621,UAS-02,308.0,19.04,22.38,3.35,18.85,22.3,0.990,1,1,31.0,0.17,34.16,30.1,0
1779285654067,1622,GND-VEH-01,309.1,19.00,22.37,3.37,18.37,22.1,0.980,1,1,31.0,0.04,34.11,30.1,0
1779285654100,1623,PERSON-01,418.2,18.93,22.14,3.20,18.32,20.6,0.990,1,1,31.0,0.18,34.46,30.0,0
1779285654133,1624,UAS-01,747.4,19.03,21.76,2.73,17.22,22.6,0.990,1,1,32.4,0.01,34.19,30.0,0
1779285654167,1625,UAS-02,322.5,18.86,22.16,3.30,17.84,22.3,0.990,1,1,31.3,0.14,34.02,30.1,0
1779285654200,1626,GND-VEH-01,565.8,18.85,21.91,3.05,18.15,22.5,0.990,1,1,32.8,0.05,34.47,29.9,0
1779285654233,1627,PERSON-01,436.3,18.99,22.15,3.16,18.97,22.7,0.990,1,1,31.0,0.58,34.22,30.1,0
1779285654267,1628,UAS-01,405.2,19.15,22.54,3.40,18.42,20.7,0.980,1,1,31.0,0.18,34.45,29.9,0
1779285654300,1629,UAS-02,389.4,18.85,22.06,3.21,18.40,22.7,0.978,1,1,32.4,0.20,34.40,30.2,0
1779285654333,1630,GND-VEH-01,359.4,18.98,22.43,3.45,19.11,20.7,0.990,1,1,31.0,0.24,34.12,30.2,0
1779285654367,1631,PERSON-01,482.0,19.06,22.51,3.45,18.98,22.5,0.990,1,1,31.0,0.14,34.73,30.0,0
1779285654400,1632,UAS-01,327.5,19.17,22.24,3.06,18.13,22.3,0.990,1,1,35.0,0.28,33.89,29.9,0
1779285654433,1633,UAS-02,353.8,19.13,22.11,2.99,17.07,22.6,0.990,1,1,32.5,0.46,34.57,30.0,0
1779285654467,1634,GND-VEH-01,370.8,19.17,22.29,3.12,17.70,21.9,0.990,1,1,31.0,0.35,34.02,30.0,0
1779285654500,1635,PERSON-01,444.5,18.98,22.12,3.14,17.96,23.8,0.990,1,1,31.0,0.11,34.27,30.0,0
1779285654533,1636,UAS-01,879.2,18.83,21.49,2.66,17.27,21.0,0.990,1,1,31.0,0.26,34.22,30.1,0
1779285654567,1637,UAS-02,390.7,19.07,22.15,3.07,18.53,21.8,0.972,1,1,31.5,0.06,34.47,29.9,0
1779285654600,1638,GND-VEH-01,316.3,19.05,22.38,3.33,17.72,22.1,0.990,1,1,32.4,0.18,34.58,30.1,0
1779285654633,1639,PERSON-01,707.2,18.86,22.23,3.37,18.59,22.1,0.990,1,1,31.0,0.00,34.77,30.0,0
1779285654667,1640,UAS-01,388.3,18.95,22.36,3.41,17.88,23.4,0.976,1,1,34.8,0.40,34.02,30.1,0
1779285654700,1641,UAS-02,504.8,18.95,22.01,3.05,18.37,22.1,0.990,1,1,31.3,0.49,34.22,30.0,0
1779285654733,1642,GND-VEH-01,840.6,18.77,21.85,3.08,17.84,22.1,0.990,1,1,31.6,0.53,34.25,30.0,0
1779285654767,1643,PERSON-01,449.5,18.79,22.17,3.38,18.84,22.2,0.990,1,1,34.2,0.04,34.26,30.1,0
1779285654800,1644,UAS-01,499.2,19.07,22.27,3.20,18.18,23.4,0.990,1,1,33.5,0.13,34.27,30.1,0
1779285654833,1645,UAS-02,568.3,19.15,22.06,2.91,18.48,21.7,0.990,1,1,33.4,0.25,34.66,30.2,0
1779285654867,1646,GND-VEH-01,377.8,18.96,22.29,3.33,18.43,22.1,0.990,1,1,31.0,0.13,34.41,30.2,0
1779285654900,1647,PERSON-01,333.7,19.10,22.55,3.45,18.13,22.3,0.990,1,1,31.0,0.18,34.31,30.0,0
1779285654933,1648,UAS-01,596.3,19.09,21.74,2.65,16.88,21.8,0.982,1,1,31.0,0.52,34.08,29.9,0
1779285654967,1649,UAS-02,884.2,18.94,21.81,2.87,18.27,22.1,0.990,1,1,31.0,0.14,34.44,29.8,0
1779285655000,1650,GND-VEH-01,434.9,19.02,22.41,3.39,18.64,22.5,0.990,1,1,31.0,0.08,34.39,30.1,0
1779285655033,1651,PERSON-01,568.6,18.94,22.01,3.07,18.29,21.6,0.990,1,1,32.6,0.06,34.38,29.9,0
1779285655067,1652,UAS-01,396.9,18.80,21.81,3.01,18.02,21.8,0.990,1,1,33.7,0.00,34.37,30.0,0
1779285655100,1653,UAS-02,523.8,18.78,21.58,2.81,17.53,22.6,0.990,1,1,32.8,0.14,34.43,30.0,0
1779285655133,1654,GND-VEH-01,653.4,19.15,22.19,3.04,17.44,22.6,0.990,1,1,31.0,0.00,34.19,30.1,0
1779285655167,1655,PERSON-01,818.0,18.96,21.77,2.82,17.40,22.4,0.990,1,1,31.6,0.20,34.80,30.0,0
1779285655200,1656,UAS-01,349.1,18.90,21.98,3.08,17.85,22.3,0.990,1,1,31.0,0.36,34.27,30.0,0
1779285655233,1657,UAS-02,418.6,18.53,21.92,3.39,18.94,21.1,0.977,1,1,31.0,0.11,34.55,29.8,0
1779285655267,1658,GND-VEH-01,841.7,18.90,21.76,2.87,17.76,21.7,0.990,1,1,31.0,0.35,34.57,29.9,0
1779285655300,1659,PERSON-01,451.9,18.87,22.15,3.28,18.58,21.3,0.990,1,1,33.2,0.29,34.33,30.1,0
1779285655333,1660,UAS-01,575.1,19.17,22.41,3.24,18.43,21.3,0.990,1,1,31.0,0.10,34.83,30.2,0
1779285655367,1661,UAS-02,359.0,19.09,22.28,3.19,18.36,22.8,0.990,1,1,32.0,0.52,34.22,30.1,0
1779285655400,1662,GND-VEH-01,635.0,19.06,22.18,3.12,18.23,22.0,0.990,1,1,31.0,0.35,34.73,29.8,0
1779285655433,1663,PERSON-01,486.1,19.07,22.31,3.25,19.15,21.2,0.990,1,1,31.0,0.27,34.46,30.1,0
1779285655467,1664,UAS-01,776.7,19.27,22.30,3.03,17.58,23.8,0.978,1,1,33.8,0.16,34.50,30.0,0
1779285655500,1665,UAS-02,639.6,19.00,21.88,2.88,17.94,22.0,0.990,1,1,31.0,0.22,34.25,30.1,0
1779285655533,1666,GND-VEH-01,552.8,19.14,22.45,3.31,18.60,22.1,0.988,1,1,31.0,0.04,34.70,30.0,0
1779285655567,1667,PERSON-01,393.6,19.06,22.38,3.32,17.77,22.4,0.990,1,1,32.3,0.02,34.36,30.0,0
1779285655600,1668,UAS-01,488.8,19.14,22.48,3.33,19.01,20.7,0.990,1,1,31.0,0.05,34.11,30.0,0
1779285655633,1669,UAS-02,342.5,19.10,22.72,3.61,18.50,22.3,0.990,1,1,31.0,0.06,34.57,30.2,0
1779285655667,1670,GND-VEH-01,446.6,18.91,22.18,3.27,18.18,22.0,0.990,1,1,31.0,0.40,34.46,30.0,0
1779285655700,1671,PERSON-01,553.2,18.91,21.92,3.01,18.31,22.5,0.990,1,1,31.0,0.23,34.44,29.9,0
1779285655733,1672,UAS-01,888.2,19.13,22.15,3.02,18.25,22.3,0.990,1,1,31.2,0.28,34.31,30.1,0
1779285655767,1673,UAS-02,367.1,18.94,22.39,3.45,18.69,23.1,0.990,1,1,32.3,0.16,34.32,30.0,0
1779285655800,1674,GND-VEH-01,827.9,19.05,21.91,2.86,17.36,20.8,0.977,1,1,31.0,0.11,34.29,29.9,0
1779285655833,1675,PERSON-01,397.0,18.93,22.02,3.09,18.15,21.5,0.984,1,1,31.0,0.18,34.55,30.0,0
1779285655867,1676,UAS-01,375.1,18.88,22.30,3.42,18.62,21.4,0.986,1,1,33.6,0.35,34.89,30.1,0
1779285655900,1677,UAS-02,675.6,18.82,21.99,3.17,18.17,21.7,0.990,1,1,31.0,0.07,34.67,29.9,0
1779285655933,1678,GND-VEH-01,491.9,19.13,22.49,3.36,19.05,21.8,0.979,1,1,31.0,0.30,34.66,30.1,0
1779285655967,1679,PERSON-01,364.3,19.15,22.62,3.48,18.00,22.5,0.981,1,1,32.9,0.24,34.44,29.8,0
1779285656000,1680,UAS-01,393.0,18.95,22.27,3.31,18.81,22.6,0.990,1,1,31.5,0.13,34.97,30.1,0
1779285656033,1681,UAS-02,368.9,19.06,22.27,3.21,18.52,21.6,0.990,1,1,31.0,0.09,34.75,30.0,0
1779285656067,1682,GND-VEH-01,343.8,18.96,22.21,3.25,18.19,23.9,0.989,1,1,31.0,0.22,34.89,30.0,0
1779285656100,1683,PERSON-01,482.9,19.22,22.58,3.35,18.72,20.6,0.990,1,1,31.0,0.35,34.47,30.0,0
1779285656133,1684,UAS-01,417.3,18.88,22.23,3.35,19.35,22.6,0.990,1,1,31.3,0.33,34.75,29.9,0
1779285656167,1685,UAS-02,699.4,19.02,22.05,3.04,17.70,21.7,0.990,1,1,32.6,0.19,34.89,30.1,0
1779285656200,1686,GND-VEH-01,398.0,18.87,22.17,3.31,19.20,20.9,0.990,1,1,31.7,0.19,34.32,29.9,0
1779285656233,1687,PERSON-01,802.8,18.97,21.86,2.89,18.11,21.2,0.990,1,1,31.0,0.00,34.36,29.9,0
1779285656267,1688,UAS-01,665.3,19.15,22.51,3.36,18.77,21.4,0.990,1,1,31.5,0.04,34.45,30.0,0
1779285656300,1689,UAS-02,477.0,18.87,21.76,2.89,18.21,21.4,0.990,1,1,31.0,0.11,34.55,30.0,0
1779285656333,1690,GND-VEH-01,345.4,19.19,22.39,3.20,17.61,23.2,0.990,1,1,32.8,0.08,34.73,30.0,0
1779285656367,1691,PERSON-01,470.5,18.93,21.84,2.91,18.29,21.5,0.990,1,1,33.4,0.04,34.67,30.0,0
1779285656400,1692,UAS-01,629.2,19.21,22.25,3.04,17.67,22.3,0.985,1,1,31.0,0.46,34.85,30.1,0
1779285656433,1693,UAS-02,317.4,19.04,22.39,3.34,18.37,22.9,0.990,1,1,31.0,0.10,34.45,29.8,0
1779285656467,1694,GND-VEH-01,474.5,18.83,22.18,3.35,18.15,22.4,0.990,1,1,32.9,0.15,34.59,30.0,0
1779285656500,1695,PERSON-01,319.4,18.93,21.89,2.95,18.44,20.3,0.990,1,1,31.0,0.22,34.54,30.1,0
1779285656533,1696,UAS-01,457.8,19.00,22.36,3.37,18.52,21.6,0.990,1,1,31.0,0.20,34.50,30.1,0
1779285656567,1697,UAS-02,424.5,18.91,22.16,3.25,18.29,22.2,0.990,1,1,31.0,0.15,34.36,30.0,0
1779285656600,1698,GND-VEH-01,348.3,19.18,22.06,2.88,18.43,22.4,0.990,1,1,31.0,0.04,34.61,29.8,0
1779285656633,1699,PERSON-01,594.7,19.01,22.25,3.24,18.62,21.6,0.990,1,1,33.4,0.09,34.63,29.9,0
1779285656667,1700,UAS-01,519.4,19.05,22.27,3.22,18.41,21.6,0.979,1,1,31.7,0.05,34.93,30.0,0
1779285656700,1701,UAS-02,432.1,19.08,22.28,3.20,18.29,22.9,0.989,1,1,32.6,0.31,34.52,30.0,0
1779285656733,1702,GND-VEH-01,374.5,19.10,22.46,3.36,18.54,21.5,0.990,1,1,31.9,0.29,34.68,29.9,0
1779285656767,1703,PERSON-01,597.5,18.97,21.77,2.80,17.24,22.7,0.990,1,1,31.0,0.14,34.52,29.8,0
1779285656800,1704,UAS-01,349.2,18.74,22.11,3.37,18.29,22.3,0.990,1,1,31.0,0.21,34.56,30.0,0
1779285656833,1705,UAS-02,506.8,19.20,22.29,3.09,18.76,21.9,0.990,1,1,33.9,0.11,34.83,30.1,0
1779285656867,1706,GND-VEH-01,687.8,18.87,21.58,2.71,18.42,21.7,0.990,1,1,31.0,0.03,34.50,29.9,0
1779285656900,1707,PERSON-01,664.4,19.03,22.20,3.17,18.29,20.8,0.990,1,1,32.3,0.57,34.59,30.0,0
1779285656933,1708,UAS-01,818.1,19.14,22.12,2.97,17.95,22.7,0.990,1,1,31.0,0.23,34.76,29.9,0
1779285656967,1709,UAS-02,427.1,19.19,22.20,3.01,18.64,20.3,0.971,1,1,31.1,0.21,34.61,29.9,0
1779285657000,1710,GND-VEH-01,540.0,18.89,21.98,3.09,18.28,22.7,0.990,1,1,31.5,0.08,34.67,30.1,0
1779285657033,1711,PERSON-01,677.0,18.89,21.91,3.03,17.28,23.7,0.957,1,1,31.8,0.03,34.59,29.9,0
1779285657067,1712,UAS-01,497.4,18.89,21.76,2.87,17.88,21.4,0.990,1,1,31.0,0.33,34.73,30.1,0
1779285657100,1713,UAS-02,698.1,19.20,22.27,3.07,18.31,22.3,0.986,1,1,31.6,0.39,34.36,30.1,0
1779285657133,1714,GND-VEH-01,449.8,18.94,21.94,2.99,18.32,23.0,0.990,1,1,34.0,0.25,35.10,30.1,0
1779285657167,1715,PERSON-01,720.3,18.88,21.51,2.63,18.05,22.2,0.983,1,1,32.9,0.02,34.44,30.0,0
1779285657200,1716,UAS-01,620.7,19.02,22.16,3.15,18.19,21.8,0.990,1,1,31.0,0.20,34.75,29.9,0
1779285657233,1717,UAS-02,707.6,18.89,21.85,2.97,18.38,21.5,0.990,1,1,32.9,0.11,34.46,30.1,0
1779285657267,1718,GND-VEH-01,432.2,19.07,22.23,3.16,18.49,20.7,0.990,1,1,31.7,0.04,34.35,30.0,0
1779285657300,1719,PERSON-01,442.2,19.03,22.20,3.18,18.62,21.3,0.990,1,1,33.2,0.05,35.03,29.9,0
1779285657333,1720,UAS-01,489.9,18.90,22.05,3.15,18.32,21.6,0.990,1,1,31.0,0.25,34.77,29.9,0
1779285657367,1721,UAS-02,441.1,19.17,22.62,3.46,18.81,21.5,0.985,1,1,31.0,0.03,34.70,30.0,0
1779285657400,1722,GND-VEH-01,367.4,18.91,22.12,3.21,18.34,21.1,0.990,1,1,32.5,0.18,34.50,30.0,0
1779285657433,1723,PERSON-01,311.8,19.08,22.38,3.30,18.23,21.8,0.990,1,1,33.3,0.02,34.85,29.9,0
1779285657467,1724,UAS-01,575.5,19.13,22.17,3.04,18.37,23.1,0.990,1,1,31.7,0.03,34.55,30.1,0
1779285657500,1725,UAS-02,454.9,18.99,22.29,3.30,18.69,21.7,0.990,1,1,31.0,0.16,34.48,30.0,0
1779285657533,1726,GND-VEH-01,418.7,19.14,22.35,3.21,18.37,21.6,0.990,1,1,33.0,0.09,34.90,30.0,0
1779285657567,1727,PERSON-01,657.3,18.89,22.19,3.30,18.26,22.4,0.990,1,1,33.1,0.06,34.43,30.1,0
1779285657600,1728,UAS-01,537.9,19.26,22.56,3.29,18.78,21.9,0.990,1,1,31.6,0.01,34.54,30.1,0
1779285657633,1729,UAS-02,612.8,19.08,22.20,3.11,17.45,21.9,0.990,1,1,32.2,0.15,34.66,30.1,0
1779285657667,1730,GND-VEH-01,407.6,19.13,22.43,3.31,18.23,22.3,0.984,1,1,31.4,0.00,34.77,30.0,0
1779285657700,1731,PERSON-01,350.6,19.15,22.58,3.42,18.68,22.1,0.990,1,1,31.3,0.00,34.88,29.9,0
1779285657733,1732,UAS-01,431.5,19.21,22.37,3.16,17.57,23.3,0.990,1,1,31.1,0.13,34.61,29.9,0
1779285657767,1733,UAS-02,595.7,19.01,22.08,3.07,18.55,22.4,0.990,1,1,31.0,0.24,34.61,30.0,0
1779285657800,1734,GND-VEH-01,516.9,19.24,22.43,3.19,17.75,22.0,0.990,1,1,33.3,0.08,34.66,30.2,0
1779285657833,1735,PERSON-01,386.1,18.91,21.92,3.01,18.42,23.2,0.990,1,1,31.0,0.04,34.73,30.1,0
1779285657867,1736,UAS-01,354.0,18.97,22.19,3.22,18.50,21.1,0.990,1,1,33.4,0.05,35.16,30.1,0
1779285657900,1737,UAS-02,349.3,19.13,22.42,3.29,18.02,22.0,0.990,1,1,33.1,0.37,34.73,30.1,0
1779285657933,1738,GND-VEH-01,525.1,18.70,21.61,2.91,17.69,21.8,0.990,1,1,31.0,0.00,34.75,29.9,0
1779285657967,1739,PERSON-01,361.1,19.03,21.91,2.87,17.46,22.9,0.990,1,1,31.0,0.06,34.79,29.9,0
1779285658000,1740,UAS-01,862.3,19.04,22.18,3.13,18.23,20.7,0.990,1,1,31.0,0.38,34.92,30.0,0
1779285658033,1741,UAS-02,342.0,18.81,21.75,2.94,18.05,21.1,0.990,1,1,31.0,0.46,34.91,29.8,0
1779285658067,1742,GND-VEH-01,314.9,18.96,22.24,3.28,18.29,22.0,0.990,1,1,33.1,0.08,34.86,30.1,0
1779285658100,1743,PERSON-01,760.9,18.92,21.92,3.00,18.06,21.8,0.990,1,1,31.0,0.20,35.03,29.8,0
1779285658133,1744,UAS-01,360.7,19.12,22.45,3.33,18.05,21.6,0.990,1,1,31.0,0.32,34.95,30.0,0
1779285658167,1745,UAS-02,708.5,19.06,22.12,3.06,18.69,23.0,0.985,1,1,31.0,0.32,34.62,29.9,0
1779285658200,1746,GND-VEH-01,502.0,18.84,22.00,3.16,18.08,22.3,0.979,1,1,31.0,0.49,35.07,30.0,0
1779285658233,1747,PERSON-01,415.2,18.84,21.82,2.99,17.76,23.3,0.990,1,1,31.0,0.18,34.47,30.0,0
1779285658267,1748,UAS-01,413.6,18.68,21.99,3.31,18.15,22.8,0.990,1,1,31.0,0.18,34.70,19.0,1
1779285658300,1749,UAS-02,643.0,19.26,22.39,3.13,18.90,23.3,0.990,1,1,32.3,0.07,34.83,30.1,0
1779285658333,1750,GND-VEH-01,526.0,19.05,22.11,3.06,17.72,24.3,0.966,1,1,31.4,0.21,34.73,30.0,0
1779285658367,1751,PERSON-01,735.5,18.92,21.89,2.97,18.37,21.2,0.990,1,1,31.2,0.36,34.86,30.0,0
1779285658400,1752,UAS-01,830.5,19.04,21.75,2.71,17.79,21.6,0.990,1,1,31.0,0.15,34.95,29.9,0
1779285658433,1753,UAS-02,392.0,19.05,22.08,3.02,18.50,22.4,0.976,1,1,32.4,0.62,34.45,30.1,0
1779285658467,1754,GND-VEH-01,343.9,18.97,22.09,3.13,17.92,21.5,0.990,1,1,32.3,0.00,34.88,30.0,0
1779285658500,1755,PERSON-01,947.6,19.07,21.96,2.90,17.72,22.1,0.990,1,1,31.0,0.49,34.54,30.0,0
1779285658533,1756,UAS-01,570.2,19.00,22.50,3.50,18.73,20.3,0.990,1,1,31.2,0.49,34.94,30.1,0
1779285658567,1757,UAS-02,690.0,18.97,21.92,2.94,17.96,23.6,0.990,1,1,31.5,0.30,34.91,30.1,0
1779285658600,1758,GND-VEH-01,308.1,19.00,22.33,3.33,18.40,21.5,0.990,1,1,31.8,0.06,34.47,30.0,0
1779285658633,1759,PERSON-01,478.4,18.87,22.25,3.38,18.93,21.7,0.990,1,1,31.0,0.30,34.51,30.0,0
1779285658667,1760,UAS-01,608.8,19.07,21.94,2.87,17.40,23.0,0.990,1,1,31.0,0.29,34.63,30.1,0
1779285658700,1761,UAS-02,375.8,18.90,21.98,3.08,18.18,22.4,0.990,1,1,31.8,0.12,34.60,30.0,0
1779285658733,1762,GND-VEH-01,440.4,19.08,22.33,3.25,18.38,21.3,0.990,1,1,32.2,0.07,34.96,29.9,0
1779285658767,1763,PERSON-01,511.2,19.18,22.51,3.33,18.39,22.3,0.990,1,1,31.0,0.12,34.76,30.1,0
1779285658800,1764,UAS-01,479.3,19.05,22.37,3.32,18.55,19.8,0.990,1,1,33.2,0.18,34.82,30.0,0
1779285658833,1765,UAS-02,321.6,19.10,22.27,3.18,18.64,20.7,0.990,1,1,31.0,0.05,34.43,30.1,0
1779285658867,1766,GND-VEH-01,953.7,18.94,22.05,3.10,17.65,22.1,0.990,1,1,31.0,0.01,35.27,29.9,0
1779285658900,1767,PERSON-01,541.7,18.96,22.00,3.04,17.64,23.2,0.990,1,1,31.5,0.05,34.82,30.0,0
1779285658933,1768,UAS-01,786.4,18.99,21.79,2.79,17.69,23.2,0.964,1,1,34.9,0.02,34.85,29.9,0
1779285658967,1769,UAS-02,974.0,18.97,21.57,2.60,18.00,20.8,0.990,1,1,31.6,0.13,34.72,30.1,0
1779285659000,1770,GND-VEH-01,874.3,19.08,21.87,2.78,18.19,22.7,0.986,1,1,31.0,0.34,34.96,30.1,0
1779285659033,1771,PERSON-01,624.7,19.01,21.86,2.85,18.59,21.6,0.990,1,1,34.7,0.26,34.93,29.9,0
1779285659067,1772,UAS-01,579.8,18.97,21.88,2.91,18.20,22.5,0.984,1,1,31.0,0.23,34.98,29.9,0
1779285659100,1773,UAS-02,689.1,18.72,21.90,3.17,17.77,23.5,0.990,1,1,31.3,0.20,35.05,30.0,0
1779285659133,1774,GND-VEH-01,519.5,19.13,22.25,3.12,17.74,22.8,0.990,1,1,31.0,0.13,34.99,30.0,0
1779285659167,1775,PERSON-01,1008.9,19.17,22.25,3.08,17.89,22.7,0.990,1,1,32.4,0.34,34.74,30.0,0
1779285659200,1776,UAS-01,330.1,19.17,22.60,3.43,18.95,22.3,0.988,1,1,31.7,0.11,34.91,30.1,0
1779285659233,1777,UAS-02,529.5,19.07,21.97,2.91,17.63,20.6,0.990,1,1,31.0,0.43,35.12,30.0,0
1779285659267,1778,GND-VEH-01,456.4,18.95,22.29,3.34,18.68,21.3,0.990,1,1,32.1,0.32,34.71,29.8,0
1779285659300,1779,PERSON-01,541.4,19.15,22.26,3.12,17.85,22.8,0.990,1,1,31.0,0.40,34.86,29.9,0
1779285659333,1780,UAS-01,473.7,19.15,22.03,2.88,17.89,21.8,0.990,1,1,31.0,0.07,35.17,30.0,0
1779285659367,1781,UAS-02,336.0,18.80,22.14,3.34,18.51,22.6,0.990,1,1,32.7,0.14,35.02,30.0,0
1779285659400,1782,GND-VEH-01,314.8,18.70,22.23,3.52,19.60,21.2,0.990,1,1,33.0,0.18,34.77,30.0,0
1779285659433,1783,PERSON-01,497.3,18.93,22.12,3.18,17.76,22.1,0.990,1,1,31.4,0.26,34.75,29.9,0
1779285659467,1784,UAS-01,387.6,19.11,22.15,3.04,18.09,22.5,0.990,1,1,31.0,0.04,34.83,30.1,0
1779285659500,1785,UAS-02,586.6,18.72,21.89,3.17,18.49,21.3,0.990,1,1,31.0,0.01,34.51,30.0,0
1779285659533,1786,GND-VEH-01,505.3,18.85,22.10,3.25,19.10,22.3,0.990,1,1,32.8,0.21,34.90,30.0,0
1779285659567,1787,PERSON-01,598.2,19.01,21.90,2.90,18.37,20.9,0.990,1,1,31.0,0.15,35.21,30.2,0
1779285659600,1788,UAS-01,330.4,19.10,22.17,3.07,17.29,21.5,0.988,1,1,31.0,0.13,34.96,30.0,0
1779285659633,1789,UAS-02,371.9,18.80,21.96,3.16,18.05,21.4,0.990,1,1,31.0,0.06,35.16,30.0,0
1779285659667,1790,GND-VEH-01,607.0,18.85,21.72,2.88,17.64,22.7,0.990,1,1,31.9,0.05,35.03,30.0,0
1779285659700,1791,PERSON-01,532.9,19.28,22.73,3.44,18.84,20.2,0.990,1,1,31.0,0.36,34.79,30.0,0
1779285659733,1792,UAS-01,598.0,18.85,22.05,3.20,18.58,21.0,0.990,1,1,32.6,0.35,35.12,29.9,0
1779285659767,1793,UAS-02,447.4,19.13,22.21,3.08,18.47,23.2,0.990,1,1,31.0,0.16,34.82,30.0,0
1779285659800,1794,GND-VEH-01,442.4,19.11,22.33,3.22,18.03,22.8,0.990,1,1,31.0,0.08,35.02,29.9,0
1779285659833,1795,PERSON-01,468.7,19.31,22.19,2.88,17.85,23.0,0.968,1,1,31.0,0.28,35.32,30.2,0
1779285659867,1796,UAS-01,715.9,18.94,22.11,3.18,18.56,21.9,0.990,1,1,31.0,0.26,34.88,30.1,0
1779285659900,1797,UAS-02,585.2,19.02,22.33,3.31,18.20,21.2,0.979,1,1,32.6,0.18,35.46,30.2,0
1779285659933,1798,GND-VEH-01,424.2,19.02,22.27,3.25,17.70,22.4,0.974,1,1,31.0,0.34,35.01,30.0,0
1779285659967,1799,PERSON-01,413.3,18.84,21.72,2.88,18.04,23.1,0.990,1,1,31.0,0.38,34.78,30.0,0
