timestamp,frame_id,target_id,range_m,ambient_temp_c,target_temp_c,delta_t_c,snr_db,netd_mk,detection_confidence,detected,classified,classification_latency_ms,track_error_m,sensor_temp_c,frame_rate_hz,dropped_frame
1779285600000,0,UAS-01,531.3,18.96,22.11,3.15,21.29,19.9,0.990,1,1,28.2,0.39,28.03,20.8,1
1779285600033,1,UAS-02,467.5,18.99,22.47,3.47,22.44,18.5,0.976,1,1,26.0,0.10,27.72,30.0,0
1779285600067,2,GND-VEH-01,495.4,19.12,22.64,3.52,21.90,19.0,0.990,1,1,26.0,0.09,28.30,30.0,0
1779285600100,3,PERSON-01,702.1,19.14,22.85,3.71,22.68,21.0,0.990,1,1,26.0,0.09,27.61,29.9,0
1779285600133,4,UAS-01,396.8,19.09,22.82,3.73,23.48,18.3,0.990,1,1,26.0,0.29,27.86,30.1,0
1779285600167,5,UAS-02,357.1,18.88,22.51,3.63,21.84,17.9,0.990,1,1,26.7,0.24,28.11,30.0,0
1779285600200,6,GND-VEH-01,672.8,19.02,22.57,3.55,22.12,18.7,0.990,1,1,26.0,0.21,27.82,30.1,0
1779285600233,7,PERSON-01,351.6,19.08,22.36,3.28,22.03,19.5,0.985,1,1,26.2,0.48,27.60,30.0,0
1779285600267,8,UAS-01,316.7,18.80,22.55,3.75,21.80,19.5,0.964,1,1,29.1,0.45,27.94,30.0,0
1779285600300,9,UAS-02,540.0,18.83,22.62,3.79,22.99,18.0,0.990,1,1,26.0,0.15,27.89,30.0,0
1779285600333,10,GND-VEH-01,415.5,19.06,22.53,3.47,22.28,19.2,0.990,1,1,26.0,0.02,28.07,29.9,0
1779285600367,11,PERSON-01,338.5,18.98,22.82,3.84,22.90,17.6,0.988,1,1,26.0,0.15,27.68,30.0,0
1779285600400,12,UAS-01,425.5,18.78,22.12,3.34,21.43,19.5,0.974,1,1,26.0,0.02,28.04,30.0,0
1779285600433,13,UAS-02,323.1,19.08,23.05,3.97,22.16,19.4,0.990,1,1,28.4,0.20,28.05,30.1,0
1779285600467,14,GND-VEH-01,391.4,19.23,22.61,3.39,21.70,17.8,0.990,1,1,26.0,0.14,27.74,30.1,0
1779285600500,15,PERSON-01,663.4,18.95,22.12,3.17,21.70,20.1,0.988,1,1,27.1,0.36,28.15,29.9,0
1779285600533,16,UAS-01,546.2,19.03,22.58,3.55,22.11,19.4,0.990,1,1,26.0,0.05,27.88,30.2,0
1779285600567,17,UAS-02,401.6,19.02,22.88,3.86,22.12,18.9,0.990,1,1,29.8,0.02,28.08,30.1,0
1779285600600,18,GND-VEH-01,381.9,19.01,22.83,3.82,22.25,19.7,0.990,1,1,28.1,0.07,28.17,30.0,0
1779285600633,19,PERSON-01,551.7,19.21,22.45,3.24,21.65,19.6,0.990,1,1,26.1,0.31,28.15,30.1,0
1779285600667,20,UAS-01,412.3,19.03,22.80,3.77,22.76,18.4,0.990,1,1,26.0,0.10,27.92,30.0,0
1779285600700,21,UAS-02,444.3,18.76,22.13,3.37,21.61,20.0,0.984,1,1,26.0,0.14,27.73,30.0,0
1779285600733,22,GND-VEH-01,429.7,19.20,22.72,3.52,22.52,18.8,0.990,1,1,26.0,0.07,28.35,30.2,0
1779285600767,23,PERSON-01,534.1,19.14,22.62,3.48,22.09,19.2,0.990,1,1,29.3,0.29,27.65,30.0,0
1779285600800,24,UAS-01,703.6,19.00,22.46,3.45,21.78,18.4,0.990,1,1,26.0,0.04,27.82,30.0,0
1779285600833,25,UAS-02,301.8,18.90,22.43,3.52,21.59,19.8,0.990,1,1,26.2,0.05,27.98,29.9,0
1779285600867,26,GND-VEH-01,364.6,18.87,22.36,3.49,22.13,19.1,0.981,1,1,26.0,0.33,27.94,29.9,0
1779285600900,27,PERSON-01,580.3,19.10,22.98,3.88,22.40,18.9,0.982,1,1,28.8,0.23,27.88,30.2,0
1779285600933,28,UAS-01,438.4,18.94,22.67,3.73,22.92,18.4,0.990,1,1,28.1,0.09,28.24,30.0,0
1779285600967,29,UAS-02,449.1,19.14,22.79,3.65,21.66,20.0,0.990,1,1,28.2,0.04,28.07,30.0,0
1779285601000,30,GND-VEH-01,671.5,18.87,22.12,3.26,21.81,19.2,0.990,1,1,26.0,0.06,28.34,29.9,0
1779285601033,31,PERSON-01,419.6,19.01,22.55,3.54,22.31,20.0,0.990,1,1,26.0,0.11,28.14,29.9,0
1779285601067,32,UAS-01,400.0,19.01,22.44,3.43,22.19,18.5,0.976,1,1,26.0,0.09,28.11,30.0,0
1779285601100,33,UAS-02,729.6,19.02,22.29,3.27,22.19,19.6,0.990,1,1,26.5,0.13,27.94,30.0,0
1779285601133,34,GND-VEH-01,354.3,18.90,22.33,3.44,21.44,19.5,0.990,1,1,28.8,0.12,27.80,30.0,0
1779285601167,35,PERSON-01,324.9,19.13,22.60,3.47,21.78,19.0,0.990,1,1,28.9,0.09,28.06,30.1,0
1779285601200,36,UAS-01,650.8,18.83,22.58,3.75,22.30,20.5,0.984,1,1,26.3,0.29,28.26,30.0,0
1779285601233,37,UAS-02,466.4,19.08,22.82,3.74,22.40,19.8,0.990,1,1,26.0,0.20,28.09,30.0,0
1779285601267,38,GND-VEH-01,366.0,18.91,22.48,3.58,22.28,19.7,0.990,1,1,26.0,0.07,27.95,29.9,0
1779285601300,39,PERSON-01,742.1,18.99,22.47,3.48,21.78,20.3,0.990,1,1,26.2,0.30,27.79,30.1,0
1779285601333,40,UAS-01,484.8,19.11,22.51,3.40,22.30,19.3,0.990,1,1,26.0,0.06,28.24,30.0,0
1779285601367,41,UAS-02,543.9,19.02,22.72,3.71,22.66,18.8,0.990,1,1,26.9,0.07,28.27,30.0,0
1779285601400,42,GND-VEH-01,340.4,18.98,22.77,3.79,22.48,18.9,0.990,1,1,26.0,0.12,27.57,30.0,0
1779285601433,43,PERSON-01,355.9,18.97,22.60,3.63,22.40,19.2,0.990,1,1,26.0,0.06,28.24,30.0,0
1779285601467,44,UAS-01,365.8,18.70,22.47,3.77,22.87,17.9,0.988,1,1,26.4,0.28,28.05,30.0,0
1779285601500,45,UAS-02,379.9,18.92,22.58,3.66,22.21,18.7,0.990,1,1,27.8,0.13,28.47,30.1,0
1779285601533,46,GND-VEH-01,329.4,19.20,22.89,3.69,22.15,18.0,0.984,1,1,26.7,0.27,27.61,29.9,0
1779285601567,47,PERSON-01,321.8,18.89,22.60,3.71,21.44,20.4,0.990,1,1,26.0,0.09,28.02,30.1,0
1779285601600,48,UAS-01,366.8,19.18,22.42,3.24,20.95,20.8,0.990,1,1,26.0,0.15,28.24,29.9,0
1779285601633,49,UAS-02,476.3,19.28,22.63,3.35,21.96,18.0,0.990,1,1,28.5,0.11,27.74,30.0,0
1779285601667,50,GND-VEH-01,964.1,19.23,22.34,3.11,21.21,19.0,0.990,1,1,26.0,0.00,28.13,30.0,0
1779285601700,51,PERSON-01,597.9,18.88,22.65,3.77,22.96,18.8,0.990,1,1,26.0,0.21,28.18,30.0,0
1779285601733,52,UAS-01,606.7,19.11,22.66,3.55,22.57,19.6,0.990,1,1,26.0,0.06,27.96,30.2,0
1779285601767,53,UAS-02,466.9,18.98,22.45,3.47,22.27,19.2,0.990,1,1,26.1,0.05,28.40,30.1,0
1779285601800,54,GND-VEH-01,385.1,19.11,22.66,3.54,22.09,19.7,0.971,1,1,28.1,0.04,28.24,29.9,0
1779285601833,55,PERSON-01,352.7,19.04,22.86,3.82,22.62,19.4,0.990,1,1,26.0,0.11,27.89,29.9,0
1779285601867,56,UAS-01,935.3,19.03,22.52,3.49,22.10,19.6,0.990,1,1,26.0,0.03,28.14,30.0,0
1779285601900,57,UAS-02,327.5,18.94,22.42,3.48,21.95,18.5,0.990,1,1,28.3,0.19,28.07,30.0,0
1779285601933,58,GND-VEH-01,471.0,19.06,22.73,3.67,22.80,17.8,0.978,1,1,26.0,0.15,27.98,29.9,0
1779285601967,59,PERSON-01,617.2,19.05,22.42,3.37,21.50,19.9,0.980,1,1,26.0,0.16,27.77,30.0,0
1779285602000,60,UAS-01,537.5,19.06,22.43,3.38,21.97,19.3,0.990,1,1,26.0,0.06,28.41,30.0,0
1779285602033,61,UAS-02,536.0,18.79,22.24,3.45,22.21,17.6,0.990,1,1,26.0,0.16,27.55,29.9,0
1779285602067,62,GND-VEH-01,318.1,19.23,23.11,3.88,22.71,18.7,0.982,1,1,26.0,0.30,28.16,29.9,0
1779285602100,63,PERSON-01,813.2,19.35,22.77,3.42,21.60,19.0,0.985,1,1,26.0,0.14,28.06,30.1,0
1779285602133,64,UAS-01,392.4,18.96,22.37,3.41,22.15,18.5,0.990,1,1,26.0,0.20,27.94,29.9,0
1779285602167,65,UAS-02,359.0,19.08,22.51,3.43,22.65,18.7,0.990,1,1,27.1,0.10,28.15,30.0,0
1779285602200,66,GND-VEH-01,554.8,19.18,22.93,3.74,22.84,18.1,0.990,1,1,27.7,0.16,27.93,30.0,0
1779285602233,67,PERSON-01,617.3,18.94,22.31,3.37,22.04,19.6,0.990,1,1,26.0,0.27,28.16,29.9,0
1779285602267,68,UAS-01,445.2,19.08,22.86,3.79,22.73,18.7,0.975,1,1,28.0,0.04,28.25,29.9,0
1779285602300,69,UAS-02,383.5,18.72,22.10,3.38,21.63,19.6,0.990,1,1,27.3,0.10,28.21,30.1,0
1779285602333,70,GND-VEH-01,403.5,19.07,22.64,3.57,22.42,18.0,0.990,1,1,28.6,0.15,27.73,30.1,0
1779285602367,71,PERSON-01,335.0,18.94,22.47,3.53,21.67,18.8,0.990,1,1,29.1,0.21,28.44,30.0,0
1779285602400,72,UAS-01,534.6,19.23,22.91,3.68,22.13,19.6,0.986,1,1,26.4,0.26,28.32,30.0,0
1779285602433,73,UAS-02,496.1,19.00,22.81,3.81,22.57,18.9,0.990,1,1,26.8,0.12,28.30,30.0,0
1779285602467,74,GND-VEH-01,767.2,19.21,22.63,3.42,22.76,19.3,0.990,1,1,26.0,0.11,28.15,30.0,0
1779285602500,75,PERSON-01,411.8,19.00,22.52,3.51,22.64,19.0,0.989,1,1,26.0,0.41,28.20,30.1,0
1779285602533,76,UAS-01,321.0,19.28,22.50,3.21,21.89,17.6,0.981,1,1,26.0,0.08,27.95,30.0,0
1779285602567,77,UAS-02,456.1,18.80,22.38,3.58,21.74,20.4,0.990,1,1,26.0,0.21,28.02,30.2,0
1779285602600,78,GND-VEH-01,366.1,19.00,22.87,3.87,23.33,17.6,0.990,1,1,26.8,0.00,27.99,30.0,0
1779285602633,79,PERSON-01,670.5,19.11,22.64,3.53,22.45,19.5,0.968,1,1,30.1,0.15,28.09,30.0,0
1779285602667,80,UAS-01,321.1,19.04,22.49,3.45,21.50,18.9,0.990,1,1,26.0,0.21,28.25,30.0,0
1779285602700,81,UAS-02,522.6,18.98,22.43,3.45,21.91,17.2,0.990,1,1,26.0,0.25,28.56,29.9,0
1779285602733,82,GND-VEH-01,855.9,18.90,22.10,3.20,21.77,19.7,0.990,1,1,28.9,0.05,28.11,30.0,0
1779285602767,83,PERSON-01,315.8,18.82,22.82,4.00,23.39,18.7,0.990,1,1,26.0,0.13,28.06,29.9,0
1779285602800,84,UAS-01,580.4,19.12,22.23,3.11,21.31,19.6,0.973,1,1,27.3,0.20,28.01,30.1,0
1779285602833,85,UAS-02,584.7,19.06,22.67,3.61,21.82,19.8,0.986,1,1,29.1,0.29,28.12,30.1,0
1779285602867,86,GND-VEH-01,394.4,18.65,22.03,3.38,21.43,19.0,0.990,1,1,26.0,0.19,28.07,30.1,0
1779285602900,87,PERSON-01,599.6,19.03,22.57,3.54,22.59,17.0,0.969,1,1,26.4,0.04,28.50,30.1,0
1779285602933,88,UAS-01,716.6,18.91,22.12,3.20,22.25,18.3,0.990,1,1,29.3,0.47,28.10,30.0,0
1779285602967,89,UAS-02,335.5,18.96,22.74,3.78,22.75,20.1,0.990,1,1,26.0,0.19,28.46,30.0,0
1779285603000,90,GND-VEH-01,427.5,19.11,22.58,3.47,22.71,18.9,0.990,1,1,26.0,0.36,28.36,30.1,0
1779285603033,91,PERSON-01,388.9,19.17,22.62,3.45,22.19,20.1,0.990,1,1,26.0,0.01,28.16,29.9,0
1779285603067,92,UAS-01,665.9,19.05,22.62,3.57,22.13,18.2,0.990,1,1,26.0,0.12,27.72,30.0,0
1779285603100,93,UAS-02,560.1,19.09,22.63,3.54,22.23,18.8,0.990,1,1,27.4,0.34,28.46,30.0,0
1779285603133,94,GND-VEH-01,493.3,18.93,22.54,3.61,22.04,17.6,0.990,1,1,26.0,0.13,28.12,29.9,0
1779285603167,95,PERSON-01,607.0,19.09,22.31,3.22,22.08,19.0,0.990,1,1,28.3,0.25,28.22,30.0,0
1779285603200,96,UAS-01,394.3,18.99,22.59,3.61,23.03,19.5,0.990,1,1,26.0,0.21,28.38,30.0,0
1779285603233,97,UAS-02,339.9,18.87,22.18,3.31,21.44,19.4,0.990,1,1,27.5,0.12,28.05,30.0,0
1779285603267,98,GND-VEH-01,529.4,19.10,22.46,3.36,21.81,19.6,0.990,1,1,26.0,0.21,27.83,30.0,0
1779285603300,99,PERSON-01,664.2,18.67,22.27,3.60,22.63,18.7,0.990,1,1,26.0,0.08,28.18,29.9,0
1779285603333,100,UAS-01,331.4,18.95,22.62,3.67,22.49,20.1,0.990,1,1,26.0,0.14,27.73,30.1,0
1779285603367,101,UAS-02,451.0,19.21,22.79,3.59,22.04,19.2,0.990,1,1,29.0,0.36,28.39,30.0,0
1779285603400,102,GND-VEH-01,475.8,19.08,22.41,3.33,22.71,19.3,0.990,1,1,26.0,0.00,28.39,30.1,0
1779285603433,103,PERSON-01,412.7,19.40,22.70,3.30,22.16,17.6,0.990,1,1,26.0,0.26,28.22,30.1,0
1779285603467,104,UAS-01,361.8,19.00,22.35,3.34,22.32,18.2,0.990,1,1,26.0,0.31,28.44,30.1,0
1779285603500,105,UAS-02,539.1,19.18,22.76,3.58,21.67,18.1,0.990,1,1,28.9,0.34,28.08,29.9,0
1779285603533,106,GND-VEH-01,743.7,18.96,22.37,3.40,21.87,17.3,0.977,1,1,26.5,0.17,28.28,30.0,0
1779285603567,107,PERSON-01,791.4,18.93,22.46,3.54,22.43,19.1,0.990,1,1,26.0,0.20,28.37,30.1,0
1779285603600,108,UAS-01,423.5,18.93,22.42,3.49,22.10,20.4,0.990,1,1,26.0,0.37,28.43,30.0,0
1779285603633,109,UAS-02,464.0,18.96,22.29,3.33,22.46,19.3,0.990,1,1,26.0,0.15,28.34,30.1,0
1779285603667,110,GND-VEH-01,318.4,18.74,22.25,3.50,22.14,18.6,0.973,1,1,28.2,0.21,27.78,30.1,0
1779285603700,111,PERSON-01,683.3,18.97,22.77,3.80,22.51,19.6,0.986,1,1,26.0,0.00,27.74,29.9,0
1779285603733,112,UAS-01,404.8,19.31,22.90,3.59,23.02,18.3,0.990,1,1,27.9,0.05,28.17,30.0,0
1779285603767,113,UAS-02,617.5,19.12,22.66,3.54,21.84,19.4,0.990,1,1,26.0,0.06,28.29,30.1,0
1779285603800,114,GND-VEH-01,800.8,19.21,22.25,3.03,21.17,18.1,0.990,1,1,27.2,0.44,28.18,30.0,0
1779285603833,115,PERSON-01,390.5,18.95,22.77,3.82,22.90,20.9,0.984,1,1,26.0,0.28,28.61,30.0,0
1779285603867,116,UAS-01,781.3,19.37,23.06,3.69,22.44,18.3,0.990,1,1,26.8,0.22,28.17,29.9,0
1779285603900,117,UAS-02,498.8,18.94,22.53,3.60,22.48,18.8,0.990,1,1,26.2,0.05,28.21,30.1,0
1779285603933,118,GND-VEH-01,373.2,19.02,22.50,3.48,22.39,19.6,0.990,1,1,26.8,0.15,28.49,30.1,0
1779285603967,119,PERSON-01,431.2,18.89,22.33,3.44,22.01,20.0,0.990,1,1,26.5,0.03,28.32,29.9,0
1779285604000,120,UAS-01,384.3,19.32,23.19,3.87,22.16,18.4,0.990,1,1,26.0,0.00,28.40,30.0,0
1779285604033,121,UAS-02,306.1,19.17,23.05,3.88,21.79,20.7,0.990,1,1,27.8,0.23,28.74,29.8,0
1779285604067,122,GND-VEH-01,722.9,18.71,22.12,3.41,21.78,18.3,0.990,1,1,26.0,0.34,27.98,30.0,0
1779285604100,123,PERSON-01,469.8,19.33,22.77,3.43,21.96,18.6,0.990,1,1,26.8,0.23,28.13,30.1,0
1779285604133,124,UAS-01,330.6,18.98,22.51,3.53,21.54,19.7,0.990,1,1,26.5,0.42,28.27,30.1,0
1779285604167,125,UAS-02,309.2,18.89,22.38,3.49,22.12,18.2,0.990,1,1,29.2,0.31,27.97,30.0,0
1779285604200,126,GND-VEH-01,310.4,19.02,22.44,3.41,22.04,17.8,0.990,1,1,26.2,0.10,28.11,30.1,0
1779285604233,127,PERSON-01,558.7,19.10,22.48,3.38,21.70,19.2,0.990,1,1,26.0,0.40,28.13,30.0,0
1779285604267,128,UAS-01,443.1,18.95,22.70,3.75,22.31,19.0,0.990,1,1,26.0,0.27,28.27,29.9,0
1779285604300,129,UAS-02,374.8,19.27,23.16,3.88,22.53,18.9,0.982,1,1,28.7,0.17,28.36,30.0,0
1779285604333,130,GND-VEH-01,427.3,19.09,22.73,3.64,22.17,18.0,0.989,1,1,26.0,0.06,28.45,30.1,0
1779285604367,131,PERSON-01,586.1,18.95,22.52,3.57,22.38,21.1,0.990,1,1,26.3,0.27,28.53,29.9,0
1779285604400,132,UAS-01,768.5,18.94,22.04,3.10,21.84,17.8,0.986,1,1,26.0,0.12,28.30,29.9,0
1779285604433,133,UAS-02,452.7,19.20,22.74,3.54,21.90,18.3,0.990,1,1,26.0,0.17,28.24,30.0,0
1779285604467,134,GND-VEH-01,343.6,18.93,22.37,3.44,22.42,18.5,0.990,1,1,26.0,0.08,28.78,29.9,0
1779285604500,135,PERSON-01,776.1,19.08,22.18,3.10,21.09,19.1,0.990,1,1,26.0,0.09,27.96,30.0,0
1779285604533,136,UAS-01,583.2,19.19,22.63,3.44,22.76,17.1,0.990,1,1,27.4,0.25,28.04,29.8,0
1779285604567,137,UAS-02,424.8,19.03,22.55,3.52,22.66,19.3,0.986,1,1,26.3,0.19,28.31,30.0,0
1779285604600,138,GND-VEH-01,569.1,19.19,22.69,3.50,22.53,17.9,0.990,1,1,26.0,0.04,28.18,30.0,0
1779285604633,139,PERSON-01,631.6,18.89,22.42,3.54,21.85,18.7,0.986,1,1,26.0,0.06,28.59,30.0,0
1779285604667,140,UAS-01,435.5,19.39,22.98,3.59,22.74,19.4,0.990,1,1,26.0,0.13,28.16,29.9,0
1779285604700,141,UAS-02,412.0,19.03,22.67,3.64,22.78,18.9,0.990,1,1,27.2,0.29,28.04,30.0,0
1779285604733,142,GND-VEH-01,587.7,19.04,22.52,3.49,21.76,18.6,0.990,1,1,26.0,0.29,28.43,30.0,0
1779285604767,143,PERSON-01,760.0,19.08,22.47,3.39,22.68,19.3,0.990,1,1,26.7,0.26,28.71,29.9,0
1779285604800,144,UAS-01,499.7,18.94,22.69,3.76,21.62,18.8,0.990,1,1,27.5,0.38,28.27,29.9,0
1779285604833,145,UAS-02,542.7,19.01,22.60,3.59,22.01,19.5,0.989,1,1,26.0,0.26,28.11,30.1,0
1779285604867,146,GND-VEH-01,340.8,18.84,22.43,3.59,21.77,19.3,0.990,1,1,26.0,0.56,28.16,30.1,0
1779285604900,147,PERSON-01,593.9,19.22,22.72,3.51,22.29,19.0,0.990,1,1,26.0,0.24,27.88,30.0,0
1779285604933,148,UAS-01,382.3,18.89,22.46,3.56,21.81,18.8,0.990,1,1,26.0,0.08,28.10,30.0,0
1779285604967,149,UAS-02,400.9,19.01,22.47,3.47,21.69,17.9,0.990,1,1,26.0,0.44,28.46,30.0,0
1779285605000,150,GND-VEH-01,509.0,19.35,22.81,3.46,21.87,20.3,0.990,1,1,26.1,0.13,28.26,30.2,0
1779285605033,151,PERSON-01,867.0,18.88,22.39,3.51,22.24,18.6,0.990,1,1,26.0,0.21,28.47,30.1,0
1779285605067,152,UAS-01,570.6,19.08,22.55,3.47,22.14,19.8,0.990,1,1,26.0,0.15,28.12,30.1,0
1779285605100,153,UAS-02,505.4,18.79,22.55,3.76,22.54,19.1,0.984,1,1,26.3,0.30,28.74,29.9,0
1779285605133,154,GND-VEH-01,389.9,18.99,22.72,3.73,23.23,16.7,0.990,1,1,26.0,0.18,28.32,30.0,0
1779285605167,155,PERSON-01,478.5,19.11,22.64,3.53,22.23,18.5,0.990,1,1,26.6,0.30,28.82,29.9,0
1779285605200,156,UAS-01,325.0,19.10,22.61,3.51,21.90,20.5,0.990,1,1,29.1,0.22,28.30,29.9,0
1779285605233,157,UAS-02,374.3,19.05,22.44,3.39,22.02,18.7,0.990,1,1,26.6,0.17,28.60,30.0,0
1779285605267,158,GND-VEH-01,561.0,18.91,22.56,3.65,22.25,19.8,0.988,1,1,26.0,0.13,28.09,30.0,0
1779285605300,159,PERSON-01,352.9,19.16,22.83,3.66,22.57,19.2,0.990,1,1,28.9,0.09,28.38,30.0,0
1779285605333,160,UAS-01,573.6,18.90,22.48,3.58,22.94,19.0,0.990,1,1,26.0,0.39,28.22,30.0,0
1779285605367,161,UAS-02,546.1,19.30,23.03,3.73,22.18,19.6,0.990,1,1,28.8,0.20,28.62,29.9,0
1779285605400,162,GND-VEH-01,553.4,19.17,22.77,3.61,22.90,17.8,0.990,1,1,26.0,0.33,28.63,30.0,0
1779285605433,163,PERSON-01,546.3,19.02,22.64,3.62,21.31,20.5,0.990,1,1,26.0,0.17,28.39,29.9,0
1779285605467,164,UAS-01,304.2,18.94,22.83,3.88,22.63,17.4,0.990,1,1,26.0,0.14,28.50,30.1,0
1779285605500,165,UAS-02,429.6,19.08,22.25,3.18,21.31,18.1,0.990,1,1,27.1,0.12,28.65,29.9,0
1779285605533,166,GND-VEH-01,433.3,18.97,22.36,3.39,21.87,20.4,0.990,1,1,26.0,0.10,28.71,30.0,0
1779285605567,167,PERSON-01,487.8,18.93,22.34,3.40,21.64,20.6,0.972,1,1,26.6,0.08,28.43,30.0,0
1779285605600,168,UAS-01,854.4,18.88,22.51,3.63,21.95,19.5,0.978,1,1,28.8,0.05,27.97,29.8,0
1779285605633,169,UAS-02,462.2,19.10,22.40,3.30,21.92,18.1,0.990,1,1,26.0,0.06,28.14,30.0,0
1779285605667,170,GND-VEH-01,580.2,18.91,22.49,3.57,22.67,18.7,0.990,1,1,26.2,0.38,28.79,29.9,0
1779285605700,171,PERSON-01,742.4,19.03,22.32,3.29,21.95,21.3,0.990,1,1,26.0,0.19,28.29,29.9,0
1779285605733,172,UAS-01,512.4,18.96,22.44,3.48,21.43,17.6,0.990,1,1,27.9,0.27,28.08,29.9,0
1779285605767,173,UAS-02,343.8,19.00,22.95,3.96,23.27,19.7,0.990,1,1,26.0,0.32,28.10,30.0,0
1779285605800,174,GND-VEH-01,588.6,19.10,22.79,3.69,22.15,17.8,0.990,1,1,28.7,0.06,28.08,30.1,0
1779285605833,175,PERSON-01,674.2,19.01,22.69,3.68,22.19,18.7,0.987,1,1,26.0,0.24,28.48,30.1,0
1779285605867,176,UAS-01,445.6,18.87,22.20,3.32,21.67,18.2,0.990,1,1,30.4,0.08,28.60,30.0,0
1779285605900,177,UAS-02,609.7,19.07,22.75,3.68,22.54,20.1,0.985,1,1,27.7,0.04,28.34,30.0,0
1779285605933,178,GND-VEH-01,515.1,18.97,22.60,3.63,21.71,19.5,0.986,1,1,29.5,0.02,28.36,30.1,0
1779285605967,179,PERSON-01,300.0,19.30,22.80,3.51,21.90,19.0,0.990,1,1,26.0,0.20,28.55,30.0,0
1779285606000,180,UAS-01,450.8,18.83,22.28,3.45,21.72,19.8,0.990,1,1,28.0,0.16,28.69,30.0,0
1779285606033,181,UAS-02,317.4,19.14,22.89,3.75,22.49,19.2,0.990,1,1,26.0,0.15,28.46,29.9,0
1779285606067,182,GND-VEH-01,805.2,19.02,22.13,3.12,21.55,19.3,0.990,1,1,26.2,0.23,28.03,29.9,0
1779285606100,183,PERSON-01,493.3,18.91,22.44,3.53,21.96,19.7,0.990,1,1,26.4,0.37,28.40,30.1,0
1779285606133,184,UAS-01,378.9,18.87,22.27,3.39,21.42,18.8,0.990,1,1,26.0,0.03,28.04,30.1,0
1779285606167,185,UAS-02,531.4,18.80,22.39,3.59,21.67,19.2,0.990,1,1,26.0,0.30,28.67,29.9,0
1779285606200,186,GND-VEH-01,538.1,19.28,22.81,3.53,21.72,20.1,0.990,1,1,26.1,0.13,28.40,30.0,0
1779285606233,187,PERSON-01,481.8,19.11,22.81,3.71,22.64,19.0,0.990,1,1,26.0,0.10,28.30,29.9,0
1779285606267,188,UAS-01,304.8,19.15,22.73,3.57,21.92,19.3,0.990,1,1,26.0,0.19,28.61,30.0,0
1779285606300,189,UAS-02,652.4,19.01,22.41,3.40,21.25,19.5,0.990,1,1,27.1,0.18,28.48,30.0,0
1779285606333,190,GND-VEH-01,1054.6,18.73,22.03,3.30,21.47,18.4,0.982,1,1,26.3,0.13,28.75,30.0,0
1779285606367,191,PERSON-01,415.3,19.03,22.82,3.80,21.87,19.0,0.978,1,1,26.0,0.01,28.07,30.0,0
1779285606400,192,UAS-01,323.9,18.92,22.87,3.95,23.10,17.5,0.990,1,1,26.0,0.24,28.31,29.9,0
1779285606433,193,UAS-02,436.5,18.92,22.36,3.44,22.19,19.1,0.990,1,1,26.2,0.15,28.54,30.1,0
1779285606467,194,GND-VEH-01,557.9,19.18,22.88,3.70,22.13,19.4,0.990,1,1,26.0,0.18,28.66,29.9,0
1779285606500,195,PERSON-01,558.3,19.21,22.64,3.44,22.06,21.3,0.990,1,1,26.0,0.14,28.75,30.1,0
1779285606533,196,UAS-01,354.2,18.87,22.46,3.59,21.94,18.6,0.990,1,1,26.0,0.02,28.41,29.9,0
1779285606567,197,UAS-02,554.7,18.96,22.31,3.35,21.83,18.7,0.990,1,1,26.0,0.02,28.58,30.1,0
1779285606600,198,GND-VEH-01,484.3,19.19,22.78,3.59,22.16,19.7,0.990,1,1,29.2,0.24,28.07,30.1,0
1779285606633,199,PERSON-01,361.8,18.90,22.43,3.54,21.60,19.1,0.990,1,1,26.0,0.05,28.51,29.9,0
1779285606667,200,UAS-01,375.4,19.02,22.82,3.80,22.20,19.4,0.987,1,1,26.0,0.16,28.24,30.0,0
1779285606700,201,UAS-02,856.1,18.65,22.04,3.38,22.24,18.8,0.990,1,1,28.3,0.09,28.22,30.0,0
1779285606733,202,GND-VEH-01,414.8,19.37,22.71,3.34,20.98,19.4,0.990,1,1,26.0,0.05,28.65,30.1,0
1779285606767,203,PERSON-01,300.4,18.84,22.25,3.41,21.76,19.6,0.990,1,1,26.9,0.05,28.46,30.0,0
1779285606800,204,UAS-01,736.2,19.06,22.44,3.38,21.86,20.4,0.990,1,1,26.0,0.11,28.35,29.9,0
1779285606833,205,UAS-02,560.0,19.00,22.54,3.54,22.41,19.5,0.982,1,1,26.0,0.24,28.68,30.0,0
1779285606867,206,GND-VEH-01,356.8,19.04,22.32,3.28,21.56,17.7,0.990,1,1,26.0,0.09,28.51,30.0,0
1779285606900,207,PERSON-01,469.4,19.09,22.85,3.76,23.15,18.2,0.990,1,1,27.5,0.20,28.28,30.0,0
1779285606933,208,UAS-01,325.7,19.14,22.75,3.62,21.79,19.7,0.990,1,1,29.2,0.10,28.67,29.9,0
1779285606967,209,UAS-02,367.1,19.09,22.35,3.25,22.21,18.4,0.990,1,1,26.0,0.11,28.49,30.1,0
1779285607000,210,GND-VEH-01,467.6,19.00,22.50,3.50,22.35,18.0,0.990,1,1,26.7,0.02,28.56,30.0,0
1779285607033,211,PERSON-01,827.1,18.86,22.17,3.31,22.08,18.7,0.990,1,1,28.0,0.01,28.45,29.9,0
1779285607067,212,UAS-01,592.2,18.87,22.51,3.65,21.63,19.7,0.990,1,1,26.6,0.04,28.37,30.2,0
1779285607100,213,UAS-02,364.8,18.97,22.36,3.39,21.72,19.8,0.990,1,1,28.2,0.10,28.78,30.0,0
1779285607133,214,GND-VEH-01,521.8,19.30,23.13,3.83,22.12,19.6,0.971,1,1,26.0,0.15,28.12,30.1,0
1779285607167,215,PERSON-01,328.4,19.03,22.40,3.37,21.79,19.0,0.982,1,1,27.1,0.04,28.33,30.0,0
1779285607200,216,UAS-01,458.8,19.00,22.72,3.72,23.02,18.4,0.990,1,1,27.0,0.03,28.19,30.0,0
1779285607233,217,UAS-02,636.7,19.00,22.75,3.75,22.79,17.4,0.990,1,1,26.0,0.35,28.44,29.9,0
1779285607267,218,GND-VEH-01,405.5,19.18,22.55,3.37,21.63,20.1,0.988,1,1,26.0,0.10,28.74,30.0,0
1779285607300,219,PERSON-01,419.0,18.90,22.56,3.66,22.03,19.0,0.990,1,1,26.8,0.31,28.14,30.0,0
1779285607333,220,UAS-01,363.7,18.95,22.33,3.38,21.75,20.4,0.990,1,1,26.8,0.33,28.68,30.1,0
1779285607367,221,UAS-02,614.9,19.12,22.91,3.79,23.04,18.1,0.984,1,1,27.8,0.08,28.47,30.1,0
1779285607400,222,GND-VEH-01,372.9,19.24,22.97,3.73,22.45,18.3,0.983,1,1,26.0,0.22,28.93,30.0,0
1779285607433,223,PERSON-01,502.1,19.17,22.49,3.32,21.36,20.4,0.990,1,1,26.0,0.26,28.54,29.9,0
1779285607467,224,UAS-01,375.3,18.99,22.92,3.93,22.78,19.1,0.990,1,1,26.2,0.20,28.37,29.9,0
1779285607500,225,UAS-02,546.9,18.73,22.38,3.65,22.10,18.6,0.990,1,1,26.9,0.09,28.45,30.1,0
1779285607533,226,GND-VEH-01,410.6,18.93,22.07,3.14,21.88,20.0,0.978,1,1,26.1,0.20,28.97,30.1,0
1779285607567,227,PERSON-01,524.7,18.96,22.54,3.58,22.14,19.8,0.990,1,1,26.0,0.11,28.84,30.0,0
1779285607600,228,UAS-01,405.3,19.07,22.76,3.69,22.41,18.4,0.990,1,1,26.0,0.00,28.24,30.1,0
1779285607633,229,UAS-02,686.1,18.89,22.22,3.33,22.62,20.2,0.990,1,1,26.6,0.12,28.03,29.9,0
1779285607667,230,GND-VEH-01,418.1,19.03,22.54,3.50,22.37,18.1,0.990,1,1,26.0,0.16,28.83,30.0,0
1779285607700,231,PERSON-01,328.8,18.85,22.61,3.76,22.97,20.1,0.977,1,1,26.1,0.17,28.60,30.0,0
1779285607733,232,UAS-01,471.1,18.94,22.24,3.30,21.65,18.8,0.990,1,1,26.0,0.11,28.36,29.8,0
1779285607767,233,UAS-02,349.3,19.26,22.81,3.55,21.99,19.6,0.988,1,1,26.0,0.11,29.00,30.1,0
1779285607800,234,GND-VEH-01,336.4,18.94,22.64,3.69,23.24,18.9,0.990,1,1,29.0,0.06,29.01,29.9,0
1779285607833,235,PERSON-01,752.8,18.74,22.33,3.59,22.14,18.2,0.976,1,1,26.0,0.19,28.92,30.1,0
1779285607867,236,UAS-01,622.7,18.91,22.58,3.67,23.04,19.5,0.971,1,1,29.2,0.07,28.52,30.1,0
1779285607900,237,UAS-02,533.6,19.12,22.64,3.52,22.26,18.5,0.990,1,1,27.5,0.22,28.63,29.9,0
1779285607933,238,GND-VEH-01,314.7,19.00,22.50,3.50,22.28,19.7,0.990,1,1,26.0,0.07,28.60,30.1,0
1779285607967,239,PERSON-01,464.1,18.93,22.36,3.43,21.42,19.0,0.979,1,1,26.0,0.24,29.01,30.0,0
1779285608000,240,UAS-01,839.0,18.92,22.17,3.25,21.40,18.5,0.990,1,1,26.0,0.07,28.58,30.1,0
1779285608033,241,UAS-02,342.9,19.10,22.70,3.60,21.73,18.3,0.980,1,1,28.1,0.19,28.89,30.1,0
1779285608067,242,GND-VEH-01,468.7,19.01,22.28,3.27,21.94,20.5,0.973,1,1,26.0,0.10,28.35,30.0,0
1779285608100,243,PERSON-01,458.7,18.98,22.63,3.64,22.15,21.0,0.984,1,1,26.0,0.22,28.38,29.8,0
1779285608133,244,UAS-01,339.6,18.71,22.41,3.70,21.69,18.7,0.990,1,1,26.0,0.15,28.76,30.0,0
1779285608167,245,UAS-02,718.7,19.18,22.92,3.74,21.90,20.0,0.990,1,1,26.0,0.05,28.43,30.1,0
1779285608200,246,GND-VEH-01,617.6,19.05,22.45,3.40,21.43,20.7,0.990,1,1,26.0,0.02,28.34,30.0,0
1779285608233,247,PERSON-01,361.2,19.30,23.12,3.81,23.05,18.3,0.989,1,1,26.3,0.27,28.90,30.0,0
1779285608267,248,UAS-01,560.0,18.93,22.44,3.51,22.11,19.6,0.981,1,1,26.0,0.08,28.41,29.9,0
1779285608300,249,UAS-02,684.7,19.03,22.69,3.66,21.99,20.3,0.990,1,1,26.0,0.15,28.55,30.0,0
1779285608333,250,GND-VEH-01,517.3,19.10,22.60,3.50,21.81,18.1,0.990,1,1,26.2,0.01,28.66,30.1,0
1779285608367,251,PERSON-01,323.7,18.89,22.62,3.73,22.08,19.7,0.990,1,1,26.3,0.16,28.42,30.0,0
1779285608400,252,UAS-01,859.7,19.10,22.74,3.64,22.30,19.9,0.990,1,1,26.0,0.09,28.71,29.8,0
1779285608433,253,UAS-02,632.7,19.18,22.82,3.64,22.47,19.3,0.990,1,1,26.0,0.47,28.26,30.1,0
1779285608467,254,GND-VEH-01,685.7,19.05,22.71,3.66,22.43,18.6,0.990,1,1,26.0,0.07,28.54,29.9,0
1779285608500,255,PERSON-01,739.0,19.13,22.70,3.57,21.57,20.0,0.990,1,1,28.6,0.08,28.55,30.0,0
1779285608533,256,UAS-01,359.2,18.90,22.55,3.66,21.59,19.2,0.990,1,1,28.5,0.11,28.92,30.0,0
1779285608567,257,UAS-02,583.4,18.96,22.56,3.59,22.15,17.9,0.990,1,1,26.0,0.03,29.04,30.0,0
1779285608600,258,GND-VEH-01,709.2,19.11,22.25,3.13,22.22,18.4,0.990,1,1,26.0,0.08,28.73,30.0,0
1779285608633,259,PERSON-01,517.1,19.18,22.79,3.61,22.39,19.5,0.990,1,1,26.0,0.06,29.16,30.0,0
1779285608667,260,UAS-01,536.4,19.17,22.65,3.48,22.33,19.0,0.975,1,1,27.8,0.22,28.29,30.1,0
1779285608700,261,UAS-02,620.6,19.00,22.31,3.31,21.98,18.7,0.990,1,1,26.0,0.23,28.81,30.1,0
1779285608733,262,GND-VEH-01,504.4,18.99,22.60,3.62,22.48,18.4,0.990,1,1,26.0,0.42,28.36,30.0,0
1779285608767,263,PERSON-01,617.5,19.00,22.47,3.47,22.15,19.0,0.990,1,1,26.1,0.28,28.50,30.2,0
1779285608800,264,UAS-01,345.9,18.74,22.50,3.76,22.44,19.7,0.990,1,1,26.0,0.03,28.62,29.9,0
1779285608833,265,UAS-02,307.1,18.93,22.77,3.84,22.75,19.1,0.990,1,1,26.0,0.07,28.53,29.9,0
1779285608867,266,GND-VEH-01,456.5,18.97,22.51,3.54,22.17,19.3,0.990,1,1,26.0,0.02,28.30,30.0,0
1779285608900,267,PERSON-01,546.0,19.04,22.52,3.48,21.92,18.5,0.990,1,1,26.0,0.35,28.54,29.8,0
1779285608933,268,UAS-01,625.6,19.24,22.90,3.66,23.37,17.4,0.990,1,1,26.0,0.05,28.30,30.0,0
1779285608967,269,UAS-02,451.4,18.79,22.27,3.48,22.81,17.7,0.990,1,1,27.3,0.10,28.45,30.0,0
1779285609000,270,GND-VEH-01,485.8,18.99,22.43,3.45,22.13,19.2,0.990,1,1,27.8,0.07,28.56,30.1,0
1779285609033,271,PERSON-01,331.5,18.77,22.23,3.46,21.89,17.7,0.990,1,1,26.0,0.25,28.86,30.0,0
1779285609067,272,UAS-01,315.7,19.12,23.24,4.12,23.30,18.3,0.990,1,1,26.0,0.31,28.50,30.0,0
1779285609100,273,UAS-02,483.5,18.84,22.20,3.36,21.46,18.7,0.990,1,1,26.0,0.03,28.53,30.0,0
1779285609133,274,GND-VEH-01,486.3,19.05,22.65,3.60,21.49,18.9,0.986,1,1,26.0,0.00,28.57,29.8,0
1779285609167,275,PERSON-01,632.4,19.15,22.56,3.42,22.40,19.2,0.963,1,1,28.4,0.14,28.66,30.1,0
1779285609200,276,UAS-01,389.2,18.85,22.26,3.41,22.06,18.9,0.982,1,1,26.0,0.09,28.72,30.0,0
1779285609233,277,UAS-02,496.0,19.17,22.77,3.61,22.09,20.1,0.990,1,1,26.8,0.12,28.43,29.8,0
1779285609267,278,GND-VEH-01,799.9,19.04,22.41,3.37,21.73,17.6,0.990,1,1,27.6,0.06,29.06,30.0,0
1779285609300,279,PERSON-01,707.8,18.92,22.45,3.53,21.90,19.8,0.990,1,1,26.0,0.07,28.47,29.8,0
1779285609333,280,UAS-01,315.6,19.02,22.54,3.52,22.18,17.9,0.990,1,1,26.7,0.10,28.58,30.0,0
1779285609367,281,UAS-02,541.9,19.31,22.51,3.20,21.64,18.2,0.990,1,1,26.4,0.21,28.80,29.9,0
1779285609400,282,GND-VEH-01,635.1,18.89,22.74,3.85,22.07,19.7,0.990,1,1,26.0,0.24,28.97,30.0,0
1779285609433,283,PERSON-01,490.3,19.28,23.18,3.90,22.58,19.1,0.990,1,1,26.0,0.20,28.40,29.9,0
1779285609467,284,UAS-01,352.1,18.87,22.33,3.46,22.12,18.7,0.990,1,1,26.0,0.20,29.10,30.1,0
1779285609500,285,UAS-02,400.3,18.85,22.55,3.70,22.67,19.6,0.964,1,1,26.0,0.05,28.76,29.9,0
1779285609533,286,GND-VEH-01,422.0,19.09,22.66,3.57,22.13,18.0,0.990,1,1,26.0,0.15,28.56,29.9,0
1779285609567,287,PERSON-01,415.6,19.06,22.47,3.41,22.10,18.9,0.983,1,1,26.1,0.15,28.87,30.1,0
1779285609600,288,UAS-01,496.3,18.69,22.30,3.61,22.15,19.9,0.989,1,1,26.1,0.25,28.51,30.0,0
1779285609633,289,UAS-02,364.7,19.13,22.55,3.42,21.36,20.2,0.990,1,1,26.0,0.08,28.17,29.8,0
1779285609667,290,GND-VEH-01,312.0,19.11,22.55,3.44,22.11,17.8,0.990,1,1,27.2,0.12,28.80,30.0,0
1779285609700,291,PERSON-01,581.6,19.00,22.53,3.54,21.62,19.1,0.990,1,1,26.0,0.14,28.91,29.8,0
1779285609733,292,UAS-01,415.1,18.86,22.52,3.66,21.53,19.1,0.987,1,1,30.3,0.24,28.55,30.0,0
1779285609767,293,UAS-02,703.2,19.04,22.64,3.60,22.86,18.3,0.969,1,1,27.9,0.13,28.72,30.1,0
1779285609800,294,GND-VEH-01,333.0,19.28,23.02,3.74,22.75,18.8,0.990,1,1,26.0,0.06,28.45,29.8,0
1779285609833,295,PERSON-01,407.3,19.06,22.56,3.50,22.49,19.2,0.990,1,1,26.7,0.22,28.86,30.1,0
1779285609867,296,UAS-01,448.7,18.81,22.29,3.48,22.03,19.4,0.990,1,1,26.0,0.15,28.56,30.0,0
1779285609900,297,UAS-02,421.9,18.72,22.70,3.98,23.36,18.7,0.990,1,1,26.0,0.20,28.53,30.0,0
1779285609933,298,GND-VEH-01,315.8,18.94,22.43,3.49,22.60,18.2,0.990,1,1,26.0,0.02,28.79,30.1,0
1779285609967,299,PERSON-01,810.3,18.99,22.53,3.54,21.66,20.0,0.990,1,1,26.8,0.02,28.65,30.0,0
1779285610000,300,UAS-01,752.2,18.91,22.50,3.59,23.17,17.7,0.974,1,1,26.0,0.14,28.48,30.0,0
1779285610033,301,UAS-02,891.0,18.91,22.16,3.26,22.38,19.0,0.981,1,1,26.0,0.01,28.36,30.0,0
1779285610067,302,GND-VEH-01,718.9,19.12,22.48,3.35,21.85,19.5,0.990,1,1,26.0,0.04,29.07,29.9,0
1779285610100,303,PERSON-01,357.6,19.10,22.78,3.69,22.15,18.4,0.990,1,1,26.0,0.13,28.95,30.0,0
1779285610133,304,UAS-01,997.1,18.85,22.13,3.28,21.54,18.7,0.990,1,1,26.0,0.03,28.31,30.1,0
1779285610167,305,UAS-02,831.7,19.04,22.51,3.46,21.99,20.0,0.990,1,1,28.2,0.49,28.79,30.1,0
1779285610200,306,GND-VEH-01,586.0,18.96,22.49,3.53,22.22,18.2,0.979,1,1,26.6,0.18,28.93,30.0,0
1779285610233,307,PERSON-01,380.0,18.92,22.42,3.49,21.99,20.0,0.990,1,1,28.8,0.19,28.44,29.9,0
1779285610267,308,UAS-01,552.7,18.83,22.51,3.68,22.25,20.0,0.990,1,1,27.4,0.38,28.98,30.0,0
1779285610300,309,UAS-02,486.1,18.72,22.27,3.55,22.34,18.2,0.988,1,1,26.0,0.37,29.03,30.0,0
1779285610333,310,GND-VEH-01,328.9,18.95,22.42,3.47,22.20,19.0,0.987,1,1,27.6,0.13,28.95,29.9,0
1779285610367,311,PERSON-01,323.6,18.81,22.16,3.35,22.49,17.2,0.990,1,1,26.0,0.14,28.92,30.1,0
1779285610400,312,UAS-01,334.4,18.97,22.33,3.36,21.80,17.7,0.986,1,1,26.0,0.18,28.26,30.1,0
1779285610433,313,UAS-02,465.8,18.79,22.23,3.44,21.97,19.7,0.990,1,1,27.7,0.00,28.42,30.0,0
1779285610467,314,GND-VEH-01,662.4,19.25,22.82,3.57,22.33,18.6,0.990,1,1,26.4,0.22,28.87,30.1,0
1779285610500,315,PERSON-01,429.5,19.06,22.62,3.56,22.31,18.4,0.990,1,1,26.0,0.11,28.72,29.9,0
1779285610533,316,UAS-01,661.9,18.95,22.45,3.50,21.66,19.4,0.990,1,1,27.5,0.23,28.83,30.0,0
1779285610567,317,UAS-02,502.2,19.12,22.24,3.12,20.63,19.9,0.990,1,1,26.0,0.21,28.49,30.1,0
1779285610600,318,GND-VEH-01,436.7,19.26,22.87,3.61,22.78,18.4,0.990,1,1,27.7,0.09,28.76,30.0,0
1779285610633,319,PERSON-01,370.0,19.06,23.05,3.99,22.63,18.3,0.984,1,1,26.9,0.03,28.93,30.0,0
1779285610667,320,UAS-01,439.2,18.86,22.69,3.83,23.16,18.1,0.990,1,1,26.0,0.23,28.65,30.0,0
1779285610700,321,UAS-02,416.2,19.09,22.52,3.44,21.21,19.3,0.985,1,1,26.4,0.26,28.60,30.1,0
1779285610733,322,GND-VEH-01,473.7,18.99,22.49,3.49,22.34,18.8,0.990,1,1,26.0,0.46,28.55,30.0,0
1779285610767,323,PERSON-01,687.8,18.91,22.02,3.12,21.33,17.4,0.990,1,1,26.0,0.24,28.66,29.9,0
1779285610800,324,UAS-01,340.4,18.83,22.27,3.45,22.23,19.3,0.990,1,1,27.5,0.13,28.54,30.1,0
1779285610833,325,UAS-02,401.3,19.08,22.78,3.70,21.70,18.8,0.988,1,1,26.5,0.22,28.83,30.1,0
1779285610867,326,GND-VEH-01,643.9,18.74,22.15,3.41,21.20,19.5,0.990,1,1,26.0,0.33,28.51,29.9,0
1779285610900,327,PERSON-01,862.6,19.01,22.55,3.54,21.97,19.2,0.975,1,1,26.0,0.14,28.52,29.9,0
1779285610933,328,UAS-01,413.8,18.78,22.42,3.64,22.43,19.9,0.981,1,1,26.0,0.12,28.77,30.0,0
1779285610967,329,UAS-02,708.7,18.90,22.46,3.56,22.03,18.8,0.990,1,1,26.0,0.05,29.02,30.0,0
1779285611000,330,GND-VEH-01,431.3,18.99,22.81,3.82,23.20,19.5,0.990,1,1,26.0,0.25,28.91,30.0,0
1779285611033,331,PERSON-01,363.8,18.92,22.56,3.64,21.54,19.3,0.983,1,1,26.0,0.21,28.79,30.0,0
1779285611067,332,UAS-01,496.1,18.87,22.38,3.52,22.61,19.5,0.990,1,1,26.8,0.04,28.84,30.1,0
1779285611100,333,UAS-02,878.8,18.83,21.97,3.14,21.50,19.2,0.990,1,1,26.0,0.10,28.38,30.1,0
1779285611133,334,GND-VEH-01,424.2,19.21,22.53,3.33,21.43,20.5,0.990,1,1,26.0,0.03,28.53,29.9,0
1779285611167,335,PERSON-01,447.5,19.17,22.89,3.72,23.27,20.0,0.986,1,1,26.0,0.41,28.69,30.1,0
1779285611200,336,UAS-01,502.7,19.14,22.81,3.67,22.07,18.3,0.986,1,1,26.0,0.26,28.71,29.9,0
1779285611233,337,UAS-02,556.0,18.90,22.25,3.36,21.52,19.0,0.990,1,1,26.0,0.29,29.19,30.0,0
1779285611267,338,GND-VEH-01,301.1,19.22,23.01,3.78,22.20,18.9,0.990,1,1,28.0,0.16,28.71,29.9,0
1779285611300,339,PERSON-01,476.3,18.82,22.48,3.66,23.10,17.6,0.990,1,1,27.1,0.05,28.61,29.9,0
1779285611333,340,UAS-01,396.5,18.73,22.47,3.74,22.62,17.8,0.990,1,1,26.0,0.42,28.71,30.1,0
1779285611367,341,UAS-02,726.0,18.70,22.28,3.58,21.92,19.5,0.984,1,1,27.3,0.23,28.81,30.0,0
1779285611400,342,GND-VEH-01,543.1,18.97,22.38,3.41,21.30,19.0,0.974,1,1,26.6,0.07,28.62,29.9,0
1779285611433,343,PERSON-01,773.8,19.19,22.42,3.23,22.29,18.4,0.980,1,1,26.0,0.10,28.97,30.1,0
1779285611467,344,UAS-01,590.3,19.28,23.11,3.84,22.93,17.9,0.990,1,1,28.3,0.21,28.93,30.0,0
1779285611500,345,UAS-02,681.2,18.90,22.40,3.50,22.51,19.2,0.990,1,1,26.0,0.14,28.78,30.0,0
1779285611533,346,GND-VEH-01,353.3,18.97,22.81,3.84,22.29,19.4,0.987,1,1,28.3,0.19,28.96,30.0,0
1779285611567,347,PERSON-01,488.1,18.66,22.06,3.40,21.91,19.3,0.990,1,1,29.4,0.00,28.96,29.9,0
1779285611600,348,UAS-01,450.0,19.29,22.92,3.63,22.31,18.9,0.988,1,1,26.0,0.11,28.69,29.9,0
1779285611633,349,UAS-02,502.6,18.66,22.14,3.48,22.51,19.0,0.986,1,1,26.0,0.45,28.89,30.0,0
1779285611667,350,GND-VEH-01,500.0,19.19,22.71,3.52,22.07,20.9,0.990,1,1,28.0,0.06,28.99,30.0,0
1779285611700,351,PERSON-01,479.0,18.94,22.55,3.61,22.24,18.8,0.990,1,1,27.4,0.30,28.88,30.0,0
1779285611733,352,UAS-01,571.8,19.17,22.60,3.43,21.48,18.1,0.990,1,1,28.3,0.29,29.12,29.9,0
1779285611767,353,UAS-02,398.3,18.89,22.72,3.83,22.69,18.9,0.990,1,1,26.8,0.01,28.61,29.9,0
1779285611800,354,GND-VEH-01,445.0,19.04,22.77,3.73,22.30,18.9,0.990,1,1,27.0,0.05,28.60,30.1,0
1779285611833,355,PERSON-01,634.1,18.99,22.68,3.69,22.32,18.7,0.990,1,1,27.1,0.17,29.07,30.0,0
1779285611867,356,UAS-01,546.9,18.97,22.41,3.43,21.56,19.9,0.990,1,1,26.0,0.02,28.86,29.9,0
1779285611900,357,UAS-02,450.8,18.99,22.39,3.40,21.81,17.6,0.990,1,1,31.0,0.56,29.02,30.1,0
1779285611933,358,GND-VEH-01,877.5,19.05,22.28,3.23,22.11,18.1,0.990,1,1,29.9,0.11,29.07,30.1,0
1779285611967,359,PERSON-01,556.5,19.10,22.72,3.62,21.52,19.1,0.990,1,1,26.7,0.06,29.33,30.1,0
1779285612000,360,UAS-01,327.0,19.15,22.69,3.53,22.43,21.0,0.977,1,1,29.1,0.47,28.54,30.0,0
1779285612033,361,UAS-02,651.0,18.97,22.43,3.46,21.83,19.5,0.974,1,1,27.5,0.07,28.52,30.1,0
1779285612067,362,GND-VEH-01,539.2,18.86,22.19,3.33,21.38,19.0,0.990,1,1,26.0,0.20,28.57,30.1,0
1779285612100,363,PERSON-01,551.2,18.94,22.22,3.28,21.84,18.8,0.976,1,1,26.0,0.25,29.34,30.1,0
1779285612133,364,UAS-01,404.8,19.00,22.36,3.35,21.78,19.9,0.981,1,1,27.1,0.07,29.03,29.9,0
1779285612167,365,UAS-02,505.4,18.85,22.65,3.80,23.13,20.4,0.990,1,1,27.2,0.30,29.43,30.0,0
1779285612200,366,GND-VEH-01,705.3,18.91,22.38,3.47,22.04,19.4,0.973,1,1,26.0,0.37,28.73,30.0,0
1779285612233,367,PERSON-01,680.2,19.10,22.17,3.07,21.58,20.1,0.990,1,1,26.2,0.26,28.84,29.8,0
1779285612267,368,UAS-01,677.6,18.85,22.23,3.38,22.45,19.3,0.990,1,1,26.0,0.15,28.64,29.9,0
1779285612300,369,UAS-02,394.8,19.12,22.92,3.80,22.95,18.3,0.990,1,1,26.0,0.05,28.64,30.1,0
1779285612333,370,GND-VEH-01,508.6,18.90,22.31,3.41,22.06,18.9,0.990,1,1,26.0,0.00,28.44,29.9,0
1779285612367,371,PERSON-01,306.2,19.02,22.50,3.48,21.57,20.0,0.990,1,1,26.9,0.21,28.59,30.0,0
1779285612400,372,UAS-01,835.3,19.12,22.66,3.54,22.58,17.7,0.976,1,1,26.0,0.08,29.20,30.0,0
1779285612433,373,UAS-02,779.2,18.89,22.49,3.60,23.00,18.1,0.990,1,1,26.0,0.20,28.94,30.0,0
1779285612467,374,GND-VEH-01,377.1,19.23,22.76,3.53,21.98,18.9,0.974,1,1,26.6,0.05,29.04,30.0,0
1779285612500,375,PERSON-01,459.6,18.77,22.25,3.48,22.37,18.6,0.990,1,1,26.0,0.15,29.11,30.0,0
1779285612533,376,UAS-01,369.8,18.72,22.49,3.77,22.38,19.5,0.990,1,1,27.7,0.15,28.84,30.0,0
1779285612567,377,UAS-02,345.6,18.76,22.59,3.83,22.83,17.4,0.965,1,1,28.3,0.02,28.79,30.0,0
1779285612600,378,GND-VEH-01,534.0,19.08,22.68,3.60,22.57,16.9,0.982,1,1,28.5,0.10,28.37,30.1,0
1779285612633,379,PERSON-01,310.5,19.12,22.85,3.74,22.36,19.8,0.990,1,1,27.7,0.37,28.95,30.0,0
1779285612667,380,UAS-01,523.9,19.11,22.97,3.86,21.94,20.8,0.990,1,1,26.0,0.06,29.15,29.8,0
1779285612700,381,UAS-02,336.2,18.90,22.48,3.58,22.34,17.5,0.990,1,1,27.6,0.07,28.73,30.2,0
1779285612733,382,GND-VEH-01,819.8,19.01,22.59,3.58,22.05,20.3,0.987,1,1,26.1,0.04,29.11,30.0,0
1779285612767,383,PERSON-01,302.3,18.87,22.29,3.42,22.47,19.9,0.990,1,1,29.6,0.13,29.01,30.0,0
1779285612800,384,UAS-01,657.6,18.86,22.50,3.63,22.21,18.4,0.990,1,1,26.9,0.36,29.15,30.1,0
1779285612833,385,UAS-02,620.2,19.11,22.43,3.32,21.45,19.6,0.990,1,1,26.0,0.24,28.91,30.1,0
1779285612867,386,GND-VEH-01,362.7,18.73,22.49,3.76,22.31,19.4,0.990,1,1,28.7,0.21,28.89,30.0,0
1779285612900,387,PERSON-01,646.6,19.04,22.77,3.74,22.43,17.9,0.990,1,1,26.0,0.21,28.67,30.0,0
1779285612933,388,UAS-01,414.3,19.01,22.60,3.58,21.81,20.8,0.990,1,1,27.1,0.01,29.00,29.9,0
1779285612967,389,UAS-02,365.7,19.11,22.64,3.52,22.21,19.7,0.990,1,1,27.1,0.08,28.77,30.0,0
1779285613000,390,GND-VEH-01,444.6,19.00,22.35,3.34,21.88,19.3,0.978,1,1,26.1,0.09,28.73,30.1,0
1779285613033,391,PERSON-01,516.0,18.83,22.18,3.35,22.17,18.6,0.979,1,1,26.0,0.23,28.55,30.1,0
1779285613067,392,UAS-01,529.8,18.97,22.31,3.35,21.71,19.8,0.982,1,1,26.0,0.35,28.74,30.0,0
1779285613100,393,UAS-02,502.1,19.04,22.61,3.57,22.71,19.4,0.990,1,1,28.9,0.19,28.82,30.1,0
1779285613133,394,GND-VEH-01,490.3,18.87,22.21,3.34,21.86,18.3,0.990,1,1,26.0,0.13,28.89,29.8,0
1779285613167,395,PERSON-01,339.3,19.25,22.78,3.53,22.45,19.5,0.990,1,1,26.0,0.01,29.15,30.1,0
1779285613200,396,UAS-01,563.7,18.66,22.24,3.58,21.60,19.7,0.990,1,1,26.4,0.08,29.17,30.1,0
1779285613233,397,UAS-02,737.0,18.86,22.37,3.51,21.48,21.0,0.989,1,1,26.0,0.01,28.37,30.0,0
1779285613267,398,GND-VEH-01,719.1,19.16,22.59,3.43,21.87,19.8,0.990,1,1,26.6,0.45,28.67,30.1,0
1779285613300,399,PERSON-01,750.1,18.83,22.46,3.63,21.78,18.2,0.990,1,1,26.0,0.28,29.31,30.0,0
1779285613333,400,UAS-01,415.3,18.78,22.33,3.55,21.84,18.5,0.986,1,1,26.0,0.17,29.19,29.9,0
1779285613367,401,UAS-02,391.5,18.89,22.83,3.94,23.14,18.4,0.990,1,1,26.0,0.21,28.65,30.1,0
1779285613400,402,GND-VEH-01,442.0,18.98,22.66,3.68,22.85,18.4,0.973,1,1,28.8,0.28,28.64,29.9,0
1779285613433,403,PERSON-01,717.1,19.06,22.84,3.79,22.40,18.9,0.990,1,1,27.9,0.65,29.05,30.1,0
1779285613467,404,UAS-01,518.4,18.82,22.23,3.41,21.72,19.3,0.990,1,1,26.0,0.08,29.03,30.2,0
1779285613500,405,UAS-02,391.3,18.92,22.89,3.97,22.73,19.1,0.990,1,1,26.0,0.09,28.32,30.0,0
1779285613533,406,GND-VEH-01,571.1,18.96,22.80,3.84,22.51,18.1,0.990,1,1,26.2,0.32,29.07,29.9,0
1779285613567,407,PERSON-01,320.2,19.01,22.33,3.32,21.80,19.3,0.976,1,1,26.0,0.10,28.69,29.9,0
1779285613600,408,UAS-01,405.9,19.05,22.34,3.29,21.41,19.7,0.990,1,1,26.0,0.28,28.78,29.9,0
1779285613633,409,UAS-02,526.1,18.72,22.37,3.65,21.90,20.0,0.978,1,1,26.0,0.30,28.79,29.8,0
1779285613667,410,GND-VEH-01,326.6,18.98,22.83,3.85,22.97,17.7,0.990,1,1,26.0,0.34,29.04,29.9,0
1779285613700,411,PERSON-01,636.4,18.89,22.26,3.37,21.74,20.3,0.990,1,1,27.2,0.00,28.72,30.0,0
1779285613733,412,UAS-01,399.5,19.32,22.69,3.37,21.50,19.5,0.978,1,1,26.0,0.02,28.79,30.0,0
1779285613767,413,UAS-02,791.3,18.83,22.03,3.20,21.63,18.2,0.990,1,1,27.5,0.13,29.40,29.9,0
1779285613800,414,GND-VEH-01,842.7,18.92,22.65,3.73,22.11,20.5,0.990,1,1,27.3,0.18,28.88,30.0,0
1779285613833,415,PERSON-01,376.2,18.98,22.60,3.62,22.43,18.5,0.990,1,1,26.0,0.09,28.83,29.9,0
1779285613867,416,UAS-01,716.2,19.16,22.52,3.36,22.38,19.1,0.990,1,1,27.3,0.06,28.92,29.8,0
1779285613900,417,UAS-02,527.6,19.14,22.69,3.55,21.38,17.9,0.978,1,1,26.0,0.00,28.75,30.0,0
1779285613933,418,GND-VEH-01,665.6,18.68,22.41,3.73,22.11,19.6,0.990,1,1,26.0,0.02,29.22,30.1,0
1779285613967,419,PERSON-01,337.5,19.10,22.84,3.75,22.28,20.3,0.990,1,1,28.0,0.26,29.09,29.9,0
1779285614000,420,UAS-01,394.5,18.95,22.39,3.44,21.80,19.5,0.983,1,1,26.0,0.19,28.34,30.0,0
1779285614033,421,UAS-02,332.0,18.78,22.47,3.69,22.42,20.5,0.990,1,1,26.0,0.39,29.20,29.8,0
1779285614067,422,GND-VEH-01,400.1,18.90,22.83,3.93,22.89,16.6,0.977,1,1,26.7,0.32,28.57,30.0,0
1779285614100,423,PERSON-01,801.5,19.14,22.57,3.43,22.71,17.5,0.990,1,1,26.0,0.15,29.24,29.9,0
1779285614133,424,UAS-01,459.0,19.28,22.96,3.68,22.29,19.0,0.990,1,1,28.4,0.07,28.82,29.9,0
1779285614167,425,UAS-02,510.6,19.38,22.72,3.34,22.06,19.0,0.983,1,1,27.2,0.28,28.86,29.9,0
1779285614200,426,GND-VEH-01,384.5,19.11,22.69,3.58,22.65,18.9,0.990,1,1,26.4,0.04,28.79,29.9,0
1779285614233,427,PERSON-01,950.5,18.97,22.33,3.36,21.81,19.8,0.990,1,1,28.1,0.25,28.82,29.9,0
1779285614267,428,UAS-01,355.4,19.18,22.78,3.60,22.52,18.4,0.979,1,1,26.0,0.03,29.15,30.1,0
1779285614300,429,UAS-02,443.8,19.04,22.58,3.55,22.19,19.3,0.990,1,1,27.8,0.06,28.71,29.9,0
1779285614333,430,GND-VEH-01,405.2,19.16,22.79,3.63,22.77,19.2,0.990,1,1,26.0,0.03,28.64,30.1,0
1779285614367,431,PERSON-01,395.6,19.07,22.51,3.45,22.16,18.1,0.990,1,1,26.0,0.48,29.02,29.9,0
1779285614400,432,UAS-01,642.3,18.86,22.43,3.57,21.49,19.5,0.990,1,1,26.0,0.01,28.72,30.0,0
1779285614433,433,UAS-02,675.2,18.80,22.32,3.52,22.17,18.1,0.990,1,1,26.0,0.11,29.44,29.9,0
1779285614467,434,GND-VEH-01,389.6,19.23,22.69,3.46,21.89,18.4,0.990,1,1,29.5,0.23,29.08,29.9,0
1779285614500,435,PERSON-01,636.9,19.15,23.00,3.85,22.51,19.3,0.990,1,1,27.2,0.07,29.13,30.1,0
1779285614533,436,UAS-01,311.4,19.10,22.75,3.66,22.72,20.0,0.963,1,1,29.1,0.37,28.99,30.0,0
1779285614567,437,UAS-02,483.8,19.15,22.67,3.52,22.05,19.5,0.990,1,1,27.2,0.13,28.41,30.1,0
1779285614600,438,GND-VEH-01,383.9,19.18,22.66,3.48,22.13,18.7,0.990,1,1,28.3,0.26,28.37,29.9,0
1779285614633,439,PERSON-01,665.5,18.99,22.69,3.70,22.80,17.9,0.990,1,1,27.5,0.18,28.84,29.9,0
1779285614667,440,UAS-01,519.9,18.88,22.46,3.57,21.61,18.9,0.990,1,1,26.7,0.16,29.13,29.9,0
1779285614700,441,UAS-02,600.7,18.76,22.38,3.62,22.45,20.3,0.990,1,1,27.2,0.20,29.13,30.0,0
1779285614733,442,GND-VEH-01,658.0,19.06,22.42,3.36,21.90,19.1,0.978,1,1,26.0,0.08,28.87,30.2,0
1779285614767,443,PERSON-01,743.3,18.87,22.08,3.21,21.35,20.9,0.990,1,1,26.4,0.10,28.79,30.1,0
1779285614800,444,UAS-01,458.0,19.18,22.34,3.16,20.88,19.5,0.982,1,1,26.1,0.22,29.38,29.9,0
1779285614833,445,UAS-02,761.3,19.08,22.48,3.40,21.85,18.1,0.990,1,1,26.0,0.16,28.64,29.9,0
1779285614867,446,GND-VEH-01,410.8,19.01,22.54,3.54,21.63,19.2,0.990,1,1,26.0,0.08,28.97,30.1,0
1779285614900,447,PERSON-01,313.4,18.98,22.69,3.70,23.22,18.8,0.978,1,1,26.0,0.19,28.68,30.0,0
1779285614933,448,UAS-01,457.1,18.77,21.89,3.13,22.03,19.5,0.990,1,1,26.9,0.09,28.84,30.0,0
1779285614967,449,UAS-02,479.8,19.02,22.88,3.86,23.36,19.0,0.990,1,1,26.0,0.07,29.14,30.1,0
1779285615000,450,GND-VEH-01,432.3,19.16,22.36,3.19,21.62,17.9,0.975,1,1,26.0,0.28,28.80,29.8,0
1779285615033,451,PERSON-01,515.1,18.98,22.33,3.35,22.73,17.4,0.990,1,1,26.0,0.08,29.11,29.9,0
1779285615067,452,UAS-01,582.3,19.08,22.55,3.48,21.67,19.4,0.990,1,1,26.0,0.03,28.88,30.0,0
1779285615100,453,UAS-02,869.0,18.97,22.70,3.72,23.11,18.5,0.990,1,1,29.9,0.27,28.98,30.1,0
1779285615133,454,GND-VEH-01,401.5,19.17,22.63,3.46,22.16,19.2,0.990,1,1,27.1,0.03,28.89,29.9,0
1779285615167,455,PERSON-01,683.3,18.98,22.34,3.36,21.67,18.3,0.989,1,1,26.2,0.01,29.13,29.9,0
1779285615200,456,UAS-01,469.5,18.91,22.33,3.42,21.95,19.9,0.990,1,1,26.0,0.01,29.27,30.0,0
1779285615233,457,UAS-02,476.4,19.17,22.56,3.39,22.02,20.2,0.990,1,1,26.0,0.09,28.89,30.1,0
1779285615267,458,GND-VEH-01,755.5,19.20,22.50,3.30,21.23,20.4,0.990,1,1,26.0,0.16,28.69,30.1,0
1779285615300,459,PERSON-01,896.8,18.82,22.55,3.73,22.89,17.2,0.990,1,1,28.6,0.13,29.10,30.0,0
1779285615333,460,UAS-01,350.6,19.19,22.66,3.47,22.51,18.8,0.990,1,1,26.0,0.43,28.96,30.0,0
1779285615367,461,UAS-02,368.7,19.01,22.73,3.73,22.10,18.5,0.990,1,1,26.0,0.19,29.08,30.0,0
1779285615400,462,GND-VEH-01,452.4,18.70,22.38,3.67,22.11,20.3,0.977,1,1,26.0,0.23,28.89,29.9,0
1779285615433,463,PERSON-01,531.4,19.04,22.67,3.63,22.16,17.8,0.990,1,1,26.0,0.13,28.90,30.0,0
1779285615467,464,UAS-01,367.1,18.97,22.83,3.86,22.62,19.0,0.990,1,1,26.0,0.08,28.85,30.0,0
1779285615500,465,UAS-02,515.5,19.22,22.89,3.66,22.51,18.2,0.989,1,1,26.0,0.11,29.18,30.0,0
1779285615533,466,GND-VEH-01,857.4,19.12,22.16,3.04,21.70,18.9,0.990,1,1,27.6,0.16,29.13,29.9,0
1779285615567,467,PERSON-01,647.4,18.90,22.36,3.46,22.47,18.7,0.980,1,1,26.0,0.09,28.93,30.0,0
1779285615600,468,UAS-01,324.4,18.99,22.46,3.46,21.65,20.7,0.988,1,1,26.0,0.42,29.26,29.9,0
1779285615633,469,UAS-02,726.1,18.99,22.39,3.41,21.64,18.7,0.990,1,1,26.0,0.13,29.32,30.1,0
1779285615667,470,GND-VEH-01,459.0,19.08,22.51,3.44,21.75,19.2,0.990,1,1,26.0,0.41,28.67,29.9,0
1779285615700,471,PERSON-01,378.4,18.99,22.55,3.56,22.32,18.6,0.990,1,1,26.4,0.50,29.22,30.0,0
1779285615733,472,UAS-01,328.4,18.82,22.81,3.99,22.46,18.0,0.987,1,1,26.0,0.11,29.17,30.0,0
1779285615767,473,UAS-02,599.6,19.02,22.83,3.81,22.22,18.7,0.990,1,1,27.1,0.52,29.41,30.0,0
1779285615800,474,GND-VEH-01,705.5,19.10,22.31,3.21,21.64,19.3,0.990,1,1,28.0,0.24,29.22,29.9,0
1779285615833,475,PERSON-01,541.9,18.93,22.29,3.36,21.72,18.1,0.990,1,1,27.9,0.14,28.85,29.9,0
1779285615867,476,UAS-01,447.0,18.84,22.29,3.45,22.18,19.7,0.990,1,1,26.0,0.09,29.06,30.1,0
1779285615900,477,UAS-02,345.3,19.40,23.10,3.70,22.65,18.6,0.990,1,1,28.9,0.30,28.81,30.0,0
1779285615933,478,GND-VEH-01,329.1,19.00,22.46,3.46,22.10,18.3,0.990,1,1,26.0,0.45,29.02,30.0,0
1779285615967,479,PERSON-01,654.1,19.14,22.60,3.46,22.18,19.4,0.990,1,1,26.0,0.20,29.10,29.9,0
1779285616000,480,UAS-01,309.7,19.08,22.61,3.53,22.32,18.8,0.988,1,1,27.9,0.05,29.23,29.9,0
1779285616033,481,UAS-02,475.7,18.88,22.11,3.23,21.24,16.9,0.990,1,1,26.0,0.16,29.40,30.0,0
1779285616067,482,GND-VEH-01,498.1,19.15,22.81,3.66,21.87,19.2,0.990,1,1,27.2,0.19,29.34,30.1,0
1779285616100,483,PERSON-01,688.8,18.89,22.23,3.34,22.07,18.7,0.990,1,1,26.0,0.13,29.06,29.9,0
1779285616133,484,UAS-01,753.2,18.99,22.21,3.22,21.31,18.8,0.990,1,1,26.7,0.13,28.56,29.9,0
1779285616167,485,UAS-02,521.0,18.97,22.53,3.56,22.65,19.2,0.990,1,1,26.0,0.40,28.93,30.0,0
1779285616200,486,GND-VEH-01,651.5,18.90,22.36,3.46,22.12,19.4,0.990,1,1,26.0,0.26,29.31,29.9,0
1779285616233,487,PERSON-01,473.2,19.06,22.61,3.55,21.99,19.8,0.990,1,1,26.0,0.27,29.33,30.0,0
1779285616267,488,UAS-01,525.2,19.18,23.13,3.95,22.27,19.5,0.990,1,1,26.0,0.23,28.99,30.1,0
1779285616300,489,UAS-02,517.3,19.03,22.55,3.52,21.91,18.1,0.990,1,1,26.0,0.28,29.05,30.1,0
1779285616333,490,GND-VEH-01,353.9,19.07,22.90,3.83,22.54,19.0,0.990,1,1,26.0,0.19,28.85,30.0,0
1779285616367,491,PERSON-01,677.0,18.81,22.27,3.46,22.36,17.7,0.990,1,1,28.9,0.08,28.80,30.0,0
1779285616400,492,UAS-01,859.9,18.82,22.36,3.54,22.01,19.6,0.990,1,1,28.0,0.19,28.75,30.0,0
1779285616433,493,UAS-02,464.9,18.86,22.52,3.66,22.31,19.1,0.990,1,1,26.0,0.24,29.25,30.0,0
1779285616467,494,GND-VEH-01,535.9,19.07,22.54,3.48,21.96,18.6,0.990,1,1,26.0,0.09,29.02,29.9,0
1779285616500,495,PERSON-01,306.5,19.05,22.63,3.57,22.15,18.0,0.980,1,1,26.0,0.12,29.20,30.1,0
1779285616533,496,UAS-01,507.6,18.96,22.57,3.61,22.60,19.3,0.990,1,1,27.5,0.03,29.09,30.0,0
1779285616567,497,UAS-02,596.3,18.83,22.13,3.30,21.97,17.9,0.977,1,1,27.0,0.23,29.06,30.0,0
1779285616600,498,GND-VEH-01,538.4,18.80,22.37,3.57,21.91,19.4,0.990,1,1,26.0,0.15,28.93,29.9,0
1779285616633,499,PERSON-01,331.2,19.24,22.83,3.59,22.12,19.0,0.990,1,1,26.0,0.12,29.02,30.0,0
1779285616667,500,UAS-01,542.3,18.98,22.54,3.56,22.35,19.1,0.990,1,1,26.7,0.26,28.75,30.1,0
1779285616700,501,UAS-02,614.3,18.91,22.44,3.53,21.66,19.9,0.990,1,1,26.0,0.15,29.01,29.9,0
1779285616733,502,GND-VEH-01,411.0,18.73,22.16,3.43,21.91,19.1,0.990,1,1,27.2,0.13,28.89,29.9,0
1779285616767,503,PERSON-01,1015.9,18.95,22.26,3.31,21.78,18.1,0.984,1,1,26.9,0.14,28.93,30.0,0
1779285616800,504,UAS-01,310.8,19.04,22.74,3.70,22.99,18.2,0.990,1,1,27.4,0.17,29.01,30.0,0
1779285616833,505,UAS-02,399.7,18.78,22.14,3.36,22.74,19.8,0.990,1,1,28.1,0.13,28.98,30.0,0
1779285616867,506,GND-VEH-01,455.6,19.11,23.00,3.89,22.98,17.6,0.990,1,1,29.5,0.11,29.04,30.0,0
1779285616900,507,PERSON-01,509.0,19.09,22.54,3.45,22.99,18.0,0.990,1,1,26.0,0.06,29.55,30.0,0
1779285616933,508,UAS-01,533.9,19.00,22.50,3.50,22.66,19.4,0.990,1,1,28.5,0.01,29.04,30.1,0
1779285616967,509,UAS-02,631.3,19.17,22.37,3.20,21.28,19.5,0.990,1,1,26.0,0.47,29.10,30.0,0
1779285617000,510,GND-VEH-01,357.0,18.97,22.86,3.89,23.24,18.5,0.990,1,1,26.0,0.27,29.28,30.0,0
1779285617033,511,PERSON-01,339.4,19.16,22.74,3.58,23.22,19.1,0.990,1,1,26.0,0.16,28.90,30.0,0
1779285617067,512,UAS-01,341.5,18.99,22.57,3.58,22.42,17.6,0.990,1,1,26.0,0.03,29.14,30.0,0
1779285617100,513,UAS-02,436.9,19.03,22.49,3.46,21.85,19.7,0.990,1,1,26.0,0.21,29.08,29.8,0
1779285617133,514,GND-VEH-01,460.6,19.07,22.39,3.32,21.95,17.3,0.990,1,1,26.4,0.35,29.39,30.0,0
1779285617167,515,PERSON-01,346.2,19.13,22.58,3.46,22.31,17.1,0.990,1,1,26.7,0.05,29.09,29.9,0
1779285617200,516,UAS-01,373.5,19.12,22.72,3.60,22.38,19.2,0.990,1,1,26.7,0.07,29.19,30.0,0
1779285617233,517,UAS-02,391.6,19.10,22.38,3.28,21.56,18.1,0.990,1,1,26.0,0.29,29.16,30.0,0
1779285617267,518,GND-VEH-01,304.2,19.00,22.62,3.62,22.58,18.8,0.990,1,1,28.0,0.10,29.46,30.1,0
1779285617300,519,PERSON-01,568.0,18.97,22.51,3.54,22.21,19.4,0.990,1,1,26.7,0.08,29.09,30.0,0
1779285617333,520,UAS-01,651.1,19.00,22.72,3.72,22.30,18.4,0.990,1,1,26.0,0.02,29.10,30.0,0
1779285617367,521,UAS-02,467.7,19.10,22.96,3.86,23.13,19.0,0.990,1,1,26.0,0.11,28.79,30.2,0
1779285617400,522,GND-VEH-01,507.7,18.86,22.61,3.76,22.30,18.9,0.990,1,1,27.3,0.27,29.30,30.1,0
1779285617433,523,PERSON-01,520.6,19.14,22.39,3.25,21.91,17.5,0.989,1,1,26.1,0.15,29.34,30.0,0
1779285617467,524,UAS-01,579.4,19.07,22.34,3.28,22.40,19.4,0.983,1,1,26.4,0.18,29.24,30.1,0
1779285617500,525,UAS-02,813.5,18.94,22.37,3.43,21.32,18.3,0.990,1,1,27.4,0.02,29.48,30.0,0
1779285617533,526,GND-VEH-01,661.7,18.71,21.97,3.26,21.47,19.9,0.990,1,1,26.0,0.10,29.04,30.0,0
1779285617567,527,PERSON-01,375.0,18.85,22.57,3.72,22.75,19.0,0.990,1,1,26.0,0.44,29.27,30.1,0
1779285617600,528,UAS-01,589.5,19.25,22.72,3.47,21.58,19.4,0.990,1,1,26.0,0.18,29.23,30.1,0
1779285617633,529,UAS-02,433.4,18.87,22.60,3.74,22.23,19.1,0.990,1,1,26.0,0.05,29.10,30.0,0
1779285617667,530,GND-VEH-01,570.9,19.01,22.17,3.17,21.77,18.6,0.988,1,1,26.0,0.43,29.28,30.0,0
1779285617700,531,PERSON-01,795.5,19.18,22.57,3.38,21.60,19.1,0.990,1,1,27.0,0.10,28.81,29.9,0
1779285617733,532,UAS-01,342.8,18.94,22.50,3.56,21.69,18.5,0.990,1,1,27.9,0.19,29.18,30.1,0
1779285617767,533,UAS-02,403.7,18.81,22.17,3.36,22.45,19.7,0.990,1,1,26.0,0.22,28.81,30.0,0
1779285617800,534,GND-VEH-01,503.4,18.98,22.53,3.55,21.67,19.4,0.990,1,1,27.8,0.20,29.39,30.0,0
1779285617833,535,PERSON-01,472.1,19.27,22.83,3.56,22.41,18.0,0.990,1,1,27.1,0.03,28.93,30.1,0
1779285617867,536,UAS-01,540.1,18.77,22.19,3.42,21.45,19.3,0.990,1,1,26.9,0.18,28.98,29.9,0
1779285617900,537,UAS-02,625.4,18.67,21.91,3.24,22.08,20.2,0.990,1,1,28.5,0.30,29.01,30.0,0
1779285617933,538,GND-VEH-01,582.2,19.04,22.65,3.61,21.57,19.0,0.990,1,1,26.0,0.08,29.29,30.1,0
1779285617967,539,PERSON-01,635.1,19.23,22.87,3.64,22.54,19.4,0.990,1,1,26.0,0.04,29.08,29.9,0
1779285618000,540,UAS-01,417.8,19.26,22.81,3.54,22.56,18.4,0.990,1,1,26.2,0.01,29.01,30.0,0
1779285618033,541,UAS-02,563.9,19.08,22.68,3.60,21.68,19.9,0.990,1,1,26.0,0.11,29.54,30.0,0
1779285618067,542,GND-VEH-01,308.1,19.11,22.74,3.62,21.91,19.1,0.990,1,1,26.0,0.11,29.22,30.0,0
1779285618100,543,PERSON-01,869.4,19.15,22.58,3.43,22.54,18.9,0.990,1,1,26.5,0.06,29.19,30.0,0
1779285618133,544,UAS-01,844.1,18.86,22.21,3.35,22.07,18.9,0.981,1,1,27.5,0.25,29.07,30.0,0
1779285618167,545,UAS-02,630.9,18.93,22.54,3.61,22.12,19.7,0.979,1,1,26.3,0.14,29.18,29.9,0
1779285618200,546,GND-VEH-01,472.3,19.11,22.67,3.55,21.74,19.3,0.990,1,1,26.0,0.16,29.02,29.8,0
1779285618233,547,PERSON-01,555.5,19.01,22.32,3.30,21.63,19.9,0.990,1,1,26.0,0.13,29.12,29.9,0
1779285618267,548,UAS-01,401.9,18.96,22.61,3.65,22.71,17.2,0.990,1,1,26.0,0.16,29.46,30.0,0
1779285618300,549,UAS-02,634.1,18.91,22.30,3.39,21.47,19.6,0.990,1,1,26.0,0.06,29.12,29.9,0
1779285618333,550,GND-VEH-01,505.5,19.06,22.55,3.49,22.53,19.5,0.990,1,1,26.0,0.09,28.84,29.9,0
1779285618367,551,PERSON-01,365.0,19.19,22.92,3.73,22.23,18.7,0.990,1,1,26.0,0.05,29.34,29.9,0
1779285618400,552,UAS-01,524.8,19.02,22.52,3.50,22.16,19.5,0.970,1,1,26.0,0.40,29.11,30.0,0
1779285618433,553,UAS-02,762.0,18.99,22.24,3.25,22.26,17.4,0.977,1,1,27.3,0.42,29.39,30.0,0
1779285618467,554,GND-VEH-01,717.0,19.18,22.67,3.49,22.28,20.1,0.990,1,1,26.0,0.03,28.77,29.9,0
1779285618500,555,PERSON-01,491.0,18.89,22.33,3.45,21.63,19.3,0.990,1,1,26.0,0.08,29.53,29.9,0
1779285618533,556,UAS-01,848.6,19.01,22.08,3.07,21.14,18.8,0.990,1,1,27.5,0.11,29.10,29.9,0
1779285618567,557,UAS-02,691.7,18.91,22.22,3.31,21.86,20.2,0.990,1,1,26.0,0.13,28.95,30.1,0
1779285618600,558,GND-VEH-01,491.1,18.97,22.57,3.60,21.97,20.0,0.990,1,1,26.0,0.14,29.57,30.1,0
1779285618633,559,PERSON-01,625.7,18.94,22.55,3.60,22.89,17.7,0.975,1,1,26.0,0.14,29.12,30.0,0
1779285618667,560,UAS-01,769.4,19.13,22.60,3.48,21.97,19.6,0.990,1,1,26.7,0.17,29.00,30.0,0
1779285618700,561,UAS-02,589.6,19.10,22.63,3.53,21.85,18.9,0.990,1,1,26.0,0.13,28.95,30.1,0
1779285618733,562,GND-VEH-01,320.1,19.09,22.92,3.84,22.80,18.7,0.990,1,1,26.0,0.22,28.86,30.1,0
1779285618767,563,PERSON-01,886.6,18.84,22.14,3.30,21.44,19.1,0.990,1,1,26.0,0.10,29.14,30.0,0
1779285618800,564,UAS-01,361.9,18.98,22.33,3.35,22.45,18.7,0.986,1,1,26.0,0.26,29.31,30.1,0
1779285618833,565,UAS-02,315.3,18.76,22.53,3.78,21.71,20.0,0.990,1,1,27.1,0.10,29.20,29.9,0
1779285618867,566,GND-VEH-01,540.3,18.80,22.53,3.73,21.67,19.3,0.990,1,1,27.2,0.27,29.23,30.0,0
1779285618900,567,PERSON-01,553.6,19.08,22.61,3.52,22.01,19.1,0.990,1,1,26.0,0.18,29.20,30.1,0
1779285618933,568,UAS-01,483.4,19.06,22.61,3.56,22.38,20.4,0.988,1,1,28.3,0.38,29.24,29.9,0
1779285618967,569,UAS-02,413.2,19.11,22.72,3.61,22.99,17.0,0.990,1,1,26.0,0.44,29.07,30.0,0
1779285619000,570,GND-VEH-01,842.0,18.80,22.37,3.57,22.43,18.8,0.988,1,1,26.0,0.06,29.53,30.0,0
1779285619033,571,PERSON-01,338.1,19.25,23.07,3.82,21.83,20.8,0.990,1,1,26.0,0.34,29.34,29.9,0
1779285619067,572,UAS-01,432.2,19.13,22.91,3.78,22.79,18.8,0.990,1,1,26.0,0.03,29.45,30.0,0
1779285619100,573,UAS-02,478.3,19.07,22.47,3.40,22.10,19.1,0.990,1,1,26.0,0.20,29.04,30.0,0
1779285619133,574,GND-VEH-01,410.2,18.85,22.38,3.53,22.67,18.7,0.990,1,1,26.0,0.16,29.13,30.0,0
1779285619167,575,PERSON-01,541.5,18.97,22.48,3.51,22.30,17.6,0.983,1,1,26.0,0.13,29.28,30.1,0
1779285619200,576,UAS-01,322.2,19.15,22.70,3.55,22.02,18.9,0.990,1,1,27.3,0.09,29.13,29.9,0
1779285619233,577,UAS-02,340.8,18.99,22.33,3.33,21.35,18.5,0.987,1,1,26.0,0.04,29.48,30.2,0
1779285619267,578,GND-VEH-01,426.0,18.92,22.51,3.59,22.24,19.0,0.990,1,1,26.0,0.02,29.07,30.1,0
1779285619300,579,PERSON-01,649.0,19.27,22.53,3.25,22.07,17.6,0.977,1,1,28.3,0.45,29.09,30.1,0
1779285619333,580,UAS-01,537.8,19.09,22.71,3.62,22.78,18.1,0.982,1,1,26.0,0.07,29.42,29.9,0
1779285619367,581,UAS-02,492.6,19.14,22.97,3.83,23.06,17.8,0.990,1,1,29.2,0.03,29.55,30.0,0
1779285619400,582,GND-VEH-01,667.6,19.06,22.47,3.41,22.13,18.5,0.979,1,1,30.6,0.36,29.54,30.1,0
1779285619433,583,PERSON-01,366.0,18.90,22.19,3.29,21.23,20.6,0.990,1,1,26.0,0.21,29.10,30.0,0
1779285619467,584,UAS-01,895.4,19.02,22.30,3.28,21.91,18.7,0.990,1,1,29.2,0.07,29.18,30.1,0
1779285619500,585,UAS-02,669.2,19.15,22.45,3.30,21.56,19.5,0.990,1,1,26.4,0.29,29.19,30.1,0
1779285619533,586,GND-VEH-01,363.2,18.95,22.45,3.51,22.36,18.4,0.987,1,1,26.0,0.00,29.64,30.0,0
1779285619567,587,PERSON-01,379.5,18.82,22.63,3.81,22.66,19.1,0.985,1,1,26.6,0.10,29.24,30.0,0
1779285619600,588,UAS-01,323.7,19.04,22.67,3.63,22.09,19.3,0.990,1,1,27.3,0.49,29.28,30.1,0
1779285619633,589,UAS-02,391.6,19.13,22.55,3.42,22.01,19.8,0.990,1,1,28.4,0.22,29.30,30.1,0
1779285619667,590,GND-VEH-01,347.0,19.02,22.82,3.80,22.98,18.7,0.990,1,1,28.0,0.06,29.48,30.1,0
1779285619700,591,PERSON-01,321.1,18.88,22.16,3.28,22.17,19.7,0.981,1,1,28.4,0.10,29.86,30.0,0
1779285619733,592,UAS-01,480.9,18.95,22.79,3.84,22.63,20.7,0.990,1,1,26.0,0.10,29.48,30.1,0
1779285619767,593,UAS-02,523.6,19.01,23.07,4.06,22.98,20.3,0.988,1,1,27.8,0.13,29.45,30.0,0
1779285619800,594,GND-VEH-01,595.5,19.35,22.82,3.47,22.78,19.5,0.973,1,1,27.0,0.02,29.28,30.1,0
1779285619833,595,PERSON-01,610.1,19.03,22.83,3.80,22.86,18.1,0.980,1,1,26.0,0.15,29.67,30.0,0
1779285619867,596,UAS-01,402.5,19.18,23.03,3.85,23.05,19.5,0.990,1,1,26.0,0.08,29.44,30.0,0
1779285619900,597,UAS-02,381.8,19.05,22.36,3.31,21.76,18.2,0.990,1,1,26.0,0.10,29.35,30.1,0
1779285619933,598,GND-VEH-01,544.5,18.98,22.38,3.40,22.36,17.8,0.990,1,1,26.1,0.08,29.56,29.8,0
1779285619967,599,PERSON-01,436.7,19.11,22.75,3.64,22.99,19.4,0.976,1,1,26.0,0.22,29.11,30.0,0
1779285620000,600,UAS-01,611.2,19.01,22.66,3.65,22.35,18.4,0.990,1,1,26.0,0.06,29.46,30.0,0
1779285620033,601,UAS-02,654.8,19.11,22.31,3.19,21.50,20.0,0.990,1,1,26.0,0.15,29.34,30.0,0
1779285620067,602,GND-VEH-01,366.2,18.99,22.49,3.50,21.76,21.1,0.990,1,1,26.0,0.10,29.42,30.0,0
1779285620100,603,PERSON-01,540.5,19.03,22.46,3.43,21.55,19.8,0.990,1,1,26.3,0.19,29.24,30.0,0
1779285620133,604,UAS-01,550.6,19.09,22.66,3.57,22.68,18.7,0.990,1,1,29.5,0.34,29.58,30.2,0
1779285620167,605,UAS-02,567.1,18.75,22.26,3.51,21.94,18.6,0.985,1,1,27.0,0.21,29.34,30.0,0
1779285620200,606,GND-VEH-01,392.3,18.90,22.59,3.70,22.52,18.7,0.990,1,1,26.0,0.32,29.25,30.0,0
1779285620233,607,PERSON-01,518.6,19.06,22.96,3.90,22.54,18.8,0.990,1,1,26.0,0.19,29.72,29.8,0
1779285620267,608,UAS-01,595.6,18.90,22.57,3.67,22.24,19.0,0.990,1,1,26.4,0.10,29.61,30.0,0
1779285620300,609,UAS-02,785.2,19.24,22.77,3.53,21.73,20.6,0.990,1,1,28.8,0.21,29.35,30.0,0
1779285620333,610,GND-VEH-01,406.1,18.89,22.66,3.77,23.08,17.6,0.977,1,1,26.0,0.03,29.48,30.0,0
1779285620367,611,PERSON-01,454.2,19.03,22.87,3.84,22.40,18.2,0.990,1,1,28.1,0.02,29.51,30.0,0
1779285620400,612,UAS-01,394.6,18.94,22.41,3.47,22.42,20.7,0.990,1,1,26.0,0.26,29.48,30.0,0
1779285620433,613,UAS-02,328.5,18.87,22.56,3.69,22.18,20.3,0.990,1,1,26.1,0.11,29.36,29.8,0
1779285620467,614,GND-VEH-01,541.7,19.07,22.37,3.30,21.58,19.8,0.987,1,1,26.0,0.13,29.27,30.0,0
1779285620500,615,PERSON-01,435.7,18.78,22.30,3.52,22.23,19.3,0.990,1,1,27.5,0.10,29.40,29.9,0
1779285620533,616,UAS-01,312.3,18.95,22.61,3.66,22.52,18.4,0.990,1,1,29.2,0.22,29.28,30.0,0
1779285620567,617,UAS-02,608.8,18.78,22.13,3.35,21.27,19.5,0.987,1,1,26.0,0.08,29.24,30.0,0
1779285620600,618,GND-VEH-01,848.3,18.77,22.48,3.71,22.49,18.3,0.978,1,1,28.6,0.21,29.01,30.1,0
1779285620633,619,PERSON-01,349.5,18.91,22.66,3.75,22.03,20.1,0.990,1,1,27.1,0.09,29.32,29.9,0
1779285620667,620,UAS-01,534.1,18.83,22.42,3.59,21.70,18.6,0.990,1,1,26.0,0.07,29.09,29.9,0
1779285620700,621,UAS-02,506.9,19.11,22.47,3.37,21.39,19.8,0.990,1,1,26.0,0.17,29.57,30.2,0
1779285620733,622,GND-VEH-01,622.4,19.30,22.84,3.53,21.90,17.7,0.990,1,1,26.1,0.26,29.48,29.9,0
1779285620767,623,PERSON-01,481.9,19.00,22.44,3.44,22.22,19.4,0.990,1,1,26.3,0.14,29.71,29.9,0
1779285620800,624,UAS-01,629.4,18.94,22.29,3.35,22.68,17.0,0.990,1,1,27.3,0.09,29.69,30.0,0
1779285620833,625,UAS-02,443.0,19.02,22.70,3.68,23.04,19.7,0.983,1,1,28.4,0.30,29.73,30.0,0
1779285620867,626,GND-VEH-01,501.2,19.13,22.78,3.66,21.87,19.3,0.988,1,1,28.8,0.28,29.42,30.0,0
1779285620900,627,PERSON-01,847.8,18.96,22.31,3.35,22.38,18.2,0.985,1,1,28.3,0.06,29.58,30.1,0
1779285620933,628,UAS-01,377.8,18.82,22.20,3.38,22.05,19.1,0.990,1,1,26.0,0.09,29.73,30.0,0
1779285620967,629,UAS-02,399.1,19.01,22.53,3.51,21.62,17.6,0.990,1,1,26.0,0.22,28.95,29.9,0
1779285621000,630,GND-VEH-01,690.6,18.98,22.68,3.70,21.97,18.4,0.990,1,1,26.0,0.09,29.00,29.9,0
1779285621033,631,PERSON-01,463.2,18.94,22.54,3.60,22.36,19.8,0.990,1,1,26.0,0.03,29.57,30.0,0
1779285621067,632,UAS-01,703.0,19.07,22.17,3.10,21.13,18.2,0.990,1,1,27.2,0.13,29.57,29.9,0
1779285621100,633,UAS-02,498.8,18.81,22.14,3.33,22.04,18.6,0.983,1,1,26.0,0.16,29.35,30.1,0
1779285621133,634,GND-VEH-01,524.3,18.92,22.12,3.20,21.30,17.5,0.989,1,1,26.0,0.27,29.43,29.9,0
1779285621167,635,PERSON-01,720.5,19.19,22.76,3.58,22.11,18.7,0.990,1,1,27.7,0.06,29.44,29.9,0
1779285621200,636,UAS-01,911.3,19.10,22.45,3.35,21.36,19.2,0.990,1,1,26.0,0.01,29.58,29.9,0
1779285621233,637,UAS-02,526.8,19.23,22.65,3.42,21.44,19.6,0.985,1,1,26.0,0.03,29.70,30.0,0
1779285621267,638,GND-VEH-01,332.3,19.07,22.85,3.78,22.66,18.6,0.990,1,1,26.0,0.13,28.99,29.9,0
1779285621300,639,PERSON-01,433.9,19.00,22.77,3.77,22.43,19.9,0.990,1,1,26.0,0.25,29.63,29.8,0
1779285621333,640,UAS-01,415.8,18.94,22.61,3.66,21.40,19.8,0.986,1,1,28.0,0.29,29.11,30.0,0
1779285621367,641,UAS-02,870.9,18.66,22.26,3.59,22.63,17.7,0.974,1,1,26.7,0.19,29.48,30.0,0
1779285621400,642,GND-VEH-01,625.1,19.03,22.70,3.67,22.13,19.7,0.990,1,1,27.9,0.24,29.37,30.0,0
1779285621433,643,PERSON-01,388.8,18.94,22.45,3.51,22.07,19.3,0.989,1,1,26.0,0.02,29.45,30.1,0
1779285621467,644,UAS-01,449.9,18.70,22.53,3.83,22.50,18.4,0.990,1,1,26.0,0.27,29.66,29.9,0
1779285621500,645,UAS-02,390.1,18.86,22.44,3.58,21.98,20.2,0.990,1,1,26.9,0.08,29.13,30.0,0
1779285621533,646,GND-VEH-01,465.1,19.13,22.55,3.42,21.72,18.8,0.990,1,1,26.0,0.28,29.35,30.1,0
1779285621567,647,PERSON-01,344.5,19.19,22.71,3.52,22.51,18.3,0.989,1,1,26.0,0.45,29.23,30.0,0
1779285621600,648,UAS-01,348.1,18.71,22.60,3.89,22.52,18.0,0.962,1,1,27.9,0.02,29.25,30.0,0
1779285621633,649,UAS-02,458.0,19.12,22.89,3.77,23.06,18.7,0.983,1,1,26.0,0.26,28.97,30.0,0
1779285621667,650,GND-VEH-01,345.5,18.96,22.43,3.47,22.22,20.5,0.990,1,1,26.0,0.10,29.32,30.0,0
1779285621700,651,PERSON-01,346.9,18.81,22.23,3.42,21.75,19.5,0.989,1,1,26.0,0.09,28.92,30.1,0
1779285621733,652,UAS-01,381.3,18.78,22.47,3.69,23.04,18.4,0.990,1,1,26.0,0.19,29.18,30.0,0
1779285621767,653,UAS-02,574.1,19.10,22.63,3.53,22.08,19.9,0.974,1,1,26.0,0.11,29.09,30.2,0
1779285621800,654,GND-VEH-01,307.0,19.18,23.14,3.96,22.36,20.0,0.990,1,1,26.6,0.25,29.71,29.9,0
1779285621833,655,PERSON-01,516.1,18.82,22.21,3.39,22.33,18.0,0.990,1,1,26.0,0.09,29.44,30.1,0
1779285621867,656,UAS-01,615.3,19.09,22.66,3.57,22.82,20.1,0.989,1,1,26.3,0.13,29.65,30.1,0
1779285621900,657,UAS-02,426.8,19.10,22.74,3.63,22.62,19.7,0.990,1,1,27.2,0.10,28.85,30.1,0
1779285621933,658,GND-VEH-01,691.0,19.08,22.42,3.35,22.18,18.9,0.990,1,1,26.0,0.14,29.78,30.0,0
1779285621967,659,PERSON-01,506.9,18.81,22.36,3.55,21.63,17.9,0.984,1,1,26.1,0.18,29.55,29.9,0
1779285622000,660,UAS-01,674.9,19.05,22.51,3.47,21.50,19.1,0.990,1,1,26.0,0.42,29.24,30.0,0
1779285622033,661,UAS-02,381.1,19.00,22.61,3.60,22.24,18.3,0.990,1,1,26.0,0.23,29.34,30.0,0
1779285622067,662,GND-VEH-01,406.0,19.05,22.84,3.78,22.49,19.7,0.990,1,1,27.0,0.08,29.65,30.1,0
1779285622100,663,PERSON-01,645.4,19.02,22.26,3.24,21.40,18.8,0.990,1,1,26.1,0.14,29.66,29.9,0
1779285622133,664,UAS-01,806.7,18.93,22.51,3.59,22.12,18.4,0.990,1,1,26.0,0.12,29.05,29.9,0
1779285622167,665,UAS-02,881.3,18.92,22.17,3.25,21.44,19.7,0.990,1,1,26.0,0.22,29.45,30.0,0
1779285622200,666,GND-VEH-01,424.4,19.03,22.77,3.75,22.70,17.5,0.990,1,1,26.0,0.18,29.69,30.1,0
1779285622233,667,PERSON-01,553.7,19.26,22.82,3.56,22.33,19.0,0.990,1,1,26.0,0.28,29.40,29.9,0
1779285622267,668,UAS-01,661.6,18.84,21.98,3.14,21.39,18.3,0.990,1,1,26.0,0.12,29.77,30.0,0
1779285622300,669,UAS-02,691.1,18.76,22.02,3.26,21.24,19.5,0.990,1,1,27.4,0.02,29.12,29.9,0
1779285622333,670,GND-VEH-01,469.5,19.14,22.68,3.55,21.62,18.5,0.990,1,1,27.8,0.34,29.93,30.0,0
1779285622367,671,PERSON-01,570.7,19.00,22.39,3.39,22.62,17.7,0.990,1,1,26.2,0.11,29.29,30.0,0
1779285622400,672,UAS-01,867.4,19.05,22.60,3.55,22.68,20.0,0.990,1,1,26.3,0.58,29.80,30.0,0
1779285622433,673,UAS-02,555.0,18.98,22.21,3.23,22.20,20.3,0.982,1,1,26.0,0.26,29.46,30.0,0
1779285622467,674,GND-VEH-01,624.1,19.16,22.86,3.71,22.61,20.3,0.990,1,1,26.0,0.04,29.31,30.0,0
1779285622500,675,PERSON-01,760.2,19.00,22.62,3.62,23.09,18.8,0.990,1,1,26.3,0.37,29.27,29.9,0
1779285622533,676,UAS-01,587.2,19.32,22.61,3.29,21.21,21.4,0.981,1,1,26.0,0.11,29.54,29.9,0
1779285622567,677,UAS-02,428.4,19.07,22.79,3.72,22.36,19.1,0.990,1,1,26.0,0.41,29.62,29.9,0
1779285622600,678,GND-VEH-01,344.7,19.04,22.44,3.41,21.92,17.0,0.978,1,1,27.7,0.05,29.44,29.9,0
1779285622633,679,PERSON-01,423.6,19.01,22.50,3.49,22.22,18.7,0.990,1,1,26.0,0.11,29.42,30.1,0
1779285622667,680,UAS-01,513.5,19.04,22.92,3.88,22.71,18.2,0.990,1,1,26.5,0.26,29.28,29.9,0
1779285622700,681,UAS-02,722.4,19.10,22.37,3.28,21.96,18.0,0.990,1,1,26.0,0.15,29.63,30.0,0
1779285622733,682,GND-VEH-01,785.9,18.90,22.20,3.31,21.61,19.6,0.990,1,1,26.0,0.10,29.38,30.0,0
1779285622767,683,PERSON-01,334.7,18.90,22.53,3.63,22.24,19.3,0.990,1,1,26.7,0.06,29.49,30.1,0
1779285622800,684,UAS-01,509.7,18.70,22.54,3.84,22.79,19.7,0.990,1,1,26.0,0.10,29.26,30.0,0
1779285622833,685,UAS-02,416.6,18.86,22.48,3.62,22.22,19.1,0.990,1,1,26.5,0.05,29.97,30.1,0
1779285622867,686,GND-VEH-01,880.1,19.34,22.60,3.26,21.56,17.8,0.990,1,1,26.0,0.11,29.51,30.2,0
1779285622900,687,PERSON-01,468.3,18.76,22.08,3.32,21.24,19.4,0.990,1,1,26.0,0.16,29.30,30.0,0
1779285622933,688,UAS-01,425.4,18.98,22.57,3.59,22.01,20.1,0.990,1,1,27.0,0.35,29.64,29.9,0
1779285622967,689,UAS-02,444.8,19.05,22.93,3.88,23.21,17.7,0.990,1,1,26.9,0.42,29.47,30.0,0
1779285623000,690,GND-VEH-01,792.6,18.91,22.30,3.39,21.67,19.1,0.985,1,1,29.5,0.15,29.42,30.0,0
1779285623033,691,PERSON-01,332.9,18.76,22.55,3.79,22.94,17.7,0.990,1,1,29.1,0.30,29.72,30.0,0
1779285623067,692,UAS-01,875.2,19.10,22.35,3.25,22.21,17.2,0.990,1,1,26.8,0.06,29.61,30.0,0
1779285623100,693,UAS-02,539.8,19.04,22.34,3.30,21.21,19.6,0.990,1,1,27.1,0.13,29.47,30.0,0
1779285623133,694,GND-VEH-01,925.8,19.00,22.34,3.34,21.63,18.2,0.990,1,1,27.1,0.01,29.40,23.7,1
1779285623167,695,PERSON-01,568.5,18.94,22.29,3.35,21.79,19.9,0.990,1,1,27.5,0.16,29.75,30.0,0
1779285623200,696,UAS-01,485.2,18.87,22.39,3.52,22.19,19.0,0.990,1,1,26.1,0.14,29.68,30.0,0
1779285623233,697,UAS-02,309.8,19.30,22.98,3.68,22.66,19.8,0.990,1,1,27.1,0.07,29.87,30.0,0
1779285623267,698,GND-VEH-01,459.2,18.71,22.44,3.73,22.25,18.6,0.990,1,1,26.0,0.05,29.98,30.1,0
1779285623300,699,PERSON-01,459.9,18.98,22.68,3.70,21.97,19.7,0.990,1,1,26.0,0.25,28.99,30.0,0
1779285623333,700,UAS-01,354.5,19.10,22.70,3.60,21.69,18.3,0.990,1,1,26.0,0.08,29.87,30.1,0
1779285623367,701,UAS-02,550.6,19.09,22.37,3.28,21.66,19.4,0.990,1,1,28.1,0.27,29.76,30.0,0
1779285623400,702,GND-VEH-01,679.8,18.98,22.51,3.54,21.68,18.6,0.990,1,1,27.9,0.09,29.44,30.1,0
1779285623433,703,PERSON-01,411.1,19.28,23.21,3.92,22.21,19.2,0.990,1,1,26.0,0.32,29.63,29.9,0
1779285623467,704,UAS-01,661.8,19.06,22.76,3.70,21.88,18.0,0.985,1,1,26.0,0.31,29.75,30.0,0
1779285623500,705,UAS-02,590.0,19.23,22.54,3.31,21.84,18.4,0.976,1,1,26.0,0.29,29.57,29.9,0
1779285623533,706,GND-VEH-01,493.9,19.08,22.82,3.74,22.03,19.1,0.990,1,1,27.9,0.10,29.67,30.1,0
1779285623567,707,PERSON-01,723.8,19.03,22.39,3.36,21.42,19.5,0.990,1,1,26.7,0.21,29.49,30.0,0
1779285623600,708,UAS-01,559.2,19.16,22.63,3.47,22.06,19.8,0.990,1,1,29.8,0.32,29.38,30.1,0
1779285623633,709,UAS-02,448.7,19.08,22.68,3.60,22.67,19.1,0.990,1,1,26.0,0.08,29.61,30.0,0
1779285623667,710,GND-VEH-01,642.7,19.02,22.65,3.63,22.17,18.5,0.990,1,1,26.0,0.23,29.37,30.0,0
1779285623700,711,PERSON-01,567.9,19.16,22.70,3.54,21.92,18.2,0.981,1,1,26.7,0.11,29.56,29.9,0
1779285623733,712,UAS-01,424.6,19.31,22.99,3.67,22.89,19.0,0.973,1,1,29.3,0.13,30.16,30.0,0
1779285623767,713,UAS-02,303.8,18.78,22.36,3.58,22.69,20.3,0.990,1,1,27.9,0.07,29.37,30.0,0
1779285623800,714,GND-VEH-01,381.6,18.94,22.41,3.48,21.83,18.5,0.974,1,1,26.0,0.05,29.90,30.0,0
1779285623833,715,PERSON-01,422.9,18.77,22.20,3.43,20.72,19.7,0.990,1,1,26.1,0.05,29.67,30.0,0
1779285623867,716,UAS-01,509.4,18.94,22.53,3.58,21.87,19.1,0.980,1,1,27.2,0.02,29.15,29.9,0
1779285623900,717,UAS-02,488.9,18.94,22.78,3.84,22.44,20.7,0.990,1,1,29.6,0.26,29.51,30.0,0
1779285623933,718,GND-VEH-01,477.0,18.94,22.36,3.42,22.27,17.3,0.990,1,1,28.7,0.05,29.78,30.0,0
1779285623967,719,PERSON-01,436.9,18.88,22.30,3.42,21.99,19.2,0.990,1,1,28.3,0.35,29.52,29.9,0
1779285624000,720,UAS-01,381.5,18.92,22.43,3.51,21.20,20.2,0.977,1,1,26.0,0.14,29.54,30.1,0
1779285624033,721,UAS-02,310.5,18.72,22.38,3.65,22.89,18.8,0.987,1,1,26.0,0.13,29.39,30.1,0
1779285624067,722,GND-VEH-01,356.5,18.77,22.29,3.53,21.77,19.4,0.990,1,1,26.0,0.38,29.41,30.1,0
1779285624100,723,PERSON-01,352.7,18.93,22.39,3.46,22.20,16.7,0.990,1,1,26.0,0.35,29.64,30.0,0
1779285624133,724,UAS-01,495.6,18.95,22.22,3.26,22.09,19.4,0.990,1,1,26.0,0.04,29.33,30.0,0
1779285624167,725,UAS-02,341.3,19.00,22.80,3.80,22.12,19.6,0.987,1,1,26.0,0.08,29.54,30.0,0
1779285624200,726,GND-VEH-01,357.6,19.11,22.82,3.71,22.54,17.8,0.990,1,1,27.9,0.03,29.40,29.9,0
1779285624233,727,PERSON-01,971.2,18.92,22.09,3.17,22.21,18.3,0.990,1,1,26.2,0.35,29.89,30.1,0
1779285624267,728,UAS-01,788.4,19.39,22.42,3.03,21.67,18.9,0.990,1,1,26.3,0.06,29.80,29.9,0
1779285624300,729,UAS-02,511.2,19.06,22.57,3.51,21.82,19.3,0.985,1,1,26.0,0.29,29.89,29.9,0
1779285624333,730,GND-VEH-01,726.4,18.96,22.32,3.36,21.91,18.6,0.987,1,1,26.0,0.20,29.75,29.9,0
1779285624367,731,PERSON-01,788.0,18.85,22.43,3.59,22.10,20.5,0.990,1,1,26.0,0.14,30.07,29.9,0
1779285624400,732,UAS-01,445.4,18.94,22.24,3.30,21.93,19.1,0.990,1,1,26.0,0.10,29.44,30.0,0
1779285624433,733,UAS-02,432.8,18.97,22.53,3.56,22.61,18.9,0.990,1,1,26.0,0.28,29.39,29.9,0
1779285624467,734,GND-VEH-01,756.5,19.23,22.88,3.66,22.54,18.9,0.990,1,1,26.0,0.14,30.02,30.0,0
1779285624500,735,PERSON-01,342.8,18.85,22.45,3.60,22.18,19.7,0.972,1,1,26.0,0.07,29.84,30.0,0
1779285624533,736,UAS-01,786.2,18.93,22.07,3.15,22.18,17.3,0.980,1,1,26.0,0.11,30.20,29.9,0
1779285624567,737,UAS-02,788.1,18.81,22.48,3.67,22.99,18.9,0.990,1,1,26.7,0.18,29.62,29.9,0
1779285624600,738,GND-VEH-01,508.0,19.07,22.24,3.17,22.15,18.8,0.975,1,1,26.0,0.09,29.61,30.0,0
1779285624633,739,PERSON-01,546.4,18.99,22.58,3.59,22.28,19.5,0.990,1,1,26.0,0.12,29.40,29.9,0
1779285624667,740,UAS-01,865.8,18.96,22.54,3.58,22.33,19.1,0.990,1,1,26.0,0.28,29.63,30.0,0
1779285624700,741,UAS-02,419.4,19.30,22.84,3.54,22.21,17.9,0.990,1,1,29.7,0.34,29.44,29.8,0
1779285624733,742,GND-VEH-01,448.8,19.04,22.62,3.57,21.93,16.8,0.990,1,1,26.0,0.27,29.85,30.1,0
1779285624767,743,PERSON-01,329.7,19.10,22.56,3.46,21.69,18.8,0.990,1,1,29.1,0.00,29.39,30.1,0
1779285624800,744,UAS-01,425.3,18.78,22.70,3.93,23.09,18.9,0.984,1,1,26.8,0.31,29.46,30.1,0
1779285624833,745,UAS-02,577.2,19.00,22.40,3.40,22.12,19.6,0.990,1,1,26.4,0.30,29.48,29.9,0
1779285624867,746,GND-VEH-01,638.5,18.88,22.46,3.57,21.53,18.6,0.990,1,1,27.4,0.03,29.68,29.9,0
1779285624900,747,PERSON-01,444.8,18.99,22.61,3.62,22.10,19.6,0.990,1,1,26.0,0.13,29.62,29.9,0
1779285624933,748,UAS-01,703.9,18.98,22.26,3.28,22.13,20.2,0.990,1,1,26.0,0.22,29.74,30.1,0
1779285624967,749,UAS-02,381.3,18.94,22.77,3.83,22.44,19.0,0.990,1,1,26.0,0.06,29.96,30.0,0
1779285625000,750,GND-VEH-01,608.4,19.06,22.36,3.31,21.90,18.2,0.984,1,1,26.7,0.02,29.68,29.9,0
1779285625033,751,PERSON-01,570.8,18.90,22.52,3.62,22.51,19.4,0.990,1,1,26.0,0.11,29.65,29.9,0
1779285625067,752,UAS-01,612.3,18.90,22.54,3.64,22.41,18.6,0.990,1,1,26.0,0.21,29.99,30.0,0
1779285625100,753,UAS-02,678.4,18.89,22.51,3.63,22.80,18.4,0.985,1,1,26.7,0.29,29.73,30.0,0
1779285625133,754,GND-VEH-01,422.7,19.07,22.73,3.65,22.37,18.7,0.980,1,1,27.8,0.19,29.87,29.9,0
1779285625167,755,PERSON-01,604.4,18.92,22.31,3.39,21.89,19.3,0.986,1,1,26.0,0.14,29.27,29.8,0
1779285625200,756,UAS-01,365.2,18.95,22.68,3.73,23.17,19.6,0.990,1,1,26.1,0.30,29.51,30.1,0
1779285625233,757,UAS-02,928.0,18.83,22.21,3.38,22.51,17.1,0.968,1,1,26.0,0.08,29.87,29.9,0
1779285625267,758,GND-VEH-01,401.1,19.19,22.67,3.49,22.70,19.0,0.990,1,1,26.0,0.04,29.35,29.9,0
1779285625300,759,PERSON-01,518.1,18.95,22.26,3.30,22.23,20.0,0.990,1,1,26.0,0.12,29.81,30.1,0
1779285625333,760,UAS-01,722.6,19.05,22.89,3.85,22.17,19.9,0.990,1,1,28.2,0.14,29.30,29.9,0
1779285625367,761,UAS-02,696.7,19.00,22.35,3.35,21.68,19.8,0.990,1,1,26.0,0.06,30.22,30.0,0
1779285625400,762,GND-VEH-01,407.6,18.96,22.55,3.59,22.68,19.3,0.990,1,1,26.8,0.34,29.80,30.0,0
1779285625433,763,PERSON-01,416.9,19.13,23.05,3.92,22.92,19.5,0.981,1,1,26.0,0.11,29.80,30.2,0
1779285625467,764,UAS-01,752.6,19.06,22.34,3.28,21.70,19.2,0.990,1,1,26.7,0.03,29.66,29.8,0
1779285625500,765,UAS-02,646.3,19.00,22.31,3.31,22.20,17.2,0.990,1,1,26.0,0.29,29.62,30.1,0
1779285625533,766,GND-VEH-01,344.6,19.11,22.69,3.58,22.67,19.0,0.990,1,1,26.0,0.09,29.86,30.1,0
1779285625567,767,PERSON-01,737.0,19.02,22.29,3.27,22.25,18.9,0.975,1,1,27.9,0.04,29.82,30.0,0
1779285625600,768,UAS-01,839.2,18.94,22.23,3.29,21.56,19.6,0.990,1,1,26.0,0.06,29.97,30.0,0
1779285625633,769,UAS-02,454.7,18.87,22.77,3.90,22.39,20.0,0.987,1,1,26.0,0.18,30.11,30.0,0
1779285625667,770,GND-VEH-01,480.0,19.12,22.45,3.32,22.06,16.8,0.990,1,1,26.0,0.15,29.58,30.1,0
1779285625700,771,PERSON-01,396.9,19.14,23.07,3.93,23.16,18.7,0.990,1,1,26.6,0.11,29.49,30.0,0
1779285625733,772,UAS-01,511.7,18.86,22.30,3.45,21.42,19.4,0.982,1,1,26.0,0.04,29.60,30.1,0
1779285625767,773,UAS-02,350.9,19.14,22.60,3.46,21.79,18.3,0.990,1,1,27.3,0.08,29.41,30.0,0
1779285625800,774,GND-VEH-01,466.3,18.94,22.27,3.33,21.63,19.5,0.985,1,1,26.0,0.06,29.62,30.0,0
1779285625833,775,PERSON-01,370.8,19.09,22.93,3.84,22.46,17.8,0.990,1,1,27.0,0.19,29.76,29.9,0
1779285625867,776,UAS-01,329.5,18.89,22.78,3.89,22.52,19.1,0.990,1,1,29.1,0.08,30.14,30.0,0
1779285625900,777,UAS-02,747.4,18.85,21.89,3.04,21.09,19.5,0.975,1,1,26.1,0.45,29.77,30.1,0
1779285625933,778,GND-VEH-01,790.4,18.98,22.53,3.56,22.32,17.7,0.990,1,1,28.0,0.04,29.91,29.9,0
1779285625967,779,PERSON-01,412.7,18.71,22.29,3.58,22.50,17.8,0.990,1,1,26.9,0.26,29.44,30.1,0
1779285626000,780,UAS-01,396.4,19.01,22.87,3.86,22.37,17.0,0.977,1,1,26.0,0.11,29.47,30.1,0
1779285626033,781,UAS-02,356.8,18.88,22.49,3.61,22.18,19.7,0.981,1,1,27.1,0.36,29.60,30.0,0
1779285626067,782,GND-VEH-01,329.3,18.85,22.76,3.91,22.44,18.1,0.990,1,1,26.0,0.32,29.72,30.0,0
1779285626100,783,PERSON-01,804.6,18.98,22.35,3.37,22.54,18.7,0.990,1,1,26.0,0.12,29.56,29.8,0
1779285626133,784,UAS-01,494.4,18.93,22.60,3.68,22.51,19.3,0.983,1,1,26.0,0.02,29.69,30.0,0
1779285626167,785,UAS-02,836.9,19.17,22.48,3.31,22.39,19.9,0.986,1,1,26.0,0.52,29.79,30.0,0
1779285626200,786,GND-VEH-01,343.6,19.14,22.58,3.43,21.37,18.4,0.987,1,1,26.0,0.32,29.72,30.1,0
1779285626233,787,PERSON-01,308.6,19.09,22.73,3.63,22.45,18.4,0.987,1,1,26.0,0.21,29.89,30.0,0
1779285626267,788,UAS-01,867.9,18.98,22.30,3.32,21.43,17.7,0.990,1,1,26.7,0.20,29.60,30.0,0
1779285626300,789,UAS-02,579.8,19.01,22.50,3.49,22.77,17.6,0.990,1,1,26.0,0.05,29.59,30.0,0
1779285626333,790,GND-VEH-01,576.0,19.10,22.49,3.39,22.11,18.8,0.990,1,1,26.0,0.20,29.96,30.0,0
1779285626367,791,PERSON-01,625.2,18.83,21.95,3.12,21.18,18.4,0.975,1,1,28.0,0.00,29.96,30.1,0
1779285626400,792,UAS-01,643.6,18.97,22.31,3.35,21.66,20.5,0.990,1,1,28.5,0.04,29.75,30.0,0
1779285626433,793,UAS-02,308.2,18.76,22.26,3.50,21.98,20.3,0.990,1,1,26.0,0.15,29.37,30.0,0
1779285626467,794,GND-VEH-01,303.7,19.01,22.65,3.64,22.19,19.3,0.990,1,1,28.0,0.24,30.17,29.9,0
1779285626500,795,PERSON-01,577.4,18.81,22.47,3.67,22.58,18.2,0.978,1,1,26.1,0.14,29.87,30.0,0
1779285626533,796,UAS-01,515.3,18.89,22.69,3.80,22.31,19.5,0.990,1,1,27.9,0.25,29.60,29.9,0
1779285626567,797,UAS-02,637.3,19.07,22.45,3.38,22.59,20.3,0.990,1,1,26.0,0.02,29.61,29.9,0
1779285626600,798,GND-VEH-01,813.7,19.14,22.28,3.14,22.46,18.6,0.990,1,1,26.0,0.22,29.92,30.0,0
1779285626633,799,PERSON-01,382.6,19.14,22.92,3.78,22.95,18.4,0.990,1,1,26.0,0.16,29.98,29.8,0
1779285626667,800,UAS-01,536.3,18.95,22.44,3.49,22.34,19.8,0.970,1,1,26.0,0.31,29.70,29.9,0
1779285626700,801,UAS-02,772.5,19.16,22.78,3.62,22.78,19.8,0.990,1,1,28.5,0.17,29.91,30.0,0
1779285626733,802,GND-VEH-01,307.0,19.05,22.84,3.78,23.01,18.6,0.990,1,1,26.0,0.00,29.97,29.9,0
1779285626767,803,PERSON-01,354.1,19.14,22.61,3.48,21.85,19.5,0.990,1,1,26.0,0.27,29.89,30.0,0
1779285626800,804,UAS-01,624.0,19.13,22.22,3.09,21.51,18.9,0.967,1,1,28.1,0.07,29.88,29.9,0
1779285626833,805,UAS-02,464.1,18.89,22.71,3.82,22.19,19.5,0.990,1,1,26.2,0.16,29.71,30.1,0
1779285626867,806,GND-VEH-01,450.3,19.11,22.52,3.40,21.53,19.2,0.973,1,1,26.4,0.12,29.82,29.9,0
1779285626900,807,PERSON-01,594.6,18.73,22.18,3.45,22.24,19.9,0.990,1,1,26.0,0.10,30.13,29.9,0
1779285626933,808,UAS-01,436.0,19.02,22.44,3.42,22.19,19.9,0.990,1,1,26.0,0.31,29.23,29.9,0
1779285626967,809,UAS-02,386.9,18.84,22.63,3.79,23.22,18.3,0.990,1,1,28.7,0.33,29.56,29.9,0
1779285627000,810,GND-VEH-01,715.3,18.92,22.41,3.50,21.77,18.4,0.960,1,1,28.6,0.28,29.69,30.1,0
1779285627033,811,PERSON-01,830.1,19.08,22.15,3.07,21.15,20.2,0.990,1,1,27.9,0.14,29.55,30.0,0
1779285627067,812,UAS-01,437.6,18.96,22.29,3.33,21.98,19.7,0.990,1,1,27.4,0.04,29.71,29.9,0
1779285627100,813,UAS-02,424.4,19.18,22.72,3.54,22.62,19.6,0.990,1,1,26.6,0.13,30.00,30.0,0
1779285627133,814,GND-VEH-01,327.7,19.29,22.97,3.68,22.50,17.9,0.990,1,1,26.0,0.20,29.49,29.9,0
1779285627167,815,PERSON-01,351.9,18.91,22.94,4.03,22.03,18.8,0.990,1,1,26.0,0.40,30.07,29.9,0
1779285627200,816,UAS-01,507.3,19.11,22.47,3.36,21.90,18.8,0.990,1,1,27.9,0.15,29.95,30.2,0
1779285627233,817,UAS-02,810.8,19.26,22.84,3.58,21.77,19.8,0.990,1,1,28.8,0.24,29.81,30.1,0
1779285627267,818,GND-VEH-01,814.0,19.04,22.31,3.27,21.28,18.5,0.989,1,1,29.1,0.10,29.84,29.9,0
1779285627300,819,PERSON-01,833.4,18.71,21.99,3.28,21.32,18.7,0.981,1,1,26.0,0.01,29.72,30.0,0
1779285627333,820,UAS-01,952.5,18.94,22.26,3.32,22.25,18.7,0.990,1,1,26.0,0.34,29.84,30.2,0
1779285627367,821,UAS-02,423.5,19.17,23.09,3.92,22.47,18.4,0.990,1,1,26.0,0.17,29.70,29.8,0
1779285627400,822,GND-VEH-01,411.8,19.05,22.48,3.42,22.05,19.4,0.980,1,1,26.0,0.08,29.65,30.0,0
1779285627433,823,PERSON-01,403.6,19.15,22.77,3.63,21.17,19.3,0.990,1,1,26.0,0.04,29.57,30.0,0
1779285627467,824,UAS-01,584.7,18.87,22.41,3.54,22.25,19.6,0.990,1,1,26.0,0.18,30.46,30.0,0
1779285627500,825,UAS-02,602.9,19.03,22.40,3.37,22.15,20.2,0.990,1,1,26.0,0.18,29.42,30.0,0
1779285627533,826,GND-VEH-01,424.3,19.14,22.78,3.64,22.28,20.8,0.990,1,1,26.0,0.02,29.90,29.9,0
1779285627567,827,PERSON-01,636.8,18.85,22.21,3.36,22.93,16.7,0.990,1,1,26.0,0.08,29.58,29.8,0
1779285627600,828,UAS-01,386.8,19.03,22.82,3.79,21.72,19.6,0.990,1,1,27.2,0.19,29.61,30.0,0
1779285627633,829,UAS-02,635.3,18.94,22.47,3.52,21.42,18.8,0.990,1,1,26.0,0.26,30.11,30.1,0
1779285627667,830,GND-VEH-01,335.9,18.93,22.62,3.69,22.64,19.4,0.990,1,1,27.1,0.21,29.60,30.0,0
1779285627700,831,PERSON-01,932.5,19.01,22.40,3.39,21.12,19.0,0.990,1,1,26.0,0.08,29.65,29.9,0
1779285627733,832,UAS-01,503.0,19.02,22.72,3.69,22.80,18.6,0.990,1,1,26.2,0.01,29.74,30.0,0
1779285627767,833,UAS-02,460.3,18.83,22.21,3.38,21.75,19.3,0.990,1,1,26.0,0.12,29.90,30.1,0
1779285627800,834,GND-VEH-01,680.8,18.92,22.20,3.27,21.97,19.0,0.990,1,1,26.0,0.17,30.28,30.1,0
1779285627833,835,PERSON-01,826.4,19.16,22.54,3.38,21.95,18.1,0.990,1,1,26.0,0.06,29.76,30.0,0
1779285627867,836,UAS-01,487.9,18.87,22.09,3.22,22.48,18.6,0.990,1,1,26.8,0.14,29.88,30.0,0
1779285627900,837,UAS-02,690.2,18.69,22.16,3.47,22.32,18.1,0.983,1,1,26.0,0.28,29.96,30.1,0
1779285627933,838,GND-VEH-01,525.2,19.26,22.86,3.61,22.54,18.7,0.990,1,1,26.0,0.09,29.76,30.0,0
1779285627967,839,PERSON-01,741.7,18.79,22.22,3.43,21.48,19.3,0.989,1,1,29.2,0.06,29.66,30.1,0
1779285628000,840,UAS-01,345.3,19.13,22.58,3.45,22.14,17.6,0.990,1,1,28.3,0.04,30.48,30.1,0
1779285628033,841,UAS-02,361.5,19.20,22.71,3.51,22.63,18.6,0.983,1,1,26.4,0.18,29.79,30.0,0
1779285628067,842,GND-VEH-01,487.7,18.76,22.36,3.60,22.60,19.2,0.990,1,1,26.0,0.16,30.20,30.1,0
1779285628100,843,PERSON-01,323.2,19.01,22.24,3.23,21.72,19.6,0.990,1,1,27.0,0.15,30.30,30.0,0
1779285628133,844,UAS-01,309.7,18.87,22.71,3.83,23.08,20.4,0.990,1,1,26.7,0.15,30.01,29.9,0
1779285628167,845,UAS-02,511.8,18.82,22.19,3.38,22.01,19.1,0.990,1,1,26.0,0.06,29.74,29.9,0
1779285628200,846,GND-VEH-01,307.9,19.15,22.91,3.77,22.26,19.1,0.990,1,1,28.9,0.11,30.08,30.0,0
1779285628233,847,PERSON-01,368.6,19.11,22.73,3.62,22.47,17.2,0.990,1,1,26.0,0.01,29.84,30.0,0
1779285628267,848,UAS-01,429.0,19.10,23.00,3.91,23.65,17.8,0.954,1,1,26.0,0.15,29.36,30.0,0
1779285628300,849,UAS-02,346.9,18.76,22.21,3.45,22.22,19.9,0.990,1,1,26.0,0.18,29.99,29.9,0
1779285628333,850,GND-VEH-01,317.5,19.26,23.08,3.82,22.44,19.9,0.969,1,1,28.8,0.07,29.63,30.1,0
1779285628367,851,PERSON-01,349.8,19.04,22.78,3.74,21.61,19.1,0.990,1,1,29.7,0.07,29.92,29.9,0
1779285628400,852,UAS-01,403.6,19.00,22.73,3.73,22.68,19.8,0.990,1,1,29.0,0.09,30.02,30.1,0
1779285628433,853,UAS-02,546.2,19.08,22.42,3.34,22.03,19.6,0.971,1,1,26.0,0.24,30.07,30.0,0
1779285628467,854,GND-VEH-01,341.5,18.82,22.62,3.81,22.13,19.0,0.990,1,1,26.0,0.13,30.18,29.8,0
1779285628500,855,PERSON-01,416.0,19.09,22.65,3.55,22.48,19.5,0.979,1,1,26.6,0.02,30.13,30.0,0
1779285628533,856,UAS-01,713.6,18.97,22.54,3.57,22.12,20.2,0.990,1,1,28.5,0.19,29.73,29.9,0
1779285628567,857,UAS-02,646.8,19.03,22.89,3.86,22.24,18.0,0.990,1,1,26.2,0.15,30.00,30.0,0
1779285628600,858,GND-VEH-01,520.4,19.10,22.86,3.76,22.42,19.3,0.990,1,1,26.0,0.18,29.69,30.0,0
1779285628633,859,PERSON-01,614.0,18.98,22.59,3.61,22.23,19.5,0.990,1,1,29.2,0.03,29.85,30.1,0
1779285628667,860,UAS-01,497.5,18.93,22.32,3.40,22.84,18.8,0.990,1,1,26.2,0.22,29.83,30.0,0
1779285628700,861,UAS-02,563.6,18.96,22.29,3.33,22.32,18.9,0.990,1,1,26.7,0.27,30.01,30.1,0
1779285628733,862,GND-VEH-01,345.0,19.00,22.65,3.65,22.05,18.6,0.990,1,1,26.0,0.34,30.17,30.2,0
1779285628767,863,PERSON-01,688.5,19.00,22.70,3.70,21.88,19.9,0.990,1,1,26.6,0.03,30.02,30.0,0
1779285628800,864,UAS-01,497.2,19.05,22.95,3.90,22.97,18.3,0.983,1,1,27.0,0.16,29.65,30.0,0
1779285628833,865,UAS-02,435.1,18.95,22.38,3.43,22.50,18.9,0.990,1,1,26.5,0.13,30.26,29.9,0
1779285628867,866,GND-VEH-01,370.8,18.82,22.36,3.54,22.76,17.9,0.987,1,1,26.0,0.08,29.96,30.1,0
1779285628900,867,PERSON-01,572.5,18.94,22.31,3.37,21.71,21.2,0.985,1,1,29.7,0.33,29.96,30.0,0
1779285628933,868,UAS-01,495.2,18.95,22.33,3.38,20.95,18.7,0.990,1,1,26.0,0.15,30.20,30.0,0
1779285628967,869,UAS-02,479.7,18.98,22.22,3.25,21.42,18.4,0.990,1,1,26.0,0.10,29.93,30.0,0
1779285629000,870,GND-VEH-01,428.0,18.88,22.91,4.02,22.41,18.9,0.990,1,1,27.5,0.10,30.13,29.9,0
1779285629033,871,PERSON-01,440.5,19.02,22.94,3.92,22.16,18.5,0.989,1,1,26.7,0.10,29.59,30.0,0
1779285629067,872,UAS-01,363.9,19.06,22.82,3.76,23.15,18.1,0.990,1,1,27.3,0.09,29.71,30.0,0
1779285629100,873,UAS-02,346.3,19.17,22.86,3.69,21.80,18.2,0.989,1,1,26.2,0.30,29.85,29.9,0
1779285629133,874,GND-VEH-01,764.2,18.91,22.49,3.58,21.98,18.7,0.990,1,1,26.1,0.24,30.22,30.0,0
1779285629167,875,PERSON-01,599.6,18.93,22.78,3.85,23.25,18.1,0.990,1,1,26.0,0.14,29.87,29.9,0
1779285629200,876,UAS-01,378.8,18.93,22.48,3.55,21.61,20.7,0.983,1,1,26.1,0.02,30.04,30.0,0
1779285629233,877,UAS-02,631.2,19.29,22.67,3.38,21.26,19.7,0.988,1,1,29.6,0.10,29.97,30.0,0
1779285629267,878,GND-VEH-01,302.3,19.12,22.80,3.68,22.43,19.0,0.987,1,1,27.1,0.06,29.85,29.9,0
1779285629300,879,PERSON-01,476.7,18.68,22.43,3.75,23.16,19.0,0.990,1,1,26.0,0.25,30.01,30.1,0
1779285629333,880,UAS-01,455.3,19.22,23.03,3.81,22.50,18.0,0.990,1,1,28.0,0.42,29.92,29.9,0
1779285629367,881,UAS-02,633.7,18.91,22.31,3.40,22.47,18.1,0.986,1,1,28.0,0.13,30.20,29.9,0
1779285629400,882,GND-VEH-01,530.6,18.97,22.66,3.69,21.93,20.9,0.990,1,1,26.0,0.33,29.62,30.0,0
1779285629433,883,PERSON-01,377.8,19.11,22.69,3.58,22.22,20.9,0.990,1,1,26.0,0.21,30.16,30.1,0
1779285629467,884,UAS-01,404.5,19.13,22.53,3.40,21.92,18.8,0.990,1,1,26.3,0.20,29.83,30.0,0
1779285629500,885,UAS-02,1137.3,19.24,22.41,3.16,21.41,18.9,0.979,1,1,26.4,0.17,29.59,30.1,0
1779285629533,886,GND-VEH-01,582.9,19.30,22.72,3.42,21.59,18.7,0.986,1,1,26.0,0.07,29.81,29.9,0
1779285629567,887,PERSON-01,335.8,19.04,22.27,3.23,22.25,18.2,0.990,1,1,27.6,0.28,29.90,29.9,0
1779285629600,888,UAS-01,474.5,18.95,22.60,3.65,21.93,19.1,0.990,1,1,26.0,0.32,29.80,30.1,0
1779285629633,889,UAS-02,651.4,18.73,22.16,3.43,21.37,19.0,0.982,1,1,26.0,0.18,30.08,30.0,0
1779285629667,890,GND-VEH-01,917.0,18.90,22.52,3.61,22.37,19.1,0.989,1,1,26.0,0.01,29.98,30.1,0
1779285629700,891,PERSON-01,575.7,18.75,22.45,3.70,23.12,18.8,0.988,1,1,26.0,0.01,30.27,30.0,0
1779285629733,892,UAS-01,481.7,19.20,22.75,3.56,22.22,18.9,0.988,1,1,26.0,0.16,29.93,30.0,0
1779285629767,893,UAS-02,671.6,18.96,22.33,3.37,21.09,19.9,0.984,1,1,26.8,0.19,29.93,30.0,0
1779285629800,894,GND-VEH-01,779.0,19.01,22.10,3.09,21.31,17.3,0.990,1,1,26.0,0.22,29.96,30.0,0
1779285629833,895,PERSON-01,669.9,19.18,22.58,3.40,22.21,19.3,0.990,1,1,26.2,0.14,30.03,30.0,0
1779285629867,896,UAS-01,705.3,18.91,22.33,3.43,21.66,19.7,0.990,1,1,27.3,0.15,29.25,30.1,0
1779285629900,897,UAS-02,400.4,19.11,22.56,3.45,21.58,19.5,0.990,1,1,26.0,0.27,29.55,30.0,0
1779285629933,898,GND-VEH-01,601.1,18.96,22.43,3.47,22.32,19.3,0.990,1,1,26.0,0.06,29.81,30.1,0
1779285629967,899,PERSON-01,686.3,19.21,22.51,3.30,21.39,20.9,0.989,1,1,26.2,0.17,29.96,30.1,0
1779285630000,900,UAS-01,428.7,18.99,22.95,3.96,22.72,18.8,0.990,1,1,26.8,0.37,29.93,30.1,0
1779285630033,901,UAS-02,432.7,19.18,22.44,3.26,21.55,18.2,0.990,1,1,26.5,0.03,30.05,30.0,0
1779285630067,902,GND-VEH-01,473.6,18.99,22.35,3.36,21.39,17.5,0.962,1,1,26.0,0.08,29.90,30.0,0
1779285630100,903,PERSON-01,621.1,18.86,22.26,3.40,22.64,17.3,0.980,1,1,26.0,0.20,30.40,30.1,0
1779285630133,904,UAS-01,306.8,18.96,22.41,3.45,22.43,18.2,0.969,1,1,26.0,0.06,29.87,29.8,0
1779285630167,905,UAS-02,421.0,18.82,22.64,3.82,22.90,19.1,0.990,1,1,27.5,0.56,30.29,29.9,0
1779285630200,906,GND-VEH-01,610.9,18.90,22.27,3.36,21.91,18.6,0.988,1,1,29.1,0.04,30.35,30.0,0
1779285630233,907,PERSON-01,351.9,18.82,22.73,3.91,22.87,18.7,0.990,1,1,28.6,0.28,30.18,30.0,0
1779285630267,908,UAS-01,401.3,18.87,22.34,3.47,22.12,19.1,0.982,1,1,26.9,0.11,30.30,30.0,0
1779285630300,909,UAS-02,496.6,19.06,22.64,3.58,21.75,18.7,0.978,1,1,27.9,0.14,30.17,30.1,0
1779285630333,910,GND-VEH-01,387.3,19.12,22.86,3.74,22.70,19.5,0.990,1,1,28.0,0.07,29.89,29.9,0
1779285630367,911,PERSON-01,313.4,19.09,22.69,3.60,22.28,18.9,0.990,1,1,26.0,0.31,30.26,30.0,0
1779285630400,912,UAS-01,317.6,18.95,22.59,3.64,22.75,17.3,0.990,1,1,26.0,0.28,30.01,30.0,0
1779285630433,913,UAS-02,841.4,18.60,21.70,3.10,21.51,18.5,0.990,1,1,26.8,0.06,30.36,30.0,0
1779285630467,914,GND-VEH-01,454.0,18.99,22.75,3.76,23.23,19.3,0.990,1,1,26.0,0.03,30.11,30.2,0
1779285630500,915,PERSON-01,773.7,19.16,22.32,3.16,21.51,17.6,0.990,1,1,26.0,0.05,29.53,30.2,0
1779285630533,916,UAS-01,307.2,18.92,22.23,3.30,21.88,20.1,0.990,1,1,26.0,0.03,29.94,30.1,0
1779285630567,917,UAS-02,514.5,19.01,22.80,3.79,22.53,18.5,0.990,1,1,26.0,0.09,29.71,30.0,0
1779285630600,918,GND-VEH-01,462.3,18.95,22.31,3.36,22.14,19.7,0.990,1,1,28.1,0.29,30.02,30.0,0
1779285630633,919,PERSON-01,319.5,18.90,23.06,4.15,23.87,17.8,0.978,1,1,26.0,0.13,30.30,30.1,0
1779285630667,920,UAS-01,906.2,19.24,22.84,3.60,22.71,18.9,0.990,1,1,29.2,0.36,30.07,30.1,0
1779285630700,921,UAS-02,339.4,19.04,22.62,3.58,22.41,19.3,0.990,1,1,27.4,0.08,29.89,30.1,0
1779285630733,922,GND-VEH-01,712.3,19.18,22.88,3.70,22.81,19.1,0.990,1,1,26.1,0.20,30.09,30.0,0
1779285630767,923,PERSON-01,435.8,18.89,22.37,3.48,21.86,18.7,0.990,1,1,26.6,0.08,30.07,29.9,0
1779285630800,924,UAS-01,527.8,18.93,22.42,3.49,22.30,18.7,0.984,1,1,26.0,0.33,30.04,30.1,0
1779285630833,925,UAS-02,780.3,19.16,22.69,3.53,22.12,19.1,0.990,1,1,26.0,0.06,29.97,29.9,0
1779285630867,926,GND-VEH-01,666.3,19.01,22.40,3.40,21.49,18.5,0.990,1,1,28.6,0.00,30.01,30.1,0
1779285630900,927,PERSON-01,695.8,19.32,22.89,3.57,21.75,17.7,0.982,1,1,27.1,0.14,29.78,30.0,0
1779285630933,928,UAS-01,475.4,18.89,22.54,3.66,22.74,18.8,0.990,1,1,26.4,0.16,30.06,30.0,0
1779285630967,929,UAS-02,363.5,19.03,22.39,3.36,22.29,18.2,0.990,1,1,28.2,0.23,30.37,30.1,0
1779285631000,930,GND-VEH-01,704.5,18.89,22.43,3.54,21.59,19.3,0.962,1,1,27.6,0.14,29.79,30.0,0
1779285631033,931,PERSON-01,354.3,19.24,22.68,3.44,22.07,18.5,0.990,1,1,28.0,0.12,29.88,29.9,0
1779285631067,932,UAS-01,555.2,19.12,22.77,3.66,22.80,19.7,0.990,1,1,26.0,0.19,30.36,30.0,0
1779285631100,933,UAS-02,1062.5,19.18,22.39,3.21,21.47,18.8,0.988,1,1,26.4,0.31,30.00,30.1,0
1779285631133,934,GND-VEH-01,328.4,18.93,22.72,3.79,21.91,20.2,0.990,1,1,26.0,0.15,30.08,30.0,0
1779285631167,935,PERSON-01,569.9,19.03,22.63,3.61,22.00,18.1,0.986,1,1,27.8,0.01,30.02,30.2,0
1779285631200,936,UAS-01,576.7,18.94,22.84,3.90,22.73,18.8,0.990,1,1,26.0,0.04,29.90,29.8,0
1779285631233,937,UAS-02,356.4,19.06,22.66,3.60,22.07,19.9,0.990,1,1,26.0,0.29,30.04,30.0,0
1779285631267,938,GND-VEH-01,418.5,19.00,22.46,3.46,21.71,19.5,0.980,1,1,26.0,0.11,30.27,30.1,0
1779285631300,939,PERSON-01,518.3,18.95,22.56,3.62,22.13,20.2,0.990,1,1,26.0,0.25,29.81,29.9,0
1779285631333,940,UAS-01,617.5,18.78,22.30,3.52,22.61,18.3,0.989,1,1,26.0,0.23,30.11,29.9,0
1779285631367,941,UAS-02,406.8,18.83,22.27,3.43,21.76,19.4,0.990,1,1,26.0,0.20,29.92,30.0,0
1779285631400,942,GND-VEH-01,323.2,19.18,22.98,3.81,22.72,17.8,0.985,1,1,26.0,0.14,30.27,30.1,0
1779285631433,943,PERSON-01,338.4,18.95,22.77,3.81,22.92,19.8,0.990,1,1,28.1,0.10,30.02,30.0,0
1779285631467,944,UAS-01,745.0,19.03,22.70,3.67,22.76,17.8,0.990,1,1,28.1,0.07,30.31,29.9,0
1779285631500,945,UAS-02,624.2,19.17,22.73,3.56,21.83,20.0,0.990,1,1,27.4,0.17,30.48,29.9,0
1779285631533,946,GND-VEH-01,350.4,19.00,22.59,3.59,22.47,17.9,0.973,1,1,26.9,0.01,30.03,29.9,0
1779285631567,947,PERSON-01,739.4,18.88,22.26,3.39,22.45,19.8,0.971,1,1,26.0,0.06,29.72,30.0,0
1779285631600,948,UAS-01,636.1,19.06,22.44,3.38,21.27,19.8,0.990,1,1,26.4,0.33,30.38,30.0,0
1779285631633,949,UAS-02,399.6,18.82,22.25,3.43,22.23,17.8,0.988,1,1,26.1,0.17,30.00,30.0,0
1779285631667,950,GND-VEH-01,452.5,18.97,22.52,3.55,22.06,18.7,0.988,1,1,26.8,0.12,30.35,30.0,0
1779285631700,951,PERSON-01,434.2,19.09,22.53,3.44,21.27,20.1,0.990,1,1,26.0,0.07,29.79,29.9,0
1779285631733,952,UAS-01,440.0,18.66,22.32,3.66,21.99,18.7,0.990,1,1,26.0,0.07,30.13,30.0,0
1779285631767,953,UAS-02,432.6,19.22,22.85,3.64,22.37,19.5,0.990,1,1,26.0,0.02,29.82,30.0,0
1779285631800,954,GND-VEH-01,402.0,19.22,22.81,3.59,22.41,19.5,0.990,1,1,26.7,0.15,30.38,30.0,0
1779285631833,955,PERSON-01,585.6,19.00,22.65,3.65,22.19,19.1,0.983,1,1,26.0,0.34,29.93,30.0,0
1779285631867,956,UAS-01,624.1,18.85,22.40,3.55,22.98,18.6,0.986,1,1,26.0,0.25,30.50,30.0,0
1779285631900,957,UAS-02,861.6,19.09,22.48,3.40,21.62,19.7,0.990,1,1,26.0,0.29,30.11,30.0,0
1779285631933,958,GND-VEH-01,438.4,19.31,22.93,3.62,21.51,19.2,0.990,1,1,26.0,0.04,30.21,29.8,0
1779285631967,959,PERSON-01,350.3,18.83,22.53,3.70,22.62,18.1,0.990,1,1,26.5,0.14,29.92,29.9,0
1779285632000,960,UAS-01,581.1,18.82,22.37,3.55,22.34,19.7,0.980,1,1,27.1,0.03,30.32,30.1,0
1779285632033,961,UAS-02,626.3,19.25,22.73,3.49,22.52,17.7,0.982,1,1,26.5,0.11,30.01,29.9,0
1779285632067,962,GND-VEH-01,344.3,18.97,22.48,3.51,21.85,20.4,0.990,1,1,26.0,0.10,30.22,30.1,0
1779285632100,963,PERSON-01,927.8,18.99,22.30,3.31,22.35,17.1,0.990,1,1,26.0,0.29,30.28,29.9,0
1779285632133,964,UAS-01,542.1,19.11,22.72,3.61,22.52,19.7,0.990,1,1,26.0,0.01,30.34,29.8,0
1779285632167,965,UAS-02,552.3,19.16,22.56,3.40,21.88,19.2,0.986,1,1,27.8,0.07,30.39,30.1,0
1779285632200,966,GND-VEH-01,633.0,19.17,22.63,3.46,22.38,18.6,0.990,1,1,27.6,0.01,30.17,29.9,0
1779285632233,967,PERSON-01,661.1,19.14,22.65,3.51,22.27,19.7,0.990,1,1,26.3,0.11,30.19,29.9,0
1779285632267,968,UAS-01,675.9,18.87,22.41,3.53,22.07,19.9,0.987,1,1,28.8,0.03,30.00,30.0,0
1779285632300,969,UAS-02,527.7,18.99,22.76,3.77,22.89,19.4,0.990,1,1,26.3,0.38,30.37,30.0,0
1779285632333,970,GND-VEH-01,621.0,18.76,22.03,3.27,21.69,19.5,0.990,1,1,26.0,0.04,29.99,29.9,0
1779285632367,971,PERSON-01,651.6,19.03,22.62,3.58,22.15,19.2,0.990,1,1,27.3,0.18,30.32,30.1,0
1779285632400,972,UAS-01,321.2,18.90,22.77,3.87,23.24,18.1,0.990,1,1,26.3,0.18,30.06,30.0,0
1779285632433,973,UAS-02,551.7,19.04,22.61,3.57,22.67,18.2,0.990,1,1,26.0,0.22,30.33,30.1,0
1779285632467,974,GND-VEH-01,366.5,18.89,22.25,3.37,21.79,19.3,0.970,1,1,26.0,0.48,30.40,30.0,0
1779285632500,975,PERSON-01,724.0,19.03,22.46,3.43,22.24,18.3,0.990,1,1,27.5,0.04,30.45,29.9,0
1779285632533,976,UAS-01,320.0,19.04,22.89,3.85,22.58,20.3,0.990,1,1,27.0,0.34,30.10,30.1,0
1779285632567,977,UAS-02,344.7,18.83,22.70,3.87,22.25,20.6,0.990,1,1,26.0,0.09,29.92,30.0,0
1779285632600,978,GND-VEH-01,334.0,19.06,22.72,3.66,21.82,18.8,0.990,1,1,26.0,0.09,30.22,29.9,0
1779285632633,979,PERSON-01,628.2,19.17,22.44,3.27,21.70,19.2,0.990,1,1,26.0,0.01,30.08,30.1,0
1779285632667,980,UAS-01,979.7,18.87,22.00,3.13,21.73,20.3,0.990,1,1,27.8,0.27,30.33,30.0,0
1779285632700,981,UAS-02,451.5,18.89,22.74,3.86,22.47,19.2,0.990,1,1,28.9,0.06,30.70,29.9,0
1779285632733,982,GND-VEH-01,300.3,19.04,22.71,3.67,23.13,19.7,0.982,1,1,26.0,0.05,29.91,30.1,0
1779285632767,983,PERSON-01,548.7,19.14,22.44,3.29,22.40,18.4,0.990,1,1,26.0,0.02,30.62,30.0,0
1779285632800,984,UAS-01,514.3,18.83,22.21,3.39,22.34,18.2,0.990,1,1,26.0,0.23,29.96,30.1,0
1779285632833,985,UAS-02,311.7,18.97,22.62,3.65,22.19,18.1,0.990,1,1,26.0,0.06,30.27,29.9,0
1779285632867,986,GND-VEH-01,345.5,18.81,22.41,3.60,21.82,18.9,0.990,1,1,27.2,0.24,30.08,30.0,0
1779285632900,987,PERSON-01,599.0,18.89,22.52,3.63,22.77,19.9,0.990,1,1,26.0,0.01,30.45,29.9,0
1779285632933,988,UAS-01,481.4,19.10,22.50,3.40,22.15,17.5,0.990,1,1,27.9,0.15,29.92,30.0,0
1779285632967,989,UAS-02,349.4,18.83,22.49,3.66,22.52,19.9,0.990,1,1,26.0,0.16,30.30,30.1,0
1779285633000,990,GND-VEH-01,317.5,18.92,22.27,3.35,21.95,19.9,0.990,1,1,26.0,0.02,29.99,29.9,0
1779285633033,991,PERSON-01,402.0,19.27,22.63,3.36,21.90,18.8,0.990,1,1,29.3,0.01,29.80,30.1,0
1779285633067,992,UAS-01,328.5,18.92,22.74,3.82,22.40,18.7,0.990,1,1,26.0,0.05,30.37,29.9,0
1779285633100,993,UAS-02,656.8,19.01,22.81,3.80,22.92,20.0,0.986,1,1,26.0,0.48,30.33,30.1,0
1779285633133,994,GND-VEH-01,313.8,18.81,22.70,3.90,23.41,17.7,0.990,1,1,26.4,0.01,30.12,30.0,0
1779285633167,995,PERSON-01,649.1,19.09,22.38,3.29,21.33,20.1,0.990,1,1,27.3,0.34,30.27,30.0,0
1779285633200,996,UAS-01,301.6,19.01,23.01,4.01,22.45,18.9,0.990,1,1,26.0,0.40,30.68,30.0,0
1779285633233,997,UAS-02,665.8,19.08,22.57,3.50,22.93,19.3,0.964,1,1,26.0,0.02,30.34,30.1,0
1779285633267,998,GND-VEH-01,434.7,19.10,22.97,3.87,23.09,19.6,0.990,1,1,26.0,0.05,29.96,30.0,0
1779285633300,999,PERSON-01,686.2,19.18,22.52,3.35,21.69,19.9,0.990,1,1,26.0,0.36,30.24,30.0,0
1779285633333,1000,UAS-01,883.4,18.95,22.48,3.53,21.44,19.8,0.990,1,1,29.2,0.13,30.43,30.0,0
1779285633367,1001,UAS-02,649.4,18.89,22.11,3.22,21.71,20.2,0.990,1,1,27.7,0.22,30.78,29.9,0
1779285633400,1002,GND-VEH-01,335.7,19.02,22.43,3.41,22.12,19.9,0.990,1,1,27.8,0.20,30.07,29.9,0
1779285633433,1003,PERSON-01,711.6,18.85,22.43,3.57,21.85,18.1,0.990,1,1,26.0,0.03,30.04,29.9,0
1779285633467,1004,UAS-01,593.1,18.95,22.56,3.61,22.62,19.3,0.983,1,1,26.7,0.07,30.09,30.0,0
1779285633500,1005,UAS-02,563.6,18.99,22.42,3.43,22.17,20.5,0.990,1,1,27.9,0.12,30.15,30.0,0
1779285633533,1006,GND-VEH-01,482.6,18.94,22.36,3.41,22.59,20.2,0.990,1,1,27.6,0.04,30.25,30.0,0
1779285633567,1007,PERSON-01,393.3,19.00,22.49,3.49,21.98,18.8,0.990,1,1,26.0,0.19,30.73,30.0,0
1779285633600,1008,UAS-01,787.4,18.93,22.39,3.46,22.44,18.4,0.981,1,1,28.0,0.15,30.14,30.2,0
1779285633633,1009,UAS-02,471.3,19.11,22.78,3.67,22.52,19.4,0.966,1,1,26.7,0.05,29.98,29.9,0
1779285633667,1010,GND-VEH-01,507.1,19.06,22.44,3.38,22.36,18.3,0.990,1,1,26.0,0.35,30.38,29.9,0
1779285633700,1011,PERSON-01,748.0,18.95,22.38,3.43,21.80,19.4,0.990,1,1,26.0,0.22,30.49,30.1,0
1779285633733,1012,UAS-01,720.5,19.19,22.33,3.13,22.29,18.4,0.984,1,1,27.1,0.17,30.26,30.0,0
1779285633767,1013,UAS-02,778.0,18.98,22.33,3.35,21.92,18.9,0.989,1,1,26.0,0.13,30.66,29.9,0
1779285633800,1014,GND-VEH-01,309.9,19.21,22.71,3.50,21.07,19.3,0.990,1,1,27.7,0.02,30.04,30.0,0
1779285633833,1015,PERSON-01,474.2,18.88,22.61,3.73,22.26,18.7,0.990,1,1,27.1,0.48,30.30,29.9,0
1779285633867,1016,UAS-01,321.3,18.88,22.16,3.29,22.31,19.1,0.990,1,1,26.0,0.31,30.26,29.9,0
1779285633900,1017,UAS-02,425.3,19.08,22.83,3.75,22.04,18.4,0.982,1,1,27.8,0.25,30.03,30.2,0
1779285633933,1018,GND-VEH-01,358.7,18.98,22.48,3.49,22.97,18.8,0.990,1,1,29.6,0.12,30.54,30.0,0
1779285633967,1019,PERSON-01,490.4,19.03,22.78,3.75,22.78,19.2,0.990,1,1,26.4,0.11,30.13,30.1,0
1779285634000,1020,UAS-01,364.6,19.09,22.75,3.66,23.03,19.2,0.990,1,1,26.8,0.00,30.35,30.0,0
1779285634033,1021,UAS-02,588.0,18.92,22.51,3.60,21.97,19.8,0.990,1,1,27.8,0.11,30.18,29.9,0
1779285634067,1022,GND-VEH-01,527.6,19.13,22.62,3.49,21.84,19.9,0.990,1,1,26.0,0.09,30.47,30.0,0
1779285634100,1023,PERSON-01,546.8,18.88,22.44,3.56,22.76,18.4,0.990,1,1,27.0,0.12,30.14,30.0,0
1779285634133,1024,UAS-01,462.7,19.19,23.07,3.89,23.26,18.6,0.990,1,1,26.5,0.17,30.05,30.2,0
1779285634167,1025,UAS-02,400.3,18.98,22.48,3.49,21.75,19.7,0.984,1,1,26.9,0.18,30.15,30.1,0
1779285634200,1026,GND-VEH-01,873.4,19.04,22.47,3.43,22.35,20.2,0.990,1,1,26.0,0.21,30.17,29.7,0
1779285634233,1027,PERSON-01,344.0,18.86,22.20,3.34,22.40,20.5,0.983,1,1,26.0,0.32,30.63,30.0,0
1779285634267,1028,UAS-01,920.4,18.79,22.29,3.50,23.06,17.4,0.990,1,1,26.0,0.15,30.44,29.9,0
1779285634300,1029,UAS-02,491.7,19.08,22.69,3.61,22.53,17.4,0.990,1,1,27.9,0.23,30.22,30.0,0
1779285634333,1030,GND-VEH-01,674.0,19.04,22.61,3.57,22.20,18.4,0.973,1,1,26.0,0.22,30.43,30.1,0
1779285634367,1031,PERSON-01,346.6,19.04,22.45,3.42,21.65,18.2,0.990,1,1,26.3,0.00,30.58,30.0,0
1779285634400,1032,UAS-01,444.4,18.82,22.12,3.30,22.12,18.1,0.990,1,1,26.9,0.10,30.15,30.0,0
1779285634433,1033,UAS-02,755.7,18.85,22.34,3.49,22.09,19.3,0.990,1,1,28.9,0.13,30.00,30.0,0
1779285634467,1034,GND-VEH-01,421.0,19.03,22.63,3.60,21.70,18.1,0.990,1,1,26.0,0.13,30.41,30.0,0
1779285634500,1035,PERSON-01,371.1,19.16,22.76,3.59,21.47,18.6,0.990,1,1,26.8,0.14,30.27,30.0,0
1779285634533,1036,UAS-01,549.6,19.09,22.54,3.45,22.11,18.4,0.979,1,1,29.8,0.07,30.08,30.1,0
1779285634567,1037,UAS-02,479.8,18.93,22.40,3.47,22.34,18.7,0.990,1,1,26.0,0.12,30.41,29.8,0
1779285634600,1038,GND-VEH-01,840.9,18.89,22.43,3.54,22.41,19.2,0.989,1,1,29.9,0.05,30.02,30.1,0
1779285634633,1039,PERSON-01,745.1,19.17,22.49,3.33,22.10,18.1,0.990,1,1,26.0,0.16,30.12,29.9,0
1779285634667,1040,UAS-01,437.8,18.97,22.64,3.67,22.49,18.0,0.990,1,1,26.0,0.44,30.51,30.1,0
1779285634700,1041,UAS-02,550.4,18.99,22.59,3.60,22.09,18.6,0.990,1,1,26.9,0.31,30.40,29.9,0
1779285634733,1042,GND-VEH-01,618.8,19.13,22.66,3.53,21.87,18.4,0.985,1,1,26.0,0.28,30.63,30.1,0
1779285634767,1043,PERSON-01,302.0,19.17,22.41,3.25,21.07,18.6,0.986,1,1,26.2,0.25,29.99,29.9,0
1779285634800,1044,UAS-01,588.0,18.94,22.37,3.43,22.34,18.8,0.990,1,1,26.8,0.11,30.42,29.9,0
1779285634833,1045,UAS-02,522.3,18.76,22.48,3.72,22.68,17.8,0.990,1,1,27.5,0.11,30.43,30.1,0
1779285634867,1046,GND-VEH-01,325.8,19.00,22.80,3.80,22.17,18.6,0.990,1,1,26.0,0.17,30.56,30.0,0
1779285634900,1047,PERSON-01,518.4,18.90,22.43,3.54,22.04,18.5,0.990,1,1,26.0,0.19,30.27,30.1,0
1779285634933,1048,UAS-01,483.6,18.93,22.67,3.75,22.84,20.6,0.990,1,1,26.0,0.40,30.04,30.0,0
1779285634967,1049,UAS-02,352.7,19.06,22.75,3.69,22.56,18.0,0.987,1,1,26.0,0.21,30.27,29.9,0
1779285635000,1050,GND-VEH-01,933.7,18.85,22.15,3.30,22.06,18.4,0.988,1,1,26.0,0.25,30.24,29.9,0
1779285635033,1051,PERSON-01,309.3,18.92,22.46,3.54,21.30,21.3,0.990,1,1,26.0,0.07,30.15,30.0,0
1779285635067,1052,UAS-01,601.0,18.96,22.56,3.61,21.78,19.2,0.969,1,1,27.8,0.08,30.16,29.8,0
1779285635100,1053,UAS-02,627.9,18.87,22.44,3.57,22.37,18.7,0.990,1,1,26.0,0.34,30.56,30.1,0
1779285635133,1054,GND-VEH-01,424.5,19.05,22.57,3.51,22.12,19.0,0.990,1,1,27.0,0.13,30.49,29.9,0
1779285635167,1055,PERSON-01,341.3,19.19,23.11,3.92,23.02,18.5,0.977,1,1,26.0,0.13,30.73,30.0,0
1779285635200,1056,UAS-01,658.1,19.03,22.87,3.84,22.84,18.6,0.990,1,1,26.0,0.04,30.41,30.0,0
1779285635233,1057,UAS-02,631.8,18.68,22.25,3.57,21.96,19.4,0.990,1,1,26.0,0.34,30.72,30.0,0
1779285635267,1058,GND-VEH-01,309.2,18.83,22.61,3.78,21.81,18.4,0.990,1,1,26.9,0.08,30.42,30.1,0
1779285635300,1059,PERSON-01,624.3,18.95,22.17,3.22,21.45,19.2,0.990,1,1,26.6,0.07,30.33,29.9,0
1779285635333,1060,UAS-01,319.3,19.19,22.58,3.39,22.39,18.0,0.990,1,1,26.0,0.02,30.51,29.9,0
1779285635367,1061,UAS-02,312.5,19.02,22.60,3.57,22.24,18.9,0.987,1,1,26.0,0.00,30.08,29.9,0
1779285635400,1062,GND-VEH-01,504.6,18.94,22.30,3.36,22.12,18.0,0.990,1,1,26.0,0.09,30.17,30.1,0
1779285635433,1063,PERSON-01,392.2,19.24,22.93,3.68,22.05,18.2,0.990,1,1,26.0,0.06,29.95,30.0,0
1779285635467,1064,UAS-01,313.3,19.06,22.57,3.51,22.67,19.7,0.990,1,1,26.0,0.16,30.03,30.1,0
1779285635500,1065,UAS-02,493.0,19.17,22.92,3.76,23.09,18.3,0.990,1,1,26.0,0.03,30.37,30.1,0
1779285635533,1066,GND-VEH-01,799.0,18.78,22.02,3.25,21.94,20.3,0.979,1,1,27.6,0.18,30.60,30.0,0
1779285635567,1067,PERSON-01,425.1,18.98,22.19,3.20,21.76,16.5,0.990,1,1,27.1,0.05,30.22,30.1,0
1779285635600,1068,UAS-01,566.3,18.96,22.59,3.62,22.45,18.4,0.990,1,1,29.2,0.25,30.61,30.0,0
1779285635633,1069,UAS-02,434.4,18.77,22.22,3.44,21.86,18.2,0.990,1,1,26.6,0.02,30.46,30.0,0
1779285635667,1070,GND-VEH-01,662.1,19.13,22.50,3.37,21.01,19.7,0.986,1,1,27.9,0.24,30.47,29.9,0
1779285635700,1071,PERSON-01,343.8,18.95,22.58,3.63,23.13,17.5,0.990,1,1,26.0,0.35,30.08,30.0,0
1779285635733,1072,UAS-01,501.3,19.01,22.92,3.91,22.39,17.9,0.990,1,1,26.0,0.28,30.28,30.2,0
1779285635767,1073,UAS-02,416.5,18.93,22.64,3.71,22.78,20.0,0.990,1,1,26.0,0.46,30.42,29.8,0
1779285635800,1074,GND-VEH-01,430.4,19.02,22.94,3.93,22.96,19.3,0.990,1,1,27.7,0.04,30.26,29.9,0
1779285635833,1075,PERSON-01,341.2,18.91,22.30,3.39,21.95,19.6,0.988,1,1,26.0,0.34,30.54,29.9,0
1779285635867,1076,UAS-01,596.3,18.90,22.63,3.73,22.64,17.7,0.990,1,1,26.5,0.02,30.10,29.8,0
1779285635900,1077,UAS-02,563.9,18.84,22.38,3.54,22.48,18.8,0.964,1,1,26.1,0.18,30.48,29.9,0
1779285635933,1078,GND-VEH-01,310.1,18.89,22.42,3.53,22.23,19.8,0.990,1,1,26.0,0.23,30.37,29.9,0
1779285635967,1079,PERSON-01,516.2,19.01,22.33,3.32,21.19,20.2,0.989,1,1,26.1,0.10,30.61,30.1,0
1779285636000,1080,UAS-01,416.2,18.95,22.54,3.60,22.27,18.5,0.990,1,1,26.0,0.23,30.41,29.9,0
1779285636033,1081,UAS-02,642.9,18.98,22.41,3.44,22.06,19.4,0.990,1,1,27.1,0.04,30.19,30.1,0
1779285636067,1082,GND-VEH-01,489.0,18.99,22.60,3.61,21.87,18.3,0.987,1,1,26.0,0.09,30.36,29.9,0
1779285636100,1083,PERSON-01,393.6,19.14,22.96,3.82,22.62,19.7,0.990,1,1,26.0,0.13,30.12,30.1,0
1779285636133,1084,UAS-01,517.9,18.94,22.33,3.39,21.55,20.7,0.990,1,1,26.0,0.22,30.24,29.9,0
1779285636167,1085,UAS-02,657.5,18.87,22.61,3.74,22.07,17.1,0.979,1,1,26.7,0.17,30.28,30.1,0
1779285636200,1086,GND-VEH-01,302.0,18.91,22.63,3.72,21.80,20.4,0.990,1,1,28.0,0.29,30.26,29.9,0
1779285636233,1087,PERSON-01,466.4,18.87,22.33,3.46,22.58,19.1,0.980,1,1,26.0,0.03,30.31,30.1,0
1779285636267,1088,UAS-01,494.9,18.96,22.57,3.61,22.29,19.3,0.983,1,1,28.5,0.31,30.36,30.1,0
1779285636300,1089,UAS-02,472.2,19.19,22.72,3.52,22.07,20.7,0.990,1,1,26.6,0.13,30.40,29.9,0
1779285636333,1090,GND-VEH-01,418.7,19.15,22.82,3.67,23.12,17.7,0.974,1,1,27.4,0.09,30.96,29.8,0
1779285636367,1091,PERSON-01,418.7,18.84,22.38,3.55,22.03,19.3,0.990,1,1,26.0,0.16,30.77,30.0,0
1779285636400,1092,UAS-01,401.1,18.85,22.49,3.64,22.43,18.2,0.990,1,1,26.7,0.19,30.08,23.5,1
1779285636433,1093,UAS-02,353.7,19.22,22.45,3.23,22.24,18.2,0.990,1,1,26.0,0.33,30.11,30.1,0
1779285636467,1094,GND-VEH-01,539.9,18.72,22.11,3.38,21.83,18.6,0.990,1,1,26.7,0.43,30.04,30.0,0
1779285636500,1095,PERSON-01,509.5,18.65,22.38,3.73,21.64,20.6,0.990,1,1,28.4,0.30,30.45,30.0,0
1779285636533,1096,UAS-01,400.6,18.85,22.63,3.78,22.65,17.6,0.990,1,1,27.2,0.28,30.38,30.0,0
1779285636567,1097,UAS-02,429.3,18.67,22.38,3.71,21.99,19.8,0.990,1,1,28.2,0.02,30.24,30.0,0
1779285636600,1098,GND-VEH-01,627.2,19.13,22.58,3.46,22.57,19.3,0.990,1,1,26.0,0.09,30.64,30.0,0
1779285636633,1099,PERSON-01,577.1,19.14,22.82,3.68,22.75,19.4,0.990,1,1,26.0,0.32,30.32,30.0,0
1779285636667,1100,UAS-01,307.0,19.05,22.75,3.70,22.32,17.7,0.986,1,1,26.5,0.21,30.40,30.1,0
1779285636700,1101,UAS-02,510.0,19.06,22.77,3.71,21.85,18.8,0.990,1,1,26.5,0.06,30.40,29.9,0
1779285636733,1102,GND-VEH-01,344.7,19.04,22.53,3.50,21.76,17.9,0.990,1,1,26.0,0.06,30.25,30.1,0
1779285636767,1103,PERSON-01,582.1,19.01,22.41,3.40,21.42,20.2,0.990,1,1,28.2,0.10,30.29,30.0,0
1779285636800,1104,UAS-01,583.8,18.95,22.64,3.69,22.36,19.2,0.990,1,1,26.7,0.10,30.19,30.0,0
1779285636833,1105,UAS-02,332.6,18.72,22.61,3.88,23.50,18.8,0.990,1,1,26.5,0.20,30.45,30.0,0
1779285636867,1106,GND-VEH-01,796.9,19.11,22.58,3.47,22.22,18.9,0.990,1,1,26.0,0.01,30.84,30.1,0
1779285636900,1107,PERSON-01,595.7,19.24,22.75,3.51,21.84,18.0,0.990,1,1,26.0,0.36,30.16,30.0,0
1779285636933,1108,UAS-01,652.3,18.88,22.21,3.33,21.95,18.5,0.990,1,1,26.0,0.17,30.56,30.0,0
1779285636967,1109,UAS-02,745.2,19.22,22.53,3.31,21.81,19.8,0.983,1,1,26.0,0.53,30.94,30.0,0
1779285637000,1110,GND-VEH-01,521.7,19.08,22.66,3.58,22.27,18.2,0.990,1,1,28.3,0.03,30.24,29.9,0
1779285637033,1111,PERSON-01,667.0,18.96,22.24,3.29,22.41,19.1,0.990,1,1,29.1,0.14,30.29,29.9,0
1779285637067,1112,UAS-01,663.4,19.05,22.80,3.74,22.52,17.4,0.990,1,1,26.0,0.19,30.52,30.0,0
1779285637100,1113,UAS-02,729.7,18.80,22.31,3.51,22.54,18.0,0.990,1,1,28.3,0.23,30.27,30.1,0
1779285637133,1114,GND-VEH-01,630.2,19.04,22.72,3.69,22.42,19.5,0.990,1,1,26.0,0.21,30.31,30.1,0
1779285637167,1115,PERSON-01,428.7,19.31,22.84,3.53,22.04,19.3,0.990,1,1,26.0,0.06,30.35,30.1,0
1779285637200,1116,UAS-01,312.8,18.83,22.19,3.36,21.05,19.3,0.990,1,1,27.8,0.23,30.30,30.0,0
1779285637233,1117,UAS-02,561.2,18.99,22.39,3.40,22.07,19.0,0.990,1,1,30.9,0.50,30.65,30.2,0
1779285637267,1118,GND-VEH-01,768.1,19.01,22.69,3.68,22.25,18.9,0.987,1,1,26.0,0.10,30.39,30.2,0
1779285637300,1119,PERSON-01,519.0,19.08,22.50,3.42,21.91,18.0,0.990,1,1,26.0,0.04,30.36,30.0,0
1779285637333,1120,UAS-01,370.1,19.01,22.72,3.71,22.47,18.6,0.990,1,1,27.3,0.15,30.82,30.1,0
1779285637367,1121,UAS-02,607.4,19.14,22.78,3.64,22.26,19.6,0.990,1,1,26.9,0.02,30.42,30.2,0
1779285637400,1122,GND-VEH-01,390.3,18.82,22.41,3.60,22.71,18.2,0.990,1,1,27.9,0.05,30.41,30.0,0
1779285637433,1123,PERSON-01,783.2,19.03,22.21,3.18,21.17,19.0,0.990,1,1,26.0,0.17,30.30,30.2,0
1779285637467,1124,UAS-01,337.0,18.88,22.82,3.94,22.94,17.9,0.990,1,1,27.6,0.10,30.48,30.0,0
1779285637500,1125,UAS-02,552.5,18.93,22.52,3.59,22.02,20.2,0.990,1,1,26.0,0.16,30.70,30.0,0
1779285637533,1126,GND-VEH-01,515.7,19.20,22.71,3.52,21.76,18.7,0.990,1,1,26.0,0.20,30.85,30.0,0
1779285637567,1127,PERSON-01,945.8,19.02,22.30,3.28,21.86,17.3,0.987,1,1,27.8,0.51,30.59,30.0,0
1779285637600,1128,UAS-01,359.5,18.85,22.48,3.62,22.54,19.1,0.990,1,1,27.6,0.35,30.56,30.0,0
1779285637633,1129,UAS-02,655.0,18.87,22.22,3.35,22.15,19.6,0.983,1,1,26.9,0.02,30.35,29.9,0
1779285637667,1130,GND-VEH-01,855.3,18.94,22.54,3.60,21.88,19.6,0.990,1,1,26.0,0.07,30.50,29.9,0
1779285637700,1131,PERSON-01,313.6,19.15,22.95,3.80,22.38,20.1,0.990,1,1,26.0,0.07,30.44,30.0,0
1779285637733,1132,UAS-01,422.2,18.66,22.59,3.93,23.36,19.1,0.990,1,1,27.6,0.14,30.52,29.9,0
1779285637767,1133,UAS-02,462.9,18.81,22.14,3.33,21.43,18.5,0.990,1,1,26.0,0.54,30.40,30.0,0
1779285637800,1134,GND-VEH-01,504.8,19.06,22.46,3.40,21.60,20.4,0.980,1,1,26.2,0.11,30.45,30.0,0
1779285637833,1135,PERSON-01,399.7,18.86,22.23,3.37,22.43,19.0,0.990,1,1,26.0,0.37,30.52,29.9,0
1779285637867,1136,UAS-01,390.1,19.18,22.56,3.38,22.38,18.2,0.990,1,1,29.4,0.26,30.73,30.0,0
1779285637900,1137,UAS-02,678.0,18.82,22.05,3.23,21.94,17.5,0.990,1,1,28.2,0.12,30.25,29.9,0
1779285637933,1138,GND-VEH-01,732.2,19.11,22.41,3.29,21.75,19.7,0.990,1,1,26.0,0.14,30.86,30.0,0
1779285637967,1139,PERSON-01,360.2,19.03,22.36,3.34,22.02,19.4,0.984,1,1,27.0,0.20,30.45,29.8,0
1779285638000,1140,UAS-01,396.2,19.05,22.67,3.61,22.58,19.1,0.981,1,1,27.3,0.03,30.87,30.1,0
1779285638033,1141,UAS-02,763.9,19.12,22.46,3.34,21.10,19.5,0.973,1,1,26.0,0.15,30.80,30.0,0
1779285638067,1142,GND-VEH-01,354.3,18.89,22.82,3.93,22.62,19.9,0.990,1,1,26.2,0.05,30.22,30.1,0
1779285638100,1143,PERSON-01,423.7,19.00,22.60,3.61,22.31,20.0,0.990,1,1,26.0,0.41,30.40,29.9,0
1779285638133,1144,UAS-01,390.2,18.94,22.58,3.65,22.16,19.3,0.977,1,1,29.0,0.12,30.43,30.0,0
1779285638167,1145,UAS-02,490.5,18.78,22.21,3.43,22.94,18.7,0.990,1,1,27.9,0.27,30.86,30.1,0
1779285638200,1146,GND-VEH-01,566.6,19.06,22.69,3.64,22.30,19.7,0.990,1,1,28.4,0.11,30.81,29.9,0
1779285638233,1147,PERSON-01,432.9,19.09,22.86,3.77,22.37,18.5,0.984,1,1,28.0,0.03,30.58,30.0,0
1779285638267,1148,UAS-01,351.3,19.12,22.64,3.52,21.76,18.0,0.975,1,1,26.4,0.31,30.34,29.9,0
1779285638300,1149,UAS-02,467.6,19.15,23.00,3.84,22.69,17.7,0.990,1,1,27.4,0.34,30.99,30.0,0
1779285638333,1150,GND-VEH-01,528.3,18.96,22.89,3.93,22.66,17.5,0.982,1,1,26.3,0.08,30.49,30.1,0
1779285638367,1151,PERSON-01,366.2,18.85,22.42,3.57,22.10,18.5,0.990,1,1,26.4,0.25,30.32,30.0,0
1779285638400,1152,UAS-01,315.1,19.28,22.99,3.70,21.85,20.5,0.990,1,1,26.2,0.14,30.62,29.9,0
1779285638433,1153,UAS-02,404.5,19.23,22.64,3.41,21.31,19.3,0.990,1,1,26.0,0.08,30.81,29.9,0
1779285638467,1154,GND-VEH-01,526.1,19.17,22.84,3.67,22.19,20.2,0.967,1,1,26.0,0.29,30.82,30.1,0
1779285638500,1155,PERSON-01,301.3,19.15,22.57,3.42,22.19,19.5,0.990,1,1,26.9,0.41,30.71,29.8,0
1779285638533,1156,UAS-01,348.2,19.10,22.72,3.62,22.81,18.2,0.990,1,1,26.0,0.19,30.68,30.0,0
1779285638567,1157,UAS-02,392.1,18.92,22.88,3.96,22.50,19.3,0.990,1,1,26.0,0.19,30.27,29.9,0
1779285638600,1158,GND-VEH-01,500.5,18.92,22.15,3.22,21.33,17.4,0.988,1,1,26.0,0.21,30.49,30.0,0
1779285638633,1159,PERSON-01,886.9,19.11,22.39,3.28,21.95,18.5,0.990,1,1,26.0,0.13,30.16,29.9,0
1779285638667,1160,UAS-01,466.7,18.93,22.39,3.45,22.01,19.0,0.990,1,1,27.9,0.03,30.49,30.1,0
1779285638700,1161,UAS-02,728.9,19.18,22.63,3.46,22.60,19.3,0.990,1,1,26.0,0.04,30.29,29.9,0
1779285638733,1162,GND-VEH-01,529.3,19.12,22.70,3.57,22.57,18.4,0.990,1,1,26.0,0.07,30.44,29.9,0
1779285638767,1163,PERSON-01,623.5,18.75,22.45,3.70,22.35,19.0,0.990,1,1,26.1,0.41,30.67,29.9,0
1779285638800,1164,UAS-01,455.9,19.11,22.71,3.60,21.77,20.0,0.990,1,1,26.0,0.02,30.61,29.8,0
1779285638833,1165,UAS-02,484.4,19.01,22.56,3.55,22.26,19.4,0.990,1,1,26.2,0.27,30.22,30.0,0
1779285638867,1166,GND-VEH-01,800.7,18.88,22.09,3.21,21.92,18.8,0.973,1,1,26.0,0.01,30.80,30.1,0
1779285638900,1167,PERSON-01,675.8,18.97,22.30,3.33,21.53,19.4,0.990,1,1,29.3,0.10,30.69,29.9,0
1779285638933,1168,UAS-01,412.6,19.01,22.72,3.71,22.56,19.2,0.990,1,1,26.9,0.34,30.66,30.1,0
1779285638967,1169,UAS-02,505.6,18.82,22.39,3.58,22.15,19.3,0.986,1,1,26.0,0.09,30.47,30.1,0
1779285639000,1170,GND-VEH-01,720.7,19.25,22.64,3.39,21.64,19.1,0.985,1,1,26.2,0.19,30.49,30.0,0
1779285639033,1171,PERSON-01,744.0,18.88,22.38,3.50,21.24,19.6,0.990,1,1,27.0,0.03,30.83,30.0,0
1779285639067,1172,UAS-01,420.5,18.98,22.55,3.58,21.33,20.3,0.990,1,1,26.0,0.32,30.35,30.1,0
1779285639100,1173,UAS-02,448.1,18.91,22.33,3.41,22.51,19.1,0.990,1,1,27.1,0.10,30.32,30.1,0
1779285639133,1174,GND-VEH-01,419.2,19.03,22.88,3.84,22.24,18.9,0.988,1,1,26.4,0.33,30.37,30.0,0
1779285639167,1175,PERSON-01,538.4,18.91,22.66,3.75,23.31,18.9,0.975,1,1,26.0,0.27,30.69,29.9,0
1779285639200,1176,UAS-01,319.9,19.08,22.51,3.43,21.96,20.2,0.990,1,1,26.0,0.05,30.83,30.1,0
1779285639233,1177,UAS-02,364.9,18.95,23.03,4.09,22.16,20.6,0.990,1,1,26.0,0.03,30.50,30.1,0
1779285639267,1178,GND-VEH-01,326.2,18.69,22.71,4.02,22.71,18.3,0.990,1,1,26.0,0.25,30.55,30.0,0
1779285639300,1179,PERSON-01,567.1,18.96,22.46,3.50,22.02,19.0,0.990,1,1,26.0,0.19,30.82,30.0,0
1779285639333,1180,UAS-01,661.5,19.01,22.26,3.25,21.45,19.7,0.974,1,1,26.0,0.41,31.03,29.9,0
1779285639367,1181,UAS-02,384.7,19.01,22.59,3.58,22.17,19.9,0.990,1,1,26.0,0.21,30.37,29.9,0
1779285639400,1182,GND-VEH-01,347.3,18.89,22.63,3.74,22.45,17.5,0.979,1,1,26.0,0.05,29.94,30.1,0
1779285639433,1183,PERSON-01,323.2,19.19,22.51,3.31,22.43,18.0,0.990,1,1,27.7,0.28,30.60,30.1,0
1779285639467,1184,UAS-01,317.6,19.06,22.58,3.52,22.44,18.8,0.990,1,1,28.1,0.14,30.77,30.1,0
1779285639500,1185,UAS-02,641.7,18.90,22.40,3.51,21.95,19.7,0.990,1,1,26.0,0.06,30.62,30.0,0
1779285639533,1186,GND-VEH-01,392.4,19.01,22.86,3.86,22.39,20.2,0.990,1,1,26.0,0.37,30.49,30.0,0
1779285639567,1187,PERSON-01,713.4,19.26,22.51,3.26,21.77,19.7,0.982,1,1,26.0,0.05,30.75,30.0,0
1779285639600,1188,UAS-01,465.1,18.99,22.73,3.75,22.15,18.8,0.990,1,1,26.0,0.06,30.59,29.9,0
1779285639633,1189,UAS-02,486.8,19.02,22.74,3.72,22.40,18.8,0.990,1,1,26.0,0.36,30.52,30.0,0
1779285639667,1190,GND-VEH-01,382.9,18.85,22.28,3.42,21.52,19.1,0.990,1,1,26.0,0.27,31.08,30.0,0
1779285639700,1191,PERSON-01,839.9,19.04,22.42,3.37,21.93,18.7,0.990,1,1,26.0,0.13,30.32,30.0,0
1779285639733,1192,UAS-01,612.4,18.93,22.49,3.56,22.55,19.0,0.990,1,1,26.0,0.30,30.81,30.0,0
1779285639767,1193,UAS-02,380.4,18.83,22.39,3.56,22.27,18.8,0.979,1,1,26.0,0.11,30.94,30.2,0
1779285639800,1194,GND-VEH-01,564.3,19.27,22.66,3.38,21.69,19.3,0.982,1,1,28.4,0.22,31.02,30.0,0
1779285639833,1195,PERSON-01,638.2,19.06,22.38,3.32,22.34,19.0,0.990,1,1,27.3,0.03,30.61,30.0,0
1779285639867,1196,UAS-01,336.1,19.00,22.29,3.30,22.41,19.1,0.986,1,1,26.0,0.29,30.63,29.9,0
1779285639900,1197,UAS-02,495.2,19.06,22.56,3.50,22.19,19.2,0.990,1,1,26.0,0.28,30.76,30.0,0
1779285639933,1198,GND-VEH-01,546.9,19.01,22.67,3.66,22.03,19.3,0.990,1,1,26.0,0.36,30.69,30.1,0
1779285639967,1199,PERSON-01,487.9,19.08,22.77,3.68,22.11,19.5,0.990,1,1,27.2,0.25,30.69,30.0,0
1779285640000,1200,UAS-01,454.1,19.18,23.08,3.91,22.91,18.7,0.990,1,1,26.1,0.22,31.25,30.1,0
1779285640033,1201,UAS-02,555.9,18.99,22.62,3.63,22.60,17.3,0.990,1,1,26.0,0.26,30.86,30.1,0
1779285640067,1202,GND-VEH-01,351.3,18.85,22.86,4.02,22.74,19.2,0.990,1,1,26.0,0.25,30.55,29.9,0
1779285640100,1203,PERSON-01,564.0,19.04,22.40,3.37,22.26,19.7,0.977,1,1,26.1,0.33,30.84,30.1,0
1779285640133,1204,UAS-01,398.4,19.11,22.68,3.58,22.17,19.0,0.990,1,1,27.7,0.10,30.51,29.9,0
1779285640167,1205,UAS-02,545.8,18.95,22.62,3.66,22.81,18.2,0.990,1,1,26.0,0.55,30.78,30.0,0
1779285640200,1206,GND-VEH-01,301.4,19.01,22.51,3.50,22.21,18.9,0.956,1,1,26.0,0.18,30.64,29.9,0
1779285640233,1207,PERSON-01,359.0,19.00,22.58,3.59,22.32,19.4,0.990,1,1,26.0,0.07,30.68,29.9,0
1779285640267,1208,UAS-01,344.1,18.88,22.33,3.46,21.99,18.4,0.990,1,1,26.0,0.17,30.40,29.9,0
1779285640300,1209,UAS-02,547.8,19.29,22.74,3.44,21.55,20.8,0.990,1,1,27.6,0.26,30.94,30.0,0
1779285640333,1210,GND-VEH-01,328.0,19.16,22.95,3.79,22.62,17.8,0.990,1,1,26.0,0.04,30.74,30.1,0
1779285640367,1211,PERSON-01,868.3,19.24,22.92,3.68,22.10,18.1,0.982,1,1,28.7,0.22,30.75,29.9,0
1779285640400,1212,UAS-01,457.8,18.99,22.31,3.31,21.68,17.9,0.990,1,1,26.8,0.41,30.74,30.0,0
1779285640433,1213,UAS-02,705.5,19.05,22.22,3.17,21.16,20.6,0.990,1,1,26.3,0.15,31.08,29.9,0
1779285640467,1214,GND-VEH-01,663.1,18.87,22.29,3.41,22.04,19.6,0.990,1,1,26.6,0.09,30.94,30.1,0
1779285640500,1215,PERSON-01,420.4,19.29,23.32,4.03,23.00,16.8,0.990,1,1,26.7,0.10,30.29,30.0,0
1779285640533,1216,UAS-01,750.7,19.06,22.40,3.33,22.05,19.1,0.978,1,1,26.4,0.21,30.49,30.1,0
1779285640567,1217,UAS-02,362.2,19.04,22.53,3.49,22.06,17.5,0.990,1,1,26.0,0.30,30.51,30.1,0
1779285640600,1218,GND-VEH-01,546.0,18.93,22.48,3.55,22.05,20.1,0.990,1,1,26.0,0.17,30.82,30.0,0
1779285640633,1219,PERSON-01,874.1,18.66,22.03,3.38,21.35,20.1,0.975,1,1,26.0,0.11,30.72,30.1,0
1779285640667,1220,UAS-01,365.9,18.97,22.93,3.96,22.42,18.1,0.990,1,1,26.0,0.43,30.50,29.9,0
1779285640700,1221,UAS-02,686.4,18.81,22.32,3.51,21.69,19.9,0.986,1,1,27.9,0.17,30.86,30.1,0
1779285640733,1222,GND-VEH-01,412.2,19.06,22.63,3.58,22.19,17.3,0.990,1,1,26.0,0.19,31.17,30.1,0
1779285640767,1223,PERSON-01,834.3,19.10,22.16,3.06,21.42,20.1,0.990,1,1,27.5,0.13,30.78,29.9,0
1779285640800,1224,UAS-01,489.7,18.97,22.53,3.57,22.85,18.2,0.990,1,1,26.9,0.26,30.88,30.1,0
1779285640833,1225,UAS-02,521.1,19.02,22.95,3.92,22.53,19.8,0.990,1,1,27.1,0.12,30.53,30.0,0
1779285640867,1226,GND-VEH-01,472.4,19.15,22.79,3.64,22.64,18.7,0.986,1,1,28.8,0.12,30.61,29.9,0
1779285640900,1227,PERSON-01,907.9,18.92,22.03,3.11,21.89,19.6,0.990,1,1,26.0,0.03,30.59,29.9,0
1779285640933,1228,UAS-01,325.3,19.17,22.52,3.36,21.83,18.4,0.984,1,1,26.0,0.34,30.43,29.9,0
1779285640967,1229,UAS-02,691.4,18.75,22.15,3.40,21.05,19.8,0.990,1,1,27.9,0.14,30.70,30.0,0
1779285641000,1230,GND-VEH-01,449.0,19.20,22.72,3.52,22.11,18.5,0.990,1,1,27.7,0.44,30.63,30.0,0
1779285641033,1231,PERSON-01,509.0,18.91,22.45,3.54,21.43,19.6,0.990,1,1,26.0,0.23,30.51,30.1,0
1779285641067,1232,UAS-01,392.9,18.87,22.40,3.52,22.82,18.6,0.990,1,1,27.5,0.38,30.73,30.0,0
1779285641100,1233,UAS-02,568.1,18.88,22.58,3.70,22.79,19.8,0.989,1,1,26.0,0.22,31.24,30.0,0
1779285641133,1234,GND-VEH-01,304.6,18.72,22.82,4.09,22.28,18.3,0.990,1,1,26.0,0.31,31.04,30.0,0
1779285641167,1235,PERSON-01,302.4,19.11,22.72,3.61,21.78,18.4,0.990,1,1,26.0,0.22,30.68,29.9,0
1779285641200,1236,UAS-01,387.8,19.00,22.56,3.57,21.93,19.3,0.990,1,1,29.9,0.22,30.57,29.9,0
1779285641233,1237,UAS-02,502.2,18.96,22.44,3.48,21.82,18.5,0.990,1,1,26.8,0.21,30.64,30.1,0
1779285641267,1238,GND-VEH-01,498.7,18.91,22.52,3.61,22.15,18.4,0.987,1,1,26.5,0.13,31.12,30.1,0
1779285641300,1239,PERSON-01,426.9,18.87,22.71,3.84,22.98,18.5,0.990,1,1,26.0,0.26,30.92,30.0,0
1779285641333,1240,UAS-01,540.3,18.99,22.51,3.53,22.69,18.4,0.990,1,1,27.1,0.12,30.64,30.2,0
1779285641367,1241,UAS-02,396.0,18.74,22.23,3.49,21.65,19.4,0.990,1,1,26.0,0.13,30.67,30.1,0
1779285641400,1242,GND-VEH-01,465.3,18.80,22.33,3.53,22.04,19.8,0.990,1,1,26.0,0.04,30.96,30.0,0
1779285641433,1243,PERSON-01,544.5,19.05,22.46,3.41,21.88,18.8,0.990,1,1,28.9,0.06,30.68,30.0,0
1779285641467,1244,UAS-01,649.4,18.97,22.44,3.46,22.13,19.3,0.990,1,1,26.0,0.11,30.81,30.0,0
1779285641500,1245,UAS-02,424.8,19.08,22.66,3.57,22.14,17.5,0.990,1,1,26.6,0.32,30.64,29.9,0
1779285641533,1246,GND-VEH-01,351.6,18.70,22.30,3.60,22.17,17.8,0.986,1,1,26.0,0.29,30.93,30.0,0
1779285641567,1247,PERSON-01,626.3,19.23,22.79,3.57,22.48,18.2,0.984,1,1,26.0,0.15,30.92,29.8,0
1779285641600,1248,UAS-01,658.3,18.94,22.45,3.51,21.95,18.8,0.990,1,1,26.0,0.11,30.92,30.2,0
1779285641633,1249,UAS-02,551.6,18.83,22.47,3.64,21.70,18.5,0.990,1,1,26.1,0.21,30.91,29.9,0
1779285641667,1250,GND-VEH-01,403.9,19.21,22.67,3.46,21.90,19.0,0.990,1,1,26.0,0.37,30.47,29.8,0
1779285641700,1251,PERSON-01,951.2,19.03,22.17,3.14,21.35,20.3,0.990,1,1,26.0,0.26,31.24,30.0,0
1779285641733,1252,UAS-01,994.9,18.81,22.21,3.40,21.66,19.0,0.984,1,1,26.5,0.01,30.23,29.9,0
1779285641767,1253,UAS-02,939.8,18.99,22.14,3.15,21.34,20.8,0.990,1,1,26.0,0.01,30.88,30.0,0
1779285641800,1254,GND-VEH-01,707.5,18.95,22.15,3.21,21.90,19.8,0.973,1,1,26.0,0.15,30.47,30.0,0
1779285641833,1255,PERSON-01,310.3,19.04,22.77,3.73,22.10,19.2,0.990,1,1,26.0,0.08,31.02,30.0,0
1779285641867,1256,UAS-01,491.3,19.14,22.66,3.52,21.70,18.6,0.990,1,1,26.0,0.04,30.53,30.0,0
1779285641900,1257,UAS-02,598.3,19.14,22.83,3.69,22.58,20.2,0.990,1,1,26.0,0.07,31.17,30.0,0
1779285641933,1258,GND-VEH-01,779.0,19.25,22.84,3.59,21.51,20.0,0.990,1,1,27.6,0.18,31.04,30.1,0
1779285641967,1259,PERSON-01,397.5,19.09,22.73,3.64,21.85,19.9,0.980,1,1,27.7,0.13,30.82,29.9,0
1779285642000,1260,UAS-01,346.2,19.01,22.63,3.62,22.64,19.9,0.985,1,1,26.0,0.39,30.72,30.1,0
1779285642033,1261,UAS-02,485.1,19.12,22.74,3.62,22.46,17.7,0.990,1,1,26.6,0.12,30.62,29.9,0
1779285642067,1262,GND-VEH-01,669.7,18.65,22.14,3.49,22.36,21.0,0.990,1,1,26.0,0.13,31.06,30.1,0
1779285642100,1263,PERSON-01,848.0,19.21,22.55,3.34,21.97,17.6,0.990,1,1,27.4,0.24,30.65,30.0,0
1779285642133,1264,UAS-01,322.6,19.01,22.44,3.43,22.18,18.6,0.979,1,1,26.6,0.53,30.89,30.1,0
1779285642167,1265,UAS-02,309.4,19.14,23.04,3.89,22.99,17.9,0.990,1,1,26.0,0.39,31.13,30.0,0
1779285642200,1266,GND-VEH-01,373.1,19.14,22.44,3.29,21.72,19.3,0.990,1,1,26.0,0.08,30.91,29.9,0
1779285642233,1267,PERSON-01,740.7,18.82,22.19,3.37,22.06,20.9,0.990,1,1,26.3,0.49,30.40,30.0,0
1779285642267,1268,UAS-01,455.3,18.84,22.46,3.61,21.75,19.6,0.979,1,1,26.0,0.33,30.67,30.1,0
1779285642300,1269,UAS-02,656.4,18.99,22.24,3.25,22.45,19.2,0.990,1,1,27.9,0.28,30.71,30.0,0
1779285642333,1270,GND-VEH-01,407.5,18.97,22.66,3.70,21.91,20.5,0.990,1,1,26.6,0.15,30.66,29.8,0
1779285642367,1271,PERSON-01,767.9,19.10,22.55,3.45,21.47,19.2,0.990,1,1,26.1,0.23,31.24,30.0,0
1779285642400,1272,UAS-01,708.9,19.00,22.23,3.23,21.43,20.6,0.990,1,1,29.7,0.24,30.99,29.9,0
1779285642433,1273,UAS-02,877.0,18.97,22.26,3.30,22.45,17.4,0.979,1,1,26.0,0.10,30.95,30.0,0
1779285642467,1274,GND-VEH-01,375.6,18.78,22.52,3.74,22.99,18.6,0.990,1,1,26.0,0.33,30.65,30.1,0
1779285642500,1275,PERSON-01,337.2,18.98,22.93,3.95,23.33,18.9,0.990,1,1,26.0,0.19,30.71,29.9,0
1779285642533,1276,UAS-01,507.5,19.07,22.77,3.70,22.53,19.1,0.990,1,1,28.3,0.16,30.42,30.0,0
1779285642567,1277,UAS-02,405.5,19.11,22.92,3.82,22.53,16.4,0.989,1,1,26.0,0.12,30.80,30.0,0
1779285642600,1278,GND-VEH-01,681.5,19.18,22.73,3.56,22.68,19.1,0.990,1,1,26.1,0.23,30.95,30.0,0
1779285642633,1279,PERSON-01,424.8,19.15,22.40,3.25,21.07,20.2,0.990,1,1,26.1,0.07,30.83,30.2,0
1779285642667,1280,UAS-01,477.1,18.81,22.29,3.49,22.11,18.8,0.990,1,1,26.8,0.26,31.21,29.9,0
1779285642700,1281,UAS-02,684.6,19.21,22.64,3.42,21.90,19.2,0.990,1,1,26.0,0.08,31.19,30.1,0
1779285642733,1282,GND-VEH-01,598.2,18.77,22.45,3.68,22.16,20.4,0.977,1,1,26.0,0.02,30.93,30.2,0
1779285642767,1283,PERSON-01,327.8,19.04,22.83,3.79,22.58,19.8,0.990,1,1,27.8,0.33,31.01,29.9,0
1779285642800,1284,UAS-01,347.2,18.97,22.35,3.37,22.40,19.8,0.990,1,1,26.7,0.26,30.90,29.9,0
1779285642833,1285,UAS-02,386.2,18.92,22.48,3.56,21.96,18.8,0.990,1,1,27.7,0.13,30.92,29.9,0
1779285642867,1286,GND-VEH-01,496.8,18.84,22.20,3.36,21.66,17.7,0.981,1,1,26.0,0.12,30.84,30.0,0
1779285642900,1287,PERSON-01,486.8,19.08,22.62,3.54,21.61,18.4,0.990,1,1,26.0,0.28,30.71,30.0,0
1779285642933,1288,UAS-01,632.2,18.87,22.33,3.46,22.03,20.0,0.990,1,1,26.0,0.13,30.82,30.1,0
1779285642967,1289,UAS-02,477.9,19.12,22.91,3.79,22.47,19.3,0.979,1,1,26.0,0.10,30.89,29.9,0
1779285643000,1290,GND-VEH-01,477.0,18.83,22.32,3.49,22.23,19.0,0.990,1,1,26.5,0.03,31.29,30.1,0
1779285643033,1291,PERSON-01,428.0,18.96,22.46,3.50,22.47,20.3,0.990,1,1,28.6,0.06,31.09,30.0,0
1779285643067,1292,UAS-01,618.8,19.16,22.31,3.16,21.29,19.3,0.979,1,1,26.0,0.57,30.74,29.8,0
1779285643100,1293,UAS-02,324.5,18.94,22.50,3.55,21.88,18.9,0.962,1,1,28.8,0.16,30.52,30.0,0
1779285643133,1294,GND-VEH-01,746.7,19.25,22.51,3.25,21.75,18.0,0.990,1,1,26.0,0.02,31.37,29.9,0
1779285643167,1295,PERSON-01,400.2,18.93,22.49,3.56,21.96,19.9,0.978,1,1,26.8,0.22,30.74,30.0,0
1779285643200,1296,UAS-01,470.7,19.05,22.69,3.64,22.36,19.9,0.989,1,1,27.4,0.28,30.66,30.0,0
1779285643233,1297,UAS-02,635.3,19.16,22.80,3.64,23.06,18.2,0.986,1,1,26.0,0.16,30.66,30.1,0
1779285643267,1298,GND-VEH-01,465.8,18.95,22.42,3.46,22.35,18.6,0.972,1,1,26.6,0.06,30.61,29.9,0
1779285643300,1299,PERSON-01,625.6,18.96,22.40,3.43,22.28,18.6,0.990,1,1,26.7,0.03,30.71,30.1,0
1779285643333,1300,UAS-01,350.4,18.92,22.65,3.73,22.33,19.3,0.980,1,1,26.0,0.22,30.96,29.9,0
1779285643367,1301,UAS-02,548.6,19.02,22.51,3.49,22.08,18.1,0.990,1,1,26.0,0.10,30.36,30.0,0
1779285643400,1302,GND-VEH-01,571.5,19.15,22.84,3.68,22.83,18.7,0.990,1,1,28.1,0.14,30.37,30.0,0
1779285643433,1303,PERSON-01,632.5,19.03,22.76,3.73,22.89,17.8,0.990,1,1,26.0,0.08,30.62,30.2,0
1779285643467,1304,UAS-01,468.6,18.99,22.98,3.99,23.02,20.0,0.977,1,1,26.5,0.18,30.70,30.0,0
1779285643500,1305,UAS-02,585.2,19.00,22.59,3.59,22.25,19.5,0.990,1,1,26.0,0.38,30.85,30.0,0
1779285643533,1306,GND-VEH-01,773.2,18.94,22.20,3.27,21.74,20.0,0.990,1,1,26.0,0.20,30.90,30.1,0
1779285643567,1307,PERSON-01,413.0,19.14,22.90,3.76,22.76,19.7,0.987,1,1,26.0,0.25,30.91,30.2,0
1779285643600,1308,UAS-01,584.3,18.80,22.71,3.91,22.43,19.4,0.984,1,1,29.1,0.04,30.94,30.1,0
1779285643633,1309,UAS-02,353.9,19.04,22.84,3.80,22.39,16.6,0.990,1,1,26.0,0.00,30.61,30.1,0
1779285643667,1310,GND-VEH-01,571.9,19.10,23.02,3.92,22.80,18.8,0.977,1,1,26.0,0.16,31.22,30.1,0
1779285643700,1311,PERSON-01,343.4,18.91,22.58,3.67,22.87,18.7,0.975,1,1,26.0,0.05,30.88,30.1,0
1779285643733,1312,UAS-01,468.5,18.77,22.26,3.50,22.74,18.1,0.990,1,1,26.0,0.57,31.16,30.2,0
1779285643767,1313,UAS-02,447.8,18.77,22.42,3.64,23.01,19.4,0.990,1,1,26.0,0.06,30.81,30.0,0
1779285643800,1314,GND-VEH-01,630.0,19.03,22.30,3.27,21.81,19.0,0.990,1,1,26.0,0.23,31.30,30.1,0
1779285643833,1315,PERSON-01,425.8,18.81,22.17,3.37,21.97,17.7,0.990,1,1,27.1,0.24,31.11,30.0,0
1779285643867,1316,UAS-01,529.3,18.98,22.62,3.64,22.87,19.3,0.987,1,1,26.0,0.19,31.31,30.0,0
1779285643900,1317,UAS-02,401.5,18.94,22.38,3.44,22.68,17.9,0.988,1,1,28.0,0.13,30.82,29.8,0
1779285643933,1318,GND-VEH-01,325.4,19.13,22.71,3.58,22.68,18.5,0.990,1,1,26.0,0.20,31.45,29.9,0
1779285643967,1319,PERSON-01,461.5,18.87,22.34,3.47,21.85,20.4,0.986,1,1,26.3,0.16,30.85,29.8,0
1779285644000,1320,UAS-01,963.3,19.00,22.27,3.27,21.94,19.1,0.981,1,1,29.0,0.19,30.70,30.1,0
1779285644033,1321,UAS-02,301.2,18.99,22.67,3.68,22.33,18.6,0.990,1,1,28.5,0.11,30.45,30.1,0
1779285644067,1322,GND-VEH-01,360.3,19.04,22.54,3.50,21.85,19.4,0.975,1,1,26.0,0.10,31.13,30.0,0
1779285644100,1323,PERSON-01,391.8,19.07,22.38,3.31,21.77,18.8,0.986,1,1,26.0,0.40,30.75,29.9,0
1779285644133,1324,UAS-01,668.3,19.08,22.30,3.22,21.38,19.2,0.990,1,1,26.0,0.29,30.72,30.0,0
1779285644167,1325,UAS-02,329.9,19.10,22.75,3.66,22.77,18.5,0.986,1,1,26.0,0.01,31.21,30.0,0
1779285644200,1326,GND-VEH-01,454.5,19.06,22.76,3.70,21.82,17.9,0.990,1,1,27.5,0.08,30.81,30.0,0
1779285644233,1327,PERSON-01,873.4,19.03,22.45,3.42,22.56,16.9,0.990,1,1,26.0,0.11,31.20,30.0,0
1779285644267,1328,UAS-01,510.0,18.93,22.51,3.58,21.79,18.1,0.990,1,1,26.3,0.14,30.78,29.9,0
1779285644300,1329,UAS-02,442.9,18.94,22.36,3.42,21.81,19.5,0.980,1,1,26.3,0.19,30.97,30.0,0
1779285644333,1330,GND-VEH-01,512.1,18.91,22.26,3.35,21.72,19.2,0.990,1,1,26.0,0.03,30.88,30.0,0
1779285644367,1331,PERSON-01,688.5,19.00,22.11,3.11,21.55,18.3,0.990,1,1,26.4,0.07,31.05,30.1,0
1779285644400,1332,UAS-01,772.8,19.30,22.48,3.18,21.66,18.1,0.990,1,1,29.9,0.12,31.06,29.9,0
1779285644433,1333,UAS-02,495.0,18.89,22.46,3.57,22.07,19.2,0.990,1,1,26.0,0.05,30.78,30.1,0
1779285644467,1334,GND-VEH-01,302.5,18.96,22.52,3.56,21.98,18.8,0.990,1,1,26.0,0.51,30.95,29.9,0
1779285644500,1335,PERSON-01,796.1,19.10,22.29,3.19,21.10,19.6,0.990,1,1,26.9,0.04,31.09,30.1,0
1779285644533,1336,UAS-01,365.0,19.12,22.77,3.64,21.92,18.4,0.990,1,1,27.1,0.19,30.87,30.0,0
1779285644567,1337,UAS-02,509.7,18.85,22.21,3.37,22.00,20.3,0.990,1,1,27.3,0.38,31.03,30.1,0
1779285644600,1338,GND-VEH-01,542.3,19.16,22.56,3.40,22.08,18.2,0.990,1,1,26.0,0.19,31.16,30.0,0
1779285644633,1339,PERSON-01,531.5,18.97,22.42,3.44,22.16,19.5,0.990,1,1,29.4,0.13,31.28,29.9,0
1779285644667,1340,UAS-01,380.9,18.87,22.51,3.63,21.95,18.0,0.990,1,1,27.1,0.12,31.09,29.9,0
1779285644700,1341,UAS-02,786.1,18.93,22.31,3.38,21.55,19.4,0.981,1,1,28.1,0.18,31.13,30.0,0
1779285644733,1342,GND-VEH-01,901.3,18.83,22.19,3.36,21.35,19.5,0.990,1,1,27.0,0.06,31.06,29.9,0
1779285644767,1343,PERSON-01,626.8,19.32,22.93,3.61,21.98,18.4,0.990,1,1,26.7,0.06,30.90,29.9,0
1779285644800,1344,UAS-01,590.5,18.89,22.48,3.59,22.76,18.7,0.990,1,1,26.0,0.31,31.25,30.0,0
1779285644833,1345,UAS-02,503.3,18.88,22.22,3.34,23.04,18.3,0.990,1,1,28.7,0.16,31.39,30.0,0
1779285644867,1346,GND-VEH-01,508.0,19.07,22.54,3.47,21.83,18.6,0.990,1,1,27.8,0.14,30.86,29.9,0
1779285644900,1347,PERSON-01,487.8,19.11,22.74,3.63,22.79,17.8,0.990,1,1,26.0,0.02,30.56,30.0,0
1779285644933,1348,UAS-01,322.5,19.01,22.77,3.77,22.94,18.6,0.990,1,1,26.0,0.04,31.24,30.1,0
1779285644967,1349,UAS-02,502.2,18.94,22.54,3.60,22.33,19.3,0.990,1,1,29.8,0.01,30.96,29.9,0
1779285645000,1350,GND-VEH-01,377.4,18.68,22.51,3.83,22.65,19.6,0.990,1,1,28.2,0.01,31.57,30.0,0
1779285645033,1351,PERSON-01,438.9,18.88,22.10,3.22,22.54,17.7,0.990,1,1,26.0,0.19,30.88,29.9,0
1779285645067,1352,UAS-01,389.7,18.85,22.56,3.71,21.87,19.8,0.990,1,1,26.3,0.12,30.71,29.8,0
1779285645100,1353,UAS-02,324.0,18.64,22.26,3.62,22.45,19.7,0.988,1,1,27.7,0.04,30.97,30.1,0
1779285645133,1354,GND-VEH-01,443.9,19.21,22.79,3.58,22.42,19.0,0.985,1,1,26.7,0.34,31.03,30.1,0
1779285645167,1355,PERSON-01,492.0,19.12,22.99,3.88,22.96,18.9,0.990,1,1,26.0,0.17,30.73,30.0,0
1779285645200,1356,UAS-01,526.1,19.14,22.93,3.79,22.55,19.9,0.990,1,1,27.4,0.09,31.23,30.0,0
1779285645233,1357,UAS-02,372.9,18.78,22.12,3.34,22.33,18.4,0.990,1,1,29.4,0.09,31.20,29.7,0
1779285645267,1358,GND-VEH-01,643.6,19.08,22.60,3.53,21.71,17.5,0.987,1,1,27.7,0.17,31.00,30.0,0
1779285645300,1359,PERSON-01,493.0,18.85,22.37,3.52,21.22,19.9,0.990,1,1,26.0,0.21,30.84,30.2,0
1779285645333,1360,UAS-01,363.8,19.13,22.78,3.65,21.83,19.7,0.985,1,1,27.4,0.10,30.82,29.9,0
1779285645367,1361,UAS-02,711.4,18.84,22.46,3.62,21.96,18.0,0.990,1,1,26.0,0.21,30.74,30.0,0
1779285645400,1362,GND-VEH-01,507.5,19.10,22.51,3.41,21.49,18.0,0.976,1,1,26.7,0.17,30.93,30.0,0
1779285645433,1363,PERSON-01,388.7,19.10,22.89,3.78,22.70,18.2,0.990,1,1,28.1,0.62,31.20,29.9,0
1779285645467,1364,UAS-01,562.4,18.86,22.54,3.68,23.02,19.4,0.985,1,1,26.0,0.01,31.14,30.0,0
1779285645500,1365,UAS-02,723.4,18.93,22.17,3.24,20.79,19.8,0.990,1,1,26.0,0.31,30.69,30.0,0
1779285645533,1366,GND-VEH-01,648.4,18.98,22.66,3.68,22.64,20.6,0.990,1,1,26.0,0.03,31.05,30.0,0
1779285645567,1367,PERSON-01,995.5,19.10,22.43,3.33,21.99,19.1,0.990,1,1,26.0,0.08,31.30,30.1,0
1779285645600,1368,UAS-01,442.9,18.91,22.57,3.66,23.09,18.8,0.990,1,1,26.0,0.11,30.94,30.1,0
1779285645633,1369,UAS-02,630.3,18.90,22.42,3.52,22.37,19.0,0.990,1,1,26.0,0.10,30.95,29.9,0
1779285645667,1370,GND-VEH-01,385.9,19.09,22.43,3.34,21.95,17.7,0.973,1,1,27.2,0.37,30.98,30.0,0
1779285645700,1371,PERSON-01,397.9,19.07,22.56,3.48,22.47,18.0,0.990,1,1,26.0,0.09,31.18,30.0,0
1779285645733,1372,UAS-01,307.6,18.90,22.71,3.81,21.95,18.1,0.990,1,1,27.2,0.18,31.22,30.0,0
1779285645767,1373,UAS-02,749.8,19.08,22.82,3.75,23.26,17.0,0.990,1,1,26.0,0.00,30.96,30.0,0
1779285645800,1374,GND-VEH-01,393.8,18.84,22.23,3.39,22.04,18.7,0.990,1,1,26.0,0.21,30.78,30.1,0
1779285645833,1375,PERSON-01,301.4,18.75,22.58,3.84,22.87,17.9,0.990,1,1,26.0,0.32,31.19,29.9,0
1779285645867,1376,UAS-01,627.1,19.00,22.10,3.10,21.18,18.8,0.990,1,1,27.9,0.00,31.21,30.1,0
1779285645900,1377,UAS-02,499.8,19.10,22.51,3.40,22.05,18.8,0.973,1,1,28.6,0.29,31.35,30.1,0
1779285645933,1378,GND-VEH-01,710.4,18.93,22.40,3.47,22.23,17.6,0.990,1,1,28.5,0.02,31.20,30.0,0
1779285645967,1379,PERSON-01,796.4,19.05,22.47,3.42,21.80,18.5,0.990,1,1,26.8,0.10,31.24,30.0,0
1779285646000,1380,UAS-01,301.2,19.02,22.47,3.45,22.13,18.2,0.988,1,1,26.0,0.05,31.52,30.1,0
1779285646033,1381,UAS-02,935.0,18.82,22.43,3.61,21.89,20.6,0.990,1,1,28.2,0.15,31.37,30.0,0
1779285646067,1382,GND-VEH-01,647.1,19.08,22.42,3.34,21.87,19.5,0.990,1,1,28.4,0.16,31.39,30.0,0
1779285646100,1383,PERSON-01,647.0,18.95,22.42,3.46,22.50,18.4,0.990,1,1,27.6,0.43,31.47,30.0,0
1779285646133,1384,UAS-01,355.6,18.69,22.38,3.69,21.99,19.7,0.990,1,1,26.4,0.11,31.13,30.1,0
1779285646167,1385,UAS-02,477.3,19.16,22.95,3.79,22.59,18.0,0.990,1,1,26.0,0.05,31.26,30.0,0
1779285646200,1386,GND-VEH-01,342.0,18.78,22.42,3.64,22.34,19.2,0.990,1,1,28.4,0.32,31.27,30.0,0
1779285646233,1387,PERSON-01,720.4,18.92,22.42,3.50,22.13,19.4,0.990,1,1,26.0,0.17,31.10,30.0,0
1779285646267,1388,UAS-01,796.6,18.96,22.61,3.66,22.86,18.9,0.983,1,1,28.2,0.34,31.35,29.9,0
1779285646300,1389,UAS-02,303.5,19.00,22.89,3.89,23.13,19.6,0.990,1,1,26.3,0.31,31.37,29.8,0
1779285646333,1390,GND-VEH-01,515.9,18.83,21.91,3.08,21.74,18.8,0.990,1,1,26.0,0.26,31.06,30.0,0
1779285646367,1391,PERSON-01,406.3,18.75,22.47,3.71,22.89,18.6,0.990,1,1,26.0,0.01,30.95,30.0,0
1779285646400,1392,UAS-01,439.9,18.97,22.68,3.71,22.74,19.0,0.974,1,1,26.0,0.16,31.07,30.2,0
1779285646433,1393,UAS-02,476.1,19.00,22.55,3.55,22.03,19.1,0.989,1,1,26.0,0.07,31.28,30.0,0
1779285646467,1394,GND-VEH-01,727.7,18.84,21.99,3.15,21.67,18.7,0.980,1,1,26.0,0.01,30.85,30.1,0
1779285646500,1395,PERSON-01,579.3,19.04,22.36,3.33,21.73,20.3,0.990,1,1,26.0,0.34,31.29,30.0,0
1779285646533,1396,UAS-01,622.8,18.91,22.50,3.60,22.13,18.9,0.990,1,1,26.0,0.02,30.96,30.1,0
1779285646567,1397,UAS-02,455.8,18.87,22.34,3.46,21.73,19.4,0.990,1,1,27.5,0.11,30.59,30.0,0
1779285646600,1398,GND-VEH-01,409.3,18.86,22.49,3.63,22.84,18.1,0.990,1,1,26.4,0.04,31.15,30.2,0
1779285646633,1399,PERSON-01,400.2,18.92,22.46,3.54,22.63,18.9,0.990,1,1,26.0,0.02,30.98,30.1,0
1779285646667,1400,UAS-01,685.8,18.80,22.07,3.27,22.04,19.3,0.990,1,1,26.0,0.26,30.93,30.0,0
1779285646700,1401,UAS-02,770.1,18.95,22.32,3.37,21.37,19.2,0.990,1,1,26.0,0.33,31.00,29.9,0
1779285646733,1402,GND-VEH-01,373.3,18.99,22.70,3.70,22.42,17.9,0.990,1,1,26.0,0.08,31.13,29.9,0
1779285646767,1403,PERSON-01,868.9,19.00,22.37,3.37,21.98,19.7,0.989,1,1,26.6,0.24,30.79,30.0,0
1779285646800,1404,UAS-01,925.7,18.93,22.34,3.41,21.59,18.7,0.990,1,1,28.0,0.29,31.28,29.8,0
1779285646833,1405,UAS-02,312.0,18.93,22.50,3.57,22.91,19.1,0.990,1,1,26.0,0.00,31.13,30.2,0
1779285646867,1406,GND-VEH-01,473.9,18.97,22.40,3.43,21.54,18.9,0.984,1,1,29.3,0.07,31.36,30.1,0
1779285646900,1407,PERSON-01,918.9,19.03,22.24,3.21,21.79,19.1,0.976,1,1,26.1,0.17,31.72,29.9,0
1779285646933,1408,UAS-01,757.6,19.01,22.20,3.20,21.71,18.3,0.990,1,1,27.8,0.33,30.74,30.0,0
1779285646967,1409,UAS-02,432.4,18.89,22.63,3.73,22.57,18.7,0.984,1,1,28.1,0.23,31.39,30.0,0
1779285647000,1410,GND-VEH-01,630.7,19.00,22.65,3.65,22.49,19.3,0.990,1,1,27.0,0.20,31.21,30.0,0
1779285647033,1411,PERSON-01,313.6,19.15,22.77,3.61,22.48,19.6,0.990,1,1,28.1,0.45,31.15,29.9,0
1779285647067,1412,UAS-01,306.1,19.08,22.89,3.81,22.10,18.8,0.990,1,1,26.0,0.02,31.41,30.1,0
1779285647100,1413,UAS-02,482.8,18.90,22.36,3.46,22.00,18.7,0.990,1,1,26.5,0.26,31.51,30.0,0
1779285647133,1414,GND-VEH-01,400.7,19.37,23.02,3.65,22.08,17.2,0.990,1,1,29.1,0.11,31.37,29.8,0
1779285647167,1415,PERSON-01,618.5,19.22,22.72,3.50,21.78,19.1,0.990,1,1,26.0,0.39,31.35,29.9,0
1779285647200,1416,UAS-01,320.1,18.72,22.47,3.75,21.93,20.8,0.984,1,1,26.0,0.21,31.13,29.9,0
1779285647233,1417,UAS-02,751.1,19.09,22.63,3.54,22.33,18.3,0.990,1,1,26.0,0.11,31.12,30.0,0
1779285647267,1418,GND-VEH-01,563.3,18.99,22.78,3.80,23.55,18.1,0.986,1,1,27.7,0.01,31.43,30.1,0
1779285647300,1419,PERSON-01,395.1,19.03,22.73,3.70,22.95,18.3,0.990,1,1,26.0,0.12,31.08,30.0,0
1779285647333,1420,UAS-01,753.7,18.85,22.32,3.47,22.28,17.1,0.980,1,1,28.7,0.14,31.33,30.0,0
1779285647367,1421,UAS-02,401.9,18.88,22.67,3.79,22.51,20.1,0.154,0,0,26.0,0.00,30.74,30.0,0
1779285647400,1422,GND-VEH-01,453.9,18.77,22.41,3.64,22.57,18.6,0.990,1,1,26.0,0.01,31.06,29.9,0
1779285647433,1423,PERSON-01,326.3,19.00,22.71,3.71,22.02,21.5,0.990,1,1,26.0,0.18,30.89,30.0,0
1779285647467,1424,UAS-01,377.3,19.33,22.90,3.57,21.99,19.2,0.990,1,1,26.0,0.03,31.42,30.0,0
1779285647500,1425,UAS-02,704.2,18.90,22.15,3.25,21.99,19.2,0.990,1,1,27.0,0.26,31.09,29.9,0
1779285647533,1426,GND-VEH-01,483.2,18.96,22.35,3.39,21.77,19.5,0.990,1,1,26.0,0.43,30.97,30.1,0
1779285647567,1427,PERSON-01,582.4,18.84,22.30,3.46,21.87,19.3,0.983,1,1,26.0,0.20,30.94,30.1,0
1779285647600,1428,UAS-01,518.1,19.16,22.50,3.34,21.95,19.3,0.990,1,1,26.9,0.46,30.77,30.0,0
1779285647633,1429,UAS-02,342.4,19.09,22.77,3.68,21.79,19.3,0.986,1,1,28.2,0.18,31.63,29.9,0
1779285647667,1430,GND-VEH-01,834.6,18.87,22.06,3.19,21.96,17.6,0.990,1,1,26.0,0.12,31.11,30.1,0
1779285647700,1431,PERSON-01,439.3,19.19,22.66,3.47,22.11,18.2,0.990,1,1,27.5,0.04,31.32,30.0,0
1779285647733,1432,UAS-01,579.5,19.31,23.14,3.83,22.54,19.7,0.990,1,1,26.8,0.28,31.32,30.0,0
1779285647767,1433,UAS-02,578.2,18.96,22.60,3.65,22.91,18.5,0.990,1,1,26.0,0.04,31.61,30.0,0
1779285647800,1434,GND-VEH-01,606.3,19.14,22.31,3.17,22.12,18.3,0.990,1,1,26.0,0.12,31.12,29.9,0
1779285647833,1435,PERSON-01,344.0,19.17,22.69,3.51,21.93,18.8,0.990,1,1,26.0,0.22,30.97,30.2,0
1779285647867,1436,UAS-01,438.2,18.97,22.62,3.65,21.92,19.5,0.987,1,1,26.7,0.04,30.58,30.1,0
1779285647900,1437,UAS-02,612.7,19.18,22.83,3.65,23.04,17.9,0.990,1,1,26.2,0.12,31.62,30.0,0
1779285647933,1438,GND-VEH-01,327.8,19.27,22.96,3.69,21.97,20.5,0.990,1,1,26.7,0.32,30.97,29.9,0
1779285647967,1439,PERSON-01,407.3,19.00,22.74,3.73,22.47,19.9,0.990,1,1,26.0,0.06,31.38,30.0,0
1779285648000,1440,UAS-01,561.5,19.03,22.38,3.35,21.72,18.2,0.990,1,1,28.2,0.14,31.01,30.0,0
1779285648033,1441,UAS-02,314.2,18.93,22.71,3.78,21.96,19.7,0.989,1,1,26.1,0.36,31.05,30.1,0
1779285648067,1442,GND-VEH-01,446.2,18.87,22.52,3.65,23.04,18.3,0.990,1,1,26.7,0.08,31.31,30.1,0
1779285648100,1443,PERSON-01,566.4,19.03,22.45,3.42,22.81,20.0,0.990,1,1,26.0,0.41,31.49,30.1,0
1779285648133,1444,UAS-01,615.9,18.82,22.30,3.48,22.64,20.1,0.978,1,1,26.0,0.27,31.24,29.9,0
1779285648167,1445,UAS-02,368.9,19.00,22.56,3.56,22.39,18.7,0.990,1,1,26.7,0.18,31.42,30.0,0
1779285648200,1446,GND-VEH-01,312.5,18.90,22.34,3.44,22.52,18.6,0.990,1,1,26.9,0.25,31.37,30.0,0
1779285648233,1447,PERSON-01,599.9,19.13,22.71,3.58,21.78,19.6,0.990,1,1,26.0,0.42,31.25,30.1,0
1779285648267,1448,UAS-01,364.6,19.02,22.60,3.58,22.24,19.4,0.990,1,1,26.0,0.08,31.42,30.1,0
1779285648300,1449,UAS-02,385.8,18.89,22.48,3.59,22.59,18.9,0.990,1,1,28.3,0.25,31.25,30.2,0
1779285648333,1450,GND-VEH-01,604.0,19.12,22.45,3.33,21.73,19.9,0.990,1,1,27.5,0.03,31.37,29.9,0
1779285648367,1451,PERSON-01,400.3,19.03,22.49,3.47,22.52,18.0,0.980,1,1,26.0,0.06,31.28,30.0,0
1779285648400,1452,UAS-01,334.6,19.14,22.77,3.64,22.14,20.2,0.990,1,1,28.1,0.14,31.77,30.1,0
1779285648433,1453,UAS-02,367.1,19.13,22.78,3.65,22.79,17.4,0.990,1,1,27.6,0.30,30.94,30.0,0
1779285648467,1454,GND-VEH-01,451.1,18.99,22.64,3.65,22.47,21.1,0.976,1,1,26.6,0.29,31.39,30.1,0
1779285648500,1455,PERSON-01,342.4,18.85,22.55,3.70,22.30,20.0,0.990,1,1,27.1,0.16,31.30,29.9,0
1779285648533,1456,UAS-01,445.7,19.02,22.58,3.56,22.50,17.5,0.990,1,1,26.0,0.43,31.42,30.0,0
1779285648567,1457,UAS-02,426.4,19.05,22.49,3.44,22.00,19.1,0.990,1,1,26.0,0.05,30.97,30.1,0
1779285648600,1458,GND-VEH-01,668.4,19.13,22.75,3.62,22.53,18.9,0.990,1,1,26.0,0.12,31.58,29.9,0
1779285648633,1459,PERSON-01,731.5,19.11,22.58,3.47,21.63,19.3,0.987,1,1,26.0,0.03,31.15,30.1,0
1779285648667,1460,UAS-01,319.1,19.02,22.60,3.59,22.20,20.5,0.990,1,1,27.5,0.01,31.31,30.0,0
1779285648700,1461,UAS-02,463.0,19.05,22.30,3.25,21.62,19.1,0.990,1,1,26.0,0.01,31.69,29.8,0
1779285648733,1462,GND-VEH-01,324.8,18.99,22.53,3.53,22.10,20.5,0.990,1,1,29.6,0.04,30.91,30.0,0
1779285648767,1463,PERSON-01,507.4,19.02,22.72,3.69,22.67,18.2,0.990,1,1,26.0,0.31,31.34,30.1,0
1779285648800,1464,UAS-01,591.3,18.88,22.53,3.65,22.02,17.9,0.990,1,1,27.4,0.15,31.30,30.1,0
1779285648833,1465,UAS-02,404.4,18.82,22.54,3.72,23.07,18.0,0.990,1,1,27.3,0.07,31.29,30.0,0
1779285648867,1466,GND-VEH-01,416.4,18.82,22.36,3.54,21.69,18.0,0.990,1,1,26.0,0.04,30.97,30.1,0
1779285648900,1467,PERSON-01,547.1,18.98,22.45,3.48,21.99,18.2,0.990,1,1,26.1,0.20,31.22,29.9,0
1779285648933,1468,UAS-01,404.2,19.31,22.72,3.41,22.12,19.1,0.990,1,1,26.0,0.03,31.25,30.0,0
1779285648967,1469,UAS-02,573.1,18.88,22.31,3.43,22.36,18.2,0.990,1,1,30.3,0.26,31.23,29.9,0
1779285649000,1470,GND-VEH-01,619.2,19.01,22.47,3.46,22.16,18.9,0.990,1,1,28.0,0.31,31.32,30.2,0
1779285649033,1471,PERSON-01,412.8,19.13,22.63,3.49,21.53,18.7,0.985,1,1,26.0,0.09,31.12,29.9,0
1779285649067,1472,UAS-01,648.9,18.84,22.37,3.54,22.05,18.4,0.987,1,1,26.0,0.16,31.62,29.9,0
1779285649100,1473,UAS-02,495.9,18.98,22.43,3.45,22.88,18.1,0.990,1,1,26.0,0.48,31.31,29.9,0
1779285649133,1474,GND-VEH-01,403.3,19.27,23.01,3.73,22.59,18.9,0.987,1,1,26.0,0.33,31.09,29.9,0
1779285649167,1475,PERSON-01,718.3,18.86,22.12,3.25,22.12,19.2,0.987,1,1,26.0,0.09,31.45,30.1,0
1779285649200,1476,UAS-01,752.9,18.99,22.05,3.06,21.84,18.7,0.990,1,1,26.2,0.10,31.25,30.0,0
1779285649233,1477,UAS-02,679.0,18.94,22.49,3.54,22.62,19.5,0.990,1,1,27.2,0.01,31.54,30.0,0
1779285649267,1478,GND-VEH-01,451.8,19.07,22.63,3.57,22.25,19.5,0.990,1,1,26.8,0.24,31.11,30.1,0
1779285649300,1479,PERSON-01,481.6,19.00,22.23,3.23,21.29,20.7,0.990,1,1,27.3,0.31,31.54,30.0,0
1779285649333,1480,UAS-01,449.6,18.83,22.40,3.57,21.67,19.8,0.990,1,1,26.0,0.19,31.42,30.0,0
1779285649367,1481,UAS-02,491.2,18.83,22.40,3.57,21.77,19.9,0.988,1,1,26.0,0.08,31.18,30.0,0
1779285649400,1482,GND-VEH-01,388.9,18.96,22.96,4.00,23.38,17.5,0.990,1,1,27.1,0.27,31.10,29.9,0
1779285649433,1483,PERSON-01,338.8,19.03,22.83,3.79,22.65,18.9,0.990,1,1,26.0,0.02,31.25,29.9,0
1779285649467,1484,UAS-01,506.6,18.96,22.49,3.54,22.34,19.2,0.990,1,1,26.0,0.18,31.58,30.1,0
1779285649500,1485,UAS-02,523.0,18.77,22.47,3.70,22.32,17.5,0.990,1,1,26.0,0.30,30.95,29.8,0
1779285649533,1486,GND-VEH-01,884.6,18.97,22.15,3.17,21.34,17.7,0.990,1,1,26.5,0.12,31.23,30.0,0
1779285649567,1487,PERSON-01,309.6,18.70,22.07,3.37,21.32,20.1,0.990,1,1,26.3,0.29,31.94,30.1,0
1779285649600,1488,UAS-01,340.5,18.63,22.40,3.77,22.67,18.1,0.971,1,1,28.9,0.41,31.61,30.2,0
1779285649633,1489,UAS-02,558.0,19.02,22.27,3.25,21.78,19.7,0.984,1,1,26.0,0.01,31.08,30.2,0
1779285649667,1490,GND-VEH-01,337.9,19.01,22.82,3.81,21.58,20.0,0.990,1,1,27.1,0.07,31.21,30.1,0
1779285649700,1491,PERSON-01,592.0,18.93,22.32,3.39,22.14,18.4,0.990,1,1,26.0,0.11,31.20,30.1,0
1779285649733,1492,UAS-01,330.8,19.09,22.63,3.55,22.85,18.9,0.990,1,1,27.3,0.27,31.57,29.8,0
1779285649767,1493,UAS-02,446.8,18.80,22.38,3.58,21.52,19.5,0.990,1,1,26.0,0.17,31.38,30.0,0
1779285649800,1494,GND-VEH-01,316.7,19.19,22.90,3.71,21.77,17.9,0.980,1,1,26.4,0.04,31.26,29.9,0
1779285649833,1495,PERSON-01,579.1,18.89,22.47,3.57,22.67,17.7,0.990,1,1,26.0,0.23,31.24,29.9,0
1779285649867,1496,UAS-01,584.9,18.97,22.46,3.49,21.48,17.9,0.990,1,1,27.4,0.35,31.19,30.0,0
1779285649900,1497,UAS-02,653.5,19.14,22.60,3.46,22.15,20.0,0.990,1,1,27.9,0.18,31.30,30.0,0
1779285649933,1498,GND-VEH-01,622.8,18.93,22.64,3.70,22.38,18.1,0.987,1,1,29.2,0.14,31.27,30.0,0
1779285649967,1499,PERSON-01,727.1,18.69,22.12,3.43,21.97,20.2,0.984,1,1,26.0,0.11,31.45,30.1,0
1779285650000,1500,UAS-01,327.0,19.17,22.75,3.58,22.34,19.9,0.988,1,1,27.5,0.08,31.47,30.0,0
1779285650033,1501,UAS-02,500.5,19.08,22.42,3.34,22.16,19.5,0.970,1,1,26.6,0.05,31.28,30.1,0
1779285650067,1502,GND-VEH-01,392.3,18.91,22.66,3.75,22.34,17.9,0.990,1,1,26.5,0.32,31.70,30.2,0
1779285650100,1503,PERSON-01,538.5,19.02,22.83,3.81,22.78,18.3,0.990,1,1,26.0,0.01,31.75,30.1,0
1779285650133,1504,UAS-01,713.9,19.05,22.68,3.63,22.03,16.8,0.990,1,1,26.8,0.12,31.26,30.1,0
1779285650167,1505,UAS-02,521.9,19.04,22.16,3.12,21.42,18.6,0.990,1,1,29.0,0.08,31.31,30.1,0
1779285650200,1506,GND-VEH-01,477.3,18.97,22.75,3.78,22.32,19.2,0.963,1,1,26.0,0.36,31.35,30.1,0
1779285650233,1507,PERSON-01,380.7,19.11,22.73,3.62,22.30,19.9,0.990,1,1,26.4,0.18,31.69,29.9,0
1779285650267,1508,UAS-01,393.7,18.99,22.80,3.81,22.28,19.8,0.973,1,1,26.0,0.03,31.36,30.1,0
1779285650300,1509,UAS-02,687.7,19.06,22.25,3.19,21.72,19.5,0.990,1,1,26.0,0.36,31.75,29.9,0
1779285650333,1510,GND-VEH-01,430.2,19.16,22.72,3.56,22.03,19.5,0.990,1,1,26.0,0.17,31.68,30.0,0
1779285650367,1511,PERSON-01,643.1,19.05,22.25,3.20,21.73,19.4,0.990,1,1,26.1,0.01,31.52,29.8,0
1779285650400,1512,UAS-01,384.7,19.01,22.61,3.60,22.39,17.5,0.990,1,1,26.0,0.18,31.46,30.0,0
1779285650433,1513,UAS-02,472.7,19.00,22.85,3.84,23.03,18.7,0.990,1,1,27.4,0.05,31.48,30.0,0
1779285650467,1514,GND-VEH-01,374.6,19.18,22.89,3.71,21.64,20.2,0.990,1,1,26.0,0.15,31.21,30.0,0
1779285650500,1515,PERSON-01,332.5,19.15,22.85,3.70,22.99,19.4,0.989,1,1,26.0,0.10,31.25,30.0,0
1779285650533,1516,UAS-01,564.1,19.03,22.60,3.57,22.23,18.9,0.990,1,1,26.0,0.31,31.86,30.0,0
1779285650567,1517,UAS-02,417.4,18.88,22.24,3.36,21.44,20.1,0.985,1,1,26.8,0.06,31.32,30.1,0
1779285650600,1518,GND-VEH-01,456.4,18.96,22.76,3.79,21.84,18.2,0.990,1,1,26.0,0.24,31.45,30.0,0
1779285650633,1519,PERSON-01,678.0,19.08,22.52,3.45,21.96,18.4,0.990,1,1,26.0,0.08,31.16,30.0,0
1779285650667,1520,UAS-01,737.2,18.80,22.06,3.26,21.97,19.0,0.990,1,1,27.6,0.25,31.01,29.9,0
1779285650700,1521,UAS-02,436.8,18.96,22.43,3.47,22.15,18.9,0.990,1,1,26.0,0.01,31.27,30.1,0
1779285650733,1522,GND-VEH-01,650.7,19.35,22.88,3.53,22.64,19.1,0.978,1,1,26.1,0.06,30.94,29.9,0
1779285650767,1523,PERSON-01,448.4,19.02,22.72,3.70,22.48,19.1,0.974,1,1,26.0,0.15,31.57,29.9,0
1779285650800,1524,UAS-01,622.5,19.16,22.57,3.42,22.28,19.9,0.986,1,1,26.0,0.15,31.67,30.1,0
1779285650833,1525,UAS-02,468.0,18.99,22.50,3.50,21.66,18.8,0.986,1,1,26.0,0.11,31.26,30.0,0
1779285650867,1526,GND-VEH-01,389.8,18.99,22.40,3.41,22.07,19.6,0.961,1,1,26.1,0.21,31.23,29.9,0
1779285650900,1527,PERSON-01,333.9,18.96,22.68,3.73,22.44,18.6,0.990,1,1,26.8,0.16,31.04,30.0,0
1779285650933,1528,UAS-01,607.0,18.79,22.32,3.53,21.43,18.0,0.990,1,1,26.0,0.37,31.51,30.0,0
1779285650967,1529,UAS-02,430.7,19.07,22.55,3.48,21.67,19.0,0.990,1,1,26.0,0.43,31.23,30.0,0
1779285651000,1530,GND-VEH-01,337.0,19.17,22.62,3.46,21.75,18.2,0.983,1,1,26.5,0.07,31.17,30.0,0
1779285651033,1531,PERSON-01,345.4,18.85,22.31,3.46,21.76,19.9,0.990,1,1,26.0,0.20,31.28,30.0,0
1779285651067,1532,UAS-01,602.2,18.76,22.54,3.78,22.62,18.9,0.990,1,1,26.0,0.05,31.73,29.9,0
1779285651100,1533,UAS-02,690.5,19.05,22.31,3.26,22.03,17.7,0.990,1,1,26.0,0.15,31.65,29.9,0
1779285651133,1534,GND-VEH-01,324.3,18.96,22.75,3.79,22.27,18.1,0.990,1,1,26.0,0.07,31.83,30.1,0
1779285651167,1535,PERSON-01,432.5,19.10,22.63,3.53,22.44,19.1,0.989,1,1,27.0,0.19,31.53,30.1,0
1779285651200,1536,UAS-01,543.2,19.02,22.45,3.43,21.80,18.9,0.984,1,1,28.1,0.05,31.19,29.9,0
1779285651233,1537,UAS-02,470.5,18.83,22.35,3.52,21.91,19.4,0.990,1,1,26.0,0.14,31.48,30.0,0
1779285651267,1538,GND-VEH-01,379.5,18.92,22.50,3.58,22.40,19.1,0.990,1,1,26.0,0.16,31.29,29.9,0
1779285651300,1539,PERSON-01,409.7,19.02,23.02,4.00,23.31,19.2,0.984,1,1,27.5,0.14,31.79,30.0,0
1779285651333,1540,UAS-01,699.7,18.99,22.51,3.52,21.72,19.0,0.990,1,1,26.0,0.13,31.18,30.0,0
1779285651367,1541,UAS-02,546.4,18.75,22.37,3.62,22.26,19.0,0.974,1,1,26.0,0.12,31.57,29.9,0
1779285651400,1542,GND-VEH-01,424.8,19.26,22.92,3.66,21.70,19.3,0.990,1,1,26.6,0.05,31.61,30.0,0
1779285651433,1543,PERSON-01,467.0,19.24,22.76,3.52,22.37,19.7,0.990,1,1,26.0,0.21,31.49,29.9,0
1779285651467,1544,UAS-01,405.4,19.05,22.62,3.57,22.92,18.5,0.990,1,1,26.0,0.02,31.08,30.0,0
1779285651500,1545,UAS-02,534.1,18.90,22.50,3.60,22.20,20.1,0.975,1,1,26.0,0.19,31.53,30.0,0
1779285651533,1546,GND-VEH-01,403.6,19.25,22.92,3.66,22.41,20.5,0.990,1,1,26.0,0.15,31.59,30.0,0
1779285651567,1547,PERSON-01,602.7,19.25,22.38,3.13,21.33,19.5,0.976,1,1,26.0,0.24,31.24,30.1,0
1779285651600,1548,UAS-01,699.9,19.11,22.46,3.34,22.22,19.5,0.978,1,1,26.0,0.28,31.39,30.1,0
1779285651633,1549,UAS-02,371.4,19.03,22.56,3.53,22.81,18.0,0.990,1,1,26.0,0.02,31.07,29.9,0
1779285651667,1550,GND-VEH-01,343.1,19.17,22.67,3.50,22.35,20.8,0.969,1,1,26.0,0.00,31.52,30.0,0
1779285651700,1551,PERSON-01,624.5,19.04,22.43,3.38,22.62,18.4,0.987,1,1,26.9,0.03,31.67,30.0,0
1779285651733,1552,UAS-01,438.8,18.90,22.36,3.46,22.11,19.4,0.988,1,1,26.0,0.05,31.20,30.0,0
1779285651767,1553,UAS-02,541.2,19.19,22.91,3.72,22.68,20.5,0.990,1,1,26.0,0.04,31.17,29.9,0
1779285651800,1554,GND-VEH-01,373.4,19.02,22.67,3.65,22.63,19.5,0.990,1,1,26.3,0.05,31.73,30.0,0
1779285651833,1555,PERSON-01,331.3,19.06,22.58,3.52,21.96,17.1,0.990,1,1,27.3,0.12,31.37,30.0,0
1779285651867,1556,UAS-01,343.0,18.97,22.67,3.70,22.79,20.7,0.990,1,1,28.9,0.03,31.56,29.9,0
1779285651900,1557,UAS-02,447.2,19.01,22.35,3.34,21.54,19.8,0.988,1,1,26.0,0.04,31.41,30.0,0
1779285651933,1558,GND-VEH-01,498.7,18.98,22.64,3.67,22.61,18.0,0.977,1,1,26.5,0.23,31.26,29.9,0
1779285651967,1559,PERSON-01,587.6,18.82,22.33,3.51,22.35,19.7,0.989,1,1,26.0,0.47,31.36,29.9,0
1779285652000,1560,UAS-01,593.1,19.08,22.69,3.61,21.59,18.9,0.971,1,1,30.9,0.10,31.55,30.0,0
1779285652033,1561,UAS-02,655.5,18.79,22.22,3.44,21.93,19.8,0.969,1,1,26.7,0.26,31.62,29.9,0
1779285652067,1562,GND-VEH-01,434.3,18.90,22.35,3.45,22.96,19.3,0.990,1,1,27.2,0.05,31.39,30.0,0
1779285652100,1563,PERSON-01,362.4,18.97,22.46,3.49,22.07,19.4,0.989,1,1,26.0,0.09,31.47,30.1,0
1779285652133,1564,UAS-01,319.1,19.07,22.32,3.25,21.10,18.1,0.987,1,1,29.2,0.33,31.31,29.9,0
1779285652167,1565,UAS-02,307.1,18.64,22.51,3.87,22.88,19.2,0.989,1,1,26.0,0.18,31.71,30.1,0
1779285652200,1566,GND-VEH-01,550.2,18.81,22.13,3.32,21.51,19.2,0.975,1,1,26.4,0.04,31.44,29.9,0
1779285652233,1567,PERSON-01,537.9,18.92,22.32,3.40,21.55,19.2,0.990,1,1,26.0,0.01,31.34,29.9,0
1779285652267,1568,UAS-01,845.6,18.81,22.08,3.26,21.60,17.4,0.990,1,1,26.0,0.14,31.11,30.0,0
1779285652300,1569,UAS-02,416.1,18.87,22.59,3.72,22.02,18.8,0.990,1,1,26.0,0.45,31.35,30.0,0
1779285652333,1570,GND-VEH-01,555.2,18.81,22.38,3.57,22.48,18.1,0.986,1,1,26.0,0.16,31.41,30.0,0
1779285652367,1571,PERSON-01,478.5,18.93,22.50,3.57,22.00,18.9,0.975,1,1,27.4,0.36,31.63,29.9,0
1779285652400,1572,UAS-01,623.1,19.08,22.54,3.46,22.29,19.7,0.990,1,1,26.0,0.07,31.27,29.9,0
1779285652433,1573,UAS-02,552.5,19.18,22.86,3.68,22.66,19.0,0.990,1,1,28.2,0.14,31.71,30.0,0
1779285652467,1574,GND-VEH-01,745.6,18.95,22.45,3.50,21.91,18.6,0.990,1,1,26.0,0.14,31.29,29.8,0
1779285652500,1575,PERSON-01,449.0,19.00,22.18,3.17,22.32,17.5,0.974,1,1,26.1,0.06,31.20,30.0,0
1779285652533,1576,UAS-01,734.3,18.78,22.32,3.55,22.02,19.4,0.990,1,1,26.7,0.38,31.68,30.1,0
1779285652567,1577,UAS-02,321.3,18.97,22.77,3.80,22.32,19.6,0.990,1,1,29.7,0.38,31.73,29.9,0
1779285652600,1578,GND-VEH-01,442.9,18.76,22.34,3.58,22.01,19.4,0.990,1,1,26.0,0.27,31.64,29.9,0
1779285652633,1579,PERSON-01,581.6,19.08,22.57,3.49,22.07,18.9,0.962,1,1,26.0,0.11,31.49,29.9,0
1779285652667,1580,UAS-01,517.0,19.02,22.61,3.59,21.57,20.0,0.990,1,1,26.1,0.34,31.66,30.2,0
1779285652700,1581,UAS-02,418.8,18.63,22.27,3.64,21.97,19.3,0.990,1,1,26.0,0.12,31.59,30.1,0
1779285652733,1582,GND-VEH-01,372.4,18.98,22.92,3.94,23.49,20.7,0.990,1,1,28.7,0.12,31.62,30.1,0
1779285652767,1583,PERSON-01,645.1,19.10,22.58,3.48,22.62,16.9,0.986,1,1,26.0,0.05,31.31,30.0,0
1779285652800,1584,UAS-01,775.5,18.73,21.85,3.12,21.91,18.4,0.990,1,1,26.0,0.07,31.68,29.9,0
1779285652833,1585,UAS-02,508.9,18.94,22.73,3.79,23.02,18.9,0.990,1,1,27.5,0.12,31.67,30.2,0
1779285652867,1586,GND-VEH-01,338.9,18.90,22.68,3.78,22.33,20.1,0.983,1,1,26.0,0.22,31.45,30.0,0
1779285652900,1587,PERSON-01,413.3,19.15,22.81,3.66,22.88,18.3,0.990,1,1,26.0,0.05,31.51,29.9,0
1779285652933,1588,UAS-01,452.2,19.15,22.49,3.34,22.35,18.5,0.990,1,1,26.7,0.07,31.24,30.0,0
1779285652967,1589,UAS-02,490.2,18.70,22.49,3.79,22.77,19.2,0.977,1,1,26.0,0.05,31.95,30.0,0
1779285653000,1590,GND-VEH-01,588.6,18.84,22.42,3.58,22.67,17.9,0.990,1,1,26.0,0.13,31.67,30.1,0
1779285653033,1591,PERSON-01,384.1,18.74,22.50,3.76,22.43,19.5,0.990,1,1,26.2,0.02,31.33,30.0,0
1779285653067,1592,UAS-01,325.3,19.05,22.74,3.70,21.91,18.9,0.990,1,1,29.0,0.09,31.58,30.1,0
1779285653100,1593,UAS-02,529.2,18.98,22.62,3.64,22.45,19.1,0.990,1,1,28.7,0.04,31.51,30.0,0
1779285653133,1594,GND-VEH-01,365.0,19.13,22.57,3.44,21.30,19.8,0.990,1,1,29.1,0.08,31.84,30.1,0
1779285653167,1595,PERSON-01,474.4,18.88,22.77,3.89,22.69,17.8,0.990,1,1,26.0,0.21,31.33,29.9,0
1779285653200,1596,UAS-01,464.6,18.93,22.47,3.54,22.69,19.1,0.968,1,1,26.0,0.08,31.46,30.0,0
1779285653233,1597,UAS-02,788.8,19.00,22.59,3.60,21.88,19.3,0.989,1,1,26.0,0.11,31.43,30.1,0
1779285653267,1598,GND-VEH-01,485.9,19.01,22.71,3.70,22.49,19.8,0.990,1,1,26.0,0.29,31.48,29.8,0
1779285653300,1599,PERSON-01,349.5,18.95,22.38,3.44,21.99,19.3,0.984,1,1,26.0,0.28,31.15,30.0,0
1779285653333,1600,UAS-01,328.3,18.86,22.29,3.43,22.12,18.2,0.990,1,1,26.3,0.05,31.82,30.2,0
1779285653367,1601,UAS-02,669.9,18.78,22.38,3.60,22.44,17.5,0.990,1,1,27.5,0.13,31.38,30.0,0
1779285653400,1602,GND-VEH-01,412.5,18.84,22.54,3.69,21.80,19.6,0.990,1,1,26.0,0.10,31.68,30.0,0
1779285653433,1603,PERSON-01,714.4,19.23,22.44,3.21,21.80,19.5,0.990,1,1,27.4,0.02,31.64,30.0,0
1779285653467,1604,UAS-01,415.6,19.08,23.07,4.00,22.87,17.7,0.990,1,1,26.0,0.43,31.92,29.9,0
1779285653500,1605,UAS-02,453.0,19.08,22.72,3.64,22.88,18.8,0.990,1,1,26.0,0.09,31.19,30.0,0
1779285653533,1606,GND-VEH-01,356.1,19.17,22.76,3.59,22.90,19.4,0.990,1,1,28.5,0.06,31.58,30.1,0
1779285653567,1607,PERSON-01,534.0,18.67,21.95,3.28,21.94,18.4,0.960,1,1,26.0,0.38,31.59,30.0,0
1779285653600,1608,UAS-01,374.7,19.05,22.99,3.94,22.34,19.0,0.990,1,1,26.0,0.21,31.93,29.9,0
1779285653633,1609,UAS-02,856.4,18.93,22.27,3.35,22.15,19.9,0.990,1,1,29.2,0.02,31.38,30.0,0
1779285653667,1610,GND-VEH-01,432.9,18.95,22.57,3.62,23.20,18.7,0.990,1,1,27.6,0.22,31.65,30.0,0
1779285653700,1611,PERSON-01,493.9,19.02,22.62,3.60,22.01,18.4,0.990,1,1,26.0,0.47,31.82,29.8,0
1779285653733,1612,UAS-01,468.6,19.01,22.57,3.55,21.92,19.3,0.990,1,1,26.0,0.24,31.93,30.1,0
1779285653767,1613,UAS-02,385.2,19.12,22.64,3.52,21.93,20.8,0.990,1,1,27.1,0.14,31.93,30.0,0
1779285653800,1614,GND-VEH-01,652.9,19.16,22.64,3.49,21.87,18.9,0.987,1,1,26.2,0.19,31.47,30.0,0
1779285653833,1615,PERSON-01,664.8,19.04,22.29,3.25,21.48,19.1,0.987,1,1,26.0,0.14,31.57,30.0,0
1779285653867,1616,UAS-01,467.6,18.72,22.42,3.70,22.39,19.4,0.990,1,1,26.0,0.13,31.50,29.9,0
1779285653900,1617,UAS-02,315.1,18.83,22.56,3.73,22.49,20.2,0.990,1,1,26.5,0.34,31.92,30.0,0
1779285653933,1618,GND-VEH-01,504.7,19.16,22.87,3.71,22.09,19.0,0.990,1,1,28.5,0.03,31.60,29.9,0
1779285653967,1619,PERSON-01,632.9,18.91,21.93,3.02,21.53,19.7,0.986,1,1,26.0,0.30,31.74,29.9,0
1779285654000,1620,UAS-01,329.8,18.93,22.86,3.93,22.57,18.7,0.990,1,1,26.2,0.06,31.43,30.0,0
1779285654033,1621,UAS-02,445.8,19.22,22.87,3.65,22.19,19.9,0.990,1,1,26.4,0.00,31.78,30.0,0
1779285654067,1622,GND-VEH-01,478.0,19.26,22.75,3.49,22.22,17.3,0.990,1,1,26.4,0.17,31.66,30.1,0
1779285654100,1623,PERSON-01,668.1,18.96,22.34,3.37,22.17,19.6,0.990,1,1,26.0,0.20,31.76,30.0,0
1779285654133,1624,UAS-01,412.8,19.10,22.90,3.80,22.61,20.5,0.990,1,1,26.0,0.18,31.70,30.1,0
1779285654167,1625,UAS-02,437.3,18.63,22.10,3.47,21.63,19.1,0.990,1,1,26.8,0.25,31.24,30.0,0
1779285654200,1626,GND-VEH-01,529.9,18.98,22.24,3.26,21.11,21.6,0.985,1,1,26.2,0.02,31.59,30.1,0
1779285654233,1627,PERSON-01,554.8,19.13,22.50,3.37,21.87,19.2,0.990,1,1,26.0,0.18,31.51,30.0,0
1779285654267,1628,UAS-01,694.8,19.46,22.75,3.29,21.94,20.4,0.990,1,1,26.0,0.18,31.39,29.9,0
1779285654300,1629,UAS-02,463.6,19.07,22.73,3.66,22.97,18.0,0.990,1,1,26.0,0.18,31.87,30.1,0
1779285654333,1630,GND-VEH-01,449.1,18.84,22.54,3.70,21.47,19.6,0.990,1,1,27.4,0.16,31.59,30.0,0
1779285654367,1631,PERSON-01,394.4,19.16,23.15,3.98,23.52,17.9,0.990,1,1,26.0,0.33,31.91,29.9,0
1779285654400,1632,UAS-01,529.2,18.92,22.73,3.82,22.60,19.1,0.985,1,1,28.7,0.09,31.90,29.9,0
1779285654433,1633,UAS-02,320.1,18.77,22.21,3.44,21.80,18.9,0.990,1,1,26.0,0.10,31.67,30.0,0
1779285654467,1634,GND-VEH-01,593.1,19.01,22.27,3.26,22.55,19.4,0.990,1,1,26.5,0.04,31.70,30.1,0
1779285654500,1635,PERSON-01,314.1,19.12,22.86,3.74,22.66,17.9,0.981,1,1,26.0,0.12,31.57,30.0,0
1779285654533,1636,UAS-01,324.5,19.19,22.85,3.66,22.43,19.2,0.990,1,1,26.5,0.22,31.38,30.0,0
1779285654567,1637,UAS-02,777.6,18.95,22.21,3.26,21.17,21.6,0.990,1,1,26.0,0.02,31.62,30.0,0
1779285654600,1638,GND-VEH-01,623.7,19.12,22.77,3.65,22.10,20.3,0.990,1,1,28.2,0.11,31.78,30.1,0
1779285654633,1639,PERSON-01,493.5,18.96,22.90,3.95,22.52,19.9,0.990,1,1,26.5,0.24,31.65,30.0,0
1779285654667,1640,UAS-01,327.7,18.98,22.60,3.62,22.44,18.2,0.990,1,1,26.0,0.06,31.28,30.1,0
1779285654700,1641,UAS-02,510.7,19.06,22.63,3.57,21.67,18.9,0.989,1,1,26.2,0.09,31.70,30.0,0
1779285654733,1642,GND-VEH-01,431.6,19.14,22.86,3.72,22.17,18.8,0.974,1,1,26.0,0.08,31.48,30.0,0
1779285654767,1643,PERSON-01,694.6,18.90,22.40,3.50,22.31,20.0,0.990,1,1,26.4,0.37,32.04,29.9,0
1779285654800,1644,UAS-01,459.7,18.99,22.36,3.37,21.84,20.2,0.990,1,1,29.3,0.07,31.46,30.1,0
1779285654833,1645,UAS-02,339.9,19.10,22.83,3.74,21.94,19.5,0.990,1,1,26.0,0.24,31.61,29.9,0
1779285654867,1646,GND-VEH-01,460.9,19.07,22.52,3.44,21.88,19.6,0.990,1,1,26.0,0.30,31.89,30.0,0
1779285654900,1647,PERSON-01,397.2,19.06,22.66,3.60,22.37,18.3,0.989,1,1,27.5,0.28,31.54,29.9,0
1779285654933,1648,UAS-01,493.0,19.15,22.60,3.45,22.78,18.1,0.990,1,1,26.0,0.22,31.48,29.9,0
1779285654967,1649,UAS-02,464.6,18.72,22.46,3.74,22.78,17.4,0.990,1,1,28.2,0.17,31.78,30.0,0
1779285655000,1650,GND-VEH-01,545.6,18.92,22.61,3.69,21.90,20.3,0.990,1,1,26.7,0.21,31.68,30.1,0
1779285655033,1651,PERSON-01,512.1,18.78,22.43,3.65,22.22,19.7,0.990,1,1,26.7,0.17,31.95,30.1,0
1779285655067,1652,UAS-01,508.0,18.93,22.25,3.32,22.35,19.2,0.979,1,1,27.0,0.30,31.76,30.0,0
1779285655100,1653,UAS-02,732.4,18.84,22.10,3.27,21.64,18.9,0.990,1,1,26.0,0.27,31.74,30.0,0
1779285655133,1654,GND-VEH-01,397.7,18.82,22.62,3.80,23.05,19.2,0.990,1,1,26.0,0.08,31.63,30.1,0
1779285655167,1655,PERSON-01,466.2,19.08,22.36,3.28,21.99,19.6,0.987,1,1,26.0,0.38,31.33,30.1,0
1779285655200,1656,UAS-01,486.2,18.96,22.65,3.69,22.14,17.4,0.990,1,1,26.2,0.03,32.03,30.0,0
1779285655233,1657,UAS-02,697.6,19.09,22.42,3.34,22.16,19.3,0.969,1,1,30.1,0.30,32.05,29.9,0
1779285655267,1658,GND-VEH-01,430.4,19.07,22.81,3.75,21.73,19.4,0.990,1,1,26.3,0.21,32.14,29.9,0
1779285655300,1659,PERSON-01,461.8,18.92,22.37,3.45,22.04,19.3,0.990,1,1,26.2,0.49,31.76,30.2,0
1779285655333,1660,UAS-01,507.9,18.98,22.41,3.43,22.15,18.2,0.990,1,1,26.0,0.11,31.68,30.0,0
1779285655367,1661,UAS-02,734.5,19.01,22.49,3.48,22.24,18.9,0.990,1,1,27.1,0.08,31.47,30.0,0
1779285655400,1662,GND-VEH-01,594.1,18.94,22.50,3.56,22.62,18.9,0.990,1,1,26.9,0.03,31.77,30.0,0
1779285655433,1663,PERSON-01,331.5,19.26,23.17,3.91,22.42,19.6,0.990,1,1,27.9,0.01,31.93,29.9,0
1779285655467,1664,UAS-01,530.4,19.02,22.49,3.47,21.80,19.8,0.990,1,1,26.4,0.06,31.84,29.9,0
1779285655500,1665,UAS-02,400.6,19.11,22.60,3.49,21.69,18.9,0.990,1,1,26.0,0.28,31.84,29.9,0
1779285655533,1666,GND-VEH-01,733.3,19.13,22.50,3.37,22.28,18.3,0.990,1,1,29.6,0.05,31.80,30.0,0
1779285655567,1667,PERSON-01,307.0,18.93,22.28,3.35,21.56,21.1,0.990,1,1,26.0,0.20,31.68,30.2,0
1779285655600,1668,UAS-01,305.7,18.86,22.44,3.58,22.80,18.5,0.990,1,1,26.0,0.19,32.05,30.0,0
1779285655633,1669,UAS-02,623.3,19.07,22.51,3.44,21.71,19.4,0.990,1,1,26.0,0.33,32.06,30.0,0
1779285655667,1670,GND-VEH-01,826.6,18.81,22.25,3.44,21.36,20.1,0.990,1,1,26.2,0.13,31.75,30.1,0
1779285655700,1671,PERSON-01,692.7,19.00,22.17,3.18,21.69,19.7,0.990,1,1,26.0,0.24,31.42,30.0,0
1779285655733,1672,UAS-01,530.2,18.86,22.31,3.45,21.95,17.8,0.990,1,1,26.0,0.37,31.24,29.9,0
1779285655767,1673,UAS-02,300.9,18.99,22.36,3.36,21.98,17.8,0.990,1,1,26.7,0.08,31.62,30.1,0
1779285655800,1674,GND-VEH-01,634.0,19.09,22.57,3.48,21.48,19.6,0.980,1,1,26.0,0.12,31.30,29.9,0
1779285655833,1675,PERSON-01,481.8,18.83,22.23,3.40,21.67,18.5,0.990,1,1,26.0,0.21,31.41,29.9,0
1779285655867,1676,UAS-01,377.8,19.14,22.77,3.64,22.87,17.2,0.975,1,1,26.8,0.03,31.40,30.0,0
1779285655900,1677,UAS-02,739.4,19.05,22.19,3.14,21.87,19.0,0.990,1,1,26.0,0.19,32.02,29.9,0
1779285655933,1678,GND-VEH-01,457.6,19.01,22.33,3.32,21.02,21.3,0.990,1,1,26.1,0.11,31.25,30.1,0
1779285655967,1679,PERSON-01,344.5,19.18,22.63,3.45,21.54,18.7,0.990,1,1,26.5,0.16,31.64,29.9,0
1779285656000,1680,UAS-01,655.0,19.09,22.81,3.71,22.66,18.4,0.990,1,1,28.4,0.16,31.84,30.1,0
1779285656033,1681,UAS-02,333.1,19.09,22.71,3.62,21.87,19.3,0.990,1,1,26.0,0.11,31.51,29.9,0
1779285656067,1682,GND-VEH-01,626.7,18.83,22.41,3.58,22.10,18.8,0.990,1,1,26.0,0.16,31.31,29.9,0
1779285656100,1683,PERSON-01,354.1,18.81,22.58,3.77,22.48,17.7,0.977,1,1,26.6,0.10,32.01,29.9,0
1779285656133,1684,UAS-01,528.3,18.92,22.48,3.57,21.83,18.5,0.990,1,1,28.0,0.04,31.97,30.0,0
1779285656167,1685,UAS-02,457.7,19.03,22.51,3.48,22.21,19.6,0.990,1,1,26.0,0.27,31.67,30.1,0
1779285656200,1686,GND-VEH-01,620.8,18.89,22.27,3.38,22.36,18.2,0.990,1,1,26.0,0.39,31.76,30.1,0
1779285656233,1687,PERSON-01,308.8,19.20,22.91,3.71,22.58,18.3,0.990,1,1,26.1,0.26,31.57,29.9,0
1779285656267,1688,UAS-01,922.4,18.83,21.84,3.01,21.63,18.6,0.990,1,1,28.6,0.21,31.85,30.0,0
1779285656300,1689,UAS-02,552.8,18.99,22.53,3.54,22.93,19.2,0.976,1,1,26.0,0.03,31.70,30.1,0
1779285656333,1690,GND-VEH-01,484.0,18.96,22.15,3.19,21.90,18.5,0.989,1,1,26.2,0.30,31.71,29.9,0
1779285656367,1691,PERSON-01,447.6,18.91,22.46,3.55,22.07,20.0,0.981,1,1,26.0,0.51,31.91,30.0,0
1779285656400,1692,UAS-01,528.7,18.90,22.37,3.48,22.12,19.8,0.979,1,1,26.0,0.18,31.44,30.0,0
1779285656433,1693,UAS-02,513.5,18.93,22.36,3.43,21.80,18.8,0.990,1,1,26.0,0.15,31.62,30.1,0
1779285656467,1694,GND-VEH-01,425.8,19.15,22.73,3.57,22.25,20.5,0.990,1,1,27.5,0.16,31.63,29.9,0
1779285656500,1695,PERSON-01,371.7,18.98,22.76,3.78,22.69,18.1,0.990,1,1,26.0,0.07,32.03,30.0,0
1779285656533,1696,UAS-01,307.3,19.09,22.62,3.52,21.71,19.6,0.990,1,1,27.6,0.24,31.62,29.8,0
1779285656567,1697,UAS-02,766.5,18.79,22.06,3.26,21.47,19.2,0.990,1,1,26.0,0.07,31.85,30.0,0
1779285656600,1698,GND-VEH-01,528.0,19.09,22.61,3.53,22.75,19.6,0.990,1,1,27.3,0.06,31.62,29.9,0
1779285656633,1699,PERSON-01,478.5,19.13,22.50,3.36,21.85,19.5,0.990,1,1,26.0,0.09,31.74,30.0,0
1779285656667,1700,UAS-01,509.8,19.14,22.75,3.61,22.56,17.7,0.990,1,1,28.3,0.42,31.56,30.0,0
1779285656700,1701,UAS-02,534.2,19.07,22.77,3.70,22.70,18.3,0.980,1,1,26.0,0.05,32.07,30.0,0
1779285656733,1702,GND-VEH-01,508.5,18.96,22.25,3.30,22.44,18.6,0.979,1,1,26.2,0.27,31.33,30.0,0
1779285656767,1703,PERSON-01,579.4,18.99,22.48,3.48,22.57,19.2,0.990,1,1,26.0,0.39,32.12,30.1,0
1779285656800,1704,UAS-01,341.7,19.13,22.83,3.69,22.42,19.5,0.974,1,1,26.0,0.07,32.20,29.9,0
1779285656833,1705,UAS-02,366.8,19.06,22.52,3.46,22.37,19.2,0.990,1,1,26.0,0.16,31.80,30.0,0
1779285656867,1706,GND-VEH-01,612.6,18.94,22.41,3.47,22.12,18.5,0.987,1,1,28.2,0.10,31.37,30.0,0
1779285656900,1707,PERSON-01,378.4,18.92,22.34,3.42,21.96,17.8,0.990,1,1,26.0,0.16,31.89,30.0,0
1779285656933,1708,UAS-01,457.1,18.91,22.36,3.45,21.89,20.8,0.990,1,1,26.6,0.24,31.65,29.9,0
1779285656967,1709,UAS-02,445.6,19.37,22.77,3.40,22.26,19.8,0.990,1,1,27.0,0.04,31.61,30.1,0
1779285657000,1710,GND-VEH-01,354.0,19.21,22.86,3.65,21.80,18.7,0.990,1,1,27.3,0.04,31.69,29.9,0
1779285657033,1711,PERSON-01,480.3,18.82,22.44,3.61,21.98,17.1,0.990,1,1,27.6,0.17,31.81,29.9,0
1779285657067,1712,UAS-01,670.8,18.94,22.49,3.55,22.12,17.8,0.990,1,1,26.0,0.12,31.90,29.9,0
1779285657100,1713,UAS-02,813.4,19.17,22.67,3.50,22.26,19.0,0.990,1,1,26.0,0.05,32.12,29.9,0
1779285657133,1714,GND-VEH-01,641.4,19.33,22.76,3.43,21.60,20.0,0.990,1,1,26.0,0.07,31.72,30.0,0
1779285657167,1715,PERSON-01,690.0,19.01,22.42,3.40,22.41,18.9,0.988,1,1,28.7,0.06,32.10,30.0,0
1779285657200,1716,UAS-01,640.1,19.04,22.29,3.25,21.26,20.2,0.989,1,1,26.0,0.29,32.26,29.9,0
1779285657233,1717,UAS-02,713.2,19.06,22.49,3.43,22.10,19.8,0.990,1,1,27.1,0.02,31.65,30.0,0
1779285657267,1718,GND-VEH-01,320.0,18.98,22.97,3.99,22.77,19.0,0.990,1,1,26.0,0.12,31.61,30.0,0
1779285657300,1719,PERSON-01,443.9,19.31,23.05,3.74,22.98,19.9,0.990,1,1,26.0,0.24,31.76,29.9,0
1779285657333,1720,UAS-01,398.3,19.05,22.56,3.50,22.06,19.1,0.971,1,1,26.0,0.23,31.80,29.9,0
1779285657367,1721,UAS-02,705.1,19.00,22.58,3.58,22.18,17.8,0.990,1,1,26.0,0.19,31.96,29.9,0
1779285657400,1722,GND-VEH-01,554.9,19.14,22.98,3.84,22.57,18.9,0.990,1,1,26.1,0.21,31.43,30.1,0
1779285657433,1723,PERSON-01,350.0,19.00,22.50,3.50,21.44,18.9,0.979,1,1,27.7,0.00,31.99,29.9,0
1779285657467,1724,UAS-01,349.7,18.96,22.35,3.39,21.78,20.3,0.973,1,1,26.0,0.25,31.99,30.0,0
1779285657500,1725,UAS-02,378.8,19.28,22.88,3.60,22.12,19.4,0.990,1,1,26.0,0.40,32.00,29.9,0
1779285657533,1726,GND-VEH-01,437.5,18.92,22.81,3.89,22.09,19.0,0.990,1,1,26.0,0.22,31.97,30.0,0
1779285657567,1727,PERSON-01,375.0,19.02,22.69,3.67,22.89,17.9,0.984,1,1,28.4,0.31,31.98,30.2,0
1779285657600,1728,UAS-01,367.5,19.30,23.15,3.85,22.71,18.2,0.990,1,1,26.0,0.17,31.61,30.2,0
1779285657633,1729,UAS-02,324.0,18.88,22.61,3.72,22.06,19.5,0.990,1,1,26.0,0.17,31.96,29.9,0
1779285657667,1730,GND-VEH-01,601.9,18.96,22.54,3.58,21.89,20.1,0.974,1,1,26.0,0.01,31.69,30.0,0
1779285657700,1731,PERSON-01,686.5,19.20,22.56,3.36,21.50,20.9,0.990,1,1,26.4,0.11,32.06,30.0,0
1779285657733,1732,UAS-01,459.3,18.89,22.49,3.59,22.37,19.4,0.990,1,1,26.0,0.11,32.06,30.0,0
1779285657767,1733,UAS-02,456.1,19.20,22.70,3.50,22.16,19.6,0.990,1,1,26.0,0.11,31.98,30.0,0
1779285657800,1734,GND-VEH-01,357.0,19.05,22.25,3.20,21.25,19.0,0.990,1,1,27.1,0.01,31.77,29.9,0
1779285657833,1735,PERSON-01,457.4,18.82,22.61,3.79,22.07,20.1,0.990,1,1,26.0,0.22,31.75,30.2,0
1779285657867,1736,UAS-01,357.4,18.83,22.34,3.52,21.92,17.5,0.990,1,1,26.0,0.14,32.16,30.1,0
1779285657900,1737,UAS-02,331.2,18.90,22.90,4.00,22.63,18.2,0.989,1,1,26.0,0.01,32.12,30.2,0
1779285657933,1738,GND-VEH-01,502.0,18.93,22.42,3.49,22.14,18.1,0.963,1,1,26.1,0.11,31.59,30.0,0
1779285657967,1739,PERSON-01,306.5,18.75,22.34,3.59,23.20,17.9,0.990,1,1,26.4,0.22,31.86,30.1,0
1779285658000,1740,UAS-01,382.1,19.05,22.65,3.60,21.67,18.4,0.990,1,1,27.7,0.20,32.13,30.0,0
1779285658033,1741,UAS-02,321.8,18.83,22.73,3.90,22.37,19.3,0.987,1,1,26.0,0.15,31.74,29.9,0
1779285658067,1742,GND-VEH-01,336.5,19.06,22.57,3.51,22.32,19.9,0.990,1,1,26.0,0.06,31.68,29.9,0
1779285658100,1743,PERSON-01,406.4,18.90,22.56,3.66,22.81,18.9,0.990,1,1,26.0,0.01,31.81,29.8,0
1779285658133,1744,UAS-01,831.4,19.13,22.60,3.46,22.12,19.7,0.990,1,1,27.8,0.03,31.64,30.0,0
1779285658167,1745,UAS-02,433.4,18.81,21.99,3.18,21.78,19.5,0.989,1,1,28.6,0.09,31.63,29.9,0
1779285658200,1746,GND-VEH-01,689.7,19.04,22.25,3.21,21.95,18.5,0.990,1,1,28.1,0.20,31.80,30.0,0
1779285658233,1747,PERSON-01,644.9,18.94,22.27,3.33,21.74,18.9,0.990,1,1,30.3,0.07,31.79,30.0,0
1779285658267,1748,UAS-01,939.9,19.10,22.40,3.30,21.48,19.7,0.990,1,1,26.0,0.06,32.06,29.9,0
1779285658300,1749,UAS-02,624.3,19.01,22.17,3.16,21.70,19.7,0.983,1,1,26.0,0.17,31.93,29.9,0
1779285658333,1750,GND-VEH-01,420.0,18.85,22.03,3.18,21.31,19.1,0.982,1,1,26.0,0.24,31.79,29.9,0
1779285658367,1751,PERSON-01,401.4,19.00,22.61,3.61,21.72,19.5,0.990,1,1,27.0,0.06,31.95,30.0,0
1779285658400,1752,UAS-01,457.0,19.05,23.04,3.99,23.24,19.3,0.990,1,1,26.0,0.42,32.04,30.0,0
1779285658433,1753,UAS-02,412.6,19.03,22.39,3.36,21.69,18.5,0.990,1,1,26.0,0.04,31.77,30.0,0
1779285658467,1754,GND-VEH-01,341.5,19.34,22.79,3.45,22.14,17.7,0.990,1,1,26.0,0.21,31.73,30.0,0
1779285658500,1755,PERSON-01,482.1,19.13,22.63,3.50,21.43,20.0,0.990,1,1,29.8,0.05,32.06,30.0,0
1779285658533,1756,UAS-01,335.9,19.03,22.86,3.84,23.11,18.7,0.990,1,1,26.5,0.00,32.06,30.0,0
1779285658567,1757,UAS-02,846.3,18.82,22.35,3.52,22.36,19.7,0.990,1,1,26.0,0.27,32.08,30.0,0
1779285658600,1758,GND-VEH-01,335.4,19.23,23.29,4.06,23.23,18.3,0.990,1,1,26.0,0.28,31.74,30.0,0
1779285658633,1759,PERSON-01,703.4,19.15,22.81,3.66,22.74,20.2,0.990,1,1,28.1,0.33,31.49,30.0,0
1779285658667,1760,UAS-01,330.6,19.27,22.95,3.68,22.77,18.6,0.990,1,1,26.0,0.43,31.78,30.0,0
1779285658700,1761,UAS-02,363.1,19.10,22.78,3.68,22.31,18.8,0.970,1,1,26.0,0.04,32.04,30.0,0
1779285658733,1762,GND-VEH-01,472.9,18.92,22.42,3.50,21.96,18.2,0.981,1,1,27.2,0.09,32.21,30.0,0
1779285658767,1763,PERSON-01,602.3,19.01,22.51,3.50,21.81,21.1,0.990,1,1,28.7,0.04,32.28,30.0,0
1779285658800,1764,UAS-01,498.1,19.08,22.53,3.45,21.98,19.0,0.990,1,1,26.0,0.22,31.73,29.9,0
1779285658833,1765,UAS-02,332.0,18.92,22.93,4.01,22.86,17.5,0.982,1,1,27.8,0.11,31.73,29.9,0
1779285658867,1766,GND-VEH-01,350.9,19.19,22.61,3.42,22.17,19.2,0.990,1,1,29.9,0.32,31.98,30.1,0
1779285658900,1767,PERSON-01,666.9,18.82,22.27,3.45,22.14,18.7,0.988,1,1,26.0,0.22,31.59,30.0,0
1779285658933,1768,UAS-01,412.5,18.80,22.20,3.40,22.44,18.4,0.990,1,1,26.0,0.12,31.53,30.2,0
1779285658967,1769,UAS-02,359.2,19.23,22.90,3.66,21.93,18.8,0.990,1,1,26.0,0.14,31.56,30.0,0
1779285659000,1770,GND-VEH-01,371.5,18.95,22.66,3.71,22.56,19.2,0.990,1,1,27.4,0.01,31.96,30.0,0
1779285659033,1771,PERSON-01,707.1,19.00,22.36,3.36,22.31,17.9,0.990,1,1,26.8,0.11,31.77,29.9,0
1779285659067,1772,UAS-01,616.4,19.03,22.81,3.78,22.09,20.2,0.990,1,1,27.2,0.26,31.93,29.9,0
1779285659100,1773,UAS-02,459.6,19.17,22.91,3.74,22.41,19.4,0.988,1,1,26.3,0.21,32.15,30.0,0
1779285659133,1774,GND-VEH-01,653.0,19.03,22.62,3.59,22.81,18.5,0.990,1,1,26.0,0.27,31.85,30.0,0
1779285659167,1775,PERSON-01,527.2,18.91,22.67,3.77,22.34,18.4,0.990,1,1,26.0,0.11,31.92,30.0,0
1779285659200,1776,UAS-01,513.1,18.95,22.61,3.66,22.02,19.0,0.978,1,1,29.1,0.29,31.72,29.9,0
1779285659233,1777,UAS-02,490.2,19.09,22.44,3.35,21.03,18.8,0.990,1,1,27.4,0.15,32.31,30.1,0
1779285659267,1778,GND-VEH-01,636.5,19.13,22.89,3.75,22.03,20.8,0.974,1,1,30.7,0.14,32.24,30.1,0
1779285659300,1779,PERSON-01,530.6,18.84,22.35,3.51,21.57,18.4,0.990,1,1,26.0,0.06,32.29,29.9,0
1779285659333,1780,UAS-01,652.3,19.01,22.39,3.38,22.23,19.0,0.990,1,1,26.0,0.16,31.88,30.0,0
1779285659367,1781,UAS-02,570.5,19.20,22.67,3.47,22.33,18.7,0.990,1,1,29.1,0.07,32.32,29.9,0
1779285659400,1782,GND-VEH-01,374.7,18.99,22.91,3.93,23.09,19.5,0.990,1,1,26.0,0.21,31.89,29.9,0
1779285659433,1783,PERSON-01,397.2,19.00,22.31,3.31,21.85,19.1,0.988,1,1,26.0,0.07,31.77,30.1,0
1779285659467,1784,UAS-01,612.2,18.96,22.34,3.38,22.44,18.2,0.990,1,1,28.5,0.16,32.47,30.1,0
1779285659500,1785,UAS-02,818.4,18.93,22.46,3.53,21.71,18.3,0.990,1,1,26.3,0.10,31.39,30.0,0
1779285659533,1786,GND-VEH-01,347.5,18.89,22.31,3.42,22.01,18.8,0.990,1,1,26.0,0.22,31.70,30.0,0
1779285659567,1787,PERSON-01,440.6,19.11,22.56,3.45,21.91,19.6,0.983,1,1,30.0,0.23,31.87,30.0,0
1779285659600,1788,UAS-01,307.2,18.75,22.40,3.65,22.78,19.4,0.990,1,1,26.0,0.06,32.19,30.1,0
1779285659633,1789,UAS-02,610.1,19.00,22.57,3.57,22.41,19.0,0.990,1,1,28.7,0.10,32.49,29.9,0
1779285659667,1790,GND-VEH-01,308.2,19.24,23.08,3.84,22.72,18.0,0.990,1,1,26.0,0.03,31.70,29.8,0
1779285659700,1791,PERSON-01,585.8,19.34,22.78,3.44,21.94,18.3,0.990,1,1,26.0,0.14,32.05,30.0,0
1779285659733,1792,UAS-01,464.7,18.98,22.78,3.79,22.60,18.5,0.990,1,1,26.5,0.21,31.74,30.1,0
1779285659767,1793,UAS-02,642.3,19.02,22.51,3.49,21.53,19.3,0.990,1,1,26.0,0.26,32.27,30.0,0
1779285659800,1794,GND-VEH-01,514.2,19.00,22.74,3.73,22.54,20.0,0.990,1,1,27.9,0.07,31.95,30.2,0
1779285659833,1795,PERSON-01,371.1,19.00,22.44,3.44,21.42,18.5,0.988,1,1,26.0,0.18,32.16,30.0,0
1779285659867,1796,UAS-01,766.0,19.02,22.40,3.39,22.13,19.2,0.990,1,1,26.0,0.14,31.79,30.0,0
1779285659900,1797,UAS-02,624.0,19.29,22.64,3.35,21.27,19.3,0.990,1,1,30.2,0.19,32.23,30.0,0
1779285659933,1798,GND-VEH-01,389.2,19.20,22.82,3.62,21.92,19.5,0.990,1,1,26.0,0.01,31.70,30.0,0
1779285659967,1799,PERSON-01,694.3,19.07,22.46,3.39,21.87,20.3,0.990,1,1,27.0,0.10,32.06,30.0,0
