timestamp,frame_id,target_id,range_m,ambient_temp_c,target_temp_c,delta_t_c,snr_db,netd_mk,detection_confidence,detected,classified,classification_latency_ms,track_error_m,sensor_temp_c,frame_rate_hz,dropped_frame
1779285600000,0,UAS-01,523.8,19.06,21.79,2.73,16.60,20.5,0.964,1,1,31.0,0.25,28.31,29.9,0
1779285600033,1,UAS-02,444.1,19.04,21.52,2.48,16.18,22.6,0.990,1,1,31.4,0.04,27.84,30.1,0
1779285600067,2,GND-VEH-01,434.5,18.86,21.63,2.77,16.00,21.6,0.990,1,1,31.0,0.68,27.85,30.1,0
1779285600100,3,PERSON-01,311.4,18.63,21.60,2.97,16.94,21.3,0.981,1,1,31.6,0.56,28.00,30.0,0
1779285600133,4,UAS-01,711.0,18.97,21.92,2.95,16.84,23.0,0.990,1,1,31.0,0.10,28.04,30.0,0
1779285600167,5,UAS-02,601.7,19.04,21.62,2.58,16.37,22.4,0.990,1,1,31.0,0.13,28.11,29.9,0
1779285600200,6,GND-VEH-01,406.7,19.09,21.98,2.89,16.63,22.8,0.990,1,1,31.0,0.14,28.03,29.8,0
1779285600233,7,PERSON-01,743.3,18.88,21.38,2.49,16.20,22.1,0.984,1,1,34.1,0.02,27.61,30.2,0
1779285600267,8,UAS-01,732.1,18.90,21.57,2.67,17.02,22.0,0.990,1,1,33.8,0.06,27.56,29.9,0
1779285600300,9,UAS-02,521.4,19.04,21.99,2.94,16.84,22.5,0.989,1,1,31.0,0.19,27.74,30.1,0
1779285600333,10,GND-VEH-01,392.1,19.01,22.22,3.21,17.63,20.6,0.167,0,0,31.0,0.00,27.96,30.0,0
1779285600367,11,PERSON-01,409.3,18.91,21.30,2.40,15.60,21.9,0.990,1,1,31.2,0.27,28.19,30.0,0
1779285600400,12,UAS-01,702.8,19.00,22.00,3.00,17.24,21.9,0.990,1,1,31.0,0.00,27.77,29.9,0
1779285600433,13,UAS-02,435.3,18.95,21.61,2.66,16.22,22.4,0.219,0,0,32.2,0.00,27.99,30.0,0
1779285600467,14,GND-VEH-01,465.5,18.93,21.70,2.77,16.58,22.5,0.990,1,1,36.2,0.02,28.18,30.2,0
1779285600500,15,PERSON-01,314.6,18.91,21.73,2.82,16.57,22.6,0.990,1,1,32.9,0.36,28.17,29.9,0
1779285600533,16,UAS-01,492.4,18.98,21.83,2.85,16.90,21.1,0.978,1,1,31.0,0.22,27.97,30.0,0
1779285600567,17,UAS-02,511.0,18.98,21.69,2.71,16.99,20.2,0.990,1,1,34.5,0.02,28.41,30.0,0
1779285600600,18,GND-VEH-01,504.7,18.98,21.86,2.88,17.52,22.1,0.977,1,1,31.0,0.48,28.14,29.9,0
1779285600633,19,PERSON-01,323.0,18.87,21.46,2.58,16.20,21.7,0.975,1,1,31.0,0.07,27.79,29.9,0
1779285600667,20,UAS-01,503.5,18.88,21.52,2.64,16.37,22.6,0.199,0,0,32.4,0.00,27.97,30.0,0
1779285600700,21,UAS-02,388.2,19.04,21.78,2.75,17.00,23.1,0.990,1,1,31.0,0.03,28.04,30.1,0
1779285600733,22,GND-VEH-01,302.7,19.22,21.93,2.71,16.68,20.8,0.990,1,1,31.0,0.06,27.71,30.1,0
1779285600767,23,PERSON-01,606.3,19.09,21.51,2.42,16.18,22.5,0.973,1,1,31.0,0.04,28.28,30.0,0
1779285600800,24,UAS-01,560.1,18.59,21.35,2.76,16.04,20.5,0.990,1,1,32.6,0.15,28.41,30.2,0
1779285600833,25,UAS-02,467.3,19.33,22.11,2.78,16.42,21.8,0.990,1,1,31.0,0.11,28.17,30.0,0
1779285600867,26,GND-VEH-01,766.5,18.94,21.77,2.83,16.72,22.9,0.982,1,1,31.0,0.16,28.01,30.1,0
1779285600900,27,PERSON-01,363.3,18.90,22.06,3.15,17.61,22.1,0.990,1,1,32.1,0.09,27.99,29.9,0
1779285600933,28,UAS-01,380.7,18.95,22.11,3.16,17.08,21.9,0.990,1,1,31.0,0.03,28.10,30.1,0
1779285600967,29,UAS-02,355.8,18.90,21.64,2.75,16.53,22.1,0.990,1,1,31.0,0.32,28.18,30.0,0
1779285601000,30,GND-VEH-01,404.7,18.84,21.63,2.79,17.20,21.2,0.979,1,1,33.7,0.01,28.20,30.0,0
1779285601033,31,PERSON-01,570.6,18.99,21.85,2.86,16.98,22.8,0.990,1,1,31.5,0.38,27.93,30.1,0
1779285601067,32,UAS-01,370.6,18.62,21.56,2.93,17.28,21.9,0.198,0,0,32.7,0.00,28.33,30.1,0
1779285601100,33,UAS-02,689.5,19.20,21.92,2.72,16.34,21.9,0.990,1,1,32.5,0.02,27.71,29.9,0
1779285601133,34,GND-VEH-01,478.9,19.01,21.49,2.48,16.67,20.4,0.990,1,1,31.9,0.14,27.98,30.0,0
1779285601167,35,PERSON-01,777.9,19.28,22.06,2.78,16.77,19.8,0.990,1,1,31.0,0.26,28.22,29.9,0
1779285601200,36,UAS-01,518.9,19.10,21.59,2.50,16.16,21.8,0.990,1,1,31.0,0.33,27.82,30.1,0
1779285601233,37,UAS-02,346.5,19.10,22.22,3.12,17.21,21.2,0.241,0,0,31.9,0.00,27.95,30.0,0
1779285601267,38,GND-VEH-01,514.0,19.08,21.63,2.55,16.92,20.4,0.990,1,1,31.0,0.35,28.15,30.0,0
1779285601300,39,PERSON-01,324.1,18.74,21.50,2.77,17.16,21.2,0.188,0,0,31.0,0.00,27.98,29.9,0
1779285601333,40,UAS-01,481.7,18.85,21.76,2.91,16.96,20.2,0.990,1,1,31.0,0.25,28.37,30.0,0
1779285601367,41,UAS-02,358.7,19.03,22.06,3.03,16.70,23.1,0.990,1,1,31.0,0.22,28.14,29.9,0
1779285601400,42,GND-VEH-01,446.5,18.89,21.65,2.76,16.59,23.3,0.990,1,1,34.5,0.40,28.52,29.9,0
1779285601433,43,PERSON-01,489.3,18.80,21.27,2.47,15.62,22.8,0.990,1,1,34.6,0.12,28.47,30.1,0
1779285601467,44,UAS-01,580.2,18.99,21.65,2.66,16.51,22.6,0.990,1,1,31.0,0.07,28.16,29.8,0
1779285601500,45,UAS-02,870.2,18.62,20.82,2.20,16.56,20.8,0.990,1,1,32.0,0.42,27.93,30.0,0
1779285601533,46,GND-VEH-01,736.9,19.09,21.79,2.70,16.16,22.4,0.990,1,1,31.0,0.04,28.40,30.0,0
1779285601567,47,PERSON-01,486.0,18.89,22.00,3.11,17.00,20.2,0.979,1,1,32.0,0.12,28.40,30.0,0
1779285601600,48,UAS-01,586.3,18.99,21.66,2.67,15.61,21.0,0.238,0,0,32.6,0.00,27.90,30.0,0
1779285601633,49,UAS-02,416.1,18.95,21.69,2.74,17.33,21.9,0.990,1,1,33.3,0.12,28.43,30.2,0
1779285601667,50,GND-VEH-01,498.8,18.96,21.49,2.53,16.48,21.9,0.990,1,1,34.1,0.39,28.28,29.9,0
1779285601700,51,PERSON-01,411.6,18.85,21.58,2.73,16.91,21.9,0.990,1,1,31.0,0.13,28.18,30.1,0
1779285601733,52,UAS-01,381.2,18.82,21.86,3.04,17.07,21.6,0.990,1,1,31.0,0.09,28.12,29.9,0
1779285601767,53,UAS-02,445.8,18.87,21.61,2.74,16.92,21.3,0.990,1,1,31.0,0.01,28.21,30.0,0
1779285601800,54,GND-VEH-01,412.0,19.02,21.86,2.83,16.34,22.4,0.990,1,1,31.0,0.37,28.43,30.0,0
1779285601833,55,PERSON-01,543.4,18.80,21.38,2.58,16.00,21.7,0.990,1,1,31.3,0.11,28.56,29.9,0
1779285601867,56,UAS-01,336.4,19.12,22.35,3.23,17.81,22.9,0.977,1,1,31.0,0.04,28.08,29.9,0
1779285601900,57,UAS-02,683.3,19.07,22.05,2.98,17.28,22.0,0.982,1,1,31.0,0.36,27.85,29.9,0
1779285601933,58,GND-VEH-01,936.6,19.09,21.83,2.75,16.64,22.3,0.990,1,1,33.5,0.04,28.27,30.1,0
1779285601967,59,PERSON-01,385.6,19.22,21.77,2.55,16.20,22.4,0.989,1,1,31.0,0.29,28.31,29.9,0
1779285602000,60,UAS-01,512.7,18.93,21.66,2.74,16.64,22.6,0.990,1,1,31.0,0.20,28.36,29.9,0
1779285602033,61,UAS-02,319.6,19.23,21.98,2.75,16.61,21.3,0.179,0,0,31.0,0.00,28.18,30.0,0
1779285602067,62,GND-VEH-01,515.8,19.07,21.83,2.77,17.05,22.3,0.990,1,1,32.3,0.08,28.45,30.1,0
1779285602100,63,PERSON-01,702.2,19.09,21.58,2.49,15.80,22.3,0.990,1,1,31.0,0.08,28.31,29.9,0
1779285602133,64,UAS-01,309.6,18.87,21.92,3.04,17.12,22.5,0.990,1,1,31.0,0.41,28.38,30.0,0
1779285602167,65,UAS-02,484.8,18.88,21.30,2.42,16.11,23.4,0.990,1,1,31.0,0.14,28.22,30.1,0
1779285602200,66,GND-VEH-01,766.9,19.06,21.78,2.72,16.42,21.8,0.990,1,1,31.0,0.10,27.82,30.0,0
1779285602233,67,PERSON-01,440.5,18.91,22.04,3.13,17.02,21.6,0.990,1,1,33.5,0.52,28.17,30.1,0
1779285602267,68,UAS-01,535.7,19.15,22.00,2.85,16.35,20.6,0.981,1,1,31.0,0.04,28.42,30.0,0
1779285602300,69,UAS-02,349.2,19.05,21.85,2.80,16.35,20.7,0.990,1,1,32.7,0.49,28.30,29.9,0
1779285602333,70,GND-VEH-01,463.4,18.84,21.59,2.76,16.27,23.1,0.990,1,1,31.4,0.17,28.38,29.9,0
1779285602367,71,PERSON-01,403.3,19.17,21.80,2.63,17.25,20.0,0.990,1,1,31.0,0.02,28.55,30.0,0
1779285602400,72,UAS-01,385.7,18.83,21.90,3.07,16.75,21.2,0.990,1,1,31.2,0.36,28.08,29.8,0
1779285602433,73,UAS-02,622.2,19.02,21.60,2.58,16.17,22.2,0.990,1,1,32.5,0.01,28.61,30.0,0
1779285602467,74,GND-VEH-01,445.2,18.82,21.67,2.85,16.85,21.8,0.990,1,1,33.2,0.07,28.13,30.0,0
1779285602500,75,PERSON-01,311.6,19.01,22.12,3.11,17.41,21.1,0.990,1,1,31.0,0.41,28.35,30.0,0
1779285602533,76,UAS-01,434.8,18.99,21.80,2.81,17.00,22.0,0.990,1,1,31.0,0.40,28.44,30.1,0
1779285602567,77,UAS-02,717.3,18.83,21.70,2.87,16.69,22.9,0.988,1,1,31.0,0.03,28.22,30.1,0
1779285602600,78,GND-VEH-01,426.9,19.23,22.11,2.88,17.29,22.2,0.990,1,1,31.0,0.02,27.95,30.0,0
1779285602633,79,PERSON-01,426.7,19.09,22.05,2.96,17.00,22.4,0.990,1,1,31.0,0.00,28.68,29.9,0
1779285602667,80,UAS-01,652.3,18.89,21.73,2.84,16.85,24.5,0.990,1,1,31.0,0.19,28.26,30.0,0
1779285602700,81,UAS-02,571.8,19.03,21.71,2.67,16.54,22.2,0.983,1,1,31.0,0.41,27.95,29.9,0
1779285602733,82,GND-VEH-01,697.2,18.94,21.30,2.36,16.63,22.9,0.161,0,0,31.0,0.00,28.06,29.8,0
1779285602767,83,PERSON-01,729.7,19.03,21.34,2.31,16.57,21.2,0.990,1,1,31.0,0.46,28.31,30.1,0
1779285602800,84,UAS-01,535.1,19.07,21.96,2.90,16.75,22.0,0.990,1,1,31.0,0.02,28.75,30.2,0
1779285602833,85,UAS-02,602.0,19.14,21.76,2.62,16.27,22.3,0.990,1,1,32.7,0.09,28.60,30.1,0
1779285602867,86,GND-VEH-01,534.0,18.98,21.57,2.59,16.54,23.2,0.178,0,0,31.1,0.00,28.62,30.0,0
1779285602900,87,PERSON-01,479.7,18.86,21.55,2.69,17.25,22.7,0.181,0,0,31.0,0.00,28.05,30.0,0
1779285602933,88,UAS-01,552.6,18.97,21.66,2.69,16.14,23.3,0.990,1,1,31.0,0.26,28.18,30.0,0
1779285602967,89,UAS-02,720.5,19.01,21.70,2.69,16.89,22.2,0.990,1,1,32.8,0.14,28.41,30.0,0
1779285603000,90,GND-VEH-01,542.6,19.12,22.02,2.90,16.97,23.9,0.990,1,1,31.2,0.30,28.18,29.9,0
1779285603033,91,PERSON-01,391.8,18.90,21.83,2.93,16.86,23.3,0.990,1,1,32.6,0.35,28.20,30.1,0
1779285603067,92,UAS-01,643.0,19.06,21.77,2.71,16.14,23.3,0.983,1,1,32.5,0.09,28.85,30.0,0
1779285603100,93,UAS-02,361.0,19.05,21.78,2.73,16.23,22.7,0.990,1,1,31.0,0.47,28.81,30.0,0
1779285603133,94,GND-VEH-01,498.7,19.06,21.72,2.66,16.65,22.2,0.974,1,1,31.0,0.26,28.51,30.0,0
1779285603167,95,PERSON-01,704.2,18.64,21.12,2.48,17.11,22.9,0.990,1,1,31.0,0.06,28.28,30.1,0
1779285603200,96,UAS-01,552.5,19.13,22.11,2.98,16.58,22.0,0.990,1,1,31.0,0.15,28.40,30.1,0
1779285603233,97,UAS-02,420.1,19.29,22.44,3.16,16.70,21.9,0.972,1,1,31.0,0.40,28.45,29.9,0
1779285603267,98,GND-VEH-01,463.8,19.24,21.79,2.55,16.33,21.8,0.990,1,1,31.8,0.21,28.80,29.9,0
1779285603300,99,PERSON-01,622.6,19.05,21.74,2.69,16.70,21.5,0.977,1,1,31.1,0.00,28.52,30.2,0
1779285603333,100,UAS-01,505.2,18.89,21.48,2.59,16.35,22.3,0.990,1,1,31.7,0.06,28.53,30.1,0
1779285603367,101,UAS-02,748.4,18.99,21.75,2.76,16.60,22.3,0.990,1,1,33.5,0.49,28.09,30.2,0
1779285603400,102,GND-VEH-01,465.9,19.32,21.83,2.51,15.77,22.7,0.990,1,1,32.1,0.09,28.40,30.1,0
1779285603433,103,PERSON-01,318.5,19.00,22.03,3.03,17.16,21.6,0.990,1,1,31.0,0.15,28.31,30.0,0
1779285603467,104,UAS-01,609.2,19.05,21.69,2.65,16.18,22.2,0.990,1,1,34.3,0.21,27.92,30.0,0
1779285603500,105,UAS-02,883.2,18.79,21.47,2.68,16.38,22.5,0.990,1,1,32.1,0.07,28.37,30.1,0
1779285603533,106,GND-VEH-01,315.4,18.95,21.83,2.88,17.15,22.5,0.985,1,1,31.0,0.02,28.81,29.8,0
1779285603567,107,PERSON-01,450.8,19.03,21.93,2.90,16.39,21.0,0.990,1,1,32.8,0.30,28.23,30.0,0
1779285603600,108,UAS-01,384.0,19.31,22.35,3.04,17.25,21.7,0.990,1,1,31.0,0.20,28.62,30.0,0
1779285603633,109,UAS-02,459.5,18.87,21.60,2.73,17.45,22.8,0.990,1,1,31.8,0.08,28.50,29.8,0
1779285603667,110,GND-VEH-01,476.5,18.79,21.45,2.66,17.29,20.3,0.990,1,1,31.0,0.39,28.26,30.1,0
1779285603700,111,PERSON-01,384.9,19.19,22.21,3.01,16.68,21.6,0.990,1,1,31.0,0.07,28.33,30.1,0
1779285603733,112,UAS-01,550.7,19.19,21.86,2.66,16.06,22.3,0.975,1,1,32.0,0.16,28.56,29.9,0
1779285603767,113,UAS-02,652.4,19.25,21.92,2.67,16.22,21.7,0.990,1,1,31.0,0.17,28.95,30.1,0
1779285603800,114,GND-VEH-01,399.0,19.32,22.14,2.82,16.19,22.7,0.990,1,1,31.0,0.13,28.54,30.0,0
1779285603833,115,PERSON-01,407.1,19.09,22.07,2.97,17.53,22.2,0.973,1,1,32.5,0.07,29.03,29.9,0
1779285603867,116,UAS-01,508.0,18.99,21.86,2.87,16.51,22.2,0.978,1,1,31.0,0.44,28.79,30.0,0
1779285603900,117,UAS-02,471.7,19.02,21.72,2.70,16.56,22.0,0.188,0,0,31.0,0.00,28.70,30.1,0
1779285603933,118,GND-VEH-01,722.2,19.12,21.68,2.55,16.19,21.3,0.986,1,1,31.8,0.21,28.56,30.0,0
1779285603967,119,PERSON-01,827.2,19.11,21.69,2.58,16.15,22.1,0.990,1,1,31.0,0.24,28.65,30.0,0
1779285604000,120,UAS-01,394.4,19.07,22.00,2.92,16.64,23.6,0.990,1,1,31.0,0.24,28.28,30.0,0
1779285604033,121,UAS-02,341.1,19.14,22.03,2.89,17.16,21.7,0.225,0,0,32.1,0.00,28.46,30.0,0
1779285604067,122,GND-VEH-01,449.5,19.10,21.75,2.65,16.22,21.8,0.990,1,1,33.2,0.30,28.67,30.0,0
1779285604100,123,PERSON-01,396.8,19.25,22.12,2.87,16.11,21.5,0.986,1,1,31.0,0.20,28.53,29.9,0
1779285604133,124,UAS-01,593.9,19.07,21.73,2.66,17.02,22.3,0.990,1,1,31.0,0.31,28.67,29.9,0
1779285604167,125,UAS-02,659.1,19.13,21.56,2.43,16.40,22.4,0.990,1,1,31.0,0.01,28.57,30.0,0
1779285604200,126,GND-VEH-01,760.7,19.11,21.69,2.58,16.15,24.2,0.990,1,1,31.0,0.08,28.60,29.9,0
1779285604233,127,PERSON-01,359.8,18.97,21.71,2.74,17.03,23.3,0.990,1,1,32.6,0.09,28.26,29.9,0
1779285604267,128,UAS-01,490.2,18.91,22.03,3.12,16.90,23.0,0.990,1,1,31.2,0.01,28.08,30.1,0
1779285604300,129,UAS-02,716.4,18.92,21.32,2.40,15.99,21.3,0.976,1,1,31.0,0.08,28.41,30.0,0
1779285604333,130,GND-VEH-01,315.2,18.73,21.26,2.53,16.05,21.7,0.990,1,1,32.7,0.05,28.26,29.9,0
1779285604367,131,PERSON-01,513.8,18.95,21.74,2.79,15.82,23.0,0.978,1,1,32.0,0.10,28.42,29.9,0
1779285604400,132,UAS-01,361.0,18.79,21.36,2.57,16.66,23.0,0.990,1,1,31.0,0.04,28.57,30.0,0
1779285604433,133,UAS-02,474.2,18.85,21.70,2.86,17.03,22.3,0.990,1,1,31.0,0.25,28.46,30.0,0
1779285604467,134,GND-VEH-01,314.4,19.01,21.81,2.81,17.23,22.0,0.990,1,1,31.0,0.34,28.48,30.0,0
1779285604500,135,PERSON-01,386.8,19.01,21.59,2.57,16.76,21.8,0.987,1,1,32.2,0.04,28.50,29.9,0
1779285604533,136,UAS-01,810.6,19.01,21.47,2.45,15.94,23.3,0.984,1,1,33.5,0.43,28.43,30.1,0
1779285604567,137,UAS-02,314.3,18.90,21.71,2.81,17.01,22.9,0.990,1,1,33.0,0.22,28.53,30.0,0
1779285604600,138,GND-VEH-01,370.9,18.94,21.76,2.82,16.30,23.0,0.189,0,0,32.5,0.00,28.35,29.9,0
1779285604633,139,PERSON-01,546.7,18.98,21.59,2.62,16.72,21.7,0.990,1,1,31.0,0.27,29.00,30.1,0
1779285604667,140,UAS-01,584.0,18.75,21.40,2.66,15.76,21.1,0.988,1,1,31.0,0.17,28.57,30.1,0
1779285604700,141,UAS-02,308.9,18.91,21.66,2.75,16.47,20.9,0.990,1,1,31.0,0.15,28.52,30.0,0
1779285604733,142,GND-VEH-01,658.5,18.90,21.58,2.68,16.71,20.8,0.990,1,1,31.0,0.19,28.52,29.8,0
1779285604767,143,PERSON-01,321.1,18.96,21.77,2.80,16.74,22.4,0.172,0,0,31.0,0.00,28.62,30.0,0
1779285604800,144,UAS-01,432.4,18.98,21.57,2.59,16.93,21.6,0.990,1,1,31.0,0.15,28.23,30.0,0
1779285604833,145,UAS-02,689.5,19.02,21.66,2.64,16.15,21.0,0.989,1,1,32.0,0.16,28.58,30.0,0
1779285604867,146,GND-VEH-01,314.4,19.22,21.88,2.66,16.90,21.3,0.990,1,1,31.1,0.07,28.48,30.1,0
1779285604900,147,PERSON-01,499.3,19.20,22.01,2.81,16.80,21.3,0.990,1,1,31.8,0.19,28.39,30.0,0
1779285604933,148,UAS-01,715.4,18.98,21.94,2.96,17.13,21.8,0.989,1,1,31.0,0.10,28.59,30.0,0
1779285604967,149,UAS-02,435.8,18.90,21.70,2.80,16.92,22.9,0.990,1,1,31.0,0.08,28.84,30.1,0
1779285605000,150,GND-VEH-01,586.2,19.19,22.02,2.84,16.77,21.0,0.265,0,0,31.0,0.00,28.80,30.1,0
1779285605033,151,PERSON-01,572.3,19.16,21.79,2.63,16.45,22.0,0.990,1,1,35.0,0.11,28.55,30.1,0
1779285605067,152,UAS-01,455.4,19.01,21.74,2.72,16.33,23.0,0.990,1,1,32.5,0.30,28.71,30.0,0
1779285605100,153,UAS-02,316.9,18.95,21.72,2.77,17.48,23.3,0.990,1,1,33.0,0.07,28.37,29.9,0
1779285605133,154,GND-VEH-01,440.2,18.91,21.68,2.78,16.64,20.8,0.990,1,1,32.6,0.26,28.37,30.0,0
1779285605167,155,PERSON-01,348.4,19.32,22.44,3.11,17.02,21.1,0.990,1,1,31.0,0.35,28.56,29.9,0
1779285605200,156,UAS-01,503.8,18.78,21.39,2.61,16.38,21.1,0.981,1,1,31.0,0.24,28.44,30.1,0
1779285605233,157,UAS-02,312.5,18.97,21.92,2.95,16.89,21.9,0.984,1,1,31.0,0.04,28.61,29.9,0
1779285605267,158,GND-VEH-01,604.0,19.26,22.05,2.79,16.76,22.9,0.989,1,1,31.0,0.14,28.80,30.0,0
1779285605300,159,PERSON-01,432.4,19.10,21.96,2.86,16.97,21.2,0.990,1,1,34.1,0.06,28.97,30.0,0
1779285605333,160,UAS-01,400.7,19.08,22.02,2.94,17.29,21.3,0.988,1,1,31.0,0.00,28.98,30.0,0
1779285605367,161,UAS-02,878.9,19.02,21.64,2.62,16.57,23.0,0.990,1,1,31.6,0.12,28.85,30.2,0
1779285605400,162,GND-VEH-01,782.9,19.13,21.62,2.49,16.90,20.5,0.984,1,1,31.0,0.23,28.71,30.0,0
1779285605433,163,PERSON-01,303.2,18.95,21.57,2.61,16.53,23.0,0.198,0,0,31.0,0.00,28.78,30.1,0
1779285605467,164,UAS-01,420.2,18.94,21.69,2.75,16.54,22.0,0.985,1,1,31.0,0.35,28.57,29.9,0
1779285605500,165,UAS-02,328.2,19.14,21.91,2.77,16.94,23.2,0.990,1,1,32.3,0.03,28.85,30.0,0
1779285605533,166,GND-VEH-01,325.6,18.87,21.58,2.71,16.88,23.0,0.990,1,1,31.8,0.43,28.86,30.1,0
1779285605567,167,PERSON-01,627.7,18.81,21.43,2.62,16.86,22.0,0.990,1,1,31.0,0.23,28.60,29.9,0
1779285605600,168,UAS-01,760.1,19.11,21.52,2.41,16.61,21.8,0.990,1,1,31.0,0.26,28.82,30.1,0
1779285605633,169,UAS-02,701.9,19.17,21.81,2.63,16.68,22.2,0.990,1,1,32.0,0.28,28.79,30.0,0
1779285605667,170,GND-VEH-01,559.2,19.13,22.17,3.04,16.34,23.6,0.990,1,1,31.0,0.33,28.65,29.9,0
1779285605700,171,PERSON-01,535.0,18.88,21.41,2.53,16.59,22.3,0.990,1,1,31.0,0.08,28.47,30.0,0
1779285605733,172,UAS-01,375.4,18.97,22.13,3.16,17.25,21.9,0.979,1,1,32.9,0.38,28.35,30.1,0
1779285605767,173,UAS-02,439.5,19.20,22.09,2.89,16.83,22.4,0.989,1,1,33.9,0.54,28.83,30.0,0
1779285605800,174,GND-VEH-01,408.5,18.93,21.84,2.91,17.32,22.4,0.990,1,1,31.0,0.11,28.41,29.8,0
1779285605833,175,PERSON-01,668.7,19.23,22.22,2.99,16.69,22.0,0.990,1,1,31.3,0.44,28.36,30.0,0
1779285605867,176,UAS-01,337.9,19.03,21.67,2.64,16.88,22.0,0.229,0,0,31.4,0.00,28.49,29.9,0
1779285605900,177,UAS-02,322.9,19.01,21.67,2.65,17.04,21.3,0.979,1,1,32.6,0.05,28.80,30.0,0
1779285605933,178,GND-VEH-01,727.1,18.70,21.68,2.98,16.85,20.2,0.990,1,1,31.8,0.41,28.87,30.0,0
1779285605967,179,PERSON-01,430.4,19.34,22.20,2.87,16.82,23.2,0.990,1,1,31.0,0.13,28.79,30.0,0
1779285606000,180,UAS-01,513.0,19.01,22.01,3.00,18.00,22.5,0.990,1,1,31.0,0.18,28.42,30.0,0
1779285606033,181,UAS-02,781.5,18.79,21.27,2.48,16.38,22.2,0.990,1,1,33.1,0.14,28.45,30.1,0
1779285606067,182,GND-VEH-01,767.4,19.26,22.07,2.81,16.72,21.8,0.990,1,1,32.6,0.28,28.75,30.0,0
1779285606100,183,PERSON-01,463.0,18.81,21.84,3.03,17.55,21.2,0.985,1,1,31.0,0.37,28.71,30.0,0
1779285606133,184,UAS-01,517.3,18.95,21.31,2.36,16.36,22.3,0.986,1,1,31.0,0.13,28.43,30.0,0
1779285606167,185,UAS-02,850.9,18.80,21.29,2.49,16.12,21.7,0.990,1,1,32.2,0.05,28.62,30.0,0
1779285606200,186,GND-VEH-01,300.3,19.03,22.03,3.00,17.75,22.4,0.990,1,1,31.0,0.15,28.68,29.9,0
1779285606233,187,PERSON-01,597.5,18.98,21.85,2.86,16.45,23.0,0.990,1,1,31.1,0.32,28.52,30.0,0
1779285606267,188,UAS-01,337.1,18.86,21.69,2.83,17.11,23.6,0.987,1,1,31.0,0.01,28.66,30.0,0
1779285606300,189,UAS-02,540.5,18.96,21.67,2.71,16.96,21.7,0.990,1,1,32.6,0.49,28.91,30.1,0
1779285606333,190,GND-VEH-01,783.6,18.83,21.20,2.37,16.04,23.2,0.990,1,1,31.2,0.06,28.57,30.0,0
1779285606367,191,PERSON-01,638.2,19.02,21.67,2.65,16.04,22.8,0.990,1,1,31.0,0.13,28.87,30.0,0
1779285606400,192,UAS-01,405.3,18.76,21.74,2.98,17.42,21.9,0.983,1,1,31.0,0.16,28.77,30.0,0
1779285606433,193,UAS-02,675.3,18.99,21.56,2.57,16.56,21.6,0.990,1,1,31.0,0.25,28.45,29.8,0
1779285606467,194,GND-VEH-01,329.0,19.07,22.22,3.15,17.19,23.2,0.990,1,1,31.0,0.49,28.90,29.9,0
1779285606500,195,PERSON-01,476.2,18.86,21.57,2.70,16.57,22.7,0.990,1,1,33.5,0.07,28.84,30.1,0
1779285606533,196,UAS-01,618.9,18.92,21.35,2.42,16.04,22.1,0.990,1,1,31.0,0.22,28.61,30.0,0
1779285606567,197,UAS-02,319.7,18.79,21.52,2.72,16.21,23.2,0.990,1,1,31.0,0.35,28.59,30.1,0
1779285606600,198,GND-VEH-01,358.0,19.02,21.97,2.96,16.88,22.1,0.975,1,1,33.4,0.25,28.43,30.0,0
1779285606633,199,PERSON-01,798.7,19.11,21.89,2.79,17.13,21.1,0.990,1,1,32.7,0.09,28.83,29.9,0
1779285606667,200,UAS-01,410.0,19.05,21.78,2.73,17.10,22.2,0.170,0,0,32.9,0.00,28.57,30.1,0
1779285606700,201,UAS-02,833.0,18.99,21.77,2.78,16.65,22.8,0.990,1,1,34.0,0.46,28.41,30.0,0
1779285606733,202,GND-VEH-01,531.5,18.97,21.58,2.61,16.57,22.8,0.974,1,1,32.0,0.24,28.79,30.1,0
1779285606767,203,PERSON-01,605.3,18.95,21.55,2.60,16.12,23.7,0.975,1,1,32.7,0.01,28.47,30.1,0
1779285606800,204,UAS-01,306.4,19.04,22.04,3.00,16.94,21.7,0.990,1,1,32.8,0.10,28.63,30.0,0
1779285606833,205,UAS-02,383.3,19.24,21.95,2.71,17.11,21.5,0.990,1,1,34.3,0.19,28.98,30.0,0
1779285606867,206,GND-VEH-01,543.3,19.02,21.97,2.95,16.81,22.2,0.990,1,1,31.9,0.07,28.78,30.1,0
1779285606900,207,PERSON-01,359.4,18.78,21.69,2.91,16.97,21.5,0.990,1,1,31.0,0.61,28.79,29.8,0
1779285606933,208,UAS-01,713.2,18.81,21.67,2.86,16.84,21.9,0.990,1,1,31.0,0.15,29.17,30.0,0
1779285606967,209,UAS-02,626.8,19.21,21.76,2.56,16.17,22.6,0.990,1,1,31.0,0.34,29.03,29.7,0
1779285607000,210,GND-VEH-01,826.2,18.87,21.75,2.88,16.53,21.0,0.990,1,1,31.4,0.04,29.03,30.0,0
1779285607033,211,PERSON-01,647.3,18.98,21.49,2.51,16.28,21.1,0.990,1,1,31.1,0.34,28.90,30.0,0
1779285607067,212,UAS-01,501.3,18.98,21.49,2.50,16.47,22.1,0.990,1,1,32.0,0.10,28.91,30.0,0
1779285607100,213,UAS-02,306.9,19.02,21.79,2.77,16.63,22.1,0.990,1,1,33.8,0.03,28.88,30.1,0
1779285607133,214,GND-VEH-01,393.9,19.04,21.96,2.91,17.05,22.1,0.990,1,1,31.0,0.44,28.87,30.0,0
1779285607167,215,PERSON-01,420.5,18.86,21.66,2.79,17.37,22.4,0.990,1,1,31.5,0.18,28.79,30.0,0
1779285607200,216,UAS-01,327.0,18.81,21.84,3.03,17.47,21.5,0.990,1,1,34.9,0.18,28.45,30.1,0
1779285607233,217,UAS-02,405.2,18.94,21.89,2.96,16.14,22.8,0.990,1,1,31.0,0.10,28.92,30.1,0
1779285607267,218,GND-VEH-01,354.0,18.92,21.41,2.49,15.65,22.8,0.990,1,1,31.7,0.23,28.68,30.1,0
1779285607300,219,PERSON-01,496.4,19.02,21.71,2.69,16.76,21.6,0.990,1,1,31.0,0.09,28.48,29.9,0
1779285607333,220,UAS-01,495.0,19.05,21.90,2.85,16.93,22.0,0.231,0,0,31.3,0.00,29.17,30.0,0
1779285607367,221,UAS-02,819.3,18.90,21.40,2.50,15.66,22.5,0.990,1,1,32.2,0.33,28.89,30.1,0
1779285607400,222,GND-VEH-01,682.3,18.85,21.79,2.94,17.28,20.5,0.990,1,1,32.3,0.08,28.75,30.0,0
1779285607433,223,PERSON-01,570.0,18.96,21.56,2.59,16.37,20.9,0.990,1,1,31.0,0.07,28.87,29.9,0
1779285607467,224,UAS-01,366.3,18.90,21.44,2.54,16.63,24.3,0.990,1,1,33.3,0.08,28.91,30.0,0
1779285607500,225,UAS-02,338.3,19.04,21.70,2.66,16.92,21.3,0.990,1,1,31.1,0.62,28.73,30.1,0
1779285607533,226,GND-VEH-01,775.9,18.88,21.40,2.51,16.33,21.6,0.959,1,1,31.2,0.57,28.88,30.0,0
1779285607567,227,PERSON-01,573.8,18.90,21.96,3.06,17.41,20.7,0.990,1,1,31.0,0.35,28.51,30.1,0
1779285607600,228,UAS-01,352.6,18.91,21.87,2.96,16.34,22.4,0.990,1,1,33.2,0.11,29.10,30.0,0
1779285607633,229,UAS-02,418.4,18.88,21.50,2.62,15.45,23.4,0.990,1,1,32.4,0.32,28.80,30.0,0
1779285607667,230,GND-VEH-01,307.0,19.15,21.89,2.75,16.87,22.6,0.990,1,1,31.0,0.04,29.04,30.2,0
1779285607700,231,PERSON-01,798.3,18.99,21.59,2.61,16.23,21.2,0.990,1,1,33.5,0.15,29.09,29.8,0
1779285607733,232,UAS-01,352.0,18.78,21.79,3.01,16.67,21.9,0.220,0,0,31.0,0.00,29.13,30.0,0
1779285607767,233,UAS-02,435.1,19.02,21.69,2.67,16.27,21.7,0.990,1,1,31.1,0.00,28.68,30.1,0
1779285607800,234,GND-VEH-01,540.5,19.08,21.59,2.51,15.92,22.2,0.986,1,1,32.5,0.58,28.93,30.0,0
1779285607833,235,PERSON-01,459.1,18.93,21.79,2.86,16.57,21.5,0.990,1,1,32.1,0.07,28.79,30.0,0
1779285607867,236,UAS-01,514.0,18.91,21.58,2.67,16.93,20.2,0.990,1,1,33.7,0.18,28.95,30.0,0
1779285607900,237,UAS-02,452.8,18.80,21.65,2.85,17.01,21.0,0.990,1,1,31.0,0.02,29.32,29.9,0
1779285607933,238,GND-VEH-01,419.2,18.72,21.38,2.65,16.65,21.2,0.978,1,1,31.0,0.12,29.30,30.1,0
1779285607967,239,PERSON-01,426.6,19.00,21.91,2.91,17.16,21.5,0.990,1,1,32.1,0.21,28.84,30.1,0
1779285608000,240,UAS-01,582.0,18.75,21.39,2.64,16.39,21.0,0.218,0,0,31.8,0.00,28.56,30.1,0
1779285608033,241,UAS-02,479.7,19.09,22.01,2.92,17.19,21.7,0.990,1,1,31.0,0.26,28.80,30.0,0
1779285608067,242,GND-VEH-01,391.6,19.11,22.21,3.10,17.63,21.0,0.171,0,0,31.0,0.00,28.46,29.9,0
1779285608100,243,PERSON-01,300.5,18.96,21.90,2.93,16.80,21.9,0.990,1,1,31.2,0.33,28.72,30.0,0
1779285608133,244,UAS-01,592.2,19.11,21.66,2.55,16.67,21.5,0.990,1,1,33.8,0.16,28.67,30.0,0
1779285608167,245,UAS-02,301.1,18.87,21.63,2.77,16.47,21.2,0.990,1,1,32.1,0.01,29.01,30.1,0
1779285608200,246,GND-VEH-01,329.1,18.89,21.70,2.82,16.60,21.5,0.990,1,1,31.0,0.27,28.58,30.1,0
1779285608233,247,PERSON-01,479.3,19.12,22.06,2.94,17.62,22.0,0.990,1,1,31.0,0.04,29.39,29.9,0
1779285608267,248,UAS-01,654.2,18.99,21.64,2.65,16.72,20.9,0.990,1,1,31.0,0.42,28.79,30.1,0
1779285608300,249,UAS-02,308.9,18.99,21.71,2.72,16.37,23.6,0.990,1,1,31.0,0.47,29.15,30.0,0
1779285608333,250,GND-VEH-01,329.9,18.96,21.64,2.68,15.52,20.7,0.225,0,0,31.5,0.00,28.71,30.0,0
1779285608367,251,PERSON-01,645.1,19.02,21.79,2.77,16.01,23.1,0.990,1,1,31.0,0.01,29.14,30.0,0
1779285608400,252,UAS-01,485.6,18.89,21.53,2.63,16.37,23.0,0.984,1,1,35.2,0.18,28.83,30.0,0
1779285608433,253,UAS-02,755.8,19.01,21.83,2.82,17.31,21.6,0.972,1,1,32.9,0.19,29.12,29.9,0
1779285608467,254,GND-VEH-01,620.2,19.12,22.15,3.03,16.90,20.7,0.990,1,1,31.0,0.09,29.27,30.1,0
1779285608500,255,PERSON-01,504.9,19.14,21.82,2.68,16.57,21.2,0.990,1,1,31.1,0.07,28.92,30.0,0
1779285608533,256,UAS-01,360.4,18.88,21.92,3.04,17.47,22.5,0.990,1,1,31.0,0.34,29.04,30.0,0
1779285608567,257,UAS-02,465.0,19.03,21.97,2.94,16.62,20.4,0.985,1,1,33.8,0.10,28.95,30.0,0
1779285608600,258,GND-VEH-01,523.8,18.92,21.44,2.52,16.89,22.2,0.990,1,1,31.3,0.07,28.92,30.1,0
1779285608633,259,PERSON-01,381.3,19.29,22.06,2.77,17.56,20.8,0.990,1,1,31.9,0.46,28.45,30.0,0
1779285608667,260,UAS-01,399.0,18.71,21.28,2.57,16.29,22.6,0.974,1,1,31.9,0.31,29.18,30.1,0
1779285608700,261,UAS-02,301.6,18.84,21.38,2.54,16.32,22.0,0.990,1,1,32.4,0.27,28.87,30.0,0
1779285608733,262,GND-VEH-01,485.1,18.99,21.56,2.57,16.62,20.9,0.185,0,0,33.8,0.00,28.82,29.9,0
1779285608767,263,PERSON-01,357.5,19.08,21.70,2.62,15.95,22.6,0.209,0,0,31.1,0.00,28.79,29.9,0
1779285608800,264,UAS-01,412.9,18.93,21.68,2.75,16.84,21.7,0.990,1,1,31.9,0.24,29.23,30.1,0
1779285608833,265,UAS-02,400.4,19.17,22.16,2.99,16.53,22.8,0.986,1,1,31.3,0.24,29.28,30.1,0
1779285608867,266,GND-VEH-01,462.3,19.00,21.90,2.89,16.64,21.6,0.990,1,1,31.0,0.40,28.87,30.1,0
1779285608900,267,PERSON-01,513.2,18.94,21.82,2.88,16.63,21.9,0.990,1,1,35.4,0.13,29.01,30.0,0
1779285608933,268,UAS-01,307.6,18.99,21.99,3.01,17.30,22.2,0.990,1,1,31.0,0.41,29.17,30.1,0
1779285608967,269,UAS-02,436.5,19.13,22.14,3.01,16.60,21.4,0.990,1,1,31.0,0.49,29.21,29.9,0
1779285609000,270,GND-VEH-01,685.4,18.82,21.53,2.71,16.37,21.8,0.990,1,1,33.2,0.48,28.98,30.1,0
1779285609033,271,PERSON-01,516.8,18.85,21.54,2.70,16.52,22.2,0.970,1,1,35.0,0.30,29.04,29.9,0
1779285609067,272,UAS-01,735.2,18.98,21.69,2.71,16.33,22.5,0.990,1,1,31.3,0.24,28.74,30.0,0
1779285609100,273,UAS-02,600.9,19.16,21.95,2.80,16.73,23.0,0.990,1,1,31.5,0.34,28.95,30.1,0
1779285609133,274,GND-VEH-01,445.4,18.99,22.02,3.03,16.84,23.1,0.990,1,1,33.5,0.08,29.00,30.1,0
1779285609167,275,PERSON-01,546.3,18.79,21.55,2.76,15.87,22.0,0.990,1,1,33.0,0.20,29.13,29.9,0
1779285609200,276,UAS-01,363.4,19.03,21.46,2.43,16.53,21.9,0.990,1,1,31.0,0.10,29.14,30.0,0
1779285609233,277,UAS-02,352.1,18.71,21.39,2.68,16.49,22.4,0.988,1,1,31.7,0.28,29.04,29.9,0
1779285609267,278,GND-VEH-01,640.9,19.07,21.59,2.52,16.33,23.5,0.983,1,1,31.0,0.01,29.24,30.0,0
1779285609300,279,PERSON-01,759.0,19.05,22.01,2.96,16.98,20.8,0.986,1,1,31.0,0.03,29.04,30.0,0
1779285609333,280,UAS-01,444.4,18.85,21.72,2.86,17.05,22.6,0.990,1,1,31.0,0.00,28.69,30.0,0
1779285609367,281,UAS-02,545.7,19.05,21.65,2.60,16.11,21.3,0.990,1,1,31.6,0.37,29.08,30.0,0
1779285609400,282,GND-VEH-01,516.1,19.31,21.98,2.67,16.35,21.6,0.990,1,1,34.7,0.36,29.25,30.0,0
1779285609433,283,PERSON-01,609.0,18.86,21.71,2.85,17.19,20.3,0.990,1,1,31.0,0.01,29.22,30.1,0
1779285609467,284,UAS-01,420.9,18.83,21.37,2.55,16.45,21.4,0.990,1,1,31.0,0.18,29.03,30.1,0
1779285609500,285,UAS-02,370.5,19.26,22.09,2.82,16.38,21.8,0.990,1,1,33.0,0.11,29.13,30.1,0
1779285609533,286,GND-VEH-01,561.5,18.70,21.60,2.89,17.13,20.7,0.976,1,1,31.5,0.43,29.01,30.1,0
1779285609567,287,PERSON-01,511.5,18.96,21.83,2.88,16.41,21.6,0.990,1,1,31.0,0.51,29.22,30.0,0
1779285609600,288,UAS-01,880.5,18.99,21.40,2.41,16.49,21.4,0.990,1,1,31.0,0.36,29.16,29.9,0
1779285609633,289,UAS-02,367.4,18.91,21.74,2.83,16.49,23.1,0.990,1,1,31.3,0.61,29.36,29.9,0
1779285609667,290,GND-VEH-01,454.9,18.89,21.78,2.89,17.26,21.7,0.990,1,1,31.0,0.08,28.91,29.9,0
1779285609700,291,PERSON-01,368.8,19.05,22.03,2.98,16.44,22.6,0.990,1,1,31.0,0.23,28.81,30.0,0
1779285609733,292,UAS-01,573.0,19.36,21.91,2.55,15.85,21.7,0.987,1,1,31.0,0.07,29.15,30.0,0
1779285609767,293,UAS-02,752.4,19.10,21.65,2.55,16.01,22.5,0.990,1,1,31.6,0.31,29.63,30.1,0
1779285609800,294,GND-VEH-01,429.2,18.99,21.58,2.59,15.85,21.8,0.990,1,1,33.7,0.18,29.16,29.9,0
1779285609833,295,PERSON-01,510.0,18.90,21.84,2.94,16.77,23.4,0.183,0,0,32.8,0.00,28.99,29.9,0
1779285609867,296,UAS-01,455.8,19.12,22.00,2.89,16.38,21.0,0.988,1,1,32.1,0.47,28.96,30.1,0
1779285609900,297,UAS-02,606.4,18.84,21.50,2.66,16.95,22.5,0.983,1,1,31.0,0.13,29.11,29.8,0
1779285609933,298,GND-VEH-01,700.5,19.15,21.69,2.54,16.59,21.5,0.990,1,1,31.4,0.07,29.22,29.9,0
1779285609967,299,PERSON-01,514.6,19.18,21.73,2.55,16.87,20.1,0.988,1,1,32.2,0.18,29.23,30.0,0
1779285610000,300,UAS-01,338.6,18.82,21.92,3.09,16.70,23.1,0.990,1,1,31.0,0.51,28.73,29.9,0
1779285610033,301,UAS-02,303.8,19.19,22.12,2.93,16.30,21.3,0.990,1,1,31.0,0.25,29.31,30.1,0
1779285610067,302,GND-VEH-01,331.6,19.14,22.00,2.86,16.47,21.9,0.990,1,1,31.0,0.31,29.18,30.2,0
1779285610100,303,PERSON-01,441.6,18.86,21.51,2.65,16.66,23.4,0.990,1,1,31.0,0.29,29.07,30.1,0
1779285610133,304,UAS-01,629.3,18.84,21.36,2.52,15.80,22.1,0.987,1,1,31.0,0.30,29.31,30.1,0
1779285610167,305,UAS-02,445.3,19.01,21.65,2.64,16.98,21.1,0.990,1,1,31.0,0.23,28.67,30.0,0
1779285610200,306,GND-VEH-01,647.4,19.03,21.71,2.68,16.48,23.1,0.990,1,1,31.0,0.05,29.06,30.0,0
1779285610233,307,PERSON-01,348.9,19.02,21.97,2.95,17.64,22.0,0.990,1,1,33.2,0.40,29.45,29.9,0
1779285610267,308,UAS-01,559.4,18.96,21.75,2.79,16.33,21.8,0.984,1,1,31.0,0.25,29.44,30.1,0
1779285610300,309,UAS-02,453.6,19.04,21.99,2.95,16.85,21.0,0.988,1,1,31.4,0.32,29.25,29.9,0
1779285610333,310,GND-VEH-01,523.9,18.70,21.40,2.69,15.95,22.1,0.990,1,1,31.0,0.41,29.16,30.1,0
1779285610367,311,PERSON-01,311.1,19.00,21.95,2.95,16.78,21.9,0.979,1,1,31.0,0.37,29.34,30.1,0
1779285610400,312,UAS-01,369.1,19.07,21.84,2.77,16.83,21.5,0.990,1,1,31.8,0.40,29.24,30.1,0
1779285610433,313,UAS-02,330.0,18.90,21.72,2.83,16.77,21.7,0.990,1,1,31.0,0.05,29.10,30.2,0
1779285610467,314,GND-VEH-01,735.0,18.97,21.58,2.62,16.91,21.9,0.986,1,1,31.0,0.10,29.39,30.1,0
1779285610500,315,PERSON-01,587.3,19.04,21.38,2.34,15.72,22.1,0.986,1,1,31.0,0.14,29.15,30.0,0
1779285610533,316,UAS-01,901.4,18.72,21.22,2.51,16.25,22.5,0.967,1,1,31.0,0.02,29.30,30.0,0
1779285610567,317,UAS-02,326.2,18.70,21.37,2.67,17.26,21.7,0.990,1,1,31.0,0.04,29.09,29.9,0
1779285610600,318,GND-VEH-01,701.3,19.06,22.14,3.09,17.08,21.5,0.990,1,1,33.3,0.23,28.89,30.2,0
1779285610633,319,PERSON-01,578.1,19.13,21.69,2.55,16.79,22.7,0.990,1,1,31.0,0.11,28.88,29.8,0
1779285610667,320,UAS-01,445.1,19.00,21.87,2.87,16.57,22.8,0.990,1,1,31.5,0.20,29.29,29.9,0
1779285610700,321,UAS-02,592.2,18.88,21.63,2.75,16.40,21.9,0.990,1,1,31.0,0.23,29.13,29.9,0
1779285610733,322,GND-VEH-01,545.8,19.21,22.15,2.95,16.90,23.4,0.990,1,1,31.0,0.02,29.00,29.9,0
1779285610767,323,PERSON-01,466.8,18.96,21.84,2.88,17.30,21.3,0.990,1,1,32.3,0.08,29.11,30.1,0
1779285610800,324,UAS-01,601.8,19.07,21.72,2.65,16.89,22.7,0.972,1,1,31.0,0.25,29.18,30.0,0
1779285610833,325,UAS-02,428.3,19.02,21.82,2.80,16.35,22.4,0.966,1,1,31.1,0.26,28.84,29.9,0
1779285610867,326,GND-VEH-01,500.1,18.90,21.53,2.63,16.14,23.2,0.990,1,1,35.2,0.20,29.22,30.0,0
1779285610900,327,PERSON-01,305.0,19.11,21.68,2.58,15.93,22.4,0.204,0,0,31.0,0.00,29.03,30.1,0
1779285610933,328,UAS-01,795.1,19.14,21.89,2.75,16.76,23.0,0.990,1,1,31.0,0.09,28.81,29.9,0
1779285610967,329,UAS-02,313.4,19.17,22.41,3.23,17.54,21.6,0.990,1,1,35.6,0.25,29.15,30.1,0
1779285611000,330,GND-VEH-01,438.3,19.05,22.05,3.01,16.01,23.5,0.253,0,0,33.3,0.00,29.08,30.0,0
1779285611033,331,PERSON-01,418.0,18.82,21.67,2.86,17.25,21.2,0.221,0,0,31.0,0.00,29.22,30.1,0
1779285611067,332,UAS-01,300.0,18.93,21.75,2.81,16.62,23.8,0.990,1,1,31.6,0.57,29.53,29.9,0
1779285611100,333,UAS-02,568.6,18.88,21.54,2.66,16.15,21.9,0.977,1,1,32.0,0.44,28.70,29.8,0
1779285611133,334,GND-VEH-01,878.7,18.92,21.61,2.69,16.45,22.8,0.990,1,1,31.0,0.12,29.09,30.0,0
1779285611167,335,PERSON-01,709.4,18.72,21.31,2.59,16.74,21.1,0.990,1,1,31.0,0.50,29.62,30.0,0
1779285611200,336,UAS-01,436.9,18.99,21.79,2.80,16.98,23.2,0.990,1,1,31.0,0.17,29.27,29.9,0
1779285611233,337,UAS-02,509.5,18.79,21.12,2.34,16.08,22.0,0.990,1,1,33.5,0.18,29.30,30.0,0
1779285611267,338,GND-VEH-01,471.5,19.09,21.78,2.69,16.08,21.4,0.990,1,1,31.1,0.46,29.10,30.0,0
1779285611300,339,PERSON-01,542.7,19.04,21.70,2.66,16.55,22.7,0.990,1,1,31.0,0.26,28.96,30.0,0
1779285611333,340,UAS-01,426.4,19.17,22.13,2.97,17.20,22.1,0.990,1,1,34.0,0.01,29.00,30.1,0
1779285611367,341,UAS-02,647.4,18.95,21.57,2.62,16.34,20.4,0.990,1,1,35.1,0.47,29.05,30.0,0
1779285611400,342,GND-VEH-01,738.0,18.93,21.67,2.74,16.64,22.5,0.990,1,1,32.2,0.24,29.09,30.0,0
1779285611433,343,PERSON-01,318.4,19.27,22.16,2.89,15.92,23.8,0.990,1,1,31.8,0.19,29.50,30.0,0
1779285611467,344,UAS-01,377.8,18.86,21.37,2.51,15.76,23.7,0.976,1,1,31.2,0.23,29.55,30.1,0
1779285611500,345,UAS-02,449.3,19.01,21.73,2.72,16.57,22.5,0.220,0,0,31.0,0.00,29.55,29.8,0
1779285611533,346,GND-VEH-01,593.4,18.67,21.00,2.33,16.34,21.0,0.990,1,1,31.0,0.22,29.35,30.1,0
1779285611567,347,PERSON-01,957.7,19.09,21.81,2.72,15.95,22.4,0.990,1,1,31.9,0.44,29.87,30.2,0
1779285611600,348,UAS-01,431.3,19.29,22.33,3.04,16.96,23.1,0.964,1,1,31.0,0.36,29.34,30.0,0
1779285611633,349,UAS-02,364.3,18.97,22.07,3.10,17.64,21.0,0.990,1,1,31.0,0.05,29.54,30.0,0
1779285611667,350,GND-VEH-01,494.1,19.01,21.74,2.73,16.61,21.4,0.256,0,0,31.0,0.00,29.80,30.0,0
1779285611700,351,PERSON-01,426.5,19.06,21.98,2.92,17.02,23.5,0.990,1,1,31.0,0.12,29.44,29.9,0
1779285611733,352,UAS-01,499.8,19.00,21.74,2.74,16.77,23.0,0.990,1,1,31.0,0.15,29.52,30.0,0
1779285611767,353,UAS-02,440.1,19.05,21.47,2.42,16.52,23.2,0.990,1,1,31.2,0.12,29.17,30.1,0
1779285611800,354,GND-VEH-01,522.4,19.11,21.99,2.88,16.57,23.0,0.990,1,1,31.0,0.45,29.57,29.8,0
1779285611833,355,PERSON-01,478.0,19.21,21.94,2.73,16.48,20.5,0.990,1,1,31.0,0.19,29.45,30.1,0
1779285611867,356,UAS-01,545.6,19.03,21.90,2.87,16.98,21.6,0.977,1,1,31.0,0.09,29.39,30.0,0
1779285611900,357,UAS-02,362.4,19.01,21.62,2.61,16.25,21.4,0.990,1,1,31.0,0.11,29.17,29.9,0
1779285611933,358,GND-VEH-01,396.8,18.81,21.45,2.64,16.52,22.5,0.990,1,1,31.2,0.34,29.59,29.9,0
1779285611967,359,PERSON-01,490.8,18.95,21.87,2.92,17.52,22.1,0.990,1,1,31.0,0.02,29.37,29.9,0
1779285612000,360,UAS-01,462.4,18.84,21.37,2.53,16.93,22.8,0.990,1,1,31.6,0.35,29.36,29.9,0
1779285612033,361,UAS-02,318.7,18.83,21.36,2.53,15.74,22.0,0.270,0,0,31.0,0.00,29.47,30.0,0
1779285612067,362,GND-VEH-01,659.9,19.07,21.89,2.82,16.97,20.1,0.990,1,1,31.0,0.03,29.35,30.0,0
1779285612100,363,PERSON-01,865.3,19.18,21.98,2.80,16.25,22.3,0.990,1,1,32.5,0.22,29.43,30.0,0
1779285612133,364,UAS-01,366.2,18.83,21.64,2.81,16.21,22.4,0.990,1,1,31.3,0.63,29.59,30.0,0
1779285612167,365,UAS-02,619.0,19.13,21.51,2.38,15.80,21.3,0.207,0,0,31.0,0.00,29.46,30.0,0
1779285612200,366,GND-VEH-01,454.9,19.13,22.16,3.02,17.28,22.8,0.990,1,1,31.0,0.16,29.64,30.0,0
1779285612233,367,PERSON-01,387.4,19.01,21.85,2.84,16.71,21.6,0.990,1,1,31.9,0.10,29.53,30.1,0
1779285612267,368,UAS-01,550.9,19.24,21.87,2.64,16.78,20.8,0.990,1,1,31.9,0.06,29.41,30.0,0
1779285612300,369,UAS-02,383.5,19.07,21.90,2.83,17.12,21.6,0.990,1,1,32.4,0.19,29.43,30.1,0
1779285612333,370,GND-VEH-01,600.5,18.98,21.73,2.75,16.93,22.5,0.990,1,1,31.8,0.15,29.59,30.0,0
1779285612367,371,PERSON-01,496.8,19.10,21.77,2.66,16.65,21.4,0.990,1,1,33.8,0.31,29.74,30.1,0
1779285612400,372,UAS-01,479.2,18.93,21.37,2.43,15.81,22.6,0.990,1,1,33.1,0.04,29.78,30.0,0
1779285612433,373,UAS-02,414.6,19.17,22.09,2.92,16.44,21.4,0.972,1,1,31.0,0.08,29.24,30.0,0
1779285612467,374,GND-VEH-01,403.9,19.08,21.75,2.66,17.04,21.3,0.990,1,1,32.4,0.01,29.81,29.9,0
1779285612500,375,PERSON-01,586.3,19.02,21.73,2.71,16.68,23.0,0.986,1,1,31.0,0.32,29.37,30.1,0
1779285612533,376,UAS-01,905.1,19.10,21.74,2.64,16.70,20.6,0.987,1,1,31.0,0.07,29.55,30.0,0
1779285612567,377,UAS-02,624.1,19.00,21.87,2.87,16.98,20.6,0.990,1,1,31.0,0.26,29.53,30.0,0
1779285612600,378,GND-VEH-01,303.6,18.91,21.89,2.98,17.38,21.6,0.177,0,0,32.0,0.00,29.50,29.8,0
1779285612633,379,PERSON-01,466.2,19.03,21.94,2.91,16.50,21.6,0.191,0,0,31.0,0.00,30.14,30.0,0
1779285612667,380,UAS-01,880.4,18.96,21.46,2.50,15.57,21.2,0.990,1,1,32.0,0.02,29.04,30.1,0
1779285612700,381,UAS-02,428.0,18.94,21.68,2.74,17.22,20.7,0.990,1,1,33.1,0.03,29.90,30.0,0
1779285612733,382,GND-VEH-01,341.0,18.91,21.83,2.92,16.83,22.2,0.166,0,0,31.4,0.00,29.64,29.9,0
1779285612767,383,PERSON-01,360.8,19.20,21.83,2.63,15.67,21.0,0.984,1,1,31.3,0.09,29.25,30.1,0
1779285612800,384,UAS-01,986.5,19.04,21.24,2.20,16.40,19.9,0.990,1,1,31.0,0.30,29.61,30.0,0
1779285612833,385,UAS-02,392.9,19.18,22.18,3.00,16.96,21.3,0.983,1,1,31.0,0.07,29.29,29.9,0
1779285612867,386,GND-VEH-01,647.4,19.00,21.24,2.24,15.64,22.7,0.984,1,1,31.0,0.28,29.46,30.0,0
1779285612900,387,PERSON-01,670.2,19.06,21.50,2.44,15.89,19.9,0.990,1,1,31.0,0.15,29.48,29.9,0
1779285612933,388,UAS-01,610.2,19.01,21.54,2.53,16.27,22.7,0.990,1,1,31.0,0.11,29.53,21.1,1
1779285612967,389,UAS-02,978.7,19.13,21.44,2.31,16.25,22.0,0.972,1,1,32.3,0.21,29.66,30.0,0
1779285613000,390,GND-VEH-01,374.1,18.86,21.51,2.66,16.27,22.4,0.990,1,1,31.1,0.02,29.61,30.0,0
1779285613033,391,PERSON-01,439.0,18.76,21.48,2.72,17.39,21.9,0.990,1,1,31.0,0.24,29.80,30.0,0
1779285613067,392,UAS-01,358.0,19.04,21.84,2.80,16.14,22.8,0.990,1,1,31.8,0.14,29.73,29.9,0
1779285613100,393,UAS-02,392.7,19.09,21.81,2.72,16.16,22.3,0.987,1,1,31.1,0.30,29.28,30.1,0
1779285613133,394,GND-VEH-01,387.0,18.80,21.73,2.93,17.20,20.2,0.990,1,1,32.3,0.04,29.41,30.1,0
1779285613167,395,PERSON-01,750.3,18.91,21.46,2.55,16.31,22.7,0.990,1,1,31.0,0.44,29.60,30.0,0
1779285613200,396,UAS-01,340.7,18.91,21.79,2.87,16.48,23.1,0.988,1,1,32.0,0.26,29.60,29.9,0
1779285613233,397,UAS-02,653.5,19.11,21.72,2.61,16.56,21.1,0.990,1,1,31.0,0.11,29.87,30.0,0
1779285613267,398,GND-VEH-01,433.5,18.73,21.53,2.81,17.00,20.6,0.990,1,1,32.7,0.06,29.76,30.0,0
1779285613300,399,PERSON-01,551.6,18.89,21.70,2.81,16.94,22.0,0.990,1,1,31.9,0.13,29.35,30.0,0
1779285613333,400,UAS-01,329.0,19.00,21.44,2.43,16.05,22.0,0.990,1,1,31.0,0.19,29.75,29.9,0
1779285613367,401,UAS-02,339.5,19.18,22.01,2.83,16.76,22.7,0.989,1,1,32.1,0.52,29.28,30.0,0
1779285613400,402,GND-VEH-01,432.0,19.25,21.88,2.63,17.09,21.9,0.990,1,1,31.0,0.56,29.71,30.0,0
1779285613433,403,PERSON-01,338.2,19.24,22.22,2.98,16.79,22.9,0.990,1,1,32.0,0.00,30.00,30.0,0
1779285613467,404,UAS-01,481.5,19.07,21.81,2.75,17.04,23.1,0.988,1,1,31.0,0.33,29.86,30.0,0
1779285613500,405,UAS-02,542.4,19.22,21.63,2.41,16.33,22.8,0.990,1,1,31.6,0.35,29.25,30.0,0
1779285613533,406,GND-VEH-01,383.6,18.93,21.67,2.74,16.33,23.8,0.200,0,0,32.4,0.00,29.89,30.1,0
1779285613567,407,PERSON-01,420.4,19.08,21.76,2.68,16.45,21.6,0.236,0,0,31.0,0.00,29.86,29.9,0
1779285613600,408,UAS-01,382.9,19.04,21.84,2.80,16.38,21.3,0.990,1,1,32.4,0.10,29.65,30.0,0
1779285613633,409,UAS-02,592.2,18.94,21.47,2.54,16.17,22.8,0.990,1,1,31.4,0.28,29.64,29.9,0
1779285613667,410,GND-VEH-01,675.5,19.10,21.83,2.73,16.52,22.1,0.989,1,1,31.2,0.03,29.60,30.1,0
1779285613700,411,PERSON-01,391.3,19.10,21.85,2.75,16.70,21.7,0.990,1,1,32.3,0.17,29.70,30.0,0
1779285613733,412,UAS-01,558.7,19.01,21.73,2.72,16.71,22.4,0.990,1,1,31.0,0.27,29.85,30.1,0
1779285613767,413,UAS-02,320.9,19.25,21.94,2.69,16.58,23.0,0.990,1,1,31.0,0.23,29.90,30.1,0
1779285613800,414,GND-VEH-01,471.9,19.34,22.13,2.79,16.90,21.9,0.990,1,1,31.1,0.01,29.37,30.1,0
1779285613833,415,PERSON-01,382.0,19.12,22.11,2.99,16.72,21.2,0.990,1,1,32.0,0.64,29.59,30.2,0
1779285613867,416,UAS-01,522.9,19.34,22.27,2.93,17.37,21.0,0.990,1,1,32.0,0.43,29.18,30.1,0
1779285613900,417,UAS-02,441.2,18.86,21.85,2.99,16.87,21.9,0.990,1,1,33.3,0.17,29.62,30.1,0
1779285613933,418,GND-VEH-01,712.0,19.00,21.84,2.84,16.61,21.1,0.990,1,1,31.6,0.15,29.53,29.9,0
1779285613967,419,PERSON-01,487.8,18.74,21.28,2.53,16.13,21.7,0.987,1,1,31.0,0.14,29.59,30.1,0
1779285614000,420,UAS-01,458.3,18.98,21.62,2.64,16.30,23.1,0.990,1,1,31.0,0.40,29.23,30.1,0
1779285614033,421,UAS-02,600.4,18.86,21.60,2.74,16.53,21.5,0.178,0,0,31.0,0.00,29.33,29.9,0
1779285614067,422,GND-VEH-01,527.5,18.71,21.17,2.46,15.68,22.5,0.988,1,1,31.0,0.40,29.88,29.9,0
1779285614100,423,PERSON-01,550.3,19.20,22.22,3.03,17.20,23.4,0.990,1,1,31.0,0.16,29.66,30.0,0
1779285614133,424,UAS-01,303.1,18.88,21.66,2.78,17.41,21.4,0.987,1,1,31.0,0.29,29.67,29.9,0
1779285614167,425,UAS-02,301.6,18.89,21.70,2.81,16.38,22.2,0.163,0,0,32.7,0.00,29.94,22.0,1
1779285614200,426,GND-VEH-01,310.5,18.91,21.74,2.82,16.43,22.7,0.990,1,1,31.0,0.06,29.66,30.0,0
1779285614233,427,PERSON-01,479.1,18.82,21.47,2.66,16.90,21.4,0.990,1,1,31.2,0.18,29.42,29.9,0
1779285614267,428,UAS-01,388.4,19.06,21.69,2.63,15.69,22.1,0.990,1,1,33.8,0.20,29.95,30.0,0
1779285614300,429,UAS-02,357.8,19.01,22.15,3.15,17.33,22.7,0.175,0,0,31.8,0.00,29.37,30.0,0
1779285614333,430,GND-VEH-01,370.5,19.01,22.05,3.04,16.61,22.8,0.990,1,1,31.7,0.16,29.65,29.8,0
1779285614367,431,PERSON-01,620.5,19.01,22.03,3.02,16.97,22.8,0.978,1,1,31.0,0.25,29.84,30.0,0
1779285614400,432,UAS-01,590.6,18.79,21.56,2.76,16.38,21.7,0.986,1,1,31.0,0.03,29.44,30.1,0
1779285614433,433,UAS-02,502.4,19.19,22.19,2.99,17.33,22.5,0.207,0,0,32.4,0.00,29.68,30.0,0
1779285614467,434,GND-VEH-01,674.6,18.71,21.42,2.71,16.28,21.8,0.990,1,1,32.1,0.23,29.62,30.1,0
1779285614500,435,PERSON-01,300.3,19.12,22.27,3.15,17.29,21.4,0.990,1,1,31.0,0.11,29.87,30.0,0
1779285614533,436,UAS-01,643.6,18.70,21.44,2.74,16.58,22.6,0.990,1,1,31.1,0.19,29.67,30.1,0
1779285614567,437,UAS-02,302.0,18.70,21.36,2.66,16.52,22.5,0.986,1,1,32.1,0.23,29.66,30.1,0
1779285614600,438,GND-VEH-01,515.0,19.26,22.04,2.79,16.52,23.3,0.982,1,1,31.0,0.43,29.57,30.1,0
1779285614633,439,PERSON-01,412.4,19.14,22.37,3.23,16.68,21.5,0.990,1,1,31.2,0.15,29.90,30.1,0
1779285614667,440,UAS-01,463.6,18.81,21.32,2.52,16.38,22.8,0.990,1,1,31.0,0.06,29.87,29.9,0
1779285614700,441,UAS-02,849.8,18.86,21.48,2.62,15.97,21.0,0.990,1,1,32.3,0.04,29.45,29.9,0
1779285614733,442,GND-VEH-01,571.2,19.18,21.88,2.69,16.80,23.0,0.973,1,1,33.8,0.40,29.67,30.2,0
1779285614767,443,PERSON-01,508.7,18.86,21.85,2.99,16.40,22.6,0.990,1,1,31.0,0.02,29.65,30.0,0
1779285614800,444,UAS-01,357.9,19.07,21.79,2.72,16.37,22.6,0.983,1,1,32.3,0.18,29.63,30.1,0
1779285614833,445,UAS-02,661.4,19.11,21.66,2.56,16.44,22.0,0.977,1,1,31.1,0.12,29.76,30.0,0
1779285614867,446,GND-VEH-01,419.4,18.94,21.85,2.91,17.10,23.2,0.985,1,1,33.2,0.36,29.86,29.9,0
1779285614900,447,PERSON-01,425.9,18.85,21.63,2.78,16.97,21.9,0.982,1,1,32.7,0.22,29.73,30.0,0
1779285614933,448,UAS-01,405.7,19.38,22.13,2.75,17.37,21.3,0.990,1,1,33.8,0.31,30.10,30.2,0
1779285614967,449,UAS-02,337.8,19.27,22.22,2.95,17.21,21.1,0.990,1,1,31.4,0.27,30.23,29.8,0
1779285615000,450,GND-VEH-01,529.5,19.13,22.01,2.87,16.21,22.5,0.990,1,1,31.0,0.13,30.04,30.0,0
1779285615033,451,PERSON-01,468.0,19.08,21.74,2.66,16.65,21.0,0.160,0,0,31.7,0.00,29.54,30.0,0
1779285615067,452,UAS-01,495.4,19.24,21.99,2.75,16.32,21.6,0.990,1,1,31.0,0.07,29.77,30.1,0
1779285615100,453,UAS-02,484.5,19.16,21.86,2.70,16.46,20.8,0.215,0,0,32.8,0.00,30.14,30.2,0
1779285615133,454,GND-VEH-01,432.0,19.33,22.11,2.78,16.70,21.3,0.990,1,1,32.6,0.05,29.73,29.9,0
1779285615167,455,PERSON-01,562.2,18.99,21.83,2.84,17.11,22.9,0.990,1,1,33.8,0.28,29.92,30.1,0
1779285615200,456,UAS-01,498.9,19.17,21.78,2.61,16.40,22.1,0.990,1,1,31.0,0.23,29.89,29.9,0
1779285615233,457,UAS-02,330.4,18.93,21.79,2.86,17.45,21.9,0.990,1,1,31.0,0.14,29.83,30.0,0
1779285615267,458,GND-VEH-01,484.7,18.92,21.96,3.04,17.16,22.5,0.989,1,1,31.4,0.07,29.59,29.9,0
1779285615300,459,PERSON-01,347.2,19.04,21.74,2.70,17.02,21.7,0.990,1,1,31.1,0.11,29.75,30.0,0
1779285615333,460,UAS-01,754.3,19.28,21.86,2.58,16.33,22.9,0.990,1,1,33.0,0.30,29.61,30.1,0
1779285615367,461,UAS-02,639.7,18.89,21.80,2.90,16.54,22.5,0.990,1,1,31.0,0.03,29.97,30.1,0
1779285615400,462,GND-VEH-01,770.7,19.06,21.33,2.26,15.44,22.2,0.990,1,1,31.0,0.17,29.55,30.0,0
1779285615433,463,PERSON-01,622.7,19.02,21.83,2.81,16.47,23.9,0.984,1,1,31.0,0.11,29.60,29.9,0
1779285615467,464,UAS-01,603.2,19.16,21.54,2.38,15.76,22.7,0.990,1,1,33.8,0.65,29.78,29.9,0
1779285615500,465,UAS-02,444.0,18.85,21.48,2.63,16.06,22.2,0.990,1,1,31.0,0.37,29.94,30.1,0
1779285615533,466,GND-VEH-01,591.7,19.10,21.72,2.62,15.82,22.3,0.990,1,1,31.9,0.05,29.81,30.0,0
1779285615567,467,PERSON-01,342.0,18.76,21.69,2.93,17.29,21.1,0.990,1,1,31.0,0.22,30.05,30.0,0
1779285615600,468,UAS-01,639.2,19.19,22.00,2.81,16.92,21.7,0.979,1,1,31.0,0.36,29.60,29.9,0
1779285615633,469,UAS-02,532.0,19.02,21.62,2.59,16.72,21.6,0.990,1,1,33.3,0.16,29.77,30.0,0
1779285615667,470,GND-VEH-01,373.3,18.99,21.85,2.86,17.01,22.4,0.990,1,1,33.5,0.27,29.48,30.0,0
1779285615700,471,PERSON-01,369.9,18.87,21.31,2.44,15.86,21.0,0.990,1,1,31.2,0.09,29.70,29.9,0
1779285615733,472,UAS-01,344.0,18.72,21.79,3.08,16.88,21.8,0.990,1,1,32.6,0.53,29.83,30.0,0
1779285615767,473,UAS-02,723.4,18.77,21.31,2.54,16.99,21.0,0.986,1,1,35.5,0.03,30.27,30.0,0
1779285615800,474,GND-VEH-01,518.0,18.88,21.60,2.73,17.13,22.3,0.980,1,1,31.0,0.16,30.28,30.1,0
1779285615833,475,PERSON-01,333.2,19.11,21.91,2.81,17.15,20.7,0.990,1,1,31.0,0.04,30.14,30.0,0
1779285615867,476,UAS-01,724.3,18.90,21.72,2.82,17.23,21.2,0.980,1,1,31.0,0.07,30.18,29.9,0
1779285615900,477,UAS-02,331.9,18.93,21.75,2.82,17.52,19.4,0.990,1,1,31.4,0.15,30.19,30.0,0
1779285615933,478,GND-VEH-01,301.6,19.01,21.67,2.66,16.83,21.9,0.990,1,1,31.0,0.17,29.99,30.0,0
1779285615967,479,PERSON-01,531.0,19.14,21.82,2.68,16.74,21.8,0.990,1,1,31.0,0.01,29.59,30.1,0
1779285616000,480,UAS-01,347.6,19.05,21.81,2.76,16.52,23.2,0.990,1,1,31.0,0.22,29.61,30.2,0
1779285616033,481,UAS-02,560.3,18.72,21.17,2.45,16.51,20.1,0.990,1,1,31.1,0.61,29.98,30.1,0
1779285616067,482,GND-VEH-01,430.3,18.95,22.07,3.12,16.48,23.7,0.971,1,1,33.3,0.08,29.71,29.9,0
1779285616100,483,PERSON-01,501.8,18.80,21.52,2.71,17.18,22.0,0.990,1,1,32.5,0.05,29.84,30.0,0
1779285616133,484,UAS-01,475.1,18.78,21.18,2.40,15.70,22.0,0.199,0,0,31.7,0.00,29.65,29.9,0
1779285616167,485,UAS-02,342.7,18.84,21.65,2.81,16.13,21.4,0.966,1,1,31.0,0.27,29.58,29.9,0
1779285616200,486,GND-VEH-01,561.8,18.92,21.71,2.79,16.20,23.8,0.990,1,1,31.0,0.13,29.96,30.1,0
1779285616233,487,PERSON-01,515.6,19.27,22.32,3.04,17.14,21.7,0.170,0,0,31.0,0.00,29.95,29.8,0
1779285616267,488,UAS-01,748.5,18.97,21.48,2.51,17.24,21.6,0.981,1,1,31.0,0.10,29.92,30.1,0
1779285616300,489,UAS-02,353.2,19.13,22.08,2.95,16.74,22.2,0.981,1,1,32.5,0.20,30.11,30.1,0
1779285616333,490,GND-VEH-01,468.5,19.05,21.70,2.65,15.76,23.8,0.202,0,0,31.0,0.00,30.09,29.9,0
1779285616367,491,PERSON-01,468.1,19.02,21.59,2.57,16.49,21.3,0.206,0,0,31.0,0.00,29.88,30.0,0
1779285616400,492,UAS-01,471.4,19.26,22.00,2.74,16.13,22.2,0.990,1,1,31.0,0.48,30.17,29.8,0
1779285616433,493,UAS-02,500.8,18.80,21.56,2.76,16.85,22.1,0.200,0,0,31.5,0.00,29.88,30.1,0
1779285616467,494,GND-VEH-01,479.5,18.67,21.37,2.70,16.43,22.7,0.252,0,0,33.8,0.00,30.08,30.0,0
1779285616500,495,PERSON-01,589.0,18.93,21.89,2.95,16.62,22.4,0.990,1,1,31.0,0.14,29.83,30.1,0
1779285616533,496,UAS-01,325.1,19.10,21.91,2.81,16.82,21.1,0.971,1,1,33.3,0.18,30.05,30.0,0
1779285616567,497,UAS-02,381.7,19.04,21.68,2.64,16.47,22.3,0.990,1,1,31.0,0.37,30.19,30.1,0
1779285616600,498,GND-VEH-01,389.9,19.03,21.76,2.73,16.85,21.1,0.982,1,1,33.5,0.07,30.40,30.1,0
1779285616633,499,PERSON-01,362.2,19.17,22.02,2.84,15.97,24.2,0.990,1,1,31.1,0.03,30.09,30.0,0
1779285616667,500,UAS-01,762.7,18.78,21.02,2.24,16.11,21.8,0.981,1,1,32.5,0.39,30.15,29.9,0
1779285616700,501,UAS-02,580.0,19.06,21.89,2.84,15.88,22.2,0.990,1,1,31.0,0.21,30.13,30.0,0
1779285616733,502,GND-VEH-01,759.9,18.96,21.57,2.61,15.75,23.6,0.990,1,1,33.0,0.43,29.88,29.9,0
1779285616767,503,PERSON-01,377.7,19.33,21.87,2.53,15.79,21.7,0.990,1,1,34.3,0.23,29.96,30.0,0
1779285616800,504,UAS-01,690.7,18.99,21.51,2.52,16.57,20.5,0.990,1,1,32.8,0.02,29.74,30.0,0
1779285616833,505,UAS-02,375.0,18.68,21.31,2.63,16.24,21.3,0.990,1,1,33.6,0.34,29.95,30.0,0
1779285616867,506,GND-VEH-01,510.3,19.03,21.94,2.92,17.14,23.7,0.990,1,1,31.0,0.19,29.59,30.1,0
1779285616900,507,PERSON-01,948.5,19.02,21.52,2.50,16.38,22.1,0.990,1,1,31.0,0.10,30.38,30.0,0
1779285616933,508,UAS-01,391.7,18.85,21.70,2.85,16.43,21.0,0.990,1,1,32.2,0.48,29.92,30.1,0
1779285616967,509,UAS-02,360.0,19.01,21.89,2.89,16.52,20.4,0.990,1,1,31.0,0.25,29.84,30.1,0
1779285617000,510,GND-VEH-01,641.8,19.01,21.61,2.61,16.79,21.9,0.990,1,1,33.2,0.18,29.83,30.1,0
1779285617033,511,PERSON-01,328.2,19.15,21.90,2.76,16.82,22.6,0.990,1,1,31.0,0.44,30.26,29.9,0
1779285617067,512,UAS-01,636.7,19.00,21.22,2.21,15.80,23.1,0.990,1,1,32.2,0.18,30.20,30.2,0
1779285617100,513,UAS-02,449.2,19.36,22.04,2.68,16.50,23.3,0.990,1,1,31.0,0.26,30.28,30.1,0
1779285617133,514,GND-VEH-01,841.8,18.89,21.59,2.70,17.08,21.1,0.967,1,1,31.0,0.10,29.80,30.1,0
1779285617167,515,PERSON-01,796.6,19.03,21.64,2.61,16.70,20.4,0.962,1,1,32.2,0.57,30.12,29.9,0
1779285617200,516,UAS-01,306.8,19.02,22.08,3.06,16.70,21.8,0.979,1,1,32.8,0.38,29.84,29.9,0
1779285617233,517,UAS-02,537.6,18.92,21.54,2.62,15.65,22.4,0.985,1,1,31.0,0.26,29.94,29.9,0
1779285617267,518,GND-VEH-01,530.1,18.95,21.59,2.65,16.43,22.0,0.207,0,0,31.0,0.00,30.16,30.2,0
1779285617300,519,PERSON-01,418.0,18.93,21.64,2.72,16.61,23.1,0.990,1,1,31.8,0.22,29.99,30.0,0
1779285617333,520,UAS-01,661.5,18.85,21.43,2.57,16.62,22.2,0.986,1,1,32.9,0.01,29.92,29.9,0
1779285617367,521,UAS-02,439.9,18.67,21.45,2.78,17.30,21.7,0.990,1,1,31.0,0.14,29.66,30.0,0
1779285617400,522,GND-VEH-01,318.3,19.02,21.83,2.81,16.79,21.6,0.990,1,1,31.1,0.20,29.75,30.0,0
1779285617433,523,PERSON-01,777.6,18.79,21.14,2.35,16.04,21.7,0.990,1,1,31.0,0.07,29.96,30.0,0
1779285617467,524,UAS-01,315.5,19.17,22.12,2.95,17.40,22.8,0.990,1,1,33.5,0.09,29.91,30.0,0
1779285617500,525,UAS-02,348.2,19.04,21.98,2.94,17.03,21.8,0.990,1,1,31.4,0.42,30.04,29.8,0
1779285617533,526,GND-VEH-01,759.7,19.15,21.60,2.45,15.59,22.6,0.990,1,1,31.0,0.56,29.89,29.9,0
1779285617567,527,PERSON-01,631.2,19.06,22.06,3.00,17.06,22.9,0.987,1,1,31.0,0.06,30.43,30.1,0
1779285617600,528,UAS-01,450.8,18.91,21.86,2.95,17.45,20.1,0.990,1,1,31.0,0.27,29.95,30.0,0
1779285617633,529,UAS-02,836.2,18.92,21.62,2.70,16.05,21.1,0.990,1,1,31.0,0.34,30.05,30.0,0
1779285617667,530,GND-VEH-01,507.7,18.89,21.84,2.95,16.46,24.0,0.990,1,1,32.3,0.38,30.11,30.2,0
1779285617700,531,PERSON-01,457.8,18.92,21.86,2.94,16.28,23.5,0.990,1,1,31.0,0.16,30.12,30.0,0
1779285617733,532,UAS-01,560.9,18.93,21.98,3.05,16.97,23.0,0.990,1,1,31.5,0.03,29.61,29.8,0
1779285617767,533,UAS-02,418.5,18.95,21.94,2.99,17.03,21.3,0.990,1,1,32.2,0.27,30.27,30.1,0
1779285617800,534,GND-VEH-01,353.4,18.97,21.93,2.95,16.19,21.1,0.990,1,1,31.6,0.06,30.05,30.0,0
1779285617833,535,PERSON-01,547.1,18.79,21.52,2.73,16.87,21.9,0.990,1,1,31.1,0.23,30.50,29.9,0
1779285617867,536,UAS-01,352.5,18.80,21.62,2.82,17.08,22.6,0.985,1,1,31.0,0.11,29.81,30.0,0
1779285617900,537,UAS-02,387.8,18.98,21.75,2.77,16.54,21.6,0.990,1,1,31.9,0.12,29.57,30.0,0
1779285617933,538,GND-VEH-01,492.3,18.82,21.66,2.84,17.61,21.1,0.990,1,1,31.0,0.37,30.19,29.9,0
1779285617967,539,PERSON-01,413.6,19.14,22.07,2.93,17.39,19.9,0.990,1,1,32.2,0.02,30.56,29.9,0
1779285618000,540,UAS-01,758.0,18.90,21.61,2.71,17.12,21.1,0.984,1,1,31.0,0.28,29.76,30.0,0
1779285618033,541,UAS-02,317.6,18.82,21.57,2.74,16.48,22.2,0.990,1,1,31.0,0.11,30.44,29.8,0
1779285618067,542,GND-VEH-01,551.9,19.10,21.81,2.71,16.65,22.4,0.193,0,0,31.2,0.00,30.35,30.1,0
1779285618100,543,PERSON-01,305.8,18.72,21.86,3.14,17.48,22.0,0.990,1,1,31.8,0.03,30.06,29.9,0
1779285618133,544,UAS-01,459.1,18.88,21.84,2.96,16.33,23.7,0.990,1,1,32.1,0.30,29.74,29.9,0
1779285618167,545,UAS-02,607.2,19.18,21.64,2.46,16.08,24.0,0.990,1,1,35.5,0.41,30.48,29.9,0
1779285618200,546,GND-VEH-01,329.9,18.86,21.32,2.46,15.65,21.7,0.990,1,1,31.0,0.18,30.16,29.9,0
1779285618233,547,PERSON-01,306.7,19.28,22.17,2.89,16.62,21.5,0.984,1,1,31.0,0.43,30.06,30.0,0
1779285618267,548,UAS-01,413.4,19.12,21.81,2.69,16.18,21.2,0.990,1,1,31.0,0.23,30.09,29.9,0
1779285618300,549,UAS-02,730.5,18.99,21.35,2.36,15.39,21.9,0.990,1,1,34.1,0.44,29.95,29.8,0
1779285618333,550,GND-VEH-01,619.3,18.96,21.84,2.88,16.78,22.4,0.990,1,1,31.0,0.54,30.06,30.0,0
1779285618367,551,PERSON-01,607.6,19.23,21.82,2.58,16.32,22.1,0.990,1,1,31.0,0.44,29.90,30.0,0
1779285618400,552,UAS-01,500.5,19.06,21.75,2.69,15.91,22.5,0.986,1,1,31.1,0.32,30.27,30.0,0
1779285618433,553,UAS-02,568.4,18.87,21.52,2.64,16.87,22.1,0.990,1,1,31.0,0.01,29.98,30.0,0
1779285618467,554,GND-VEH-01,319.8,18.87,21.60,2.73,15.96,21.9,0.990,1,1,31.0,0.25,30.06,29.8,0
1779285618500,555,PERSON-01,804.3,19.23,21.88,2.65,16.89,20.2,0.990,1,1,31.0,0.09,30.31,29.8,0
1779285618533,556,UAS-01,345.5,19.16,21.75,2.59,16.54,20.9,0.984,1,1,31.0,0.43,30.01,30.2,0
1779285618567,557,UAS-02,369.7,18.96,21.76,2.80,17.02,21.7,0.990,1,1,31.2,0.09,30.06,30.1,0
1779285618600,558,GND-VEH-01,809.2,18.80,21.50,2.71,17.02,21.4,0.990,1,1,31.0,0.37,29.74,30.1,0
1779285618633,559,PERSON-01,646.3,18.84,21.44,2.60,16.29,22.0,0.990,1,1,31.0,0.24,30.25,30.0,0
1779285618667,560,UAS-01,627.2,19.20,21.88,2.68,15.56,23.3,0.990,1,1,31.0,0.23,30.37,30.0,0
1779285618700,561,UAS-02,350.2,19.08,21.82,2.74,16.03,21.2,0.975,1,1,36.0,0.41,30.22,30.0,0
1779285618733,562,GND-VEH-01,321.6,19.15,21.93,2.78,16.80,20.9,0.990,1,1,31.2,0.42,29.97,30.0,0
1779285618767,563,PERSON-01,465.1,18.93,21.53,2.60,16.01,22.5,0.989,1,1,31.0,0.17,30.15,30.2,0
1779285618800,564,UAS-01,575.3,19.24,21.87,2.63,16.73,22.2,0.990,1,1,31.0,0.40,30.32,29.9,0
1779285618833,565,UAS-02,667.8,19.04,21.79,2.75,16.47,22.5,0.201,0,0,33.3,0.00,30.46,30.2,0
1779285618867,566,GND-VEH-01,460.6,18.95,21.86,2.91,16.85,21.8,0.990,1,1,32.9,0.16,30.35,30.0,0
1779285618900,567,PERSON-01,465.9,18.92,21.61,2.69,17.26,21.4,0.978,1,1,31.6,0.20,30.43,30.1,0
1779285618933,568,UAS-01,665.4,18.85,21.51,2.66,15.88,22.4,0.989,1,1,31.0,0.10,30.16,29.9,0
1779285618967,569,UAS-02,416.1,18.80,21.37,2.57,16.04,22.8,0.990,1,1,31.2,0.05,30.67,30.1,0
1779285619000,570,GND-VEH-01,354.8,19.00,21.62,2.62,16.86,22.6,0.990,1,1,31.0,0.21,30.09,30.1,0
1779285619033,571,PERSON-01,403.5,18.75,21.40,2.65,16.99,21.9,0.990,1,1,31.0,0.16,30.03,30.0,0
1779285619067,572,UAS-01,427.5,18.73,21.35,2.62,16.20,23.2,0.990,1,1,35.4,0.27,30.07,30.1,0
1779285619100,573,UAS-02,553.8,19.06,21.76,2.69,16.53,22.9,0.209,0,0,31.0,0.00,30.46,30.0,0
1779285619133,574,GND-VEH-01,608.0,19.02,21.80,2.78,16.12,23.1,0.213,0,0,31.0,0.00,30.15,30.1,0
1779285619167,575,PERSON-01,790.4,19.07,21.72,2.65,16.99,21.7,0.990,1,1,31.0,0.19,30.67,29.9,0
1779285619200,576,UAS-01,499.2,19.00,21.78,2.78,17.36,21.4,0.990,1,1,31.0,0.13,30.13,30.0,0
1779285619233,577,UAS-02,531.2,18.93,21.58,2.65,16.15,22.8,0.987,1,1,33.3,0.41,30.07,30.0,0
1779285619267,578,GND-VEH-01,617.7,19.06,21.63,2.57,16.73,21.6,0.990,1,1,32.9,0.05,30.17,30.1,0
1779285619300,579,PERSON-01,342.0,19.28,22.15,2.87,16.45,22.2,0.990,1,1,31.0,0.21,30.35,30.0,0
1779285619333,580,UAS-01,374.4,19.08,21.76,2.69,16.33,21.4,0.990,1,1,33.1,0.06,29.97,30.0,0
1779285619367,581,UAS-02,691.6,18.87,21.43,2.56,16.55,21.9,0.990,1,1,34.2,0.01,30.44,30.1,0
1779285619400,582,GND-VEH-01,741.6,18.75,21.35,2.60,16.81,21.3,0.990,1,1,31.0,0.08,30.68,30.0,0
1779285619433,583,PERSON-01,409.6,19.00,21.79,2.79,16.85,23.4,0.987,1,1,31.0,0.29,30.25,30.0,0
1779285619467,584,UAS-01,504.4,19.10,21.84,2.73,16.72,20.9,0.980,1,1,31.3,0.19,30.14,30.1,0
1779285619500,585,UAS-02,685.7,19.17,22.06,2.90,16.75,21.4,0.990,1,1,31.0,0.51,30.09,30.1,0
1779285619533,586,GND-VEH-01,430.2,19.03,22.04,3.01,16.73,23.8,0.990,1,1,31.0,0.02,30.32,29.9,0
1779285619567,587,PERSON-01,326.2,18.73,21.79,3.06,17.30,22.9,0.983,1,1,31.0,0.00,30.19,30.1,0
1779285619600,588,UAS-01,422.5,18.87,21.64,2.78,16.60,21.8,0.990,1,1,31.0,0.37,30.25,30.0,0
1779285619633,589,UAS-02,400.7,18.94,21.99,3.05,17.29,22.4,0.990,1,1,31.0,0.18,30.49,30.0,0
1779285619667,590,GND-VEH-01,351.3,19.09,21.76,2.67,16.42,22.9,0.978,1,1,31.0,0.07,30.23,30.1,0
1779285619700,591,PERSON-01,532.9,19.01,21.72,2.71,16.08,23.2,0.990,1,1,31.0,0.37,30.13,30.1,0
1779285619733,592,UAS-01,701.5,18.95,21.57,2.62,16.31,20.6,0.990,1,1,31.0,0.18,30.19,30.1,0
1779285619767,593,UAS-02,510.8,19.16,21.54,2.39,15.39,21.9,0.979,1,1,31.0,0.29,30.29,29.9,0
1779285619800,594,GND-VEH-01,495.0,19.20,22.32,3.12,17.33,22.7,0.974,1,1,31.0,0.12,30.51,29.9,0
1779285619833,595,PERSON-01,556.2,18.95,21.43,2.48,15.18,23.5,0.990,1,1,31.2,0.17,30.66,30.0,0
1779285619867,596,UAS-01,385.8,19.06,22.07,3.01,16.25,23.2,0.990,1,1,31.7,0.25,30.22,30.2,0
1779285619900,597,UAS-02,676.8,18.92,21.82,2.91,17.12,21.8,0.990,1,1,31.0,0.23,30.20,30.0,0
1779285619933,598,GND-VEH-01,538.1,18.87,21.83,2.95,16.89,21.2,0.983,1,1,31.0,0.26,29.86,30.0,0
1779285619967,599,PERSON-01,678.7,18.98,21.63,2.65,15.63,22.7,0.980,1,1,31.4,0.04,30.41,30.0,0
1779285620000,600,UAS-01,359.4,18.76,21.54,2.78,16.45,20.9,0.990,1,1,31.6,0.18,30.31,30.2,0
1779285620033,601,UAS-02,449.4,19.03,21.54,2.51,16.65,19.7,0.990,1,1,31.0,0.33,30.44,30.0,0
1779285620067,602,GND-VEH-01,627.4,19.07,21.60,2.52,15.58,21.9,0.990,1,1,33.8,0.24,30.00,29.8,0
1779285620100,603,PERSON-01,653.6,19.09,21.78,2.69,16.64,22.8,0.982,1,1,33.4,0.29,30.36,29.9,0
1779285620133,604,UAS-01,602.2,18.84,21.59,2.76,16.40,22.1,0.990,1,1,31.5,0.15,30.16,30.0,0
1779285620167,605,UAS-02,387.0,19.16,21.76,2.60,16.50,22.3,0.990,1,1,32.6,0.59,30.34,30.0,0
1779285620200,606,GND-VEH-01,597.2,19.11,22.04,2.92,17.08,20.6,0.990,1,1,31.7,0.25,30.36,30.0,0
1779285620233,607,PERSON-01,347.9,18.93,21.85,2.92,16.59,23.4,0.981,1,1,34.0,0.01,30.23,29.9,0
1779285620267,608,UAS-01,437.5,19.18,21.81,2.63,16.67,22.4,0.977,1,1,31.6,0.44,30.25,29.9,0
1779285620300,609,UAS-02,448.7,18.86,21.68,2.83,16.81,22.9,0.990,1,1,31.0,0.26,30.47,29.9,0
1779285620333,610,GND-VEH-01,317.1,19.13,22.06,2.93,17.24,21.8,0.990,1,1,31.0,0.35,30.81,30.0,0
1779285620367,611,PERSON-01,519.0,19.06,22.01,2.95,16.88,21.8,0.170,0,0,31.3,0.00,29.94,29.9,0
1779285620400,612,UAS-01,665.2,18.89,21.78,2.89,16.99,21.8,0.990,1,1,31.0,0.02,30.46,30.1,0
1779285620433,613,UAS-02,615.0,19.09,22.02,2.93,16.89,22.7,0.990,1,1,31.0,0.04,30.77,30.2,0
1779285620467,614,GND-VEH-01,663.8,18.95,21.76,2.81,16.83,22.0,0.990,1,1,31.0,0.03,30.24,29.8,0
1779285620500,615,PERSON-01,558.8,19.01,21.47,2.46,16.25,22.9,0.990,1,1,32.4,0.01,29.94,30.0,0
1779285620533,616,UAS-01,431.2,19.08,21.93,2.85,16.68,22.0,0.988,1,1,32.1,0.15,30.33,30.1,0
1779285620567,617,UAS-02,593.3,19.07,21.94,2.87,16.51,22.1,0.969,1,1,31.3,0.27,30.68,30.0,0
1779285620600,618,GND-VEH-01,469.7,18.69,21.75,3.06,17.07,23.0,0.990,1,1,31.0,0.09,30.78,30.1,0
1779285620633,619,PERSON-01,895.3,19.20,21.98,2.78,16.49,22.7,0.990,1,1,31.0,0.05,30.60,29.9,0
1779285620667,620,UAS-01,592.1,19.06,21.62,2.56,15.98,20.5,0.971,1,1,31.0,0.19,30.40,30.1,0
1779285620700,621,UAS-02,450.9,19.11,21.96,2.85,17.46,21.0,0.988,1,1,32.7,0.03,30.51,29.9,0
1779285620733,622,GND-VEH-01,430.2,18.96,21.48,2.52,15.72,21.2,0.990,1,1,31.0,0.02,30.29,30.1,0
1779285620767,623,PERSON-01,329.7,19.00,21.62,2.62,16.19,21.3,0.990,1,1,32.1,0.14,30.31,29.9,0
1779285620800,624,UAS-01,522.4,19.03,21.41,2.38,16.23,21.9,0.990,1,1,33.9,0.31,30.59,29.9,0
1779285620833,625,UAS-02,371.6,19.01,21.97,2.96,17.35,23.0,0.990,1,1,33.5,0.24,30.53,29.9,0
1779285620867,626,GND-VEH-01,691.3,19.10,21.73,2.63,16.58,21.4,0.967,1,1,31.6,0.33,30.05,30.0,0
1779285620900,627,PERSON-01,365.0,19.00,21.70,2.71,17.24,21.4,0.989,1,1,31.0,0.19,30.66,30.0,0
1779285620933,628,UAS-01,320.8,18.88,21.64,2.76,16.24,22.4,0.990,1,1,33.7,0.15,30.24,30.1,0
1779285620967,629,UAS-02,577.3,19.01,21.65,2.64,17.22,20.1,0.990,1,1,31.0,0.28,30.40,29.9,0
1779285621000,630,GND-VEH-01,362.5,19.05,21.66,2.62,16.86,21.9,0.990,1,1,31.2,0.05,30.56,30.1,0
1779285621033,631,PERSON-01,687.6,19.02,21.82,2.81,17.28,21.9,0.979,1,1,31.4,0.16,30.76,30.0,0
1779285621067,632,UAS-01,711.9,19.17,21.95,2.78,16.08,21.7,0.990,1,1,31.4,0.02,30.57,29.9,0
1779285621100,633,UAS-02,444.4,19.22,22.17,2.95,16.72,21.7,0.990,1,1,32.1,0.24,30.17,30.1,0
1779285621133,634,GND-VEH-01,668.0,18.93,21.25,2.33,15.05,22.1,0.182,0,0,33.5,0.00,30.29,30.0,0
1779285621167,635,PERSON-01,337.1,19.01,21.61,2.59,16.36,21.6,0.990,1,1,31.0,0.28,30.68,30.1,0
1779285621200,636,UAS-01,538.4,19.04,21.52,2.47,16.20,22.2,0.162,0,0,31.3,0.00,30.32,30.0,0
1779285621233,637,UAS-02,543.6,18.90,21.68,2.78,16.68,21.6,0.990,1,1,31.1,0.23,30.59,30.1,0
1779285621267,638,GND-VEH-01,750.8,19.15,21.65,2.50,16.39,23.1,0.990,1,1,31.0,0.03,30.37,30.0,0
1779285621300,639,PERSON-01,453.6,19.19,21.97,2.78,15.99,21.4,0.990,1,1,31.0,0.15,30.30,30.0,0
1779285621333,640,UAS-01,692.2,18.87,21.67,2.80,16.72,24.1,0.990,1,1,32.2,0.26,30.21,30.1,0
1779285621367,641,UAS-02,416.1,18.96,21.81,2.85,17.06,23.5,0.988,1,1,33.4,0.24,30.38,30.0,0
1779285621400,642,GND-VEH-01,444.7,19.05,21.81,2.76,16.23,22.3,0.268,0,0,31.0,0.00,31.06,30.0,0
1779285621433,643,PERSON-01,841.6,19.26,22.01,2.76,17.27,20.9,0.990,1,1,31.0,0.01,30.33,30.0,0
1779285621467,644,UAS-01,803.6,18.84,21.45,2.61,16.34,22.3,0.990,1,1,31.0,0.16,30.62,29.9,0
1779285621500,645,UAS-02,372.5,19.09,21.62,2.53,16.03,22.3,0.990,1,1,31.6,0.36,30.63,30.1,0
1779285621533,646,GND-VEH-01,388.5,18.68,21.44,2.76,16.26,24.0,0.990,1,1,31.5,0.07,30.55,30.1,0
1779285621567,647,PERSON-01,533.9,18.96,21.36,2.40,16.03,23.4,0.990,1,1,33.2,0.03,30.41,30.1,0
1779285621600,648,UAS-01,493.1,18.92,21.54,2.62,15.74,23.5,0.974,1,1,31.0,0.28,30.75,30.1,0
1779285621633,649,UAS-02,378.0,19.01,21.99,2.98,17.15,23.5,0.990,1,1,31.6,0.29,30.33,30.1,0
1779285621667,650,GND-VEH-01,377.0,18.88,21.65,2.78,16.77,22.0,0.990,1,1,31.0,0.31,30.50,30.0,0
1779285621700,651,PERSON-01,566.6,19.13,21.73,2.60,16.45,20.9,0.990,1,1,31.0,0.10,30.26,30.0,0
1779285621733,652,UAS-01,326.5,19.06,22.11,3.05,17.42,22.3,0.990,1,1,31.0,0.41,30.15,30.1,0
1779285621767,653,UAS-02,311.9,19.04,21.69,2.65,16.29,21.4,0.990,1,1,32.7,0.53,30.89,30.0,0
1779285621800,654,GND-VEH-01,301.2,18.79,21.45,2.67,16.33,24.0,0.990,1,1,31.4,0.46,30.65,29.9,0
1779285621833,655,PERSON-01,656.8,18.97,21.90,2.93,16.67,23.1,0.990,1,1,31.1,0.55,30.48,30.0,0
1779285621867,656,UAS-01,729.6,18.73,21.42,2.69,16.61,21.9,0.990,1,1,32.5,0.01,30.91,30.0,0
1779285621900,657,UAS-02,485.6,18.84,21.79,2.96,16.85,21.8,0.987,1,1,31.0,0.43,29.88,30.1,0
1779285621933,658,GND-VEH-01,370.2,19.01,21.78,2.78,16.24,22.2,0.990,1,1,31.0,0.36,30.41,30.0,0
1779285621967,659,PERSON-01,352.5,18.91,21.96,3.05,17.47,21.0,0.990,1,1,31.0,0.01,30.43,29.9,0
1779285622000,660,UAS-01,407.2,18.88,21.36,2.49,16.25,21.4,0.968,1,1,31.0,0.06,30.96,29.9,0
1779285622033,661,UAS-02,719.5,19.01,21.43,2.41,15.40,22.6,0.990,1,1,31.0,0.26,30.76,30.0,0
1779285622067,662,GND-VEH-01,593.5,18.94,21.62,2.67,16.41,21.7,0.990,1,1,31.0,0.11,30.79,30.0,0
1779285622100,663,PERSON-01,385.9,18.99,22.02,3.03,17.25,21.3,0.965,1,1,33.9,0.13,30.66,30.0,0
1779285622133,664,UAS-01,399.0,19.16,21.92,2.76,17.15,19.9,0.990,1,1,31.0,0.06,30.28,29.9,0
1779285622167,665,UAS-02,410.9,19.01,21.81,2.80,17.12,23.1,0.990,1,1,31.6,0.18,30.79,30.0,0
1779285622200,666,GND-VEH-01,507.2,19.14,21.64,2.50,17.17,22.7,0.990,1,1,31.0,0.20,30.88,29.9,0
1779285622233,667,PERSON-01,501.5,18.99,21.50,2.51,16.47,22.0,0.990,1,1,31.0,0.37,30.48,30.0,0
1779285622267,668,UAS-01,592.3,18.88,21.51,2.64,16.73,21.2,0.990,1,1,31.0,0.15,30.27,30.1,0
1779285622300,669,UAS-02,351.5,18.93,21.79,2.86,16.83,22.4,0.990,1,1,31.0,0.24,30.36,30.0,0
1779285622333,670,GND-VEH-01,410.6,19.29,22.07,2.77,16.36,21.7,0.990,1,1,31.2,0.08,30.12,30.0,0
1779285622367,671,PERSON-01,473.7,18.87,21.70,2.83,16.31,22.3,0.990,1,1,32.0,0.24,30.25,30.0,0
1779285622400,672,UAS-01,375.4,18.91,21.46,2.55,16.69,23.1,0.990,1,1,33.4,0.14,30.49,29.9,0
1779285622433,673,UAS-02,845.2,18.77,21.34,2.56,17.14,22.1,0.977,1,1,31.0,0.41,31.01,30.0,0
1779285622467,674,GND-VEH-01,483.7,18.94,21.86,2.92,16.88,21.8,0.990,1,1,32.4,0.17,30.95,29.9,0
1779285622500,675,PERSON-01,381.3,18.93,21.87,2.94,16.25,23.2,0.990,1,1,34.1,0.00,30.72,29.9,0
1779285622533,676,UAS-01,347.9,19.04,21.86,2.81,16.97,21.3,0.990,1,1,31.0,0.43,30.31,30.0,0
1779285622567,677,UAS-02,383.6,18.84,21.83,3.00,16.59,21.7,0.234,0,0,31.0,0.00,30.64,30.0,0
1779285622600,678,GND-VEH-01,378.5,18.96,21.58,2.62,15.75,22.3,0.171,0,0,31.0,0.00,30.96,30.0,0
1779285622633,679,PERSON-01,797.8,19.11,21.62,2.51,15.52,22.0,0.990,1,1,31.7,0.07,30.96,30.1,0
1779285622667,680,UAS-01,748.2,19.05,21.47,2.43,17.11,21.1,0.990,1,1,31.3,0.50,30.72,30.0,0
1779285622700,681,UAS-02,338.3,19.13,21.99,2.87,16.93,22.0,0.990,1,1,33.5,0.09,30.26,30.0,0
1779285622733,682,GND-VEH-01,499.9,19.02,21.87,2.85,16.83,21.9,0.978,1,1,32.4,0.09,30.83,30.1,0
1779285622767,683,PERSON-01,645.0,19.16,21.74,2.58,16.38,21.3,0.990,1,1,31.1,0.00,30.79,30.1,0
1779285622800,684,UAS-01,651.7,19.04,21.37,2.33,15.56,21.6,0.978,1,1,31.8,0.07,30.74,30.0,0
1779285622833,685,UAS-02,390.2,18.84,21.71,2.87,16.02,22.6,0.990,1,1,31.0,0.09,30.50,30.1,0
1779285622867,686,GND-VEH-01,503.5,18.96,21.78,2.82,16.46,22.8,0.981,1,1,31.1,0.09,30.62,30.1,0
1779285622900,687,PERSON-01,476.8,18.73,21.33,2.60,16.78,22.5,0.186,0,0,31.0,0.00,30.91,30.0,0
1779285622933,688,UAS-01,316.3,18.89,21.84,2.95,16.86,22.4,0.990,1,1,31.0,0.10,30.49,30.0,0
1779285622967,689,UAS-02,449.8,18.88,21.76,2.88,16.78,22.6,0.984,1,1,31.0,0.38,30.93,30.0,0
1779285623000,690,GND-VEH-01,486.2,19.12,21.82,2.70,15.89,22.9,0.251,0,0,31.0,0.00,30.64,30.0,0
1779285623033,691,PERSON-01,567.1,19.17,21.98,2.81,16.39,23.6,0.990,1,1,31.0,0.15,30.80,29.9,0
1779285623067,692,UAS-01,654.8,18.78,21.38,2.60,16.33,21.8,0.990,1,1,31.0,0.16,30.60,30.0,0
1779285623100,693,UAS-02,336.0,19.02,21.90,2.88,16.64,21.7,0.189,0,0,33.6,0.00,30.52,30.0,0
1779285623133,694,GND-VEH-01,342.7,18.90,21.50,2.60,16.69,21.6,0.990,1,1,31.1,0.05,30.76,30.1,0
1779285623167,695,PERSON-01,433.2,18.92,21.39,2.46,16.23,22.9,0.963,1,1,33.4,0.20,30.83,30.0,0
1779285623200,696,UAS-01,412.3,18.92,21.69,2.78,16.78,21.4,0.990,1,1,31.0,0.05,30.77,30.1,0
1779285623233,697,UAS-02,548.8,19.04,21.94,2.90,16.84,21.3,0.990,1,1,31.0,0.17,30.39,30.1,0
1779285623267,698,GND-VEH-01,401.0,19.03,21.86,2.83,16.69,22.3,0.990,1,1,32.6,0.21,30.71,30.1,0
1779285623300,699,PERSON-01,799.0,18.81,21.40,2.59,16.66,22.5,0.990,1,1,32.6,0.05,31.01,30.0,0
1779285623333,700,UAS-01,557.6,19.03,21.84,2.82,17.20,23.2,0.990,1,1,31.5,0.04,30.92,29.9,0
1779285623367,701,UAS-02,854.7,18.92,21.35,2.43,16.66,22.9,0.990,1,1,31.0,0.41,30.91,30.0,0
1779285623400,702,GND-VEH-01,765.5,19.04,21.62,2.58,16.12,21.2,0.990,1,1,31.7,0.28,30.93,30.0,0
1779285623433,703,PERSON-01,405.5,19.11,21.55,2.44,16.06,21.4,0.990,1,1,31.0,0.09,30.87,30.1,0
1779285623467,704,UAS-01,546.6,18.96,21.78,2.82,17.17,21.7,0.990,1,1,31.0,0.58,30.54,30.1,0
1779285623500,705,UAS-02,409.9,19.23,21.88,2.66,15.92,23.6,0.973,1,1,32.6,0.40,30.65,30.0,0
1779285623533,706,GND-VEH-01,683.6,18.78,21.46,2.68,16.24,21.6,0.990,1,1,31.5,0.02,30.76,30.0,0
1779285623567,707,PERSON-01,619.0,19.12,21.78,2.66,16.28,22.9,0.990,1,1,31.0,0.02,30.71,29.9,0
1779285623600,708,UAS-01,376.6,18.98,21.95,2.97,17.54,21.2,0.984,1,1,31.0,0.16,30.92,22.1,1
1779285623633,709,UAS-02,344.6,19.00,22.01,3.01,17.02,21.4,0.990,1,1,31.0,0.10,31.05,30.0,0
1779285623667,710,GND-VEH-01,429.3,18.87,21.57,2.70,16.22,21.3,0.990,1,1,36.0,0.04,30.78,30.0,0
1779285623700,711,PERSON-01,583.4,18.71,21.19,2.49,16.18,22.4,0.990,1,1,31.5,0.06,31.10,29.9,0
1779285623733,712,UAS-01,635.1,18.81,21.32,2.52,15.73,21.7,0.990,1,1,31.0,0.03,31.11,30.1,0
1779285623767,713,UAS-02,475.9,19.03,21.71,2.68,16.36,21.7,0.177,0,0,32.7,0.00,30.73,30.1,0
1779285623800,714,GND-VEH-01,676.6,18.97,21.48,2.51,15.71,24.0,0.981,1,1,31.0,0.15,30.96,29.8,0
1779285623833,715,PERSON-01,451.2,19.20,21.96,2.76,17.29,21.0,0.990,1,1,31.0,0.35,30.91,29.9,0
1779285623867,716,UAS-01,803.3,18.91,21.53,2.62,16.58,20.6,0.990,1,1,33.3,0.46,30.68,30.1,0
1779285623900,717,UAS-02,521.8,19.13,21.65,2.52,16.44,22.0,0.280,0,0,31.7,0.00,30.90,30.1,0
1779285623933,718,GND-VEH-01,646.5,19.12,21.69,2.57,16.20,22.9,0.990,1,1,31.0,0.01,30.94,29.8,0
1779285623967,719,PERSON-01,484.1,19.09,21.64,2.56,15.91,23.5,0.990,1,1,31.2,0.41,31.08,29.9,0
1779285624000,720,UAS-01,445.2,19.07,21.95,2.88,16.98,22.7,0.985,1,1,32.6,0.07,30.62,30.0,0
1779285624033,721,UAS-02,352.8,19.00,21.86,2.86,17.08,22.4,0.979,1,1,31.0,0.10,30.91,30.0,0
1779285624067,722,GND-VEH-01,622.6,19.07,21.88,2.81,16.54,22.3,0.990,1,1,31.1,0.33,30.51,30.0,0
1779285624100,723,PERSON-01,590.3,19.23,22.16,2.92,16.68,23.7,0.241,0,0,32.4,0.00,30.70,29.9,0
1779285624133,724,UAS-01,498.5,18.88,21.55,2.68,16.22,21.7,0.990,1,1,31.0,0.03,31.01,30.1,0
1779285624167,725,UAS-02,433.2,19.02,22.04,3.01,17.30,22.2,0.989,1,1,31.7,0.01,30.64,30.0,0
1779285624200,726,GND-VEH-01,417.8,18.95,21.55,2.60,16.80,22.7,0.990,1,1,31.0,0.35,30.63,30.1,0
1779285624233,727,PERSON-01,316.9,19.17,22.30,3.13,17.60,20.8,0.983,1,1,31.4,0.07,31.07,30.0,0
1779285624267,728,UAS-01,344.2,19.08,21.83,2.75,16.49,21.6,0.990,1,1,31.0,0.23,30.57,29.8,0
1779285624300,729,UAS-02,499.0,19.23,22.08,2.85,16.30,20.5,0.990,1,1,31.0,0.55,31.14,29.9,0
1779285624333,730,GND-VEH-01,317.6,19.13,21.59,2.47,16.34,21.1,0.984,1,1,31.0,0.22,31.02,29.9,0
1779285624367,731,PERSON-01,383.8,19.02,21.83,2.80,16.09,21.7,0.990,1,1,32.0,0.14,31.15,30.0,0
1779285624400,732,UAS-01,323.4,19.04,21.61,2.57,16.69,21.5,0.203,0,0,31.0,0.00,30.26,29.9,0
1779285624433,733,UAS-02,469.4,18.81,21.66,2.84,16.81,21.3,0.989,1,1,31.0,0.19,31.10,29.9,0
1779285624467,734,GND-VEH-01,519.9,19.16,21.86,2.70,16.69,22.8,0.990,1,1,32.3,0.16,30.88,30.1,0
1779285624500,735,PERSON-01,324.0,19.23,22.13,2.90,17.24,22.4,0.990,1,1,32.9,0.07,30.73,30.0,0
1779285624533,736,UAS-01,342.4,18.92,21.67,2.75,16.86,23.3,0.990,1,1,31.0,0.05,31.29,30.2,0
1779285624567,737,UAS-02,511.0,18.88,21.54,2.67,16.72,21.8,0.213,0,0,31.0,0.00,30.60,30.1,0
1779285624600,738,GND-VEH-01,300.7,19.27,22.44,3.17,17.05,22.2,0.251,0,0,31.0,0.00,31.39,30.2,0
1779285624633,739,PERSON-01,365.7,18.85,21.73,2.89,16.40,22.3,0.202,0,0,31.0,0.00,31.02,30.1,0
1779285624667,740,UAS-01,375.7,19.09,22.06,2.97,16.91,22.0,0.990,1,1,31.6,0.34,30.96,30.0,0
1779285624700,741,UAS-02,739.2,18.98,21.60,2.62,16.18,21.9,0.990,1,1,32.5,0.28,30.58,30.0,0
1779285624733,742,GND-VEH-01,508.1,19.18,21.62,2.44,16.36,21.8,0.990,1,1,31.0,0.51,30.92,30.0,0
1779285624767,743,PERSON-01,373.2,19.13,21.98,2.85,17.11,20.8,0.990,1,1,32.6,0.22,30.95,29.9,0
1779285624800,744,UAS-01,452.9,18.77,21.54,2.77,16.49,21.6,0.987,1,1,31.0,0.64,31.04,30.1,0
1779285624833,745,UAS-02,333.7,18.88,21.75,2.86,17.00,21.6,0.990,1,1,31.1,0.27,30.64,30.0,0
1779285624867,746,GND-VEH-01,326.2,18.99,22.15,3.16,17.53,21.6,0.175,0,0,31.0,0.00,30.52,30.2,0
1779285624900,747,PERSON-01,426.0,19.03,21.94,2.91,16.06,22.0,0.990,1,1,31.0,0.28,30.35,30.1,0
1779285624933,748,UAS-01,604.4,19.17,21.87,2.70,16.42,22.0,0.990,1,1,31.9,0.04,30.93,29.8,0
1779285624967,749,UAS-02,553.6,19.26,22.10,2.83,16.53,22.7,0.990,1,1,31.0,0.22,30.80,29.9,0
1779285625000,750,GND-VEH-01,505.8,18.98,21.33,2.34,16.04,22.1,0.990,1,1,31.9,0.18,30.84,30.1,0
1779285625033,751,PERSON-01,336.2,19.12,21.74,2.62,16.06,22.2,0.990,1,1,31.0,0.38,31.18,30.2,0
1779285625067,752,UAS-01,544.2,18.97,21.33,2.36,16.48,21.3,0.983,1,1,31.0,0.10,30.86,30.0,0
1779285625100,753,UAS-02,407.5,18.97,21.84,2.86,16.77,22.0,0.990,1,1,31.2,0.35,30.74,30.0,0
1779285625133,754,GND-VEH-01,357.2,18.84,21.74,2.90,16.54,21.3,0.985,1,1,31.0,0.59,31.00,30.0,0
1779285625167,755,PERSON-01,707.7,19.07,21.59,2.52,16.20,22.6,0.990,1,1,31.0,0.41,31.35,30.0,0
1779285625200,756,UAS-01,464.9,18.87,21.93,3.06,17.12,22.0,0.229,0,0,32.0,0.00,31.23,30.1,0
1779285625233,757,UAS-02,642.1,18.77,21.63,2.86,17.11,22.3,0.990,1,1,32.5,0.39,31.18,30.1,0
1779285625267,758,GND-VEH-01,543.9,19.04,21.64,2.60,16.17,21.6,0.986,1,1,33.2,0.51,31.49,30.0,0
1779285625300,759,PERSON-01,437.2,19.01,21.49,2.48,16.07,21.8,0.990,1,1,31.0,0.16,31.07,30.0,0
1779285625333,760,UAS-01,401.7,19.07,21.47,2.40,15.37,21.2,0.990,1,1,34.6,0.08,31.03,30.0,0
1779285625367,761,UAS-02,442.6,19.02,21.99,2.97,16.70,22.2,0.990,1,1,31.0,0.11,31.12,30.0,0
1779285625400,762,GND-VEH-01,507.5,18.96,22.09,3.13,16.88,22.0,0.990,1,1,31.6,0.23,30.95,30.0,0
1779285625433,763,PERSON-01,384.7,19.25,21.96,2.71,17.19,22.7,0.990,1,1,31.0,0.28,30.86,29.8,0
1779285625467,764,UAS-01,363.1,18.95,22.07,3.13,16.83,22.5,0.990,1,1,31.8,0.23,31.24,30.0,0
1779285625500,765,UAS-02,332.0,19.03,22.04,3.01,17.08,21.3,0.990,1,1,31.0,0.10,31.05,30.0,0
1779285625533,766,GND-VEH-01,583.6,19.43,22.45,3.02,16.58,22.3,0.990,1,1,31.0,0.11,31.00,30.0,0
1779285625567,767,PERSON-01,785.8,19.08,21.95,2.87,16.91,21.6,0.990,1,1,31.0,0.02,30.74,30.0,0
1779285625600,768,UAS-01,440.4,19.08,21.90,2.82,17.15,22.9,0.990,1,1,31.0,0.01,30.96,30.0,0
1779285625633,769,UAS-02,777.6,19.27,21.91,2.64,16.02,23.4,0.990,1,1,31.0,0.19,30.73,30.0,0
1779285625667,770,GND-VEH-01,403.0,18.95,21.57,2.62,17.24,21.3,0.152,0,0,32.9,0.00,30.84,30.0,0
1779285625700,771,PERSON-01,546.6,19.15,21.79,2.64,16.32,22.8,0.180,0,0,31.0,0.00,30.65,29.9,0
1779285625733,772,UAS-01,537.8,18.98,21.77,2.79,17.24,21.9,0.990,1,1,31.0,0.01,31.16,29.9,0
1779285625767,773,UAS-02,349.1,18.93,21.60,2.67,16.76,23.6,0.990,1,1,31.3,0.16,30.94,30.0,0
1779285625800,774,GND-VEH-01,362.7,19.13,21.81,2.69,17.09,22.0,0.990,1,1,33.2,0.12,30.92,30.0,0
1779285625833,775,PERSON-01,597.2,19.07,21.75,2.68,16.32,23.0,0.990,1,1,31.0,0.42,31.06,30.0,0
1779285625867,776,UAS-01,714.9,18.96,21.57,2.61,16.54,22.3,0.987,1,1,33.6,0.10,31.30,29.9,0
1779285625900,777,UAS-02,440.0,19.34,22.11,2.77,16.75,21.2,0.990,1,1,32.8,0.25,31.02,30.0,0
1779285625933,778,GND-VEH-01,634.0,18.90,21.61,2.71,17.05,22.5,0.989,1,1,31.0,0.04,30.87,30.0,0
1779285625967,779,PERSON-01,326.1,18.82,21.71,2.89,16.38,22.4,0.990,1,1,31.0,0.02,31.02,30.1,0
1779285626000,780,UAS-01,832.0,19.11,21.72,2.61,16.32,21.8,0.990,1,1,31.0,0.07,30.78,30.0,0
1779285626033,781,UAS-02,380.0,18.78,21.73,2.96,16.65,21.5,0.990,1,1,31.0,0.04,31.12,30.1,0
1779285626067,782,GND-VEH-01,380.1,19.18,22.13,2.95,16.37,21.7,0.990,1,1,31.0,0.06,30.81,30.1,0
1779285626100,783,PERSON-01,418.6,18.95,21.76,2.81,16.58,22.4,0.990,1,1,31.2,0.39,31.16,30.0,0
1779285626133,784,UAS-01,408.6,18.93,21.69,2.76,16.32,23.2,0.990,1,1,33.6,0.14,31.10,30.0,0
1779285626167,785,UAS-02,372.0,19.35,22.06,2.71,15.64,22.9,0.186,0,0,32.6,0.00,30.96,29.9,0
1779285626200,786,GND-VEH-01,673.0,18.92,21.52,2.60,16.12,22.7,0.990,1,1,35.5,0.18,30.68,30.0,0
1779285626233,787,PERSON-01,599.6,18.79,21.17,2.38,16.57,21.8,0.990,1,1,31.0,0.08,31.36,29.9,0
1779285626267,788,UAS-01,507.0,18.98,22.01,3.03,16.97,20.9,0.990,1,1,31.0,0.48,30.72,29.9,0
1779285626300,789,UAS-02,882.8,19.02,21.50,2.48,16.97,22.7,0.986,1,1,31.0,0.08,30.86,29.9,0
1779285626333,790,GND-VEH-01,358.9,19.05,21.88,2.83,17.56,21.3,0.990,1,1,31.5,0.44,31.19,29.9,0
1779285626367,791,PERSON-01,452.7,19.24,22.24,3.00,17.17,21.6,0.990,1,1,31.0,0.28,30.90,30.0,0
1779285626400,792,UAS-01,718.7,19.03,21.33,2.30,15.88,22.4,0.990,1,1,31.7,0.04,31.30,30.0,0
1779285626433,793,UAS-02,327.0,18.84,21.75,2.91,16.53,22.1,0.990,1,1,32.5,0.06,31.33,30.0,0
1779285626467,794,GND-VEH-01,754.6,18.95,21.96,3.01,17.87,20.7,0.990,1,1,31.5,0.22,30.72,30.0,0
1779285626500,795,PERSON-01,585.8,19.15,21.95,2.80,16.45,21.0,0.990,1,1,31.6,0.56,31.07,30.0,0
1779285626533,796,UAS-01,637.9,18.91,21.67,2.76,16.96,23.8,0.214,0,0,33.4,0.00,31.03,30.0,0
1779285626567,797,UAS-02,597.6,19.16,21.79,2.63,16.41,23.0,0.990,1,1,33.2,0.29,30.85,30.0,0
1779285626600,798,GND-VEH-01,402.6,19.00,21.75,2.75,16.06,23.3,0.988,1,1,31.0,0.16,31.29,29.9,0
1779285626633,799,PERSON-01,653.7,19.15,22.00,2.85,17.18,21.8,0.990,1,1,34.6,0.11,31.02,29.9,0
1779285626667,800,UAS-01,499.3,18.88,21.50,2.61,16.04,21.0,0.990,1,1,33.7,0.57,31.05,29.9,0
1779285626700,801,UAS-02,507.2,18.69,21.23,2.55,16.27,23.6,0.990,1,1,31.0,0.09,30.68,30.1,0
1779285626733,802,GND-VEH-01,369.1,19.06,22.13,3.07,17.86,20.7,0.981,1,1,31.0,0.43,31.03,30.0,0
1779285626767,803,PERSON-01,640.3,18.90,21.37,2.48,16.41,21.2,0.990,1,1,31.0,0.32,31.09,30.1,0
1779285626800,804,UAS-01,450.7,18.81,21.66,2.86,17.05,21.3,0.990,1,1,31.9,0.07,30.78,30.0,0
1779285626833,805,UAS-02,403.2,18.95,22.26,3.31,17.12,22.3,0.990,1,1,35.1,0.20,31.24,30.0,0
1779285626867,806,GND-VEH-01,331.4,19.03,21.99,2.96,16.86,22.5,0.983,1,1,32.3,0.29,31.49,29.9,0
1779285626900,807,PERSON-01,527.6,18.98,21.68,2.70,16.60,22.9,0.990,1,1,32.8,0.07,30.83,30.0,0
1779285626933,808,UAS-01,453.6,18.90,21.80,2.90,16.51,20.6,0.990,1,1,31.0,0.29,30.93,30.1,0
1779285626967,809,UAS-02,377.0,19.12,21.69,2.57,17.24,21.3,0.986,1,1,31.0,0.14,31.21,30.1,0
1779285627000,810,GND-VEH-01,697.9,19.40,22.22,2.82,17.05,21.8,0.990,1,1,31.0,0.06,31.53,30.0,0
1779285627033,811,PERSON-01,642.1,18.94,21.67,2.72,16.19,20.9,0.990,1,1,31.0,0.07,31.26,30.1,0
1779285627067,812,UAS-01,576.9,18.92,21.52,2.60,16.81,21.8,0.985,1,1,31.0,0.23,31.20,29.9,0
1779285627100,813,UAS-02,536.5,18.83,21.49,2.66,17.09,21.4,0.238,0,0,31.0,0.00,30.89,30.1,0
1779285627133,814,GND-VEH-01,682.6,19.00,21.69,2.69,16.42,22.4,0.990,1,1,31.1,0.68,31.18,30.1,0
1779285627167,815,PERSON-01,540.3,19.08,21.60,2.52,15.85,21.7,0.990,1,1,31.0,0.32,31.36,30.1,0
1779285627200,816,UAS-01,622.1,19.16,21.70,2.54,16.00,22.4,0.990,1,1,31.0,0.36,30.93,29.8,0
1779285627233,817,UAS-02,733.1,18.88,21.53,2.65,16.39,22.9,0.990,1,1,31.0,0.05,31.06,19.1,1
1779285627267,818,GND-VEH-01,444.5,19.05,21.89,2.85,16.43,21.9,0.990,1,1,31.3,0.05,31.16,30.0,0
1779285627300,819,PERSON-01,465.3,19.00,21.80,2.81,16.49,22.1,0.159,0,0,32.9,0.00,31.54,29.9,0
1779285627333,820,UAS-01,431.1,19.22,21.75,2.53,16.27,22.6,0.990,1,1,31.0,0.13,31.01,29.9,0
1779285627367,821,UAS-02,482.4,19.00,21.70,2.70,16.28,21.1,0.990,1,1,31.0,0.19,30.95,29.9,0
1779285627400,822,GND-VEH-01,741.7,18.85,21.48,2.63,16.17,22.2,0.990,1,1,33.1,0.24,31.16,29.9,0
1779285627433,823,PERSON-01,659.5,18.94,21.46,2.51,16.45,21.6,0.990,1,1,31.0,0.38,31.21,30.1,0
1779285627467,824,UAS-01,302.0,18.84,21.83,2.99,16.59,21.9,0.985,1,1,31.0,0.07,31.17,30.1,0
1779285627500,825,UAS-02,632.8,19.13,21.78,2.65,16.39,23.1,0.990,1,1,31.0,0.27,30.59,30.0,0
1779285627533,826,GND-VEH-01,408.5,18.95,21.90,2.95,17.33,21.1,0.224,0,0,31.0,0.00,31.72,30.1,0
1779285627567,827,PERSON-01,385.3,19.06,21.53,2.47,16.34,20.5,0.990,1,1,31.7,0.03,30.99,30.2,0
1779285627600,828,UAS-01,655.8,19.02,21.77,2.74,16.58,22.4,0.157,0,0,31.0,0.00,31.21,30.0,0
1779285627633,829,UAS-02,525.0,18.61,21.21,2.60,16.38,21.7,0.983,1,1,31.9,0.51,30.74,30.0,0
1779285627667,830,GND-VEH-01,526.1,18.96,21.75,2.78,16.17,21.3,0.990,1,1,31.6,0.36,31.17,30.0,0
1779285627700,831,PERSON-01,603.9,18.87,21.48,2.61,15.81,23.2,0.990,1,1,31.1,0.12,31.21,30.0,0
1779285627733,832,UAS-01,763.0,18.91,21.42,2.51,16.76,22.5,0.977,1,1,31.0,0.06,30.64,30.1,0
1779285627767,833,UAS-02,482.8,19.25,22.03,2.77,16.27,21.0,0.984,1,1,31.0,0.26,31.25,30.1,0
1779285627800,834,GND-VEH-01,818.5,18.67,21.40,2.73,16.10,22.8,0.990,1,1,32.7,0.23,31.16,30.2,0
1779285627833,835,PERSON-01,531.0,19.31,22.03,2.72,17.17,20.5,0.990,1,1,31.5,0.16,31.19,30.0,0
1779285627867,836,UAS-01,626.4,19.04,21.63,2.59,15.88,21.2,0.990,1,1,33.5,0.22,31.41,29.8,0
1779285627900,837,UAS-02,438.7,19.04,22.08,3.03,16.66,20.5,0.990,1,1,31.0,0.34,31.12,30.0,0
1779285627933,838,GND-VEH-01,450.2,18.68,21.42,2.74,15.53,21.7,0.970,1,1,33.5,0.20,31.56,30.0,0
1779285627967,839,PERSON-01,421.1,18.94,21.63,2.69,16.61,22.5,0.990,1,1,33.8,0.42,31.52,30.1,0
1779285628000,840,UAS-01,364.7,18.84,21.45,2.61,16.44,21.5,0.990,1,1,31.0,0.18,31.69,29.9,0
1779285628033,841,UAS-02,402.1,18.97,21.94,2.97,17.13,23.8,0.990,1,1,33.9,0.12,31.21,30.0,0
1779285628067,842,GND-VEH-01,700.1,18.98,21.94,2.95,16.84,22.3,0.990,1,1,33.1,0.38,30.79,30.0,0
1779285628100,843,PERSON-01,562.6,18.91,21.61,2.69,16.31,22.3,0.977,1,1,32.4,0.07,30.96,29.9,0
1779285628133,844,UAS-01,380.4,18.90,21.78,2.87,17.26,23.1,0.990,1,1,32.3,0.06,31.38,30.0,0
1779285628167,845,UAS-02,619.8,18.93,21.43,2.50,16.46,22.7,0.167,0,0,32.6,0.00,31.19,29.9,0
1779285628200,846,GND-VEH-01,440.4,18.99,21.66,2.67,16.18,22.1,0.990,1,1,34.0,0.67,31.54,30.0,0
1779285628233,847,PERSON-01,581.2,19.07,21.49,2.41,16.21,22.6,0.990,1,1,33.0,0.28,31.26,30.0,0
1779285628267,848,UAS-01,628.6,19.11,21.97,2.86,16.53,20.8,0.990,1,1,31.0,0.22,31.30,30.2,0
1779285628300,849,UAS-02,532.0,19.11,21.56,2.45,16.18,22.1,0.990,1,1,33.4,0.23,31.49,29.8,0
1779285628333,850,GND-VEH-01,344.5,18.79,21.65,2.86,16.73,21.2,0.990,1,1,31.0,0.06,31.76,29.9,0
1779285628367,851,PERSON-01,512.2,19.12,21.68,2.57,16.47,20.9,0.990,1,1,31.2,0.07,31.68,29.8,0
1779285628400,852,UAS-01,385.6,19.08,21.84,2.76,16.77,21.1,0.990,1,1,31.0,0.49,31.62,29.9,0
1779285628433,853,UAS-02,567.0,18.81,21.69,2.88,17.26,22.2,0.201,0,0,31.4,0.00,31.09,30.0,0
1779285628467,854,GND-VEH-01,339.2,18.88,21.53,2.65,15.88,23.3,0.978,1,1,34.7,0.19,31.61,30.0,0
1779285628500,855,PERSON-01,363.8,18.75,21.56,2.80,16.60,21.8,0.990,1,1,31.3,0.17,31.32,29.9,0
1779285628533,856,UAS-01,548.3,19.18,22.16,2.97,17.39,21.4,0.989,1,1,31.4,0.29,31.59,30.1,0
1779285628567,857,UAS-02,949.8,18.85,21.41,2.56,16.36,20.3,0.983,1,1,31.0,0.09,31.19,30.0,0
1779285628600,858,GND-VEH-01,563.5,18.96,21.27,2.31,15.72,21.5,0.990,1,1,31.0,0.08,31.53,30.0,0
1779285628633,859,PERSON-01,479.7,19.09,21.96,2.87,16.37,21.7,0.990,1,1,31.0,0.14,31.16,29.9,0
1779285628667,860,UAS-01,479.5,18.95,21.53,2.57,16.58,22.5,0.990,1,1,31.0,0.53,31.92,29.8,0
1779285628700,861,UAS-02,339.6,18.81,21.52,2.71,16.49,22.3,0.990,1,1,31.0,0.19,31.35,30.1,0
1779285628733,862,GND-VEH-01,511.8,19.18,22.17,2.99,17.54,21.3,0.990,1,1,31.0,0.30,31.20,30.1,0
1779285628767,863,PERSON-01,304.6,18.90,21.71,2.81,16.89,21.4,0.985,1,1,32.8,0.28,31.43,30.0,0
1779285628800,864,UAS-01,320.8,19.22,21.87,2.65,17.22,20.0,0.990,1,1,32.6,0.34,31.28,29.9,0
1779285628833,865,UAS-02,687.7,19.24,22.05,2.81,16.75,23.2,0.990,1,1,33.9,0.07,31.42,30.0,0
1779285628867,866,GND-VEH-01,555.1,18.94,21.78,2.84,16.82,22.4,0.990,1,1,31.0,0.02,31.56,30.1,0
1779285628900,867,PERSON-01,536.4,19.12,21.83,2.71,16.61,22.2,0.988,1,1,31.0,0.16,31.89,29.9,0
1779285628933,868,UAS-01,332.0,18.88,22.12,3.24,17.29,21.9,0.990,1,1,33.4,0.17,31.71,30.0,0
1779285628967,869,UAS-02,782.0,19.08,21.94,2.87,16.42,23.0,0.990,1,1,31.0,0.39,31.21,30.0,0
1779285629000,870,GND-VEH-01,854.7,18.92,21.61,2.69,16.43,23.5,0.981,1,1,31.0,0.28,31.65,30.1,0
1779285629033,871,PERSON-01,453.1,18.87,21.96,3.09,17.41,22.1,0.990,1,1,32.0,0.21,31.47,30.2,0
1779285629067,872,UAS-01,349.6,18.99,21.87,2.88,16.48,21.4,0.990,1,1,31.5,0.14,31.59,30.1,0
1779285629100,873,UAS-02,549.0,19.07,21.80,2.73,16.37,23.0,0.975,1,1,31.0,0.15,31.08,29.9,0
1779285629133,874,GND-VEH-01,467.5,18.81,21.34,2.52,15.96,22.4,0.990,1,1,35.0,0.12,31.16,30.0,0
1779285629167,875,PERSON-01,517.5,19.29,21.79,2.51,16.20,22.1,0.990,1,1,31.0,0.18,31.25,30.0,0
1779285629200,876,UAS-01,764.5,19.11,21.45,2.35,16.13,22.1,0.990,1,1,32.2,0.37,31.19,30.0,0
1779285629233,877,UAS-02,453.4,18.94,21.63,2.69,16.11,22.0,0.990,1,1,35.0,0.09,31.27,30.0,0
1779285629267,878,GND-VEH-01,581.0,19.06,21.56,2.50,15.75,21.7,0.990,1,1,31.0,0.23,31.14,30.0,0
1779285629300,879,PERSON-01,1051.5,19.36,21.66,2.29,16.38,21.9,0.990,1,1,31.6,0.45,31.56,30.0,0
1779285629333,880,UAS-01,344.0,19.00,21.95,2.95,17.67,21.1,0.990,1,1,31.0,0.55,31.22,29.8,0
1779285629367,881,UAS-02,498.5,18.90,21.76,2.86,17.10,21.8,0.213,0,0,31.9,0.00,31.19,30.1,0
1779285629400,882,GND-VEH-01,687.4,19.17,21.75,2.58,16.19,22.1,0.972,1,1,32.0,0.08,31.81,30.1,0
1779285629433,883,PERSON-01,329.7,18.99,21.87,2.88,16.98,22.6,0.990,1,1,31.0,0.08,31.16,29.9,0
1779285629467,884,UAS-01,702.2,19.04,21.87,2.83,16.37,22.9,0.990,1,1,32.6,0.10,31.61,30.2,0
1779285629500,885,UAS-02,778.9,18.94,21.69,2.75,16.22,22.6,0.981,1,1,34.2,0.18,31.56,30.0,0
1779285629533,886,GND-VEH-01,461.6,19.27,22.09,2.81,16.44,21.8,0.990,1,1,31.2,0.13,31.11,30.1,0
1779285629567,887,PERSON-01,512.8,18.94,21.93,2.99,17.02,20.6,0.990,1,1,33.4,0.08,31.23,30.0,0
1779285629600,888,UAS-01,363.8,18.78,21.68,2.90,16.61,22.5,0.221,0,0,31.3,0.00,31.54,30.1,0
1779285629633,889,UAS-02,690.7,18.91,21.57,2.67,16.65,22.4,0.990,1,1,31.0,0.06,31.49,30.0,0
1779285629667,890,GND-VEH-01,517.0,19.05,21.69,2.64,16.93,19.9,0.978,1,1,33.7,0.29,31.67,30.1,0
1779285629700,891,PERSON-01,415.8,19.11,21.67,2.56,16.83,20.9,0.990,1,1,31.0,0.20,30.79,30.1,0
1779285629733,892,UAS-01,367.8,18.85,22.02,3.17,17.30,23.5,0.990,1,1,33.2,0.07,31.49,29.9,0
1779285629767,893,UAS-02,440.2,19.30,22.08,2.77,16.91,21.1,0.990,1,1,31.0,0.16,31.44,30.0,0
1779285629800,894,GND-VEH-01,347.3,19.10,21.80,2.70,16.45,23.2,0.990,1,1,31.7,0.02,31.43,30.1,0
1779285629833,895,PERSON-01,358.1,19.17,21.80,2.63,16.21,21.8,0.990,1,1,32.7,0.01,31.41,30.1,0
1779285629867,896,UAS-01,785.1,18.86,21.65,2.79,16.46,23.6,0.990,1,1,31.0,0.10,31.33,30.0,0
1779285629900,897,UAS-02,820.2,19.17,21.60,2.43,15.45,21.9,0.990,1,1,31.0,0.15,31.88,30.0,0
1779285629933,898,GND-VEH-01,453.0,19.19,21.74,2.55,16.35,23.4,0.979,1,1,31.0,0.31,31.29,30.0,0
1779285629967,899,PERSON-01,368.1,19.20,22.10,2.90,17.52,22.2,0.982,1,1,31.9,0.02,31.94,30.0,0
1779285630000,900,UAS-01,780.5,18.85,21.28,2.43,16.30,20.6,0.990,1,1,31.0,0.01,31.39,29.9,0
1779285630033,901,UAS-02,515.0,19.07,21.56,2.50,16.59,22.1,0.966,1,1,31.9,0.17,32.01,29.9,0
1779285630067,902,GND-VEH-01,391.5,19.14,22.09,2.95,17.05,20.5,0.986,1,1,31.0,0.26,31.38,30.0,0
1779285630100,903,PERSON-01,348.2,19.07,21.73,2.66,15.82,23.7,0.990,1,1,31.0,0.02,31.44,30.0,0
1779285630133,904,UAS-01,411.3,18.96,21.81,2.85,16.35,22.1,0.985,1,1,31.0,0.04,31.60,30.0,0
1779285630167,905,UAS-02,425.9,19.20,22.19,2.99,16.52,22.8,0.990,1,1,32.9,0.36,31.70,30.1,0
1779285630200,906,GND-VEH-01,350.4,19.12,22.19,3.07,16.74,22.9,0.982,1,1,31.0,0.21,31.94,30.1,0
1779285630233,907,PERSON-01,474.8,19.21,22.14,2.92,17.28,20.2,0.990,1,1,31.0,0.04,31.47,30.0,0
1779285630267,908,UAS-01,602.8,18.90,21.68,2.79,17.16,22.0,0.990,1,1,31.8,0.35,31.29,29.9,0
1779285630300,909,UAS-02,356.0,18.97,22.00,3.03,16.44,21.3,0.990,1,1,31.8,0.13,31.39,30.0,0
1779285630333,910,GND-VEH-01,511.4,19.04,21.66,2.62,15.73,22.2,0.983,1,1,31.0,0.27,31.61,30.1,0
1779285630367,911,PERSON-01,332.4,19.09,22.00,2.91,17.22,22.4,0.980,1,1,31.1,0.20,30.92,30.1,0
1779285630400,912,UAS-01,519.8,19.00,21.67,2.67,15.97,22.6,0.990,1,1,31.7,0.24,31.14,30.1,0
1779285630433,913,UAS-02,332.1,19.19,21.95,2.76,16.61,21.6,0.990,1,1,31.0,0.28,31.73,30.0,0
1779285630467,914,GND-VEH-01,538.5,19.43,21.99,2.56,16.37,21.6,0.977,1,1,31.0,0.07,31.62,30.1,0
1779285630500,915,PERSON-01,342.9,19.14,22.01,2.87,16.36,21.7,0.974,1,1,31.6,0.23,31.84,30.0,0
1779285630533,916,UAS-01,754.2,18.97,21.62,2.65,16.52,21.0,0.990,1,1,31.0,0.13,31.39,29.9,0
1779285630567,917,UAS-02,549.1,18.96,21.38,2.42,16.38,21.7,0.990,1,1,31.0,0.25,31.86,29.9,0
1779285630600,918,GND-VEH-01,560.2,19.17,21.79,2.63,15.95,20.4,0.990,1,1,31.0,0.01,31.72,30.0,0
1779285630633,919,PERSON-01,363.6,18.94,21.71,2.77,16.29,22.1,0.990,1,1,31.1,0.12,31.40,30.1,0
1779285630667,920,UAS-01,772.9,19.09,21.82,2.73,16.74,21.3,0.984,1,1,31.0,0.12,31.63,29.9,0
1779285630700,921,UAS-02,313.6,18.86,21.55,2.68,16.80,22.5,0.990,1,1,31.0,0.41,31.79,29.9,0
1779285630733,922,GND-VEH-01,375.5,18.73,21.70,2.97,17.30,22.6,0.990,1,1,33.1,0.25,31.41,30.1,0
1779285630767,923,PERSON-01,661.8,19.17,21.95,2.77,16.61,21.6,0.990,1,1,32.7,0.14,31.43,30.1,0
1779285630800,924,UAS-01,310.8,18.98,21.84,2.86,16.72,20.7,0.990,1,1,31.0,0.04,31.41,30.1,0
1779285630833,925,UAS-02,359.2,18.99,21.83,2.84,17.37,19.9,0.203,0,0,32.3,0.00,31.50,30.1,0
1779285630867,926,GND-VEH-01,332.9,19.21,22.17,2.96,16.24,22.7,0.990,1,1,35.2,0.35,31.71,30.0,0
1779285630900,927,PERSON-01,302.3,18.86,21.60,2.74,17.02,20.9,0.990,1,1,31.1,0.09,31.65,29.9,0
1779285630933,928,UAS-01,375.6,19.17,21.82,2.65,17.45,21.8,0.990,1,1,31.0,0.52,31.58,30.0,0
1779285630967,929,UAS-02,646.2,18.86,21.41,2.55,16.18,22.9,0.990,1,1,31.1,0.18,31.79,30.2,0
1779285631000,930,GND-VEH-01,352.7,19.09,21.66,2.57,16.55,21.7,0.990,1,1,31.0,0.16,31.53,30.0,0
1779285631033,931,PERSON-01,554.5,18.88,21.81,2.93,16.80,22.4,0.990,1,1,31.0,0.10,31.87,30.0,0
1779285631067,932,UAS-01,492.5,18.90,21.50,2.61,15.72,21.5,0.990,1,1,31.9,0.01,31.23,30.0,0
1779285631100,933,UAS-02,714.0,19.08,21.35,2.28,16.56,21.1,0.979,1,1,31.1,0.21,31.68,30.0,0
1779285631133,934,GND-VEH-01,423.5,18.79,21.74,2.95,17.02,22.5,0.987,1,1,34.5,0.19,31.61,30.0,0
1779285631167,935,PERSON-01,555.7,18.88,21.53,2.65,17.21,20.5,0.985,1,1,33.1,0.26,31.31,30.1,0
1779285631200,936,UAS-01,909.3,19.21,21.63,2.42,15.58,23.8,0.990,1,1,31.0,0.22,31.60,30.0,0
1779285631233,937,UAS-02,305.4,19.29,22.27,2.98,17.01,20.7,0.216,0,0,31.0,0.00,31.38,30.0,0
1779285631267,938,GND-VEH-01,326.2,18.93,21.71,2.79,16.78,20.5,0.990,1,1,31.0,0.54,31.48,29.8,0
1779285631300,939,PERSON-01,412.7,18.85,21.75,2.90,16.21,22.2,0.192,0,0,33.1,0.00,31.45,30.0,0
1779285631333,940,UAS-01,512.0,18.95,21.75,2.80,17.15,21.4,0.975,1,1,31.8,0.30,31.71,29.9,0
1779285631367,941,UAS-02,300.7,19.13,21.92,2.79,17.43,20.7,0.990,1,1,34.4,0.30,31.95,30.0,0
1779285631400,942,GND-VEH-01,444.9,18.97,21.65,2.67,16.70,21.9,0.990,1,1,32.8,0.14,32.10,29.9,0
1779285631433,943,PERSON-01,645.6,19.12,22.12,3.00,16.57,22.9,0.990,1,1,31.0,0.20,31.79,30.1,0
1779285631467,944,UAS-01,360.9,19.04,22.24,3.20,17.05,22.4,0.990,1,1,31.0,0.05,31.48,29.9,0
1779285631500,945,UAS-02,566.5,18.95,21.29,2.34,16.11,20.6,0.990,1,1,31.2,0.18,31.77,29.9,0
1779285631533,946,GND-VEH-01,375.6,19.28,22.11,2.83,17.13,20.4,0.977,1,1,31.0,0.13,31.55,30.0,0
1779285631567,947,PERSON-01,528.8,18.95,21.55,2.60,16.39,23.1,0.990,1,1,31.0,0.02,31.98,29.9,0
1779285631600,948,UAS-01,466.7,19.21,21.84,2.63,16.75,22.0,0.223,0,0,33.2,0.00,31.52,30.0,0
1779285631633,949,UAS-02,507.8,18.90,21.73,2.83,16.74,21.7,0.990,1,1,31.2,0.37,31.61,29.9,0
1779285631667,950,GND-VEH-01,616.6,18.93,21.70,2.77,16.95,21.4,0.989,1,1,31.0,0.02,31.61,30.1,0
1779285631700,951,PERSON-01,383.0,18.81,21.55,2.74,16.52,22.4,0.990,1,1,31.1,0.09,32.10,29.8,0
1779285631733,952,UAS-01,808.8,18.87,21.49,2.62,17.17,21.7,0.981,1,1,32.4,0.57,31.85,30.2,0
1779285631767,953,UAS-02,549.7,18.89,21.81,2.92,16.73,23.1,0.990,1,1,31.0,0.36,32.02,30.2,0
1779285631800,954,GND-VEH-01,353.2,19.12,21.99,2.87,16.87,22.3,0.990,1,1,31.0,0.07,31.86,30.1,0
1779285631833,955,PERSON-01,764.8,19.11,21.64,2.53,16.51,21.6,0.990,1,1,31.0,0.32,31.42,29.9,0
1779285631867,956,UAS-01,621.4,19.22,21.89,2.67,16.67,21.2,0.990,1,1,31.0,0.14,32.11,30.0,0
1779285631900,957,UAS-02,330.6,18.81,21.61,2.80,17.26,21.8,0.990,1,1,32.7,0.42,31.46,30.0,0
1779285631933,958,GND-VEH-01,329.6,18.78,21.79,3.01,17.61,20.5,0.990,1,1,31.0,0.15,31.48,29.9,0
1779285631967,959,PERSON-01,342.9,18.68,21.96,3.27,17.12,22.1,0.990,1,1,31.0,0.18,31.80,30.0,0
1779285632000,960,UAS-01,307.0,18.82,21.37,2.56,15.95,22.9,0.990,1,1,31.0,0.05,31.92,29.9,0
1779285632033,961,UAS-02,688.1,18.93,21.50,2.58,15.86,21.7,0.987,1,1,31.8,0.34,31.45,30.0,0
1779285632067,962,GND-VEH-01,301.7,19.18,22.08,2.90,17.39,20.3,0.990,1,1,31.0,0.08,31.92,30.2,0
1779285632100,963,PERSON-01,461.8,18.98,21.96,2.98,16.90,19.9,0.990,1,1,31.1,0.14,31.60,29.8,0
1779285632133,964,UAS-01,584.2,18.75,21.13,2.37,15.44,21.5,0.989,1,1,31.0,0.01,31.52,29.9,0
1779285632167,965,UAS-02,469.4,18.99,21.56,2.57,16.34,22.2,0.136,0,0,32.9,0.00,31.90,30.1,0
1779285632200,966,GND-VEH-01,312.2,19.05,21.77,2.73,15.85,21.1,0.988,1,1,31.4,0.12,31.92,30.0,0
1779285632233,967,PERSON-01,495.7,19.17,21.90,2.73,16.89,21.5,0.965,1,1,33.5,0.33,31.75,29.9,0
1779285632267,968,UAS-01,308.8,18.74,21.45,2.71,16.33,23.0,0.990,1,1,31.0,0.61,32.00,29.9,0
1779285632300,969,UAS-02,476.6,19.14,21.89,2.75,17.33,22.5,0.990,1,1,31.9,0.18,31.66,29.8,0
1779285632333,970,GND-VEH-01,354.4,19.09,21.71,2.63,16.83,21.4,0.246,0,0,31.0,0.00,31.83,30.1,0
1779285632367,971,PERSON-01,354.7,18.95,21.89,2.94,16.85,21.5,0.172,0,0,31.0,0.00,31.95,30.1,0
1779285632400,972,UAS-01,425.7,19.03,21.77,2.74,16.46,21.5,0.990,1,1,31.0,0.30,31.69,30.1,0
1779285632433,973,UAS-02,458.7,19.26,22.09,2.83,17.05,23.5,0.990,1,1,31.1,0.04,31.89,30.0,0
1779285632467,974,GND-VEH-01,560.4,18.90,21.76,2.86,17.14,22.2,0.213,0,0,31.0,0.00,31.48,29.9,0
1779285632500,975,PERSON-01,843.8,19.12,21.58,2.46,16.26,22.3,0.990,1,1,31.0,0.25,31.70,29.9,0
1779285632533,976,UAS-01,717.5,18.96,21.51,2.54,16.21,21.6,0.990,1,1,31.3,0.14,31.87,30.0,0
1779285632567,977,UAS-02,494.1,18.88,21.40,2.52,16.76,22.5,0.990,1,1,31.0,0.47,31.84,29.9,0
1779285632600,978,GND-VEH-01,311.1,19.02,21.87,2.85,16.57,22.5,0.990,1,1,31.0,0.35,32.27,30.0,0
1779285632633,979,PERSON-01,341.7,19.22,22.15,2.93,16.86,21.8,0.982,1,1,32.8,0.31,31.67,30.0,0
1779285632667,980,UAS-01,578.0,19.21,21.95,2.75,16.47,21.2,0.990,1,1,31.0,0.29,32.27,30.1,0
1779285632700,981,UAS-02,383.6,18.94,21.66,2.72,16.21,21.9,0.990,1,1,31.3,0.44,31.88,29.9,0
1779285632733,982,GND-VEH-01,449.8,18.94,21.71,2.77,16.77,21.0,0.990,1,1,33.1,0.12,31.78,30.0,0
1779285632767,983,PERSON-01,383.4,19.06,21.45,2.39,16.16,22.5,0.961,1,1,31.0,0.27,31.71,30.0,0
1779285632800,984,UAS-01,600.4,19.26,21.90,2.64,16.30,24.0,0.990,1,1,31.7,0.46,31.95,30.2,0
1779285632833,985,UAS-02,769.0,19.13,21.58,2.45,15.98,22.9,0.989,1,1,31.0,0.12,31.70,30.1,0
1779285632867,986,GND-VEH-01,584.1,18.99,21.62,2.64,16.25,22.1,0.976,1,1,33.0,0.01,31.99,29.9,0
1779285632900,987,PERSON-01,419.7,18.90,21.74,2.84,16.37,21.9,0.990,1,1,34.2,0.59,32.23,30.0,0
1779285632933,988,UAS-01,378.4,19.15,22.09,2.95,16.88,22.1,0.990,1,1,33.7,0.18,31.57,30.0,0
1779285632967,989,UAS-02,800.3,18.99,21.76,2.78,16.91,22.4,0.984,1,1,31.0,0.43,31.99,30.1,0
1779285633000,990,GND-VEH-01,654.4,19.09,21.66,2.57,15.64,23.4,0.222,0,0,31.0,0.00,32.29,29.9,0
1779285633033,991,PERSON-01,689.5,19.20,21.78,2.57,15.55,22.1,0.990,1,1,31.0,0.08,31.73,30.0,0
1779285633067,992,UAS-01,583.7,19.10,21.92,2.82,16.35,21.8,0.990,1,1,31.9,0.07,32.00,30.0,0
1779285633100,993,UAS-02,804.4,18.98,21.42,2.44,15.87,22.4,0.990,1,1,31.0,0.15,31.49,30.2,0
1779285633133,994,GND-VEH-01,467.8,18.94,21.39,2.45,16.42,21.4,0.990,1,1,31.1,0.17,31.76,30.1,0
1779285633167,995,PERSON-01,335.4,19.09,21.85,2.76,16.87,21.7,0.987,1,1,31.3,0.18,31.88,30.1,0
1779285633200,996,UAS-01,546.1,19.20,21.83,2.63,16.74,21.4,0.990,1,1,31.0,0.32,31.62,30.1,0
1779285633233,997,UAS-02,410.9,19.01,21.71,2.69,16.09,22.5,0.990,1,1,32.8,0.09,31.59,29.9,0
1779285633267,998,GND-VEH-01,307.3,18.94,21.62,2.69,16.76,22.7,0.990,1,1,31.0,0.57,31.73,29.9,0
1779285633300,999,PERSON-01,659.3,18.99,21.68,2.69,16.32,21.5,0.990,1,1,31.0,0.06,32.05,30.2,0
1779285633333,1000,UAS-01,629.7,18.79,21.81,3.02,16.49,21.6,0.990,1,1,34.7,0.12,32.01,29.9,0
1779285633367,1001,UAS-02,314.8,18.89,21.42,2.53,16.87,21.6,0.990,1,1,31.0,0.00,32.02,29.9,0
1779285633400,1002,GND-VEH-01,814.5,19.02,21.39,2.38,16.56,22.8,0.990,1,1,31.0,0.27,32.41,30.0,0
1779285633433,1003,PERSON-01,342.6,19.12,22.08,2.96,16.73,21.6,0.983,1,1,31.2,0.00,32.10,30.2,0
1779285633467,1004,UAS-01,420.5,18.92,21.57,2.65,15.34,22.6,0.990,1,1,31.0,0.24,31.80,30.0,0
1779285633500,1005,UAS-02,531.9,18.76,21.57,2.82,17.06,21.0,0.225,0,0,31.0,0.00,32.21,30.1,0
1779285633533,1006,GND-VEH-01,765.7,19.22,21.88,2.67,16.00,21.5,0.990,1,1,31.1,0.46,32.15,30.0,0
1779285633567,1007,PERSON-01,698.7,19.16,21.71,2.55,16.54,23.5,0.990,1,1,31.0,0.11,31.89,30.0,0
1779285633600,1008,UAS-01,560.5,18.74,21.52,2.78,16.68,21.7,0.990,1,1,31.0,0.19,31.81,30.0,0
1779285633633,1009,UAS-02,301.5,19.21,22.38,3.17,17.15,21.3,0.990,1,1,31.0,0.01,31.87,29.9,0
1779285633667,1010,GND-VEH-01,861.5,18.85,21.49,2.64,16.96,22.2,0.990,1,1,31.9,0.26,32.17,30.1,0
1779285633700,1011,PERSON-01,498.6,19.16,21.98,2.82,16.92,20.9,0.990,1,1,31.7,0.18,31.56,30.0,0
1779285633733,1012,UAS-01,478.6,18.68,21.33,2.66,16.39,22.1,0.199,0,0,32.4,0.00,32.02,30.0,0
1779285633767,1013,UAS-02,325.7,18.77,21.54,2.77,15.99,22.1,0.990,1,1,31.3,0.17,31.68,30.0,0
1779285633800,1014,GND-VEH-01,430.6,19.04,21.87,2.83,16.73,21.9,0.990,1,1,31.9,0.05,32.02,30.0,0
1779285633833,1015,PERSON-01,364.3,19.00,21.35,2.34,16.07,22.0,0.990,1,1,31.0,0.35,31.90,30.0,0
1779285633867,1016,UAS-01,585.9,19.13,21.80,2.67,16.79,20.8,0.980,1,1,31.3,0.28,31.98,30.1,0
1779285633900,1017,UAS-02,309.6,18.92,21.90,2.98,17.33,22.1,0.990,1,1,31.0,0.14,31.88,30.1,0
1779285633933,1018,GND-VEH-01,543.9,19.12,21.88,2.76,16.99,21.6,0.990,1,1,31.0,0.31,31.99,30.0,0
1779285633967,1019,PERSON-01,495.1,19.01,21.49,2.48,16.00,22.5,0.973,1,1,32.9,0.44,31.95,30.1,0
1779285634000,1020,UAS-01,337.9,18.92,21.39,2.47,16.55,22.2,0.986,1,1,31.7,0.07,31.98,29.9,0
1779285634033,1021,UAS-02,416.5,19.09,21.74,2.65,16.10,21.6,0.990,1,1,32.3,0.04,31.88,29.9,0
1779285634067,1022,GND-VEH-01,763.5,19.14,21.54,2.40,16.01,20.7,0.973,1,1,31.0,0.44,32.11,30.1,0
1779285634100,1023,PERSON-01,361.0,18.92,21.65,2.72,15.83,21.5,0.990,1,1,31.7,0.10,32.26,29.9,0
1779285634133,1024,UAS-01,354.8,19.00,21.77,2.77,16.30,22.9,0.990,1,1,32.3,0.06,32.22,30.1,0
1779285634167,1025,UAS-02,429.3,19.09,22.14,3.05,17.57,21.8,0.990,1,1,32.3,0.43,32.08,29.9,0
1779285634200,1026,GND-VEH-01,307.7,19.09,21.99,2.90,16.72,21.1,0.157,0,0,31.0,0.00,32.03,30.1,0
1779285634233,1027,PERSON-01,509.3,19.03,21.76,2.73,16.35,23.3,0.983,1,1,31.2,0.24,32.02,30.1,0
1779285634267,1028,UAS-01,318.4,19.14,21.92,2.77,17.18,21.2,0.204,0,0,32.2,0.00,32.30,29.9,0
1779285634300,1029,UAS-02,438.9,19.07,21.71,2.64,16.66,21.6,0.990,1,1,32.0,0.22,31.84,30.1,0
1779285634333,1030,GND-VEH-01,589.1,18.90,21.40,2.51,16.24,22.1,0.986,1,1,31.4,0.03,31.95,30.0,0
1779285634367,1031,PERSON-01,427.9,19.09,21.88,2.79,16.54,22.2,0.990,1,1,31.9,0.17,32.35,30.0,0
1779285634400,1032,UAS-01,378.7,18.97,21.67,2.70,16.41,23.4,0.990,1,1,32.6,0.18,31.72,29.9,0
1779285634433,1033,UAS-02,665.3,19.05,21.78,2.73,16.96,21.0,0.990,1,1,31.0,0.47,32.13,30.0,0
1779285634467,1034,GND-VEH-01,466.0,19.13,21.61,2.48,16.05,21.2,0.990,1,1,32.7,0.21,31.56,30.1,0
1779285634500,1035,PERSON-01,504.9,18.95,21.88,2.93,17.38,21.5,0.990,1,1,31.0,0.05,31.84,29.9,0
1779285634533,1036,UAS-01,687.7,19.37,21.89,2.52,15.85,22.0,0.987,1,1,31.0,0.34,31.65,29.9,0
1779285634567,1037,UAS-02,492.6,18.92,21.42,2.50,16.15,21.6,0.245,0,0,31.4,0.00,31.64,30.1,0
1779285634600,1038,GND-VEH-01,333.6,19.06,21.63,2.57,16.27,22.7,0.989,1,1,31.0,0.64,32.15,30.0,0
1779285634633,1039,PERSON-01,684.4,18.97,21.91,2.94,16.61,22.3,0.990,1,1,31.0,0.43,32.33,29.9,0
1779285634667,1040,UAS-01,661.6,19.01,21.66,2.65,16.85,21.2,0.990,1,1,32.2,0.09,31.91,29.9,0
1779285634700,1041,UAS-02,604.8,18.95,21.76,2.80,16.71,22.1,0.981,1,1,31.3,0.56,32.03,30.0,0
1779285634733,1042,GND-VEH-01,465.8,19.06,21.85,2.79,16.83,22.6,0.990,1,1,31.0,0.10,32.13,30.0,0
1779285634767,1043,PERSON-01,419.9,19.04,21.71,2.67,16.77,21.1,0.990,1,1,31.0,0.14,32.14,30.0,0
1779285634800,1044,UAS-01,747.1,18.85,21.67,2.82,16.66,21.8,0.989,1,1,32.0,0.12,32.50,29.8,0
1779285634833,1045,UAS-02,417.2,18.80,21.25,2.46,15.81,21.3,0.181,0,0,31.0,0.00,32.09,29.9,0
1779285634867,1046,GND-VEH-01,435.9,19.22,22.03,2.81,16.29,20.5,0.990,1,1,31.0,0.35,32.28,29.9,0
1779285634900,1047,PERSON-01,877.5,18.87,21.59,2.73,17.26,22.4,0.990,1,1,31.4,0.18,31.74,30.0,0
1779285634933,1048,UAS-01,346.0,18.89,21.76,2.87,17.08,21.9,0.990,1,1,32.8,0.13,31.95,30.1,0
1779285634967,1049,UAS-02,456.1,18.80,21.39,2.59,16.10,22.5,0.990,1,1,31.1,0.02,32.27,29.9,0
1779285635000,1050,GND-VEH-01,375.8,19.18,22.02,2.84,16.42,23.1,0.985,1,1,31.0,0.16,32.18,30.0,0
1779285635033,1051,PERSON-01,599.9,19.21,22.25,3.03,16.70,21.6,0.990,1,1,31.0,0.49,32.25,30.0,0
1779285635067,1052,UAS-01,372.4,19.02,21.98,2.97,16.50,22.0,0.202,0,0,31.0,0.00,32.09,29.9,0
1779285635100,1053,UAS-02,334.4,19.15,21.84,2.69,16.34,21.8,0.990,1,1,33.4,0.27,31.93,30.0,0
1779285635133,1054,GND-VEH-01,400.4,19.14,21.88,2.74,16.66,21.5,0.990,1,1,32.2,0.00,32.33,30.1,0
1779285635167,1055,PERSON-01,449.4,19.07,21.75,2.69,17.43,20.4,0.974,1,1,32.3,0.06,32.31,29.9,0
1779285635200,1056,UAS-01,698.1,18.83,21.48,2.65,16.70,20.2,0.978,1,1,32.4,0.33,32.31,30.0,0
1779285635233,1057,UAS-02,639.9,19.02,22.13,3.11,17.46,21.7,0.990,1,1,32.1,0.56,32.34,30.1,0
1779285635267,1058,GND-VEH-01,398.2,18.83,21.69,2.87,17.15,23.3,0.983,1,1,32.1,0.02,32.05,20.9,1
1779285635300,1059,PERSON-01,648.3,19.00,21.57,2.56,16.46,22.3,0.990,1,1,31.3,0.09,32.00,30.2,0
1779285635333,1060,UAS-01,372.7,18.87,21.66,2.80,15.97,21.8,0.204,0,0,31.0,0.00,32.03,29.9,0
1779285635367,1061,UAS-02,620.8,18.79,21.33,2.54,16.45,21.1,0.990,1,1,31.0,0.62,32.17,30.0,0
1779285635400,1062,GND-VEH-01,391.9,19.09,21.96,2.87,17.41,20.5,0.990,1,1,31.0,0.11,32.12,30.0,0
1779285635433,1063,PERSON-01,626.4,18.92,21.60,2.68,16.58,23.1,0.990,1,1,31.4,0.28,31.50,30.1,0
1779285635467,1064,UAS-01,640.2,19.00,21.61,2.61,16.68,21.4,0.990,1,1,31.0,0.40,31.89,30.0,0
1779285635500,1065,UAS-02,340.8,18.78,21.51,2.73,16.89,20.9,0.990,1,1,31.0,0.34,32.04,30.0,0
1779285635533,1066,GND-VEH-01,472.2,19.07,21.96,2.89,16.67,22.4,0.990,1,1,31.0,0.30,32.61,30.0,0
1779285635567,1067,PERSON-01,412.3,19.15,22.09,2.93,17.07,21.3,0.216,0,0,33.5,0.00,32.04,29.9,0
1779285635600,1068,UAS-01,761.0,19.11,21.76,2.65,16.85,22.3,0.990,1,1,31.0,0.20,32.46,29.9,0
1779285635633,1069,UAS-02,333.9,18.76,21.32,2.56,16.67,21.1,0.990,1,1,31.0,0.20,32.19,30.0,0
1779285635667,1070,GND-VEH-01,547.6,19.14,21.95,2.81,16.51,22.4,0.990,1,1,31.0,0.06,32.13,30.0,0
1779285635700,1071,PERSON-01,349.8,19.01,22.08,3.07,16.93,21.9,0.990,1,1,31.0,0.19,32.03,22.7,1
1779285635733,1072,UAS-01,337.0,19.04,22.07,3.03,17.75,21.2,0.982,1,1,31.0,0.27,32.71,30.0,0
1779285635767,1073,UAS-02,317.2,18.95,21.63,2.67,16.78,22.4,0.147,0,0,31.4,0.00,32.05,29.9,0
1779285635800,1074,GND-VEH-01,843.2,18.90,21.45,2.55,16.55,20.7,0.990,1,1,31.6,0.02,32.23,30.1,0
1779285635833,1075,PERSON-01,413.2,19.15,21.89,2.75,16.74,22.7,0.990,1,1,32.7,0.04,32.19,30.0,0
1779285635867,1076,UAS-01,692.0,19.11,21.47,2.36,15.63,22.2,0.988,1,1,32.4,0.25,32.30,30.2,0
1779285635900,1077,UAS-02,610.8,19.32,22.22,2.90,16.57,20.9,0.990,1,1,34.0,0.01,32.07,30.0,0
1779285635933,1078,GND-VEH-01,659.2,19.18,21.75,2.56,17.04,21.7,0.990,1,1,32.9,0.04,32.21,29.9,0
1779285635967,1079,PERSON-01,528.3,18.83,21.32,2.49,16.22,20.9,0.990,1,1,31.0,0.22,32.25,30.1,0
1779285636000,1080,UAS-01,608.8,18.90,21.69,2.79,16.95,23.1,0.990,1,1,31.0,0.04,31.90,29.9,0
1779285636033,1081,UAS-02,314.7,19.19,22.21,3.02,17.62,22.1,0.990,1,1,33.2,0.00,31.97,29.8,0
1779285636067,1082,GND-VEH-01,655.4,19.07,21.72,2.64,16.55,22.5,0.990,1,1,31.0,0.38,32.07,30.2,0
1779285636100,1083,PERSON-01,745.9,18.95,21.74,2.79,17.39,21.0,0.980,1,1,31.0,0.02,32.10,30.2,0
1779285636133,1084,UAS-01,459.3,19.15,21.67,2.52,16.34,21.6,0.990,1,1,33.1,0.00,32.21,29.8,0
1779285636167,1085,UAS-02,616.3,19.00,21.81,2.81,17.15,20.9,0.990,1,1,32.0,0.10,32.17,30.1,0
1779285636200,1086,GND-VEH-01,426.9,18.90,21.95,3.04,16.69,22.2,0.207,0,0,34.8,0.00,32.27,30.1,0
1779285636233,1087,PERSON-01,367.8,18.87,21.69,2.82,16.47,22.1,0.990,1,1,31.4,0.32,32.32,30.1,0
1779285636267,1088,UAS-01,421.1,19.14,21.80,2.66,16.80,23.3,0.990,1,1,31.1,0.28,32.27,30.0,0
1779285636300,1089,UAS-02,346.5,18.87,21.71,2.84,17.25,20.7,0.990,1,1,31.0,0.00,32.10,30.0,0
1779285636333,1090,GND-VEH-01,545.2,19.24,21.93,2.70,16.54,22.6,0.194,0,0,31.2,0.00,32.29,30.1,0
1779285636367,1091,PERSON-01,719.8,19.13,21.95,2.82,17.34,21.2,0.972,1,1,32.0,0.05,32.78,30.0,0
1779285636400,1092,UAS-01,578.5,19.07,21.81,2.74,16.12,21.1,0.990,1,1,31.6,0.01,32.14,29.9,0
1779285636433,1093,UAS-02,379.6,19.08,21.83,2.75,16.76,21.8,0.990,1,1,31.0,0.19,32.46,29.9,0
1779285636467,1094,GND-VEH-01,881.0,19.06,21.20,2.13,15.55,22.5,0.984,1,1,31.0,0.20,31.97,30.0,0
1779285636500,1095,PERSON-01,464.8,19.06,22.16,3.11,17.12,22.5,0.990,1,1,31.2,0.53,32.49,30.0,0
1779285636533,1096,UAS-01,696.4,19.01,21.71,2.70,16.36,22.3,0.980,1,1,31.4,0.29,32.32,30.0,0
1779285636567,1097,UAS-02,556.6,19.12,21.76,2.64,16.51,23.1,0.989,1,1,31.8,0.13,32.12,30.0,0
1779285636600,1098,GND-VEH-01,537.3,19.11,21.64,2.53,16.33,22.5,0.981,1,1,31.0,0.12,32.47,30.0,0
1779285636633,1099,PERSON-01,338.4,19.02,21.60,2.59,17.19,20.9,0.978,1,1,32.3,0.19,32.47,30.1,0
1779285636667,1100,UAS-01,496.0,18.83,21.60,2.78,16.75,21.5,0.990,1,1,33.6,0.16,32.11,30.1,0
1779285636700,1101,UAS-02,337.0,19.25,22.25,3.00,16.63,22.1,0.990,1,1,31.3,0.19,32.42,30.0,0
1779285636733,1102,GND-VEH-01,353.6,19.08,22.01,2.92,17.07,22.9,0.990,1,1,31.0,0.06,32.22,29.9,0
1779285636767,1103,PERSON-01,537.1,19.17,22.09,2.92,17.34,21.7,0.990,1,1,31.4,0.01,32.40,30.0,0
1779285636800,1104,UAS-01,639.4,19.02,21.92,2.90,15.96,22.7,0.990,1,1,33.4,0.22,32.37,29.9,0
1779285636833,1105,UAS-02,378.6,19.16,21.92,2.76,17.16,21.6,0.981,1,1,31.0,0.30,32.48,30.0,0
1779285636867,1106,GND-VEH-01,567.7,19.07,21.99,2.91,16.95,21.7,0.192,0,0,31.0,0.00,31.81,29.9,0
1779285636900,1107,PERSON-01,708.2,18.66,21.05,2.39,16.24,20.7,0.990,1,1,31.0,0.16,32.49,30.0,0
1779285636933,1108,UAS-01,338.9,18.81,21.76,2.95,17.32,22.2,0.990,1,1,31.4,0.15,32.06,30.0,0
1779285636967,1109,UAS-02,786.1,18.87,21.31,2.44,16.54,20.8,0.990,1,1,31.0,0.02,31.79,30.1,0
1779285637000,1110,GND-VEH-01,405.2,18.89,21.76,2.87,16.26,22.6,0.990,1,1,32.0,0.02,32.02,30.0,0
1779285637033,1111,PERSON-01,461.5,18.99,21.72,2.73,16.20,23.7,0.981,1,1,35.4,0.06,32.12,30.1,0
1779285637067,1112,UAS-01,437.1,19.07,21.73,2.66,16.86,21.5,0.968,1,1,31.0,0.09,32.65,30.2,0
1779285637100,1113,UAS-02,377.6,18.96,21.98,3.02,16.62,20.8,0.977,1,1,34.2,0.06,32.33,30.0,0
1779285637133,1114,GND-VEH-01,539.9,19.10,22.01,2.92,16.71,23.4,0.990,1,1,31.9,0.22,31.92,30.0,0
1779285637167,1115,PERSON-01,629.2,18.91,21.66,2.75,16.99,22.6,0.989,1,1,33.3,0.27,32.21,30.0,0
1779285637200,1116,UAS-01,351.3,18.95,21.67,2.72,16.31,21.9,0.990,1,1,31.0,0.09,32.24,29.9,0
1779285637233,1117,UAS-02,540.8,19.12,21.88,2.76,17.21,21.2,0.154,0,0,32.9,0.00,32.58,30.0,0
1779285637267,1118,GND-VEH-01,668.6,18.92,21.25,2.33,15.38,23.8,0.990,1,1,31.0,0.20,31.96,30.1,0
1779285637300,1119,PERSON-01,642.0,18.91,21.80,2.88,16.67,21.0,0.990,1,1,32.4,0.21,32.50,29.9,0
1779285637333,1120,UAS-01,425.3,19.31,22.12,2.81,16.90,22.0,0.990,1,1,31.0,0.12,32.15,29.9,0
1779285637367,1121,UAS-02,306.5,18.97,22.23,3.26,17.55,21.7,0.988,1,1,31.0,0.09,31.92,29.9,0
1779285637400,1122,GND-VEH-01,629.3,18.99,21.43,2.44,15.62,20.9,0.990,1,1,32.6,0.16,32.26,30.0,0
1779285637433,1123,PERSON-01,623.8,19.18,21.82,2.64,15.91,22.6,0.970,1,1,31.0,0.36,32.16,30.0,0
1779285637467,1124,UAS-01,390.1,18.98,22.14,3.16,17.40,20.7,0.990,1,1,31.0,0.36,31.95,30.0,0
1779285637500,1125,UAS-02,646.2,19.09,21.77,2.68,15.84,21.0,0.990,1,1,33.2,0.04,32.40,29.9,0
1779285637533,1126,GND-VEH-01,358.8,18.91,21.66,2.75,17.35,22.0,0.990,1,1,31.0,0.46,32.66,30.1,0
1779285637567,1127,PERSON-01,438.5,18.75,21.56,2.81,16.49,22.3,0.990,1,1,31.7,0.12,32.39,29.8,0
1779285637600,1128,UAS-01,514.0,18.82,21.54,2.72,15.92,23.4,0.990,1,1,31.0,0.06,31.99,29.8,0
1779285637633,1129,UAS-02,741.2,18.91,21.34,2.43,16.32,21.3,0.990,1,1,32.5,0.03,32.69,29.9,0
1779285637667,1130,GND-VEH-01,318.7,19.08,21.87,2.79,16.93,20.9,0.990,1,1,33.5,0.27,32.24,29.9,0
1779285637700,1131,PERSON-01,408.2,19.05,21.73,2.68,16.82,22.3,0.191,0,0,31.0,0.00,32.26,30.1,0
1779285637733,1132,UAS-01,466.1,18.99,21.60,2.62,16.87,21.2,0.990,1,1,31.0,0.35,32.48,30.0,0
1779285637767,1133,UAS-02,375.4,18.92,21.67,2.75,17.02,22.4,0.978,1,1,31.2,0.06,32.62,30.0,0
1779285637800,1134,GND-VEH-01,825.2,18.97,21.60,2.63,16.50,22.4,0.989,1,1,31.0,0.27,32.02,29.9,0
1779285637833,1135,PERSON-01,585.1,19.23,21.96,2.73,16.55,23.5,0.990,1,1,31.7,0.18,32.45,30.0,0
1779285637867,1136,UAS-01,435.5,19.09,22.28,3.19,16.72,23.5,0.990,1,1,32.3,0.28,32.38,29.9,0
1779285637900,1137,UAS-02,457.4,19.00,21.55,2.55,16.25,22.7,0.164,0,0,31.4,0.00,32.06,29.9,0
1779285637933,1138,GND-VEH-01,371.6,18.81,21.29,2.49,16.69,20.6,0.990,1,1,31.0,0.20,32.61,30.1,0
1779285637967,1139,PERSON-01,903.7,19.13,22.02,2.89,16.88,21.0,0.990,1,1,31.0,0.07,32.32,30.0,0
1779285638000,1140,UAS-01,765.5,19.11,21.72,2.61,16.45,22.2,0.985,1,1,33.4,0.36,32.21,29.9,0
1779285638033,1141,UAS-02,431.2,18.85,21.56,2.71,16.86,22.1,0.204,0,0,31.2,0.00,32.77,29.9,0
1779285638067,1142,GND-VEH-01,917.4,19.14,21.79,2.65,16.47,21.4,0.990,1,1,31.0,0.46,32.24,30.0,0
1779285638100,1143,PERSON-01,621.5,18.70,21.52,2.82,16.79,21.0,0.990,1,1,31.0,0.30,32.33,30.0,0
1779285638133,1144,UAS-01,393.2,19.11,22.11,3.01,16.53,22.0,0.988,1,1,31.7,0.30,32.20,29.8,0
1779285638167,1145,UAS-02,503.7,19.03,21.84,2.82,16.81,22.0,0.990,1,1,33.2,0.30,32.45,30.0,0
1779285638200,1146,GND-VEH-01,342.5,18.84,21.87,3.04,17.07,22.6,0.990,1,1,31.0,0.17,32.36,30.1,0
1779285638233,1147,PERSON-01,632.7,18.82,21.33,2.51,16.84,20.0,0.217,0,0,31.0,0.00,32.48,30.0,0
1779285638267,1148,UAS-01,500.8,18.99,21.54,2.54,15.90,23.3,0.990,1,1,33.6,0.08,32.30,30.0,0
1779285638300,1149,UAS-02,395.4,18.95,21.99,3.05,16.45,22.9,0.196,0,0,31.0,0.00,32.48,30.0,0
1779285638333,1150,GND-VEH-01,783.9,19.21,21.97,2.76,16.51,21.7,0.990,1,1,32.2,0.40,32.17,30.0,0
1779285638367,1151,PERSON-01,362.0,18.98,21.70,2.72,16.17,21.5,0.990,1,1,32.2,0.16,32.18,30.0,0
1779285638400,1152,UAS-01,553.1,18.77,21.60,2.83,16.36,21.9,0.990,1,1,33.5,0.01,32.46,30.0,0
1779285638433,1153,UAS-02,557.1,18.87,21.56,2.69,16.43,22.2,0.990,1,1,31.0,0.26,32.26,29.9,0
1779285638467,1154,GND-VEH-01,426.5,19.02,21.97,2.95,17.44,23.0,0.990,1,1,33.0,0.26,32.76,30.0,0
1779285638500,1155,PERSON-01,635.8,18.92,21.58,2.66,16.85,20.7,0.983,1,1,31.5,0.25,32.52,29.9,0
1779285638533,1156,UAS-01,611.3,19.34,22.09,2.75,16.88,22.0,0.985,1,1,31.0,0.01,32.24,30.0,0
1779285638567,1157,UAS-02,397.4,18.89,21.82,2.93,16.49,22.6,0.990,1,1,33.2,0.18,32.26,30.1,0
1779285638600,1158,GND-VEH-01,464.9,18.69,21.30,2.61,16.64,22.0,0.969,1,1,31.0,0.24,32.75,30.0,0
1779285638633,1159,PERSON-01,594.0,19.12,22.18,3.06,17.41,22.2,0.235,0,0,31.5,0.00,32.29,29.9,0
1779285638667,1160,UAS-01,675.0,19.11,21.81,2.70,16.48,22.4,0.977,1,1,31.0,0.27,32.18,29.9,0
1779285638700,1161,UAS-02,372.8,19.11,22.10,2.99,16.31,23.1,0.990,1,1,31.3,0.20,32.39,30.1,0
1779285638733,1162,GND-VEH-01,816.8,18.89,21.49,2.60,16.73,22.1,0.990,1,1,32.0,0.04,32.53,30.0,0
1779285638767,1163,PERSON-01,879.0,18.95,21.75,2.80,16.80,22.9,0.990,1,1,31.2,0.22,32.54,30.0,0
1779285638800,1164,UAS-01,465.8,18.91,21.95,3.04,17.25,23.0,0.990,1,1,31.0,0.16,32.89,30.0,0
1779285638833,1165,UAS-02,506.4,19.09,21.96,2.86,17.25,21.5,0.990,1,1,31.0,0.23,32.23,30.1,0
1779285638867,1166,GND-VEH-01,418.3,19.25,22.12,2.87,16.49,22.9,0.990,1,1,31.0,0.36,32.13,30.0,0
1779285638900,1167,PERSON-01,449.3,18.85,21.63,2.78,16.43,22.4,0.200,0,0,33.3,0.00,33.03,29.9,0
1779285638933,1168,UAS-01,304.9,18.80,21.31,2.51,16.12,21.6,0.192,0,0,31.0,0.00,32.64,30.0,0
1779285638967,1169,UAS-02,453.3,18.97,21.75,2.78,17.26,23.1,0.990,1,1,31.0,0.31,32.82,29.8,0
1779285639000,1170,GND-VEH-01,436.0,19.01,22.02,3.01,16.66,21.1,0.990,1,1,31.6,0.11,32.52,29.9,0
1779285639033,1171,PERSON-01,426.7,19.01,21.57,2.56,16.51,21.5,0.243,0,0,31.9,0.00,32.48,30.0,0
1779285639067,1172,UAS-01,406.1,19.05,21.61,2.56,16.40,22.7,0.990,1,1,31.0,0.04,32.92,30.1,0
1779285639100,1173,UAS-02,414.6,19.04,21.68,2.63,16.32,23.5,0.984,1,1,35.6,0.11,32.72,29.9,0
1779285639133,1174,GND-VEH-01,420.2,19.11,21.84,2.73,16.56,21.4,0.976,1,1,31.0,0.19,32.52,30.0,0
1779285639167,1175,PERSON-01,463.6,18.99,21.76,2.77,15.90,22.3,0.990,1,1,31.5,0.41,32.40,30.1,0
1779285639200,1176,UAS-01,427.7,18.88,21.83,2.95,17.29,21.6,0.990,1,1,35.9,0.26,32.67,29.9,0
1779285639233,1177,UAS-02,316.6,19.15,22.22,3.07,17.15,21.4,0.184,0,0,31.0,0.00,32.49,30.1,0
1779285639267,1178,GND-VEH-01,358.4,18.82,21.53,2.71,16.75,22.0,0.990,1,1,32.6,0.26,32.65,29.9,0
1779285639300,1179,PERSON-01,452.2,18.92,21.85,2.93,16.89,22.4,0.990,1,1,31.0,0.40,32.39,30.0,0
1779285639333,1180,UAS-01,851.2,18.77,21.55,2.78,16.59,22.0,0.987,1,1,31.0,0.01,32.74,29.9,0
1779285639367,1181,UAS-02,486.8,18.80,21.73,2.93,17.05,22.8,0.973,1,1,34.4,0.47,32.67,30.1,0
1779285639400,1182,GND-VEH-01,573.2,19.07,21.45,2.38,16.02,23.0,0.990,1,1,32.5,0.23,32.94,30.1,0
1779285639433,1183,PERSON-01,706.1,18.94,21.33,2.39,16.18,21.5,0.984,1,1,31.0,0.18,32.70,30.0,0
1779285639467,1184,UAS-01,538.6,19.02,21.41,2.39,16.07,23.0,0.221,0,0,32.8,0.00,32.32,29.9,0
1779285639500,1185,UAS-02,478.4,19.14,21.90,2.76,16.90,22.6,0.990,1,1,31.9,0.01,32.82,30.0,0
1779285639533,1186,GND-VEH-01,609.2,18.68,21.08,2.40,15.99,22.4,0.990,1,1,31.2,0.23,33.01,29.9,0
1779285639567,1187,PERSON-01,606.8,19.08,21.50,2.42,16.42,21.9,0.990,1,1,31.0,0.15,32.72,30.1,0
1779285639600,1188,UAS-01,649.7,19.30,22.01,2.71,16.63,21.9,0.253,0,0,31.0,0.00,32.73,30.0,0
1779285639633,1189,UAS-02,418.5,19.12,22.10,2.98,16.72,23.0,0.211,0,0,31.0,0.00,32.54,30.0,0
1779285639667,1190,GND-VEH-01,609.2,19.01,21.75,2.74,16.69,22.6,0.990,1,1,31.6,0.26,32.48,29.9,0
1779285639700,1191,PERSON-01,558.9,18.98,21.69,2.71,16.66,23.2,0.990,1,1,31.0,0.26,32.20,30.2,0
1779285639733,1192,UAS-01,631.6,19.18,21.71,2.53,15.83,21.8,0.990,1,1,33.3,0.12,32.23,30.0,0
1779285639767,1193,UAS-02,558.3,19.10,22.01,2.91,17.23,22.7,0.983,1,1,31.0,0.11,32.56,30.1,0
1779285639800,1194,GND-VEH-01,535.8,19.03,21.64,2.61,16.99,21.0,0.990,1,1,31.0,0.10,32.82,30.1,0
1779285639833,1195,PERSON-01,647.7,19.17,21.84,2.67,16.34,21.8,0.990,1,1,31.0,0.24,32.92,30.1,0
1779285639867,1196,UAS-01,628.1,19.09,21.68,2.59,16.25,21.3,0.990,1,1,33.4,0.27,32.99,30.1,0
1779285639900,1197,UAS-02,379.6,18.87,21.75,2.88,16.86,23.4,0.990,1,1,31.0,0.18,32.68,30.0,0
1779285639933,1198,GND-VEH-01,561.4,19.03,21.72,2.70,16.96,21.1,0.202,0,0,31.3,0.00,32.92,30.0,0
1779285639967,1199,PERSON-01,342.0,19.05,21.71,2.66,16.71,20.7,0.990,1,1,31.0,0.10,32.62,29.9,0
1779285640000,1200,UAS-01,623.4,19.17,22.08,2.91,17.26,22.8,0.969,1,1,31.0,0.30,32.43,30.2,0
1779285640033,1201,UAS-02,500.4,18.90,21.71,2.81,16.84,21.7,0.236,0,0,31.0,0.00,33.03,29.8,0
1779285640067,1202,GND-VEH-01,308.0,18.98,21.69,2.71,17.44,20.7,0.990,1,1,31.0,0.39,32.90,30.1,0
1779285640100,1203,PERSON-01,751.4,19.05,21.72,2.67,16.20,21.3,0.990,1,1,31.0,0.58,32.90,29.9,0
1779285640133,1204,UAS-01,638.0,19.19,21.55,2.36,16.64,21.0,0.977,1,1,31.9,0.45,33.02,29.8,0
1779285640167,1205,UAS-02,392.6,18.85,21.54,2.70,16.39,22.2,0.981,1,1,31.8,0.32,32.58,30.1,0
1779285640200,1206,GND-VEH-01,633.9,18.97,21.51,2.54,16.68,23.0,0.987,1,1,31.0,0.21,32.89,29.9,0
1779285640233,1207,PERSON-01,440.5,19.11,21.99,2.87,16.52,23.1,0.990,1,1,31.3,0.33,32.45,30.1,0
1779285640267,1208,UAS-01,499.0,18.96,21.49,2.53,16.49,22.0,0.990,1,1,31.7,0.04,32.49,30.1,0
1779285640300,1209,UAS-02,303.9,18.70,21.58,2.88,16.64,22.1,0.990,1,1,33.0,0.10,33.07,29.9,0
1779285640333,1210,GND-VEH-01,750.9,18.74,21.43,2.70,16.05,21.2,0.990,1,1,31.0,0.06,32.67,30.1,0
1779285640367,1211,PERSON-01,529.7,18.98,21.74,2.76,17.23,21.4,0.207,0,0,32.4,0.00,32.32,29.9,0
1779285640400,1212,UAS-01,340.3,18.92,22.11,3.19,17.13,21.8,0.990,1,1,31.0,0.24,32.50,30.0,0
1779285640433,1213,UAS-02,996.1,18.88,21.59,2.72,17.12,21.4,0.990,1,1,32.2,0.13,33.10,30.0,0
1779285640467,1214,GND-VEH-01,482.6,19.17,22.08,2.90,17.51,21.7,0.982,1,1,31.0,0.02,32.92,29.9,0
1779285640500,1215,PERSON-01,600.5,18.83,21.40,2.57,16.48,22.0,0.195,0,0,32.4,0.00,32.97,30.1,0
1779285640533,1216,UAS-01,464.5,18.87,21.98,3.11,17.11,22.7,0.990,1,1,32.9,0.36,32.24,30.1,0
1779285640567,1217,UAS-02,506.7,18.86,21.49,2.63,15.95,21.8,0.170,0,0,33.6,0.00,32.99,30.0,0
1779285640600,1218,GND-VEH-01,987.6,18.96,21.43,2.47,16.04,21.7,0.990,1,1,31.0,0.17,32.36,30.1,0
1779285640633,1219,PERSON-01,761.8,18.92,21.61,2.70,16.81,21.0,0.986,1,1,31.6,0.12,32.83,30.0,0
1779285640667,1220,UAS-01,467.9,19.02,21.86,2.84,16.98,23.0,0.990,1,1,31.0,0.27,32.61,29.9,0
1779285640700,1221,UAS-02,318.7,18.88,21.59,2.71,16.46,22.4,0.990,1,1,31.0,0.31,32.85,29.9,0
1779285640733,1222,GND-VEH-01,320.9,19.09,21.72,2.64,16.18,21.3,0.987,1,1,34.1,0.23,32.42,30.1,0
1779285640767,1223,PERSON-01,364.6,18.95,21.74,2.79,16.46,22.0,0.990,1,1,31.0,0.22,32.77,29.9,0
1779285640800,1224,UAS-01,319.1,19.07,21.87,2.80,16.78,22.4,0.990,1,1,33.2,0.22,33.03,30.1,0
1779285640833,1225,UAS-02,559.3,18.77,21.64,2.87,16.86,23.8,0.990,1,1,33.9,0.40,32.39,29.9,0
1779285640867,1226,GND-VEH-01,481.1,18.84,21.75,2.92,16.97,21.8,0.990,1,1,31.5,0.24,32.91,29.9,0
1779285640900,1227,PERSON-01,308.3,19.28,22.12,2.84,17.12,21.6,0.986,1,1,32.4,0.14,32.64,29.9,0
1779285640933,1228,UAS-01,441.5,18.91,21.91,3.00,17.41,21.4,0.990,1,1,31.7,0.26,32.50,30.2,0
1779285640967,1229,UAS-02,540.5,19.12,21.79,2.68,16.34,22.3,0.990,1,1,31.0,0.15,32.91,29.9,0
1779285641000,1230,GND-VEH-01,710.4,18.83,21.19,2.36,15.90,22.3,0.981,1,1,31.0,0.28,33.18,30.0,0
1779285641033,1231,PERSON-01,855.9,19.04,21.80,2.76,16.70,21.9,0.990,1,1,31.0,0.20,32.54,30.0,0
1779285641067,1232,UAS-01,314.1,19.11,21.99,2.88,16.22,21.9,0.990,1,1,31.0,0.12,32.78,30.1,0
1779285641100,1233,UAS-02,376.5,18.75,21.23,2.48,16.36,22.5,0.984,1,1,33.0,0.16,32.71,30.0,0
1779285641133,1234,GND-VEH-01,474.0,18.93,21.46,2.53,17.03,21.8,0.979,1,1,31.6,0.13,32.76,29.9,0
1779285641167,1235,PERSON-01,884.9,19.09,21.98,2.89,16.53,22.2,0.990,1,1,32.0,0.23,32.59,30.2,0
1779285641200,1236,UAS-01,677.9,19.14,21.58,2.44,16.31,20.6,0.989,1,1,32.2,0.08,33.03,30.1,0
1779285641233,1237,UAS-02,489.6,19.05,22.00,2.96,16.35,23.2,0.990,1,1,31.8,0.15,32.45,29.8,0
1779285641267,1238,GND-VEH-01,396.2,18.84,21.39,2.56,16.79,21.4,0.990,1,1,31.1,0.15,32.70,30.1,0
1779285641300,1239,PERSON-01,399.5,18.76,21.35,2.59,16.49,23.8,0.173,0,0,33.3,0.00,32.40,29.9,0
1779285641333,1240,UAS-01,481.9,19.19,21.97,2.78,15.90,22.3,0.990,1,1,31.5,0.39,33.01,30.0,0
1779285641367,1241,UAS-02,366.9,19.31,22.24,2.93,16.89,22.7,0.973,1,1,31.0,0.34,32.70,29.9,0
1779285641400,1242,GND-VEH-01,474.1,19.01,21.50,2.48,15.77,23.1,0.990,1,1,31.0,0.54,33.14,30.1,0
1779285641433,1243,PERSON-01,696.3,18.92,21.51,2.59,15.69,23.7,0.990,1,1,31.8,0.54,33.00,30.0,0
1779285641467,1244,UAS-01,599.7,19.01,22.04,3.03,16.14,22.1,0.990,1,1,31.0,0.24,32.94,30.0,0
1779285641500,1245,UAS-02,511.7,19.03,21.82,2.78,16.01,23.5,0.990,1,1,31.0,0.11,32.97,30.0,0
1779285641533,1246,GND-VEH-01,423.4,19.01,22.05,3.04,17.06,21.4,0.981,1,1,31.0,0.05,32.94,30.1,0
1779285641567,1247,PERSON-01,682.3,18.92,21.59,2.68,16.85,22.2,0.990,1,1,31.0,0.34,33.08,30.0,0
1779285641600,1248,UAS-01,413.8,18.70,21.53,2.84,17.16,20.1,0.990,1,1,31.0,0.03,32.77,30.0,0
1779285641633,1249,UAS-02,658.3,19.16,21.69,2.53,16.22,21.6,0.990,1,1,31.0,0.09,32.54,30.2,0
1779285641667,1250,GND-VEH-01,339.8,19.16,22.33,3.17,17.58,22.1,0.990,1,1,31.3,0.33,32.87,30.0,0
1779285641700,1251,PERSON-01,502.1,19.26,22.17,2.91,17.41,21.6,0.200,0,0,31.0,0.00,32.57,30.1,0
1779285641733,1252,UAS-01,475.7,18.96,21.66,2.70,16.78,22.3,0.989,1,1,31.0,0.16,32.94,30.0,0
1779285641767,1253,UAS-02,527.6,19.14,21.94,2.80,16.27,22.9,0.990,1,1,31.1,0.44,32.56,30.2,0
1779285641800,1254,GND-VEH-01,521.8,18.95,21.72,2.77,16.26,21.8,0.990,1,1,31.0,0.06,33.11,29.9,0
1779285641833,1255,PERSON-01,571.4,19.14,22.00,2.86,16.51,21.6,0.986,1,1,31.0,0.48,33.19,30.0,0
1779285641867,1256,UAS-01,512.9,19.12,21.90,2.78,17.04,21.8,0.990,1,1,32.2,0.19,32.94,30.0,0
1779285641900,1257,UAS-02,428.8,18.82,21.53,2.71,16.15,20.3,0.200,0,0,32.1,0.00,32.94,30.1,0
1779285641933,1258,GND-VEH-01,483.5,18.97,21.83,2.86,16.80,22.8,0.990,1,1,31.0,0.59,32.70,30.0,0
1779285641967,1259,PERSON-01,479.4,19.36,22.12,2.76,16.38,23.5,0.990,1,1,31.0,0.45,32.95,30.0,0
1779285642000,1260,UAS-01,438.4,19.13,21.79,2.66,16.77,22.9,0.990,1,1,31.0,0.39,33.30,29.9,0
1779285642033,1261,UAS-02,553.3,19.05,21.91,2.87,16.68,21.1,0.975,1,1,31.6,0.09,32.68,29.8,0
1779285642067,1262,GND-VEH-01,518.8,18.73,21.65,2.92,16.04,23.3,0.990,1,1,32.1,0.09,33.31,30.0,0
1779285642100,1263,PERSON-01,504.8,19.17,22.03,2.86,16.78,21.5,0.990,1,1,34.1,0.28,32.60,30.0,0
1779285642133,1264,UAS-01,389.9,18.98,21.58,2.60,16.50,21.4,0.990,1,1,31.0,0.11,33.23,29.9,0
1779285642167,1265,UAS-02,530.7,18.99,21.60,2.61,16.19,23.2,0.197,0,0,33.8,0.00,32.98,29.9,0
1779285642200,1266,GND-VEH-01,307.8,19.00,21.90,2.89,16.73,22.6,0.990,1,1,33.2,0.17,32.79,30.0,0
1779285642233,1267,PERSON-01,392.7,18.85,21.62,2.77,16.31,22.4,0.990,1,1,31.0,0.37,32.90,29.9,0
1779285642267,1268,UAS-01,388.0,19.32,22.19,2.87,16.78,22.9,0.990,1,1,31.0,0.29,32.71,30.2,0
1779285642300,1269,UAS-02,517.6,18.79,21.56,2.77,17.72,21.0,0.978,1,1,32.5,0.23,32.76,30.0,0
1779285642333,1270,GND-VEH-01,375.5,18.90,21.78,2.89,16.64,22.0,0.211,0,0,31.8,0.00,33.26,30.1,0
1779285642367,1271,PERSON-01,496.2,19.06,21.84,2.78,16.23,21.7,0.990,1,1,31.0,0.37,32.63,30.0,0
1779285642400,1272,UAS-01,415.2,19.00,21.87,2.87,17.07,22.4,0.990,1,1,33.6,0.06,32.80,30.0,0
1779285642433,1273,UAS-02,732.2,19.02,21.41,2.39,15.65,21.1,0.990,1,1,31.0,0.69,33.17,30.1,0
1779285642467,1274,GND-VEH-01,869.3,19.07,21.84,2.77,17.07,21.5,0.990,1,1,31.4,0.32,32.83,30.0,0
1779285642500,1275,PERSON-01,702.5,19.04,21.65,2.61,16.68,21.5,0.990,1,1,31.6,0.17,33.43,30.1,0
1779285642533,1276,UAS-01,330.4,18.96,21.53,2.57,16.79,21.5,0.990,1,1,31.0,0.47,32.67,30.0,0
1779285642567,1277,UAS-02,380.7,19.06,21.86,2.80,17.11,23.0,0.987,1,1,32.5,0.22,33.19,30.0,0
1779285642600,1278,GND-VEH-01,833.2,18.80,21.34,2.55,16.75,22.4,0.990,1,1,31.0,0.16,32.70,30.1,0
1779285642633,1279,PERSON-01,301.4,18.82,21.79,2.98,17.19,21.9,0.977,1,1,33.2,0.38,33.12,30.0,0
1779285642667,1280,UAS-01,781.4,18.77,21.64,2.87,16.72,22.2,0.990,1,1,33.2,0.16,32.59,29.9,0
1779285642700,1281,UAS-02,355.7,19.02,21.92,2.90,16.38,23.2,0.990,1,1,31.0,0.06,32.87,30.0,0
1779285642733,1282,GND-VEH-01,455.4,18.94,21.93,2.98,17.18,21.3,0.990,1,1,31.0,0.25,32.88,30.1,0
1779285642767,1283,PERSON-01,362.5,19.02,21.92,2.90,16.81,22.7,0.990,1,1,32.8,0.30,32.97,29.9,0
1779285642800,1284,UAS-01,426.0,18.85,21.56,2.71,16.05,20.8,0.983,1,1,32.0,0.43,32.61,29.9,0
1779285642833,1285,UAS-02,855.3,19.03,21.43,2.40,15.87,20.7,0.990,1,1,31.0,0.16,32.78,30.0,0
1779285642867,1286,GND-VEH-01,545.5,19.08,21.81,2.73,16.35,23.2,0.990,1,1,32.5,0.05,32.97,30.1,0
1779285642900,1287,PERSON-01,459.5,19.32,22.53,3.21,16.99,22.8,0.196,0,0,35.1,0.00,33.08,29.8,0
1779285642933,1288,UAS-01,681.4,19.18,21.95,2.77,16.77,21.5,0.990,1,1,31.0,0.06,33.36,30.1,0
1779285642967,1289,UAS-02,382.5,19.03,21.75,2.72,16.72,21.5,0.990,1,1,31.0,0.06,32.95,30.0,0
1779285643000,1290,GND-VEH-01,390.6,19.08,21.76,2.67,16.26,22.0,0.990,1,1,31.0,0.48,32.85,30.1,0
1779285643033,1291,PERSON-01,338.7,19.11,22.03,2.92,16.37,21.8,0.982,1,1,32.2,0.14,33.19,29.9,0
1779285643067,1292,UAS-01,324.1,19.33,22.50,3.16,17.19,23.7,0.990,1,1,31.2,0.16,32.98,30.1,0
1779285643100,1293,UAS-02,405.4,19.27,21.89,2.62,16.92,21.8,0.990,1,1,31.0,0.41,33.02,30.0,0
1779285643133,1294,GND-VEH-01,832.0,18.99,21.37,2.38,15.84,23.4,0.990,1,1,31.0,0.16,33.21,30.0,0
1779285643167,1295,PERSON-01,521.7,18.68,21.59,2.91,17.83,22.0,0.990,1,1,31.0,0.36,33.40,29.9,0
1779285643200,1296,UAS-01,301.4,19.08,21.86,2.78,16.22,22.7,0.188,0,0,31.1,0.00,33.46,30.1,0
1779285643233,1297,UAS-02,746.2,18.99,21.59,2.59,16.42,20.5,0.990,1,1,31.0,0.02,32.98,29.9,0
1779285643267,1298,GND-VEH-01,684.8,18.87,21.54,2.66,16.09,22.5,0.990,1,1,32.6,0.28,33.06,30.0,0
1779285643300,1299,PERSON-01,549.7,19.02,21.69,2.67,16.44,21.1,0.256,0,0,31.5,0.00,33.06,30.1,0
1779285643333,1300,UAS-01,463.6,19.02,21.64,2.62,16.53,20.8,0.990,1,1,31.0,0.05,33.19,30.1,0
1779285643367,1301,UAS-02,446.3,18.83,21.83,3.00,16.77,21.4,0.974,1,1,31.0,0.12,32.97,30.0,0
1779285643400,1302,GND-VEH-01,492.1,19.18,21.75,2.57,16.33,22.4,0.238,0,0,31.5,0.00,33.10,30.0,0
1779285643433,1303,PERSON-01,473.4,18.96,21.44,2.48,16.46,23.1,0.986,1,1,31.0,0.00,33.21,30.0,0
1779285643467,1304,UAS-01,592.9,19.06,21.93,2.87,16.95,22.6,0.181,0,0,31.0,0.00,33.32,29.9,0
1779285643500,1305,UAS-02,975.9,19.11,21.52,2.41,16.54,21.6,0.990,1,1,32.0,0.25,33.04,30.0,0
1779285643533,1306,GND-VEH-01,799.7,18.87,21.69,2.82,16.80,21.6,0.990,1,1,31.0,0.12,33.59,30.1,0
1779285643567,1307,PERSON-01,428.7,18.91,21.38,2.47,16.85,22.1,0.988,1,1,32.9,0.34,32.94,29.9,0
1779285643600,1308,UAS-01,571.8,18.84,21.58,2.74,17.00,21.0,0.990,1,1,33.0,0.19,32.85,30.0,0
1779285643633,1309,UAS-02,341.4,19.03,21.82,2.79,16.98,22.1,0.986,1,1,32.3,0.22,33.36,30.0,0
1779285643667,1310,GND-VEH-01,683.6,19.04,21.62,2.58,16.53,22.6,0.199,0,0,31.0,0.00,32.94,30.0,0
1779285643700,1311,PERSON-01,332.3,18.69,21.56,2.87,16.42,22.2,0.971,1,1,31.0,0.38,33.15,30.1,0
1779285643733,1312,UAS-01,468.0,18.97,21.79,2.82,16.15,24.4,0.175,0,0,31.0,0.00,32.52,30.1,0
1779285643767,1313,UAS-02,533.6,18.87,21.56,2.69,16.51,22.2,0.202,0,0,31.0,0.00,33.05,30.1,0
1779285643800,1314,GND-VEH-01,327.7,18.85,21.83,2.98,16.81,21.7,0.271,0,0,31.0,0.00,32.80,29.9,0
1779285643833,1315,PERSON-01,612.1,19.01,21.43,2.41,16.63,21.8,0.983,1,1,33.4,0.16,33.03,30.1,0
1779285643867,1316,UAS-01,319.6,18.96,22.23,3.27,17.19,21.5,0.985,1,1,31.4,0.25,32.88,30.0,0
1779285643900,1317,UAS-02,654.4,18.92,21.76,2.84,16.47,23.2,0.990,1,1,31.5,0.37,32.98,29.9,0
1779285643933,1318,GND-VEH-01,513.0,19.12,21.95,2.83,16.79,21.1,0.188,0,0,31.0,0.00,33.04,30.1,0
1779285643967,1319,PERSON-01,471.2,18.93,21.78,2.85,16.53,20.9,0.985,1,1,31.0,0.08,33.22,30.1,0
1779285644000,1320,UAS-01,639.9,18.87,21.19,2.32,15.75,21.8,0.990,1,1,32.5,0.01,33.39,29.9,0
1779285644033,1321,UAS-02,476.2,18.89,21.70,2.81,16.30,21.9,0.990,1,1,31.0,0.21,33.28,29.9,0
1779285644067,1322,GND-VEH-01,708.8,18.69,21.00,2.31,15.94,21.9,0.980,1,1,31.0,0.61,33.01,29.9,0
1779285644100,1323,PERSON-01,519.9,19.02,21.71,2.69,16.24,21.6,0.990,1,1,31.0,0.12,33.17,29.9,0
1779285644133,1324,UAS-01,918.6,19.18,21.62,2.44,15.77,22.6,0.977,1,1,31.0,0.10,33.09,30.0,0
1779285644167,1325,UAS-02,500.1,18.67,21.35,2.68,16.24,22.6,0.983,1,1,31.1,0.39,32.99,29.9,0
1779285644200,1326,GND-VEH-01,839.0,19.22,22.06,2.84,16.70,20.6,0.978,1,1,31.0,0.07,33.19,30.0,0
1779285644233,1327,PERSON-01,359.6,18.92,21.82,2.90,16.76,21.5,0.990,1,1,31.0,0.51,32.89,30.1,0
1779285644267,1328,UAS-01,495.3,18.89,21.37,2.49,16.65,22.8,0.988,1,1,33.5,0.19,33.56,29.9,0
1779285644300,1329,UAS-02,355.1,18.77,21.68,2.91,16.37,22.9,0.974,1,1,31.0,0.15,32.86,30.2,0
1779285644333,1330,GND-VEH-01,404.4,19.03,21.84,2.82,16.74,22.4,0.990,1,1,31.0,0.18,33.17,30.0,0
1779285644367,1331,PERSON-01,572.6,18.86,21.57,2.71,16.74,21.7,0.990,1,1,31.0,0.13,33.05,30.0,0
1779285644400,1332,UAS-01,359.0,19.18,22.12,2.93,17.47,20.6,0.990,1,1,32.4,0.38,33.59,30.0,0
1779285644433,1333,UAS-02,449.9,18.88,21.91,3.03,16.78,22.9,0.990,1,1,31.0,0.23,33.01,30.0,0
1779285644467,1334,GND-VEH-01,502.2,19.19,22.12,2.94,17.32,21.5,0.206,0,0,31.0,0.00,33.18,30.1,0
1779285644500,1335,PERSON-01,394.9,19.28,22.01,2.73,16.32,21.1,0.990,1,1,31.3,0.37,32.92,30.1,0
1779285644533,1336,UAS-01,865.2,19.10,21.64,2.54,15.62,22.7,0.990,1,1,31.0,0.26,33.65,30.1,0
1779285644567,1337,UAS-02,591.6,18.97,21.45,2.47,16.11,22.4,0.990,1,1,31.0,0.09,33.15,30.0,0
1779285644600,1338,GND-VEH-01,304.6,19.15,21.96,2.81,17.19,22.4,0.990,1,1,31.0,0.14,33.06,30.2,0
1779285644633,1339,PERSON-01,372.3,18.77,21.55,2.78,17.33,20.6,0.244,0,0,33.2,0.00,33.20,30.0,0
1779285644667,1340,UAS-01,577.8,19.13,21.78,2.65,16.43,22.5,0.990,1,1,33.0,0.02,32.93,29.9,0
1779285644700,1341,UAS-02,477.5,18.85,21.90,3.05,17.51,22.2,0.990,1,1,31.0,0.28,33.34,29.8,0
1779285644733,1342,GND-VEH-01,855.8,19.19,21.86,2.67,16.65,21.9,0.988,1,1,31.0,0.26,32.97,30.1,0
1779285644767,1343,PERSON-01,630.6,18.75,21.23,2.49,15.72,23.0,0.986,1,1,31.0,0.26,33.47,29.9,0
1779285644800,1344,UAS-01,347.9,18.97,21.80,2.83,16.47,21.8,0.207,0,0,31.0,0.00,33.02,30.0,0
1779285644833,1345,UAS-02,399.3,19.08,21.60,2.51,16.70,21.2,0.990,1,1,31.0,0.07,32.88,30.1,0
1779285644867,1346,GND-VEH-01,435.9,19.11,21.78,2.67,16.74,20.8,0.990,1,1,31.0,0.10,33.00,29.9,0
1779285644900,1347,PERSON-01,468.0,19.15,22.06,2.91,16.13,23.2,0.990,1,1,33.3,0.50,33.20,30.2,0
1779285644933,1348,UAS-01,347.9,18.88,21.47,2.59,15.94,21.1,0.207,0,0,32.0,0.00,32.71,30.1,0
1779285644967,1349,UAS-02,884.1,19.00,21.44,2.45,16.33,22.5,0.990,1,1,31.0,0.02,33.14,30.0,0
1779285645000,1350,GND-VEH-01,411.1,19.32,22.12,2.80,16.50,21.4,0.990,1,1,31.0,0.04,33.67,30.1,0
1779285645033,1351,PERSON-01,398.6,18.89,21.76,2.87,17.21,23.6,0.990,1,1,31.0,0.08,33.02,30.1,0
1779285645067,1352,UAS-01,478.8,19.18,21.78,2.60,16.18,23.9,0.990,1,1,32.6,0.02,33.49,30.0,0
1779285645100,1353,UAS-02,449.9,19.13,21.81,2.68,16.49,23.4,0.990,1,1,35.9,0.25,33.39,30.0,0
1779285645133,1354,GND-VEH-01,505.2,19.21,21.74,2.53,16.60,20.5,0.984,1,1,31.0,0.04,32.92,29.9,0
1779285645167,1355,PERSON-01,315.0,19.12,22.08,2.96,15.92,22.6,0.978,1,1,31.0,0.12,32.95,30.0,0
1779285645200,1356,UAS-01,464.6,19.26,22.13,2.87,16.27,20.4,0.990,1,1,31.0,0.13,33.09,29.8,0
1779285645233,1357,UAS-02,591.0,19.12,22.17,3.05,17.54,22.1,0.990,1,1,31.0,0.12,32.99,30.0,0
1779285645267,1358,GND-VEH-01,439.6,19.05,21.84,2.79,17.11,21.5,0.975,1,1,31.0,0.05,33.12,30.1,0
1779285645300,1359,PERSON-01,459.8,18.75,21.49,2.73,16.57,22.0,0.990,1,1,31.0,0.13,33.36,30.1,0
1779285645333,1360,UAS-01,426.1,18.91,21.75,2.83,16.60,21.5,0.990,1,1,32.7,0.14,33.40,30.0,0
1779285645367,1361,UAS-02,360.8,18.94,21.75,2.81,16.88,21.0,0.989,1,1,31.0,0.17,33.33,29.9,0
1779285645400,1362,GND-VEH-01,351.6,19.20,22.09,2.89,16.59,23.7,0.990,1,1,32.9,0.02,33.27,30.0,0
1779285645433,1363,PERSON-01,311.7,19.22,22.46,3.23,17.70,21.7,0.990,1,1,31.0,0.02,33.55,29.8,0
1779285645467,1364,UAS-01,553.6,18.87,21.35,2.48,16.48,22.2,0.217,0,0,31.8,0.00,33.05,30.1,0
1779285645500,1365,UAS-02,467.2,18.81,21.78,2.97,16.56,22.5,0.990,1,1,32.0,0.12,33.36,30.1,0
1779285645533,1366,GND-VEH-01,535.6,18.95,21.52,2.58,17.10,23.6,0.990,1,1,31.0,0.26,33.25,29.9,0
1779285645567,1367,PERSON-01,554.8,19.00,22.02,3.02,16.99,22.8,0.235,0,0,31.0,0.00,33.44,30.0,0
1779285645600,1368,UAS-01,335.0,19.09,21.95,2.87,16.91,22.4,0.990,1,1,31.0,0.11,33.57,29.9,0
1779285645633,1369,UAS-02,512.8,19.00,21.70,2.70,16.89,22.1,0.209,0,0,32.8,0.00,32.92,30.1,0
1779285645667,1370,GND-VEH-01,450.6,18.92,21.73,2.81,16.54,22.3,0.973,1,1,31.0,0.44,33.67,29.9,0
1779285645700,1371,PERSON-01,557.9,19.07,21.78,2.71,16.82,23.2,0.990,1,1,31.0,0.06,33.32,29.9,0
1779285645733,1372,UAS-01,598.4,19.03,21.74,2.70,17.45,23.2,0.982,1,1,32.4,0.18,33.19,29.9,0
1779285645767,1373,UAS-02,642.9,19.09,21.94,2.84,17.62,21.6,0.236,0,0,34.0,0.00,33.10,29.9,0
1779285645800,1374,GND-VEH-01,559.2,18.72,21.88,3.16,17.36,21.1,0.984,1,1,31.0,0.48,33.23,30.1,0
1779285645833,1375,PERSON-01,544.5,18.94,21.78,2.84,17.21,22.3,0.990,1,1,31.0,0.26,33.39,30.0,0
1779285645867,1376,UAS-01,684.4,18.81,21.40,2.58,16.70,22.0,0.964,1,1,34.7,0.03,33.08,30.1,0
1779285645900,1377,UAS-02,517.0,18.99,21.63,2.64,16.80,23.2,0.990,1,1,31.0,0.22,33.64,29.9,0
1779285645933,1378,GND-VEH-01,414.1,18.95,22.02,3.07,17.24,21.9,0.990,1,1,31.0,0.23,32.87,30.0,0
1779285645967,1379,PERSON-01,457.8,19.12,22.13,3.00,16.74,22.4,0.983,1,1,31.0,0.03,33.79,30.0,0
1779285646000,1380,UAS-01,775.0,19.03,21.70,2.67,16.15,21.3,0.990,1,1,31.0,0.14,33.29,30.1,0
1779285646033,1381,UAS-02,523.4,18.88,21.80,2.92,17.06,23.1,0.990,1,1,31.0,0.21,33.35,29.9,0
1779285646067,1382,GND-VEH-01,681.7,18.87,21.32,2.45,17.17,21.5,0.228,0,0,31.0,0.00,33.66,29.9,0
1779285646100,1383,PERSON-01,446.9,18.83,21.56,2.73,16.28,21.2,0.990,1,1,31.2,0.23,33.64,29.8,0
1779285646133,1384,UAS-01,377.9,19.13,22.04,2.90,16.68,21.3,0.990,1,1,31.0,0.11,33.26,30.0,0
1779285646167,1385,UAS-02,546.4,19.18,21.87,2.69,16.92,21.6,0.990,1,1,31.5,0.14,33.25,30.1,0
1779285646200,1386,GND-VEH-01,342.3,19.27,21.81,2.54,16.57,22.2,0.990,1,1,32.7,0.41,33.19,30.0,0
1779285646233,1387,PERSON-01,1008.3,18.98,21.62,2.64,16.17,19.6,0.990,1,1,31.7,0.51,33.44,30.0,0
1779285646267,1388,UAS-01,518.2,18.79,21.88,3.09,17.31,21.0,0.990,1,1,31.0,0.08,32.95,30.0,0
1779285646300,1389,UAS-02,734.7,19.22,21.89,2.67,16.64,21.4,0.990,1,1,31.0,0.09,33.37,30.0,0
1779285646333,1390,GND-VEH-01,347.3,19.10,21.86,2.76,16.74,21.3,0.990,1,1,31.0,0.24,33.32,29.9,0
1779285646367,1391,PERSON-01,317.9,18.93,21.78,2.84,16.75,21.4,0.971,1,1,34.0,0.24,33.25,29.9,0
1779285646400,1392,UAS-01,326.7,18.94,21.77,2.83,16.41,22.7,0.990,1,1,32.4,0.04,33.28,30.0,0
1779285646433,1393,UAS-02,548.8,19.16,21.70,2.54,16.09,22.8,0.256,0,0,31.0,0.00,33.73,29.9,0
1779285646467,1394,GND-VEH-01,772.8,19.08,21.55,2.47,16.02,23.6,0.979,1,1,33.3,0.16,33.27,29.9,0
1779285646500,1395,PERSON-01,400.2,19.23,22.26,3.04,17.43,22.8,0.212,0,0,31.6,0.00,33.70,30.1,0
1779285646533,1396,UAS-01,331.0,19.08,21.96,2.87,17.08,21.8,0.986,1,1,31.0,0.00,33.49,29.9,0
1779285646567,1397,UAS-02,317.7,19.09,22.04,2.95,16.64,23.0,0.990,1,1,34.2,0.15,33.46,29.9,0
1779285646600,1398,GND-VEH-01,358.3,19.00,21.75,2.75,16.86,23.9,0.990,1,1,31.0,0.35,33.79,30.1,0
1779285646633,1399,PERSON-01,763.8,19.02,21.58,2.55,16.16,22.6,0.210,0,0,32.6,0.00,33.31,29.9,0
1779285646667,1400,UAS-01,452.6,18.82,21.53,2.71,17.00,22.6,0.990,1,1,32.5,0.08,33.65,30.0,0
1779285646700,1401,UAS-02,351.6,19.02,21.65,2.63,16.41,20.8,0.990,1,1,31.0,0.28,33.76,30.0,0
1779285646733,1402,GND-VEH-01,325.1,18.90,21.74,2.84,16.63,22.5,0.990,1,1,31.0,0.16,33.78,29.8,0
1779285646767,1403,PERSON-01,524.9,18.82,21.24,2.42,15.70,22.6,0.990,1,1,31.0,0.34,33.35,29.8,0
1779285646800,1404,UAS-01,385.4,19.11,22.20,3.09,17.20,22.6,0.990,1,1,33.3,0.38,32.97,30.1,0
1779285646833,1405,UAS-02,312.2,19.07,21.72,2.65,16.20,22.7,0.990,1,1,31.0,0.20,33.60,30.0,0
1779285646867,1406,GND-VEH-01,433.9,18.93,21.75,2.82,17.07,20.7,0.165,0,0,31.0,0.00,33.44,30.0,0
1779285646900,1407,PERSON-01,509.3,19.02,21.67,2.65,16.79,22.7,0.990,1,1,31.0,0.21,33.05,30.0,0
1779285646933,1408,UAS-01,451.7,19.19,22.19,3.00,16.89,22.3,0.990,1,1,31.0,0.11,33.25,29.9,0
1779285646967,1409,UAS-02,360.9,18.76,21.13,2.37,16.22,22.3,0.248,0,0,32.1,0.00,33.75,30.0,0
1779285647000,1410,GND-VEH-01,423.4,19.01,21.58,2.57,16.32,22.8,0.990,1,1,31.0,0.22,33.38,29.9,0
1779285647033,1411,PERSON-01,466.9,18.96,21.76,2.81,16.51,21.2,0.989,1,1,31.3,0.21,33.95,30.2,0
1779285647067,1412,UAS-01,691.7,18.96,21.53,2.57,16.52,21.1,0.990,1,1,31.0,0.24,33.41,29.9,0
1779285647100,1413,UAS-02,877.3,18.94,21.73,2.79,16.59,22.4,0.990,1,1,31.0,0.31,33.41,30.0,0
1779285647133,1414,GND-VEH-01,452.1,18.93,22.05,3.12,17.18,22.5,0.990,1,1,33.7,0.16,33.78,30.1,0
1779285647167,1415,PERSON-01,582.9,18.93,21.61,2.68,16.10,22.0,0.990,1,1,31.0,0.28,33.51,29.9,0
1779285647200,1416,UAS-01,691.2,18.99,22.08,3.09,17.78,22.0,0.990,1,1,32.9,0.13,33.56,29.9,0
1779285647233,1417,UAS-02,574.8,19.09,21.78,2.70,16.19,22.1,0.990,1,1,31.2,0.24,33.32,29.8,0
1779285647267,1418,GND-VEH-01,549.8,18.85,21.69,2.85,16.88,21.8,0.990,1,1,32.1,0.46,33.52,29.8,0
1779285647300,1419,PERSON-01,672.5,19.19,21.88,2.70,15.67,22.2,0.990,1,1,31.0,0.25,33.96,30.0,0
1779285647333,1420,UAS-01,450.6,18.93,21.74,2.80,16.79,23.6,0.990,1,1,31.0,0.38,33.45,30.1,0
1779285647367,1421,UAS-02,492.1,18.82,21.78,2.96,17.46,22.4,0.990,1,1,31.4,0.09,34.14,30.0,0
1779285647400,1422,GND-VEH-01,368.3,18.92,21.90,2.98,17.48,22.0,0.981,1,1,31.1,0.22,33.90,30.0,0
1779285647433,1423,PERSON-01,379.0,19.24,22.03,2.79,16.17,23.0,0.171,0,0,32.6,0.00,33.53,29.9,0
1779285647467,1424,UAS-01,584.2,19.10,21.68,2.58,15.56,22.7,0.962,1,1,32.1,0.02,33.56,30.1,0
1779285647500,1425,UAS-02,824.4,18.94,21.60,2.66,16.26,20.1,0.990,1,1,31.0,0.09,33.74,29.9,0
1779285647533,1426,GND-VEH-01,662.4,18.93,21.62,2.69,16.74,21.7,0.990,1,1,31.0,0.27,33.89,30.1,0
1779285647567,1427,PERSON-01,351.0,18.89,21.74,2.85,17.01,20.9,0.213,0,0,32.1,0.00,33.65,29.9,0
1779285647600,1428,UAS-01,609.2,18.95,21.71,2.76,16.05,22.9,0.990,1,1,31.0,0.19,33.61,30.0,0
1779285647633,1429,UAS-02,360.1,18.98,21.86,2.88,16.39,20.7,0.970,1,1,31.0,0.60,33.71,30.1,0
1779285647667,1430,GND-VEH-01,383.8,19.05,22.02,2.97,16.41,22.3,0.990,1,1,32.7,0.20,33.79,30.0,0
1779285647700,1431,PERSON-01,864.8,18.77,21.27,2.50,16.06,23.2,0.990,1,1,33.1,0.04,33.82,30.0,0
1779285647733,1432,UAS-01,353.1,19.05,22.00,2.95,17.16,20.9,0.220,0,0,32.3,0.00,33.72,30.0,0
1779285647767,1433,UAS-02,491.5,19.10,21.88,2.78,16.30,21.9,0.990,1,1,31.0,0.20,33.44,30.0,0
1779285647800,1434,GND-VEH-01,308.5,18.69,21.35,2.66,16.49,21.8,0.990,1,1,31.5,0.22,33.48,30.1,0
1779285647833,1435,PERSON-01,527.9,19.16,21.68,2.52,16.79,21.0,0.228,0,0,32.8,0.00,33.45,29.9,0
1779285647867,1436,UAS-01,502.8,18.90,21.74,2.84,16.34,23.5,0.990,1,1,33.2,0.08,33.90,30.2,0
1779285647900,1437,UAS-02,635.5,19.05,21.51,2.46,15.64,23.7,0.977,1,1,31.0,0.23,33.66,30.2,0
1779285647933,1438,GND-VEH-01,418.2,18.84,21.68,2.83,16.92,21.9,0.976,1,1,31.0,0.02,33.78,29.9,0
1779285647967,1439,PERSON-01,315.4,19.18,22.19,3.01,17.14,21.1,0.990,1,1,31.0,0.34,33.49,29.9,0
1779285648000,1440,UAS-01,301.8,19.22,22.27,3.05,17.08,22.1,0.990,1,1,32.4,0.11,33.85,30.1,0
1779285648033,1441,UAS-02,452.2,19.38,22.06,2.68,16.53,21.5,0.990,1,1,31.1,0.17,33.86,30.0,0
1779285648067,1442,GND-VEH-01,809.6,18.71,21.16,2.45,15.66,22.4,0.990,1,1,31.0,0.18,33.55,30.0,0
1779285648100,1443,PERSON-01,434.3,18.81,21.87,3.06,17.21,22.5,0.990,1,1,31.0,0.21,33.62,29.8,0
1779285648133,1444,UAS-01,320.4,19.13,22.23,3.10,17.43,22.8,0.990,1,1,34.6,0.20,33.18,29.9,0
1779285648167,1445,UAS-02,448.3,18.97,21.32,2.35,16.09,23.3,0.990,1,1,31.6,0.13,33.91,30.0,0
1779285648200,1446,GND-VEH-01,444.6,18.70,21.17,2.47,16.26,21.3,0.990,1,1,31.5,0.14,33.52,30.1,0
1779285648233,1447,PERSON-01,441.3,18.90,21.76,2.86,16.33,21.9,0.990,1,1,31.0,0.13,33.70,29.8,0
1779285648267,1448,UAS-01,425.0,19.05,21.98,2.93,16.96,20.2,0.237,0,0,31.0,0.00,33.55,30.1,0
1779285648300,1449,UAS-02,549.2,19.20,21.63,2.43,15.96,20.6,0.976,1,1,32.8,0.16,33.46,30.1,0
1779285648333,1450,GND-VEH-01,383.9,18.97,21.56,2.58,16.52,22.5,0.990,1,1,31.0,0.06,33.82,29.9,0
1779285648367,1451,PERSON-01,447.1,18.91,21.63,2.72,16.50,21.1,0.990,1,1,31.0,0.18,33.03,30.0,0
1779285648400,1452,UAS-01,419.3,18.78,21.72,2.94,17.33,21.3,0.990,1,1,32.6,0.15,33.71,30.1,0
1779285648433,1453,UAS-02,307.0,18.99,21.73,2.74,17.11,21.0,0.139,0,0,34.1,0.00,33.51,29.9,0
1779285648467,1454,GND-VEH-01,675.0,19.05,21.71,2.67,16.32,23.2,0.990,1,1,32.2,0.19,34.02,29.9,0
1779285648500,1455,PERSON-01,969.3,18.95,21.26,2.31,16.36,22.7,0.978,1,1,31.0,0.32,33.79,30.0,0
1779285648533,1456,UAS-01,406.2,19.05,22.06,3.01,16.96,21.4,0.983,1,1,31.0,0.35,33.49,30.0,0
1779285648567,1457,UAS-02,717.8,19.09,21.56,2.47,16.28,20.6,0.977,1,1,31.0,0.19,33.94,30.0,0
1779285648600,1458,GND-VEH-01,400.8,19.01,21.72,2.71,16.81,21.9,0.990,1,1,31.0,0.22,33.79,29.9,0
1779285648633,1459,PERSON-01,335.9,19.21,21.94,2.73,16.55,20.8,0.223,0,0,36.5,0.00,34.07,29.9,0
1779285648667,1460,UAS-01,441.2,19.01,21.82,2.80,16.45,22.0,0.990,1,1,34.5,0.09,33.60,30.1,0
1779285648700,1461,UAS-02,436.8,19.26,21.75,2.49,15.66,20.9,0.990,1,1,31.0,0.09,33.80,30.0,0
1779285648733,1462,GND-VEH-01,513.9,18.98,21.62,2.65,16.89,22.3,0.990,1,1,34.4,0.00,33.31,30.1,0
1779285648767,1463,PERSON-01,649.5,19.03,21.53,2.50,15.16,22.5,0.987,1,1,31.4,0.52,33.79,30.0,0
1779285648800,1464,UAS-01,329.7,19.14,21.84,2.71,16.11,20.5,0.990,1,1,31.4,0.60,33.21,30.0,0
1779285648833,1465,UAS-02,699.2,18.68,21.19,2.51,16.38,20.6,0.990,1,1,31.0,0.30,33.63,29.9,0
1779285648867,1466,GND-VEH-01,474.1,18.74,21.94,3.21,17.52,22.1,0.990,1,1,31.0,0.32,33.59,29.9,0
1779285648900,1467,PERSON-01,375.1,18.81,21.81,3.00,16.69,23.0,0.180,0,0,31.0,0.00,33.47,30.2,0
1779285648933,1468,UAS-01,558.1,19.19,21.81,2.63,16.74,21.5,0.990,1,1,31.0,0.14,33.69,30.0,0
1779285648967,1469,UAS-02,871.4,19.17,21.74,2.57,16.16,23.3,0.990,1,1,32.4,0.12,33.54,30.1,0
1779285649000,1470,GND-VEH-01,812.6,19.07,21.66,2.59,16.66,20.7,0.990,1,1,31.0,0.09,33.84,30.0,0
1779285649033,1471,PERSON-01,892.9,19.12,21.54,2.43,15.52,21.4,0.990,1,1,31.0,0.09,33.62,29.9,0
1779285649067,1472,UAS-01,307.0,18.91,21.96,3.06,16.68,22.6,0.990,1,1,31.0,0.09,33.70,30.0,0
1779285649100,1473,UAS-02,559.3,19.01,21.83,2.82,16.19,22.7,0.195,0,0,34.4,0.00,34.17,30.0,0
1779285649133,1474,GND-VEH-01,353.1,18.90,21.97,3.07,16.85,22.4,0.990,1,1,32.7,0.02,33.33,30.0,0
1779285649167,1475,PERSON-01,534.7,18.80,21.57,2.77,16.59,21.2,0.990,1,1,33.7,0.37,33.67,30.0,0
1779285649200,1476,UAS-01,571.0,18.90,21.55,2.65,16.25,22.0,0.990,1,1,31.0,0.05,33.63,29.9,0
1779285649233,1477,UAS-02,906.3,19.16,21.52,2.36,16.10,21.6,0.990,1,1,32.7,0.08,34.04,30.0,0
1779285649267,1478,GND-VEH-01,342.3,19.12,21.97,2.85,17.48,21.7,0.973,1,1,31.0,0.16,33.75,30.0,0
1779285649300,1479,PERSON-01,363.8,19.02,21.78,2.76,16.74,21.8,0.990,1,1,31.0,0.26,33.74,30.1,0
1779285649333,1480,UAS-01,745.6,18.89,21.38,2.49,15.71,21.1,0.990,1,1,31.8,0.11,34.02,30.0,0
1779285649367,1481,UAS-02,344.1,19.24,22.09,2.84,16.48,21.0,0.990,1,1,31.0,0.05,34.03,29.9,0
1779285649400,1482,GND-VEH-01,484.4,19.03,21.43,2.39,16.06,22.6,0.984,1,1,31.0,0.38,33.70,30.0,0
1779285649433,1483,PERSON-01,607.4,19.31,22.45,3.14,16.87,22.1,0.990,1,1,31.0,0.06,33.95,30.0,0
1779285649467,1484,UAS-01,441.6,18.93,21.26,2.34,15.38,21.7,0.990,1,1,32.6,0.25,33.76,30.0,0
1779285649500,1485,UAS-02,432.6,19.15,22.08,2.93,16.78,20.9,0.980,1,1,31.0,0.06,33.98,30.1,0
1779285649533,1486,GND-VEH-01,773.8,19.01,21.47,2.46,16.41,21.0,0.990,1,1,31.0,0.05,33.59,30.0,0
1779285649567,1487,PERSON-01,520.4,18.91,21.83,2.92,17.19,20.6,0.990,1,1,31.4,0.38,33.34,30.1,0
1779285649600,1488,UAS-01,911.1,18.69,21.24,2.55,16.66,22.7,0.990,1,1,31.9,0.80,33.76,29.9,0
1779285649633,1489,UAS-02,426.6,19.00,21.33,2.33,15.90,21.7,0.990,1,1,32.3,0.24,33.92,30.0,0
1779285649667,1490,GND-VEH-01,365.6,19.31,22.38,3.07,16.68,24.1,0.990,1,1,31.0,0.06,34.13,30.1,0
1779285649700,1491,PERSON-01,489.9,18.79,21.57,2.78,16.38,22.4,0.990,1,1,33.8,0.27,33.72,30.0,0
1779285649733,1492,UAS-01,399.2,19.00,21.80,2.81,16.65,21.6,0.987,1,1,32.3,0.45,33.66,30.0,0
1779285649767,1493,UAS-02,304.7,18.96,21.77,2.81,16.98,20.7,0.990,1,1,31.4,0.36,34.08,30.1,0
1779285649800,1494,GND-VEH-01,535.3,19.23,22.01,2.78,17.08,22.4,0.990,1,1,32.3,0.08,33.81,30.0,0
1779285649833,1495,PERSON-01,676.4,18.99,21.74,2.75,16.05,21.3,0.990,1,1,33.4,0.23,34.01,29.9,0
1779285649867,1496,UAS-01,422.3,18.94,21.56,2.62,16.97,23.0,0.990,1,1,31.0,0.10,33.51,29.9,0
1779285649900,1497,UAS-02,312.4,18.94,22.12,3.18,16.74,21.8,0.990,1,1,31.0,0.13,33.90,30.1,0
1779285649933,1498,GND-VEH-01,464.2,18.99,21.64,2.65,16.80,21.5,0.990,1,1,31.7,0.21,33.60,29.9,0
1779285649967,1499,PERSON-01,693.7,19.01,21.41,2.40,16.39,22.0,0.990,1,1,34.1,0.46,33.80,29.9,0
1779285650000,1500,UAS-01,318.7,18.94,21.67,2.73,16.74,21.9,0.990,1,1,31.0,0.04,33.82,30.1,0
1779285650033,1501,UAS-02,512.6,18.87,21.51,2.65,16.69,21.8,0.213,0,0,31.7,0.00,33.51,30.0,0
1779285650067,1502,GND-VEH-01,363.1,19.01,21.89,2.88,16.47,20.7,0.990,1,1,31.0,0.19,33.88,30.0,0
1779285650100,1503,PERSON-01,509.1,19.05,21.59,2.54,16.52,22.8,0.990,1,1,31.0,0.16,34.02,30.0,0
1779285650133,1504,UAS-01,563.2,18.82,21.48,2.66,16.30,22.3,0.203,0,0,31.0,0.00,33.80,30.0,0
1779285650167,1505,UAS-02,523.1,19.12,21.63,2.51,16.48,20.9,0.987,1,1,31.0,0.06,34.14,30.0,0
1779285650200,1506,GND-VEH-01,394.4,19.31,21.90,2.59,16.99,20.6,0.972,1,1,31.0,0.30,33.90,30.0,0
1779285650233,1507,PERSON-01,782.5,18.81,21.27,2.45,16.18,22.4,0.962,1,1,32.1,0.25,33.88,30.0,0
1779285650267,1508,UAS-01,673.7,19.06,21.59,2.54,16.21,23.1,0.990,1,1,31.0,0.33,33.73,30.0,0
1779285650300,1509,UAS-02,964.1,18.76,21.49,2.73,16.99,21.6,0.987,1,1,31.0,0.09,33.46,29.9,0
1779285650333,1510,GND-VEH-01,334.1,18.84,21.58,2.74,15.87,23.4,0.168,0,0,31.0,0.00,33.73,30.1,0
1779285650367,1511,PERSON-01,546.2,19.15,21.97,2.82,16.75,22.0,0.990,1,1,31.0,0.35,33.55,29.9,0
1779285650400,1512,UAS-01,376.3,18.74,21.33,2.59,16.52,23.0,0.249,0,0,31.7,0.00,33.73,29.9,0
1779285650433,1513,UAS-02,377.8,19.10,21.63,2.54,17.00,21.5,0.986,1,1,31.0,0.12,33.91,30.0,0
1779285650467,1514,GND-VEH-01,363.4,19.30,21.73,2.43,16.09,22.1,0.990,1,1,31.0,0.36,33.93,30.0,0
1779285650500,1515,PERSON-01,431.9,18.95,21.97,3.02,16.85,20.5,0.986,1,1,32.3,0.08,33.76,30.2,0
1779285650533,1516,UAS-01,313.0,19.23,21.95,2.72,15.89,20.9,0.968,1,1,32.1,0.31,33.76,29.9,0
1779285650567,1517,UAS-02,435.0,18.72,21.63,2.91,16.48,23.0,0.990,1,1,31.2,0.03,33.79,30.0,0
1779285650600,1518,GND-VEH-01,306.0,19.22,22.20,2.99,16.26,22.1,0.990,1,1,31.0,0.02,34.22,30.0,0
1779285650633,1519,PERSON-01,578.8,18.91,21.35,2.44,15.98,22.6,0.990,1,1,31.0,0.22,33.99,30.0,0
1779285650667,1520,UAS-01,519.4,19.12,21.75,2.63,16.74,21.9,0.990,1,1,31.0,0.43,34.29,30.0,0
1779285650700,1521,UAS-02,558.4,19.02,21.84,2.81,16.60,20.2,0.990,1,1,31.0,0.22,33.53,30.1,0
1779285650733,1522,GND-VEH-01,383.1,19.10,21.94,2.84,16.60,23.6,0.990,1,1,31.0,0.26,34.06,30.0,0
1779285650767,1523,PERSON-01,663.8,18.67,21.40,2.73,17.02,20.9,0.252,0,0,31.0,0.00,33.89,29.9,0
1779285650800,1524,UAS-01,752.6,19.22,21.64,2.42,16.63,22.7,0.990,1,1,31.7,0.09,33.67,30.1,0
1779285650833,1525,UAS-02,655.7,19.20,21.99,2.79,16.65,21.5,0.990,1,1,31.0,0.14,34.39,30.1,0
1779285650867,1526,GND-VEH-01,393.7,19.00,21.82,2.83,16.53,22.0,0.988,1,1,31.5,0.28,34.11,30.2,0
1779285650900,1527,PERSON-01,393.8,18.94,22.00,3.06,16.84,22.0,0.990,1,1,31.0,0.27,33.62,29.9,0
1779285650933,1528,UAS-01,686.6,19.03,21.54,2.51,16.39,21.9,0.990,1,1,33.3,0.15,33.84,29.9,0
1779285650967,1529,UAS-02,685.5,19.16,21.59,2.43,15.65,23.1,0.990,1,1,33.5,0.04,34.06,30.0,0
1779285651000,1530,GND-VEH-01,509.0,18.99,22.00,3.01,17.95,22.0,0.224,0,0,31.0,0.00,33.61,30.0,0
1779285651033,1531,PERSON-01,682.3,18.99,21.70,2.71,16.93,22.9,0.976,1,1,31.0,0.11,33.90,30.0,0
1779285651067,1532,UAS-01,317.6,18.91,21.71,2.80,17.50,19.8,0.212,0,0,32.7,0.00,33.84,30.0,0
1779285651100,1533,UAS-02,459.4,19.01,21.43,2.42,16.29,21.9,0.230,0,0,31.3,0.00,34.02,30.1,0
1779285651133,1534,GND-VEH-01,476.9,19.00,21.75,2.75,17.21,21.7,0.990,1,1,31.0,0.02,34.29,30.0,0
1779285651167,1535,PERSON-01,329.6,19.01,22.14,3.13,17.34,21.0,0.990,1,1,32.1,0.23,34.26,30.0,0
1779285651200,1536,UAS-01,309.2,18.88,21.60,2.72,16.72,22.2,0.990,1,1,32.2,0.16,34.29,30.1,0
1779285651233,1537,UAS-02,585.1,19.02,21.91,2.89,16.97,22.4,0.990,1,1,31.0,0.28,34.36,30.0,0
1779285651267,1538,GND-VEH-01,613.5,18.78,21.50,2.72,16.75,21.4,0.990,1,1,32.8,0.14,33.61,30.1,0
1779285651300,1539,PERSON-01,463.6,18.93,21.46,2.54,16.88,21.5,0.990,1,1,31.3,0.28,33.90,30.1,0
1779285651333,1540,UAS-01,535.6,18.94,21.75,2.81,17.08,21.4,0.985,1,1,31.0,0.48,34.12,29.9,0
1779285651367,1541,UAS-02,704.3,18.98,21.43,2.45,16.31,22.7,0.982,1,1,31.5,0.32,33.82,30.0,0
1779285651400,1542,GND-VEH-01,668.6,19.26,21.90,2.64,16.88,21.9,0.990,1,1,31.0,0.18,34.28,29.9,0
1779285651433,1543,PERSON-01,475.9,19.15,21.97,2.82,16.23,21.9,0.990,1,1,32.4,0.03,33.83,29.9,0
1779285651467,1544,UAS-01,474.4,19.15,21.92,2.76,16.40,21.9,0.990,1,1,31.0,0.09,33.86,30.1,0
1779285651500,1545,UAS-02,372.0,18.94,21.44,2.51,16.75,22.4,0.148,0,0,31.0,0.00,33.62,29.8,0
1779285651533,1546,GND-VEH-01,684.4,19.01,21.36,2.35,16.52,21.5,0.990,1,1,31.8,0.32,33.71,30.0,0
1779285651567,1547,PERSON-01,348.7,18.87,21.72,2.85,16.97,20.3,0.982,1,1,32.3,0.14,34.22,30.1,0
1779285651600,1548,UAS-01,341.6,18.93,21.73,2.81,16.83,23.0,0.183,0,0,32.0,0.00,34.46,29.8,0
1779285651633,1549,UAS-02,541.7,19.15,21.75,2.60,16.58,20.5,0.245,0,0,31.0,0.00,34.04,29.8,0
1779285651667,1550,GND-VEH-01,476.7,19.15,21.57,2.42,16.40,21.9,0.990,1,1,31.6,0.01,33.72,29.9,0
1779285651700,1551,PERSON-01,739.4,18.88,21.67,2.78,16.41,22.7,0.990,1,1,32.8,0.59,33.78,30.1,0
1779285651733,1552,UAS-01,432.8,19.20,22.00,2.81,15.63,22.6,0.173,0,0,31.8,0.00,34.08,29.9,0
1779285651767,1553,UAS-02,499.8,18.95,21.72,2.77,16.23,21.0,0.990,1,1,34.5,0.09,34.23,30.0,0
1779285651800,1554,GND-VEH-01,687.1,18.94,21.27,2.34,15.59,23.0,0.990,1,1,31.0,0.17,33.73,30.0,0
1779285651833,1555,PERSON-01,633.8,18.89,21.74,2.85,16.88,22.5,0.984,1,1,32.3,0.30,34.15,30.0,0
1779285651867,1556,UAS-01,338.0,18.98,21.89,2.91,17.13,22.0,0.204,0,0,31.9,0.00,33.94,30.0,0
1779285651900,1557,UAS-02,374.6,18.94,22.14,3.20,16.92,21.7,0.988,1,1,31.0,0.08,33.81,29.9,0
1779285651933,1558,GND-VEH-01,950.9,18.69,21.05,2.36,15.76,22.2,0.983,1,1,31.0,0.31,34.06,29.9,0
1779285651967,1559,PERSON-01,472.2,19.09,21.96,2.87,17.36,21.9,0.974,1,1,31.6,0.12,34.13,30.0,0
1779285652000,1560,UAS-01,451.6,19.03,22.02,2.99,17.41,21.8,0.208,0,0,31.9,0.00,33.90,30.0,0
1779285652033,1561,UAS-02,480.8,18.85,21.38,2.53,16.21,22.6,0.976,1,1,31.1,0.33,34.01,30.1,0
1779285652067,1562,GND-VEH-01,635.1,18.95,21.63,2.69,16.49,22.6,0.990,1,1,33.3,0.08,34.37,30.0,0
1779285652100,1563,PERSON-01,405.3,18.98,22.00,3.01,17.62,22.1,0.990,1,1,31.0,0.36,33.77,30.0,0
1779285652133,1564,UAS-01,750.4,19.06,21.62,2.56,16.17,22.0,0.990,1,1,31.0,0.05,34.00,30.1,0
1779285652167,1565,UAS-02,446.6,19.06,21.91,2.85,17.12,22.4,0.990,1,1,31.3,0.39,34.29,29.9,0
1779285652200,1566,GND-VEH-01,563.3,18.92,21.83,2.91,16.61,22.2,0.990,1,1,32.1,0.37,34.22,29.9,0
1779285652233,1567,PERSON-01,462.4,19.05,22.04,2.99,17.03,22.0,0.990,1,1,31.0,0.39,34.06,29.9,0
1779285652267,1568,UAS-01,360.4,19.19,22.21,3.01,17.14,23.1,0.990,1,1,31.0,0.25,34.33,23.6,1
1779285652300,1569,UAS-02,359.2,18.99,21.88,2.89,17.16,23.1,0.990,1,1,31.0,0.21,34.55,30.1,0
1779285652333,1570,GND-VEH-01,762.7,19.07,21.69,2.62,16.63,22.3,0.986,1,1,31.0,0.10,34.15,30.1,0
1779285652367,1571,PERSON-01,502.8,19.25,21.84,2.59,16.37,21.9,0.990,1,1,31.0,0.14,34.20,29.8,0
1779285652400,1572,UAS-01,432.9,19.18,21.83,2.65,17.05,20.5,0.973,1,1,33.1,0.13,34.01,30.1,0
1779285652433,1573,UAS-02,641.3,19.06,21.86,2.80,17.47,21.7,0.978,1,1,33.5,0.14,34.22,29.9,0
1779285652467,1574,GND-VEH-01,435.7,18.96,22.12,3.16,17.46,21.9,0.987,1,1,32.5,0.06,34.36,29.9,0
1779285652500,1575,PERSON-01,607.7,18.96,21.42,2.46,16.00,21.1,0.990,1,1,31.0,0.19,34.09,30.0,0
1779285652533,1576,UAS-01,687.9,18.88,21.42,2.54,15.87,21.8,0.990,1,1,31.0,0.13,34.24,29.9,0
1779285652567,1577,UAS-02,611.2,18.85,21.13,2.28,15.92,22.6,0.962,1,1,31.0,0.11,34.38,29.9,0
1779285652600,1578,GND-VEH-01,486.8,18.99,21.47,2.48,16.07,21.4,0.990,1,1,31.0,0.05,34.33,30.1,0
1779285652633,1579,PERSON-01,322.2,19.20,21.89,2.70,16.01,22.2,0.973,1,1,31.0,0.30,34.29,30.0,0
1779285652667,1580,UAS-01,540.2,18.80,21.53,2.73,16.11,21.0,0.990,1,1,32.2,0.22,34.05,29.9,0
1779285652700,1581,UAS-02,427.1,18.95,21.41,2.46,16.06,22.5,0.990,1,1,33.5,0.13,34.06,30.1,0
1779285652733,1582,GND-VEH-01,396.7,18.86,21.62,2.76,16.88,21.5,0.990,1,1,31.4,0.15,33.99,29.9,0
1779285652767,1583,PERSON-01,526.9,18.96,21.72,2.76,17.11,23.1,0.990,1,1,31.0,0.55,33.81,30.0,0
1779285652800,1584,UAS-01,366.3,19.04,22.02,2.97,16.25,22.3,0.990,1,1,31.0,0.10,34.24,29.9,0
1779285652833,1585,UAS-02,667.5,18.81,21.17,2.36,16.12,20.9,0.198,0,0,31.0,0.00,33.66,29.8,0
1779285652867,1586,GND-VEH-01,390.8,19.06,21.88,2.82,16.60,21.1,0.990,1,1,31.5,0.22,34.09,29.9,0
1779285652900,1587,PERSON-01,306.8,18.97,21.98,3.00,17.22,21.7,0.990,1,1,31.0,0.15,34.56,29.9,0
1779285652933,1588,UAS-01,405.2,18.97,21.99,3.01,16.76,22.1,0.990,1,1,33.5,0.24,34.59,30.0,0
1779285652967,1589,UAS-02,426.4,19.25,21.95,2.69,16.86,21.2,0.147,0,0,32.2,0.00,34.30,30.0,0
1779285653000,1590,GND-VEH-01,605.3,19.02,21.55,2.54,16.41,22.8,0.990,1,1,31.0,0.03,34.32,29.9,0
1779285653033,1591,PERSON-01,738.0,18.89,21.74,2.85,16.35,21.5,0.990,1,1,31.5,0.32,34.14,30.0,0
1779285653067,1592,UAS-01,644.9,18.72,21.65,2.93,17.14,21.9,0.972,1,1,31.0,0.06,34.25,29.9,0
1779285653100,1593,UAS-02,596.8,19.21,21.71,2.50,16.01,21.6,0.990,1,1,31.2,0.31,34.11,29.9,0
1779285653133,1594,GND-VEH-01,445.8,19.04,21.70,2.66,17.19,21.4,0.967,1,1,31.0,0.07,34.22,30.0,0
1779285653167,1595,PERSON-01,422.8,18.85,21.60,2.74,16.73,22.9,0.990,1,1,31.0,0.02,33.90,30.0,0
1779285653200,1596,UAS-01,606.5,18.80,21.26,2.45,15.74,22.5,0.990,1,1,32.2,0.06,34.08,30.1,0
1779285653233,1597,UAS-02,602.3,18.93,21.40,2.47,15.98,22.3,0.990,1,1,31.9,0.22,34.29,30.1,0
1779285653267,1598,GND-VEH-01,341.5,18.92,21.80,2.87,16.59,20.9,0.987,1,1,32.9,0.23,34.06,30.0,0
1779285653300,1599,PERSON-01,572.9,19.13,21.80,2.66,16.08,23.9,0.990,1,1,31.3,0.21,34.12,30.0,0
1779285653333,1600,UAS-01,453.2,18.80,21.23,2.43,16.16,22.7,0.990,1,1,31.0,0.02,33.89,29.8,0
1779285653367,1601,UAS-02,456.7,19.08,21.94,2.86,16.91,21.5,0.983,1,1,32.8,0.18,33.86,30.0,0
1779285653400,1602,GND-VEH-01,968.6,19.14,21.52,2.38,15.99,22.6,0.990,1,1,31.7,0.09,33.83,29.9,0
1779285653433,1603,PERSON-01,395.8,19.07,21.64,2.57,15.89,22.2,0.990,1,1,32.5,0.02,34.03,30.0,0
1779285653467,1604,UAS-01,501.0,18.92,21.60,2.68,16.66,22.6,0.990,1,1,31.0,0.08,34.22,30.1,0
1779285653500,1605,UAS-02,432.1,19.04,21.91,2.88,17.58,22.2,0.986,1,1,32.1,0.09,34.44,29.9,0
1779285653533,1606,GND-VEH-01,409.4,19.15,21.68,2.53,16.62,22.1,0.990,1,1,31.0,0.10,34.32,30.2,0
1779285653567,1607,PERSON-01,643.9,19.02,21.94,2.92,17.50,22.8,0.990,1,1,31.0,0.38,34.18,30.1,0
1779285653600,1608,UAS-01,633.0,18.98,21.91,2.93,16.53,21.1,0.990,1,1,32.9,0.07,34.32,30.2,0
1779285653633,1609,UAS-02,345.3,18.81,21.45,2.64,16.22,20.7,0.198,0,0,31.5,0.00,34.42,30.0,0
1779285653667,1610,GND-VEH-01,404.9,19.18,22.15,2.97,17.00,21.2,0.990,1,1,31.0,0.36,34.23,30.0,0
1779285653700,1611,PERSON-01,798.1,19.10,21.82,2.72,16.71,22.1,0.968,1,1,31.0,0.34,34.09,30.0,0
1779285653733,1612,UAS-01,462.9,19.05,21.55,2.49,15.70,23.8,0.990,1,1,32.5,0.64,34.21,30.0,0
1779285653767,1613,UAS-02,383.3,19.03,21.82,2.79,16.17,22.6,0.988,1,1,31.0,0.24,34.31,29.9,0
1779285653800,1614,GND-VEH-01,310.2,19.05,22.02,2.97,16.52,23.6,0.200,0,0,32.2,0.00,33.96,30.0,0
1779285653833,1615,PERSON-01,447.4,18.88,21.56,2.69,17.27,21.2,0.970,1,1,31.0,0.27,34.44,30.0,0
1779285653867,1616,UAS-01,697.7,19.04,21.85,2.81,16.80,23.3,0.990,1,1,31.0,0.09,34.31,30.0,0
1779285653900,1617,UAS-02,416.0,19.02,21.88,2.86,16.14,21.3,0.202,0,0,31.6,0.00,34.14,30.0,0
1779285653933,1618,GND-VEH-01,359.5,18.94,21.68,2.74,15.82,22.0,0.986,1,1,32.2,0.13,34.49,30.1,0
1779285653967,1619,PERSON-01,545.6,19.02,21.90,2.88,16.44,21.4,0.990,1,1,31.0,0.27,34.38,30.0,0
1779285654000,1620,UAS-01,343.4,19.15,22.01,2.86,16.65,22.1,0.990,1,1,32.6,0.01,34.19,30.1,0
1779285654033,1621,UAS-02,456.9,18.89,21.57,2.69,16.70,21.7,0.984,1,1,31.0,0.34,34.12,29.9,0
1779285654067,1622,GND-VEH-01,348.4,18.95,21.60,2.65,16.31,21.8,0.990,1,1,31.0,0.29,34.07,29.9,0
1779285654100,1623,PERSON-01,441.7,18.91,21.81,2.90,16.51,21.0,0.990,1,1,32.2,0.17,34.68,30.0,0
1779285654133,1624,UAS-01,455.6,19.15,21.54,2.39,16.29,22.6,0.990,1,1,31.0,0.04,34.10,30.1,0
1779285654167,1625,UAS-02,302.1,19.02,21.86,2.84,17.27,22.2,0.977,1,1,31.8,0.26,34.26,30.0,0
1779285654200,1626,GND-VEH-01,515.6,18.93,21.59,2.66,16.22,21.3,0.990,1,1,31.3,0.11,34.07,30.1,0
1779285654233,1627,PERSON-01,360.6,19.29,22.57,3.27,17.40,22.3,0.990,1,1,33.4,0.04,34.22,29.9,0
1779285654267,1628,UAS-01,620.8,19.17,21.92,2.75,16.33,21.4,0.990,1,1,32.5,0.05,34.72,30.1,0
1779285654300,1629,UAS-02,407.3,19.02,21.50,2.48,15.88,22.3,0.990,1,1,31.0,0.02,34.37,30.1,0
1779285654333,1630,GND-VEH-01,624.0,19.01,21.71,2.69,16.56,21.0,0.990,1,1,31.0,0.48,34.33,30.1,0
1779285654367,1631,PERSON-01,725.1,19.08,21.68,2.60,16.23,21.3,0.990,1,1,31.1,0.15,34.46,30.0,0
1779285654400,1632,UAS-01,375.5,19.31,21.94,2.63,16.50,22.5,0.990,1,1,31.0,0.04,34.78,29.9,0
1779285654433,1633,UAS-02,701.2,19.07,21.51,2.44,16.44,21.7,0.990,1,1,31.9,0.24,34.50,30.1,0
1779285654467,1634,GND-VEH-01,392.2,18.88,21.59,2.71,16.58,21.6,0.987,1,1,31.0,0.19,34.21,30.0,0
1779285654500,1635,PERSON-01,336.1,18.84,21.60,2.76,16.68,22.1,0.187,0,0,31.9,0.00,34.64,30.1,0
1779285654533,1636,UAS-01,437.2,18.85,21.31,2.46,15.63,22.7,0.989,1,1,31.0,0.32,34.58,30.0,0
1779285654567,1637,UAS-02,323.2,19.16,21.86,2.70,16.48,22.3,0.990,1,1,31.0,0.46,34.27,30.0,0
1779285654600,1638,GND-VEH-01,496.0,18.90,21.68,2.79,16.80,22.2,0.199,0,0,31.0,0.00,34.26,29.9,0
1779285654633,1639,PERSON-01,437.2,19.12,21.69,2.56,16.19,21.6,0.990,1,1,32.4,0.28,33.92,30.1,0
1779285654667,1640,UAS-01,442.0,19.01,21.83,2.82,16.35,21.5,0.981,1,1,31.0,0.59,34.35,30.2,0
1779285654700,1641,UAS-02,467.5,18.91,21.90,2.98,17.41,21.4,0.193,0,0,33.4,0.00,34.15,29.9,0
1779285654733,1642,GND-VEH-01,315.5,18.75,21.66,2.91,16.87,21.5,0.980,1,1,34.3,0.03,34.76,30.0,0
1779285654767,1643,PERSON-01,437.2,18.97,21.41,2.44,16.13,21.1,0.990,1,1,31.0,0.31,34.77,30.0,0
1779285654800,1644,UAS-01,639.4,19.10,21.79,2.69,15.99,22.8,0.990,1,1,33.8,0.06,34.41,30.0,0
1779285654833,1645,UAS-02,779.7,18.85,21.37,2.52,16.07,21.9,0.990,1,1,33.2,0.27,34.62,29.9,0
1779285654867,1646,GND-VEH-01,732.5,18.94,21.50,2.56,16.30,22.4,0.990,1,1,31.3,0.26,34.33,29.8,0
1779285654900,1647,PERSON-01,345.5,19.22,22.39,3.16,17.12,22.6,0.990,1,1,31.0,0.01,34.59,29.9,0
1779285654933,1648,UAS-01,688.7,19.15,21.63,2.47,16.09,22.2,0.201,0,0,31.4,0.00,34.44,30.0,0
1779285654967,1649,UAS-02,396.0,19.05,22.26,3.21,17.61,22.8,0.990,1,1,32.3,0.36,34.14,29.9,0
1779285655000,1650,GND-VEH-01,482.1,18.96,21.60,2.64,16.28,20.9,0.990,1,1,31.0,0.00,34.34,29.9,0
1779285655033,1651,PERSON-01,613.2,19.14,21.64,2.50,16.04,22.6,0.990,1,1,31.0,0.40,34.59,29.9,0
1779285655067,1652,UAS-01,648.8,18.94,22.03,3.09,17.84,23.3,0.986,1,1,34.1,0.29,34.23,30.0,0
1779285655100,1653,UAS-02,881.2,19.22,21.86,2.64,16.18,21.1,0.990,1,1,31.0,0.09,34.51,30.0,0
1779285655133,1654,GND-VEH-01,324.4,19.12,21.91,2.79,17.41,21.1,0.176,0,0,31.0,0.00,34.50,30.1,0
1779285655167,1655,PERSON-01,500.7,18.89,21.50,2.60,16.00,21.8,0.990,1,1,31.7,0.04,34.42,30.0,0
1779285655200,1656,UAS-01,433.1,18.68,21.39,2.71,16.85,22.0,0.990,1,1,32.2,0.02,34.44,30.1,0
1779285655233,1657,UAS-02,404.2,19.11,21.91,2.80,16.86,22.1,0.204,0,0,31.0,0.00,34.42,30.0,0
1779285655267,1658,GND-VEH-01,478.4,19.06,21.84,2.77,16.84,22.0,0.984,1,1,31.0,0.30,34.72,30.0,0
1779285655300,1659,PERSON-01,540.2,19.08,21.88,2.80,17.72,21.2,0.990,1,1,31.0,0.26,34.56,30.1,0
1779285655333,1660,UAS-01,421.1,18.83,21.40,2.57,16.74,22.1,0.986,1,1,31.0,0.32,34.35,30.0,0
1779285655367,1661,UAS-02,536.2,18.81,21.25,2.44,16.17,21.4,0.974,1,1,31.2,0.42,34.45,29.9,0
1779285655400,1662,GND-VEH-01,579.1,18.93,21.64,2.71,16.83,22.1,0.990,1,1,31.1,0.03,34.47,30.0,0
1779285655433,1663,PERSON-01,349.4,19.06,21.49,2.43,16.12,22.2,0.184,0,0,31.0,0.00,34.41,30.0,0
1779285655467,1664,UAS-01,883.2,19.10,21.83,2.73,16.60,22.6,0.990,1,1,31.5,0.05,34.67,30.0,0
1779285655500,1665,UAS-02,645.8,18.82,21.57,2.75,16.43,21.3,0.990,1,1,31.0,0.33,34.72,30.1,0
1779285655533,1666,GND-VEH-01,306.6,18.99,21.70,2.71,16.45,22.9,0.990,1,1,31.0,0.11,34.43,29.9,0
1779285655567,1667,PERSON-01,522.0,18.98,22.01,3.03,17.08,21.5,0.977,1,1,31.0,0.29,34.36,30.2,0
1779285655600,1668,UAS-01,492.9,18.91,21.30,2.39,16.56,22.6,0.983,1,1,32.7,0.37,34.41,30.0,0
1779285655633,1669,UAS-02,764.2,18.97,21.71,2.74,17.25,20.8,0.983,1,1,32.2,0.03,34.44,30.1,0
1779285655667,1670,GND-VEH-01,574.8,19.05,21.86,2.82,17.10,22.4,0.990,1,1,31.9,0.60,34.86,30.1,0
1779285655700,1671,PERSON-01,624.1,19.05,21.85,2.80,16.87,22.1,0.990,1,1,32.0,0.00,34.03,30.1,0
1779285655733,1672,UAS-01,681.5,18.93,21.48,2.55,16.39,20.6,0.990,1,1,31.3,0.03,34.28,29.8,0
1779285655767,1673,UAS-02,526.4,19.15,22.31,3.16,16.66,23.4,0.990,1,1,31.0,0.30,35.04,30.0,0
1779285655800,1674,GND-VEH-01,567.7,18.95,21.52,2.56,15.91,22.8,0.990,1,1,31.1,0.04,34.34,30.1,0
1779285655833,1675,PERSON-01,782.3,19.15,21.52,2.38,15.62,22.1,0.990,1,1,31.0,0.21,34.56,30.1,0
1779285655867,1676,UAS-01,416.2,18.80,21.68,2.87,16.36,23.1,0.990,1,1,31.0,0.30,34.38,29.9,0
1779285655900,1677,UAS-02,495.4,18.83,21.53,2.70,17.53,21.9,0.990,1,1,31.1,0.09,35.18,30.0,0
1779285655933,1678,GND-VEH-01,428.3,19.29,22.13,2.84,16.33,20.7,0.990,1,1,31.0,0.25,34.55,29.9,0
1779285655967,1679,PERSON-01,532.2,19.01,21.57,2.56,16.89,21.7,0.990,1,1,31.0,0.08,34.21,29.9,0
1779285656000,1680,UAS-01,641.3,19.07,22.01,2.95,17.05,20.8,0.990,1,1,31.0,0.33,34.53,30.0,0
1779285656033,1681,UAS-02,404.7,19.20,21.83,2.63,16.87,21.7,0.990,1,1,31.6,0.07,34.88,30.0,0
1779285656067,1682,GND-VEH-01,318.1,19.12,22.42,3.30,17.07,23.1,0.990,1,1,32.1,0.19,34.59,30.1,0
1779285656100,1683,PERSON-01,380.8,18.95,21.81,2.86,16.79,22.2,0.990,1,1,31.0,0.07,34.47,30.0,0
1779285656133,1684,UAS-01,670.3,19.16,21.84,2.68,16.75,20.6,0.981,1,1,31.0,0.08,34.82,29.9,0
1779285656167,1685,UAS-02,581.8,18.95,21.62,2.68,16.11,22.4,0.990,1,1,31.0,0.10,35.04,29.9,0
1779285656200,1686,GND-VEH-01,447.3,19.14,21.67,2.53,16.10,21.9,0.978,1,1,32.2,0.35,34.31,30.0,0
1779285656233,1687,PERSON-01,424.3,19.11,21.72,2.60,16.47,22.4,0.990,1,1,31.2,0.08,34.69,30.2,0
1779285656267,1688,UAS-01,714.5,18.87,21.50,2.63,16.88,20.9,0.990,1,1,31.5,0.18,34.46,29.9,0
1779285656300,1689,UAS-02,329.9,18.82,21.57,2.75,16.73,21.3,0.984,1,1,32.8,0.08,34.13,30.0,0
1779285656333,1690,GND-VEH-01,428.8,18.80,21.68,2.88,16.41,22.1,0.973,1,1,31.0,0.57,34.82,30.0,0
1779285656367,1691,PERSON-01,625.5,19.17,21.54,2.37,15.82,21.1,0.990,1,1,31.0,0.53,34.45,30.1,0
1779285656400,1692,UAS-01,562.9,19.16,22.07,2.92,17.10,23.1,0.988,1,1,32.1,0.13,34.23,29.9,0
1779285656433,1693,UAS-02,437.5,19.21,22.18,2.97,17.23,21.6,0.990,1,1,32.3,0.01,34.15,30.1,0
1779285656467,1694,GND-VEH-01,335.1,18.95,21.76,2.81,16.47,22.2,0.988,1,1,34.2,0.27,34.34,30.0,0
1779285656500,1695,PERSON-01,454.0,19.26,21.95,2.69,16.29,22.0,0.210,0,0,31.0,0.00,34.52,29.9,0
1779285656533,1696,UAS-01,448.5,18.87,21.91,3.03,16.72,21.8,0.990,1,1,31.6,0.19,34.73,30.1,0
1779285656567,1697,UAS-02,689.7,18.88,21.36,2.48,16.63,23.1,0.987,1,1,31.0,0.23,34.92,29.9,0
1779285656600,1698,GND-VEH-01,352.9,18.74,21.54,2.80,16.18,21.0,0.990,1,1,31.0,0.06,34.58,30.0,0
1779285656633,1699,PERSON-01,517.8,18.81,21.75,2.94,16.83,21.0,0.990,1,1,33.2,0.39,34.59,29.9,0
1779285656667,1700,UAS-01,314.6,19.02,21.70,2.68,16.02,22.5,0.990,1,1,32.2,0.26,34.89,30.1,0
1779285656700,1701,UAS-02,315.2,18.97,21.73,2.76,16.10,21.2,0.990,1,1,31.6,0.30,34.63,30.0,0
1779285656733,1702,GND-VEH-01,339.0,19.15,22.05,2.90,17.04,23.3,0.990,1,1,31.3,0.15,34.37,29.9,0
1779285656767,1703,PERSON-01,884.1,18.96,21.32,2.36,15.81,19.5,0.990,1,1,32.8,0.17,34.72,30.0,0
1779285656800,1704,UAS-01,303.4,18.88,21.54,2.66,16.91,21.6,0.990,1,1,32.0,0.73,34.41,29.9,0
1779285656833,1705,UAS-02,760.5,18.96,21.17,2.21,15.78,22.8,0.990,1,1,31.0,0.10,34.57,29.9,0
1779285656867,1706,GND-VEH-01,722.2,19.08,21.96,2.88,16.51,22.7,0.990,1,1,31.5,0.58,34.99,29.8,0
1779285656900,1707,PERSON-01,391.7,19.01,21.81,2.80,16.99,21.6,0.990,1,1,33.4,0.20,34.48,29.8,0
1779285656933,1708,UAS-01,426.3,18.97,21.82,2.85,16.77,23.1,0.211,0,0,32.2,0.00,34.88,30.1,0
1779285656967,1709,UAS-02,446.6,19.04,21.75,2.71,16.59,22.0,0.990,1,1,31.0,0.20,35.05,30.1,0
1779285657000,1710,GND-VEH-01,577.9,19.28,22.12,2.84,16.91,22.4,0.990,1,1,34.6,0.66,34.90,30.0,0
1779285657033,1711,PERSON-01,446.5,18.87,21.63,2.76,17.58,22.1,0.990,1,1,31.2,0.17,34.60,29.9,0
1779285657067,1712,UAS-01,446.5,19.00,21.45,2.45,15.11,23.1,0.990,1,1,31.0,0.31,34.64,30.0,0
1779285657100,1713,UAS-02,387.4,19.04,21.81,2.77,17.30,21.1,0.990,1,1,31.0,0.27,34.46,29.9,0
1779285657133,1714,GND-VEH-01,588.9,19.00,21.83,2.83,16.43,23.5,0.990,1,1,31.0,0.05,35.04,29.9,0
1779285657167,1715,PERSON-01,500.8,18.81,21.87,3.07,17.23,20.7,0.979,1,1,31.1,0.22,35.06,30.0,0
1779285657200,1716,UAS-01,748.7,19.03,21.51,2.48,16.08,22.1,0.990,1,1,31.0,0.48,35.07,30.0,0
1779285657233,1717,UAS-02,496.1,19.17,22.11,2.94,16.24,22.3,0.969,1,1,31.0,0.10,34.84,30.1,0
1779285657267,1718,GND-VEH-01,453.9,19.06,21.78,2.72,17.39,23.2,0.990,1,1,31.0,0.19,35.04,30.0,0
1779285657300,1719,PERSON-01,395.8,19.35,22.02,2.67,16.69,22.0,0.990,1,1,31.0,0.43,34.80,29.9,0
1779285657333,1720,UAS-01,403.1,18.90,21.77,2.87,16.90,22.8,0.980,1,1,33.1,0.02,34.57,30.1,0
1779285657367,1721,UAS-02,316.7,18.98,21.82,2.84,16.90,21.9,0.989,1,1,31.0,0.24,34.78,30.0,0
1779285657400,1722,GND-VEH-01,327.7,18.83,21.84,3.00,17.19,21.9,0.242,0,0,31.0,0.00,34.60,30.0,0
1779285657433,1723,PERSON-01,457.4,18.88,21.39,2.51,16.17,22.8,0.973,1,1,31.0,0.37,34.49,30.1,0
1779285657467,1724,UAS-01,337.0,18.75,21.78,3.03,16.80,22.2,0.990,1,1,33.0,0.15,34.41,30.0,0
1779285657500,1725,UAS-02,603.1,19.33,21.83,2.50,16.99,22.0,0.980,1,1,31.0,0.45,34.85,29.8,0
1779285657533,1726,GND-VEH-01,586.3,19.05,21.87,2.82,17.38,21.1,0.990,1,1,31.0,0.16,34.56,29.9,0
1779285657567,1727,PERSON-01,604.1,19.18,22.01,2.83,16.81,21.5,0.990,1,1,31.0,0.08,34.78,29.9,0
1779285657600,1728,UAS-01,600.6,18.96,21.77,2.81,16.18,21.6,0.988,1,1,31.4,0.14,34.97,30.0,0
1779285657633,1729,UAS-02,394.8,19.13,21.71,2.58,16.20,21.6,0.990,1,1,31.0,0.35,34.44,29.9,0
1779285657667,1730,GND-VEH-01,497.4,18.89,21.62,2.74,17.18,20.5,0.986,1,1,32.1,0.24,34.73,30.0,0
1779285657700,1731,PERSON-01,700.2,19.26,21.95,2.69,16.40,22.7,0.990,1,1,32.7,0.10,34.71,29.9,0
1779285657733,1732,UAS-01,327.7,19.00,22.17,3.17,16.72,22.0,0.990,1,1,33.5,0.16,34.89,29.9,0
1779285657767,1733,UAS-02,330.6,19.04,21.94,2.90,16.74,23.9,0.990,1,1,31.0,0.16,34.71,29.8,0
1779285657800,1734,GND-VEH-01,364.9,19.03,22.00,2.97,16.76,22.1,0.990,1,1,31.0,0.14,34.70,30.0,0
1779285657833,1735,PERSON-01,492.9,19.35,22.25,2.90,16.58,20.1,0.990,1,1,32.1,0.23,34.88,29.9,0
1779285657867,1736,UAS-01,314.7,18.92,21.49,2.56,16.57,23.8,0.198,0,0,31.0,0.00,34.46,29.8,0
1779285657900,1737,UAS-02,626.9,18.89,21.81,2.92,16.76,20.4,0.986,1,1,31.0,0.21,35.20,30.1,0
1779285657933,1738,GND-VEH-01,658.9,19.01,21.62,2.61,16.50,23.1,0.990,1,1,31.0,0.12,34.68,30.1,0
1779285657967,1739,PERSON-01,347.4,18.99,21.94,2.95,16.84,21.7,0.990,1,1,32.1,0.08,34.98,30.0,0
1779285658000,1740,UAS-01,429.0,18.94,21.58,2.64,16.25,21.8,0.986,1,1,35.5,0.10,34.71,30.0,0
1779285658033,1741,UAS-02,479.0,18.76,21.53,2.78,16.42,19.9,0.985,1,1,31.0,0.33,35.04,30.0,0
1779285658067,1742,GND-VEH-01,518.6,19.14,21.95,2.82,17.12,22.8,0.977,1,1,33.2,0.25,34.78,30.0,0
1779285658100,1743,PERSON-01,399.1,18.78,21.35,2.58,16.72,21.6,0.143,0,0,31.0,0.00,35.03,30.1,0
1779285658133,1744,UAS-01,315.1,19.12,22.00,2.88,16.91,22.9,0.990,1,1,31.0,0.24,34.67,29.9,0
1779285658167,1745,UAS-02,308.5,19.00,21.86,2.86,16.47,21.7,0.985,1,1,31.0,0.31,35.16,30.0,0
1779285658200,1746,GND-VEH-01,900.8,19.01,21.50,2.49,16.08,20.7,0.990,1,1,32.6,0.15,34.93,30.0,0
1779285658233,1747,PERSON-01,702.8,19.03,21.75,2.72,16.59,20.6,0.990,1,1,33.5,0.16,34.92,30.1,0
1779285658267,1748,UAS-01,483.2,19.15,21.82,2.67,17.24,20.5,0.979,1,1,34.5,0.38,34.56,30.0,0
1779285658300,1749,UAS-02,315.5,18.96,21.94,2.98,17.19,20.4,0.990,1,1,31.0,0.31,34.93,30.0,0
1779285658333,1750,GND-VEH-01,681.1,19.11,21.51,2.40,17.03,20.1,0.990,1,1,31.0,0.37,34.81,30.1,0
1779285658367,1751,PERSON-01,786.5,19.11,21.59,2.48,16.52,21.3,0.990,1,1,31.0,0.34,35.08,30.0,0
1779285658400,1752,UAS-01,700.0,19.12,21.50,2.39,15.75,22.0,0.962,1,1,33.0,0.06,34.54,30.0,0
1779285658433,1753,UAS-02,722.5,18.85,21.75,2.90,17.17,21.8,0.990,1,1,34.9,0.11,35.09,29.8,0
1779285658467,1754,GND-VEH-01,413.0,18.94,21.72,2.78,16.98,21.2,0.990,1,1,31.0,0.15,34.79,30.0,0
1779285658500,1755,PERSON-01,461.3,18.90,21.53,2.63,15.94,22.3,0.990,1,1,31.4,0.18,34.80,30.2,0
1779285658533,1756,UAS-01,660.3,19.02,21.88,2.87,16.76,23.2,0.990,1,1,32.7,0.09,35.18,30.1,0
1779285658567,1757,UAS-02,491.9,19.04,22.20,3.16,16.77,23.4,0.207,0,0,31.1,0.00,34.75,30.0,0
1779285658600,1758,GND-VEH-01,720.3,18.87,21.31,2.44,16.92,23.5,0.990,1,1,31.9,0.32,34.78,30.0,0
1779285658633,1759,PERSON-01,477.5,19.13,21.80,2.67,16.20,21.7,0.253,0,0,31.0,0.00,34.92,30.0,0
1779285658667,1760,UAS-01,422.2,19.19,22.02,2.83,16.07,23.4,0.990,1,1,32.8,0.08,35.36,30.1,0
1779285658700,1761,UAS-02,429.4,18.82,21.39,2.57,15.97,20.9,0.990,1,1,31.0,0.17,34.82,30.0,0
1779285658733,1762,GND-VEH-01,466.2,19.04,22.08,3.04,17.03,21.4,0.990,1,1,31.5,0.06,34.80,30.0,0
1779285658767,1763,PERSON-01,359.2,18.61,21.35,2.75,16.60,20.8,0.990,1,1,31.0,0.13,34.86,30.0,0
1779285658800,1764,UAS-01,777.4,19.08,21.55,2.47,16.10,21.7,0.990,1,1,32.6,0.05,34.63,29.9,0
1779285658833,1765,UAS-02,454.5,18.91,21.52,2.61,16.75,23.6,0.983,1,1,31.0,0.28,35.03,30.1,0
1779285658867,1766,GND-VEH-01,735.9,18.82,21.50,2.68,15.94,22.3,0.969,1,1,32.6,0.12,34.94,30.0,0
1779285658900,1767,PERSON-01,467.3,18.79,21.70,2.91,16.89,20.8,0.990,1,1,32.8,0.17,34.79,29.8,0
1779285658933,1768,UAS-01,333.3,18.79,21.48,2.68,16.50,22.3,0.990,1,1,31.0,0.14,34.68,29.9,0
1779285658967,1769,UAS-02,358.6,18.89,21.35,2.45,16.20,21.6,0.990,1,1,31.0,0.19,35.07,30.1,0
1779285659000,1770,GND-VEH-01,424.5,18.90,21.50,2.60,16.40,21.6,0.990,1,1,31.4,0.29,35.11,30.0,0
1779285659033,1771,PERSON-01,769.3,18.89,21.42,2.52,16.85,22.1,0.990,1,1,31.0,0.31,35.12,30.0,0
1779285659067,1772,UAS-01,411.1,19.18,22.02,2.84,17.39,22.9,0.990,1,1,31.0,0.07,35.13,30.0,0
1779285659100,1773,UAS-02,373.2,19.01,21.47,2.46,15.82,22.3,0.170,0,0,31.0,0.00,34.90,29.9,0
1779285659133,1774,GND-VEH-01,804.9,19.02,21.53,2.52,16.72,21.7,0.990,1,1,32.8,0.24,34.85,30.0,0
1779285659167,1775,PERSON-01,421.5,19.03,21.88,2.85,16.32,22.6,0.989,1,1,31.6,0.26,35.21,29.9,0
1779285659200,1776,UAS-01,380.1,18.75,21.44,2.69,16.69,22.3,0.990,1,1,31.4,0.60,35.01,30.0,0
1779285659233,1777,UAS-02,359.1,19.00,21.92,2.92,16.99,22.9,0.990,1,1,31.0,0.13,34.95,29.9,0
1779285659267,1778,GND-VEH-01,525.4,19.05,21.67,2.62,16.83,22.8,0.990,1,1,31.6,0.06,34.72,29.9,0
1779285659300,1779,PERSON-01,516.7,19.03,21.74,2.71,16.06,21.5,0.973,1,1,32.9,0.24,34.94,29.9,0
1779285659333,1780,UAS-01,338.8,18.93,21.53,2.60,16.69,23.0,0.990,1,1,31.0,0.00,35.22,30.0,0
1779285659367,1781,UAS-02,741.8,18.99,21.48,2.49,16.32,23.1,0.990,1,1,31.0,0.27,34.66,30.0,0
1779285659400,1782,GND-VEH-01,788.7,18.98,21.63,2.65,17.19,21.2,0.990,1,1,31.0,0.26,35.08,23.3,1
1779285659433,1783,PERSON-01,916.3,18.83,21.39,2.56,16.07,22.3,0.990,1,1,33.0,0.27,34.97,29.9,0
1779285659467,1784,UAS-01,303.4,18.83,21.62,2.79,17.00,23.1,0.990,1,1,31.0,0.34,34.65,30.0,0
1779285659500,1785,UAS-02,408.2,19.04,21.81,2.77,16.03,21.1,0.990,1,1,31.0,0.02,34.99,30.0,0
1779285659533,1786,GND-VEH-01,958.7,18.95,21.51,2.56,16.33,23.6,0.990,1,1,31.0,0.15,35.20,30.1,0
1779285659567,1787,PERSON-01,462.4,18.99,21.75,2.76,16.19,22.4,0.203,0,0,31.0,0.00,34.90,30.0,0
1779285659600,1788,UAS-01,486.7,19.04,21.96,2.92,16.80,22.0,0.990,1,1,31.0,0.42,35.04,29.9,0
1779285659633,1789,UAS-02,383.5,19.12,21.94,2.82,16.70,22.2,0.990,1,1,31.0,0.48,34.50,30.1,0
1779285659667,1790,GND-VEH-01,333.4,18.91,21.84,2.93,17.15,22.5,0.990,1,1,33.0,0.10,34.99,30.0,0
1779285659700,1791,PERSON-01,382.4,19.24,22.35,3.10,17.09,21.1,0.990,1,1,31.0,0.01,34.97,30.1,0
1779285659733,1792,UAS-01,452.3,18.83,21.49,2.66,17.18,22.0,0.197,0,0,32.6,0.00,34.81,30.1,0
1779285659767,1793,UAS-02,974.8,19.04,21.76,2.73,16.42,23.2,0.990,1,1,31.9,0.23,35.05,30.1,0
1779285659800,1794,GND-VEH-01,575.2,18.87,21.69,2.82,17.15,21.2,0.990,1,1,31.0,0.05,35.19,30.0,0
1779285659833,1795,PERSON-01,661.1,19.17,21.50,2.33,15.93,22.5,0.990,1,1,33.8,0.08,34.61,29.9,0
1779285659867,1796,UAS-01,397.5,19.10,21.76,2.65,16.13,23.0,0.990,1,1,31.1,0.07,35.30,30.1,0
1779285659900,1797,UAS-02,336.4,19.10,21.77,2.67,16.11,22.3,0.990,1,1,31.0,0.47,34.62,30.0,0
1779285659933,1798,GND-VEH-01,444.4,19.05,21.73,2.68,16.37,22.7,0.982,1,1,31.1,0.19,34.92,30.0,0
1779285659967,1799,PERSON-01,813.2,18.80,21.71,2.92,16.14,21.9,0.990,1,1,31.0,0.26,35.10,30.1,0
