timestamp,frame_id,target_id,range_m,ambient_temp_c,target_temp_c,delta_t_c,snr_db,netd_mk,detection_confidence,detected,classified,classification_latency_ms,track_error_m,sensor_temp_c,frame_rate_hz,dropped_frame
1779285600000,0,UAS-01,449.6,18.94,22.31,3.37,16.30,24.9,0.990,1,1,36.0,0.09,28.15,29.9,0
1779285600033,1,UAS-02,686.3,19.05,21.89,2.83,16.46,24.1,0.990,1,1,36.0,0.27,28.12,29.8,0
1779285600067,2,GND-VEH-01,628.9,18.85,22.01,3.16,16.60,24.0,0.990,1,1,36.0,0.07,27.72,30.1,0
1779285600100,3,PERSON-01,488.8,18.72,21.82,3.10,15.90,24.0,0.990,1,1,36.0,0.04,28.46,30.2,0
1779285600133,4,UAS-01,607.1,18.92,22.01,3.09,16.27,25.1,0.990,1,1,37.3,0.12,27.83,30.0,0
1779285600167,5,UAS-02,600.9,19.06,22.30,3.24,17.35,24.5,0.990,1,1,38.9,0.30,27.75,29.8,0
1779285600200,6,GND-VEH-01,355.0,18.85,22.20,3.35,16.58,23.0,0.990,1,1,36.0,0.01,28.16,30.0,0
1779285600233,7,PERSON-01,708.5,19.08,22.40,3.31,16.83,23.0,0.977,1,1,36.1,0.15,28.15,30.1,0
1779285600267,8,UAS-01,537.1,18.86,22.16,3.31,16.70,25.6,0.990,1,1,36.0,0.18,27.86,30.1,0
1779285600300,9,UAS-02,392.2,18.96,22.28,3.32,16.84,25.0,0.978,1,1,38.0,0.59,27.89,30.0,0
1779285600333,10,GND-VEH-01,426.6,18.81,22.27,3.46,16.83,23.3,0.980,1,1,37.2,0.01,27.78,30.0,0
1779285600367,11,PERSON-01,450.3,19.01,22.07,3.07,16.34,22.6,0.979,1,1,36.0,0.39,27.64,29.8,0
1779285600400,12,UAS-01,384.3,18.83,22.42,3.60,17.92,24.3,0.990,1,1,36.0,0.19,27.88,29.9,0
1779285600433,13,UAS-02,517.8,18.83,21.83,3.00,16.72,24.7,0.990,1,1,36.9,0.16,27.92,30.0,0
1779285600467,14,GND-VEH-01,466.9,19.14,22.20,3.06,16.66,22.9,0.990,1,1,36.0,0.21,27.48,30.1,0
1779285600500,15,PERSON-01,609.5,18.91,22.03,3.11,16.67,23.9,0.990,1,1,36.0,0.56,27.77,30.0,0
1779285600533,16,UAS-01,497.5,18.98,22.03,3.05,16.28,24.4,0.971,1,1,36.0,0.42,28.25,30.1,0
1779285600567,17,UAS-02,339.9,18.84,21.90,3.05,15.95,24.9,0.984,1,1,36.0,0.17,27.71,29.9,0
1779285600600,18,GND-VEH-01,330.6,18.76,21.79,3.03,16.84,23.5,0.990,1,1,38.7,0.32,28.30,30.0,0
1779285600633,19,PERSON-01,417.8,18.82,22.09,3.27,16.38,23.9,0.990,1,1,36.0,0.07,27.84,30.0,0
1779285600667,20,UAS-01,682.8,19.11,22.23,3.12,16.50,23.4,0.990,1,1,36.0,0.02,28.33,30.1,0
1779285600700,21,UAS-02,335.4,18.90,22.38,3.49,16.85,23.4,0.990,1,1,36.0,0.25,28.05,30.1,0
1779285600733,22,GND-VEH-01,358.1,19.07,22.24,3.17,16.61,23.7,0.990,1,1,36.1,0.14,27.78,30.0,0
1779285600767,23,PERSON-01,537.7,19.13,22.47,3.33,17.11,24.9,0.989,1,1,36.0,0.24,27.90,30.0,0
1779285600800,24,UAS-01,772.8,18.97,21.62,2.66,14.73,23.7,0.990,1,1,36.0,0.38,28.17,30.1,0
1779285600833,25,UAS-02,448.8,18.92,21.80,2.87,15.76,23.8,0.976,1,1,37.1,0.28,28.10,30.2,0
1779285600867,26,GND-VEH-01,305.2,18.93,22.45,3.52,17.09,25.4,0.980,1,1,37.7,0.48,28.31,30.0,0
1779285600900,27,PERSON-01,444.6,19.10,22.21,3.11,16.39,24.1,0.983,1,1,37.6,0.26,27.96,30.1,0
1779285600933,28,UAS-01,393.0,19.04,22.28,3.24,15.90,24.6,0.981,1,1,37.8,0.20,28.41,30.1,0
1779285600967,29,UAS-02,437.0,18.82,21.88,3.07,16.64,24.3,0.990,1,1,36.4,0.16,28.10,30.1,0
1779285601000,30,GND-VEH-01,446.9,19.04,22.39,3.35,16.33,25.1,0.986,1,1,36.0,0.46,28.23,30.0,0
1779285601033,31,PERSON-01,581.3,19.13,22.18,3.06,17.37,23.5,0.988,1,1,36.0,0.24,28.00,30.0,0
1779285601067,32,UAS-01,812.9,19.08,22.02,2.95,15.92,24.0,0.990,1,1,36.0,0.28,27.88,30.0,0
1779285601100,33,UAS-02,585.8,19.13,22.03,2.90,15.91,24.4,0.990,1,1,36.0,0.10,28.00,30.1,0
1779285601133,34,GND-VEH-01,452.1,18.82,21.89,3.07,16.52,24.9,0.990,1,1,36.0,0.05,28.21,30.0,0
1779285601167,35,PERSON-01,332.4,18.95,22.16,3.20,16.44,25.2,0.990,1,1,38.0,0.30,27.85,30.0,0
1779285601200,36,UAS-01,632.2,18.60,21.62,3.02,15.43,24.2,0.989,1,1,36.0,0.10,27.97,30.2,0
1779285601233,37,UAS-02,357.6,19.02,22.43,3.41,16.19,23.3,0.986,1,1,36.1,0.03,28.34,30.0,0
1779285601267,38,GND-VEH-01,525.8,18.91,22.01,3.10,16.08,22.6,0.978,1,1,36.9,0.07,28.32,30.0,0
1779285601300,39,PERSON-01,546.6,18.92,21.84,2.92,15.84,24.5,0.987,1,1,36.0,0.10,28.12,30.0,0
1779285601333,40,UAS-01,313.5,18.95,21.94,2.99,17.02,22.3,0.988,1,1,36.0,0.06,28.04,30.0,0
1779285601367,41,UAS-02,484.8,19.21,22.19,2.98,16.61,23.7,0.976,1,1,36.0,0.08,28.29,30.0,0
1779285601400,42,GND-VEH-01,420.6,19.02,22.22,3.20,15.65,23.6,0.987,1,1,38.7,0.34,28.11,30.0,0
1779285601433,43,PERSON-01,564.4,19.16,22.20,3.04,15.79,23.8,0.990,1,1,36.4,0.25,28.19,30.1,0
1779285601467,44,UAS-01,338.1,19.09,22.51,3.42,16.46,24.7,0.990,1,1,36.0,0.57,27.87,29.8,0
1779285601500,45,UAS-02,576.6,18.86,21.93,3.08,16.31,24.9,0.981,1,1,39.3,0.21,28.45,29.8,0
1779285601533,46,GND-VEH-01,636.3,19.04,21.92,2.89,15.76,24.8,0.986,1,1,36.0,0.16,28.51,29.9,0
1779285601567,47,PERSON-01,434.1,18.67,21.89,3.22,16.58,23.6,0.990,1,1,38.6,0.01,27.89,30.0,0
1779285601600,48,UAS-01,787.6,18.78,21.85,3.07,16.14,22.7,0.990,1,1,37.0,0.52,28.37,29.9,0
1779285601633,49,UAS-02,420.8,19.05,22.24,3.19,16.82,24.1,0.990,1,1,40.8,0.35,28.13,30.0,0
1779285601667,50,GND-VEH-01,499.2,18.83,21.73,2.90,16.19,24.1,0.990,1,1,40.2,0.01,27.93,30.0,0
1779285601700,51,PERSON-01,586.8,19.13,22.55,3.42,16.47,24.0,0.990,1,1,36.0,0.26,28.14,30.1,0
1779285601733,52,UAS-01,540.8,18.94,22.02,3.08,16.49,22.6,0.990,1,1,36.5,0.12,28.50,30.0,0
1779285601767,53,UAS-02,453.9,19.35,22.75,3.39,16.50,23.3,0.990,1,1,36.1,0.03,28.53,30.0,0
1779285601800,54,GND-VEH-01,345.5,18.99,22.39,3.40,17.08,23.4,0.990,1,1,36.0,0.39,28.16,30.1,0
1779285601833,55,PERSON-01,862.7,18.93,21.89,2.96,16.88,23.7,0.990,1,1,37.0,0.00,28.26,30.0,0
1779285601867,56,UAS-01,499.7,18.78,21.78,2.99,16.51,23.8,0.990,1,1,36.0,0.11,27.87,29.9,0
1779285601900,57,UAS-02,499.9,18.96,22.02,3.06,15.68,24.3,0.990,1,1,36.0,0.01,28.56,29.9,0
1779285601933,58,GND-VEH-01,452.9,18.85,22.32,3.47,16.88,24.6,0.990,1,1,36.5,0.56,28.59,29.9,0
1779285601967,59,PERSON-01,316.9,19.01,22.44,3.44,17.30,24.2,0.990,1,1,38.0,0.09,28.52,30.0,0
1779285602000,60,UAS-01,863.4,19.04,22.17,3.12,16.75,22.6,0.990,1,1,36.3,0.03,28.42,30.0,0
1779285602033,61,UAS-02,528.7,19.00,22.04,3.03,16.30,24.0,0.990,1,1,38.0,0.25,28.10,29.9,0
1779285602067,62,GND-VEH-01,336.0,19.01,22.52,3.51,16.96,22.2,0.990,1,1,36.0,0.07,28.25,29.9,0
1779285602100,63,PERSON-01,440.3,18.95,22.19,3.24,16.61,23.8,0.965,1,1,37.5,0.36,28.32,30.0,0
1779285602133,64,UAS-01,455.7,19.13,22.13,3.01,16.08,23.5,0.990,1,1,38.4,0.17,27.90,30.0,0
1779285602167,65,UAS-02,676.3,19.09,22.03,2.94,16.43,24.0,0.990,1,1,36.0,0.19,28.39,30.1,0
1779285602200,66,GND-VEH-01,472.6,19.14,22.39,3.26,16.71,23.6,0.983,1,1,40.0,0.20,27.70,29.9,0
1779285602233,67,PERSON-01,732.1,19.06,22.13,3.07,16.98,23.6,0.990,1,1,37.8,0.25,28.26,30.1,0
1779285602267,68,UAS-01,308.4,18.87,22.10,3.23,15.88,25.3,0.990,1,1,36.3,0.30,28.22,30.1,0
1779285602300,69,UAS-02,499.2,18.88,22.33,3.44,17.28,24.1,0.990,1,1,36.7,0.18,28.56,30.0,0
1779285602333,70,GND-VEH-01,711.1,19.05,22.08,3.03,16.32,22.6,0.990,1,1,36.0,0.50,28.47,29.8,0
1779285602367,71,PERSON-01,364.1,18.71,21.79,3.08,17.32,22.9,0.990,1,1,37.1,0.27,28.37,30.1,0
1779285602400,72,UAS-01,664.1,18.82,21.69,2.87,16.05,23.4,0.990,1,1,36.9,0.32,28.49,29.9,0
1779285602433,73,UAS-02,303.8,19.05,22.03,2.98,16.70,24.0,0.990,1,1,36.0,0.12,28.17,30.0,0
1779285602467,74,GND-VEH-01,664.7,19.28,22.28,3.00,16.61,25.3,0.990,1,1,37.6,0.05,28.28,29.8,0
1779285602500,75,PERSON-01,516.7,19.32,22.45,3.14,16.64,25.1,0.981,1,1,36.0,0.26,28.26,30.0,0
1779285602533,76,UAS-01,413.5,18.84,21.96,3.12,15.89,24.9,0.990,1,1,36.0,0.07,28.35,29.9,0
1779285602567,77,UAS-02,421.1,18.99,22.04,3.05,16.02,24.7,0.990,1,1,36.5,0.21,28.30,30.0,0
1779285602600,78,GND-VEH-01,385.6,19.21,22.11,2.90,15.56,23.6,0.990,1,1,36.0,0.11,28.46,30.0,0
1779285602633,79,PERSON-01,512.8,19.12,22.33,3.21,16.61,24.2,0.982,1,1,36.0,0.26,28.23,30.1,0
1779285602667,80,UAS-01,431.4,19.13,22.18,3.05,16.27,23.7,0.985,1,1,36.4,0.23,28.15,30.1,0
1779285602700,81,UAS-02,541.6,19.09,22.51,3.41,16.46,24.5,0.990,1,1,36.2,0.36,28.45,30.0,0
1779285602733,82,GND-VEH-01,300.2,18.93,22.08,3.15,16.64,24.6,0.990,1,1,38.0,0.14,28.59,30.1,0
1779285602767,83,PERSON-01,389.9,18.89,22.25,3.36,16.49,23.9,0.990,1,1,38.1,0.04,28.49,29.9,0
1779285602800,84,UAS-01,496.8,18.86,21.90,3.04,17.14,22.9,0.983,1,1,36.0,0.17,28.33,30.0,0
1779285602833,85,UAS-02,479.8,18.74,21.94,3.21,16.73,24.0,0.990,1,1,36.0,0.03,28.19,29.9,0
1779285602867,86,GND-VEH-01,356.9,19.24,22.64,3.39,16.44,24.1,0.990,1,1,37.6,0.35,28.28,30.0,0
1779285602900,87,PERSON-01,582.6,19.11,22.60,3.49,16.55,23.1,0.990,1,1,36.0,0.29,28.03,30.1,0
1779285602933,88,UAS-01,586.2,18.83,21.95,3.12,15.98,23.8,0.990,1,1,36.0,0.24,28.28,29.8,0
1779285602967,89,UAS-02,323.2,18.96,22.18,3.22,16.71,24.4,0.990,1,1,37.0,0.22,28.22,30.2,0
1779285603000,90,GND-VEH-01,373.2,18.94,22.31,3.36,16.66,22.5,0.990,1,1,37.9,0.05,28.04,29.9,0
1779285603033,91,PERSON-01,360.2,18.98,21.86,2.88,16.52,25.5,0.990,1,1,36.0,0.39,28.69,30.0,0
1779285603067,92,UAS-01,821.1,18.91,21.60,2.69,16.02,24.7,0.990,1,1,37.1,0.18,28.07,30.1,0
1779285603100,93,UAS-02,500.3,19.07,22.41,3.34,16.74,23.6,0.990,1,1,36.0,0.05,28.31,30.0,0
1779285603133,94,GND-VEH-01,564.4,19.15,22.58,3.42,17.50,23.6,0.990,1,1,37.1,0.24,28.55,30.1,0
1779285603167,95,PERSON-01,439.5,18.85,21.85,3.01,16.80,24.2,0.977,1,1,37.3,0.05,28.48,30.1,0
1779285603200,96,UAS-01,396.1,19.17,22.50,3.33,16.35,24.1,0.984,1,1,36.0,0.00,28.32,30.2,0
1779285603233,97,UAS-02,347.7,18.95,22.27,3.31,16.49,25.2,0.990,1,1,36.0,0.24,28.01,29.8,0
1779285603267,98,GND-VEH-01,330.0,18.91,22.41,3.50,17.61,23.6,0.987,1,1,38.5,0.46,28.08,30.1,0
1779285603300,99,PERSON-01,474.8,18.91,22.03,3.12,16.18,24.8,0.990,1,1,36.6,0.27,28.49,29.9,0
1779285603333,100,UAS-01,386.0,19.03,22.25,3.22,17.20,23.6,0.990,1,1,36.0,0.04,28.39,29.9,0
1779285603367,101,UAS-02,685.5,19.08,22.15,3.07,16.25,22.9,0.980,1,1,37.4,0.16,27.83,30.0,0
1779285603400,102,GND-VEH-01,349.3,18.84,22.17,3.33,17.34,24.8,0.983,1,1,36.0,0.24,28.38,30.1,0
1779285603433,103,PERSON-01,433.6,18.88,21.84,2.96,16.56,25.3,0.990,1,1,36.0,0.28,28.39,30.2,0
1779285603467,104,UAS-01,410.8,19.33,22.58,3.26,16.60,23.0,0.990,1,1,36.0,0.13,28.08,30.0,0
1779285603500,105,UAS-02,611.4,18.94,22.09,3.16,17.52,24.9,0.990,1,1,37.2,0.39,28.37,30.0,0
1779285603533,106,GND-VEH-01,683.5,19.22,22.36,3.14,16.39,23.2,0.990,1,1,36.4,0.02,28.73,30.1,0
1779285603567,107,PERSON-01,763.0,18.98,22.23,3.25,16.49,25.2,0.990,1,1,36.0,0.05,28.16,30.0,0
1779285603600,108,UAS-01,411.5,19.00,22.23,3.22,16.44,23.5,0.990,1,1,36.0,0.33,28.37,29.8,0
1779285603633,109,UAS-02,432.6,19.02,22.31,3.29,16.65,23.5,0.990,1,1,36.9,0.19,28.20,30.0,0
1779285603667,110,GND-VEH-01,616.9,19.24,22.39,3.16,15.98,24.2,0.972,1,1,36.0,0.22,28.19,30.0,0
1779285603700,111,PERSON-01,416.0,19.06,22.33,3.28,15.71,25.0,0.990,1,1,39.1,0.25,28.31,30.2,0
1779285603733,112,UAS-01,438.0,18.82,21.78,2.96,15.31,23.4,0.990,1,1,39.5,0.11,28.25,30.1,0
1779285603767,113,UAS-02,470.3,19.14,22.38,3.24,17.01,23.7,0.990,1,1,38.5,0.08,28.73,30.0,0
1779285603800,114,GND-VEH-01,646.8,18.98,21.94,2.96,15.77,23.9,0.990,1,1,36.0,0.35,28.30,29.9,0
1779285603833,115,PERSON-01,557.7,19.10,22.00,2.90,16.46,23.4,0.964,1,1,36.0,0.35,28.38,30.1,0
1779285603867,116,UAS-01,601.8,18.99,22.06,3.07,16.36,22.7,0.990,1,1,38.4,0.41,28.64,30.0,0
1779285603900,117,UAS-02,589.1,19.27,22.18,2.92,16.21,26.2,0.990,1,1,36.0,0.08,28.37,29.9,0
1779285603933,118,GND-VEH-01,351.2,18.91,21.98,3.08,16.67,23.6,0.990,1,1,38.0,0.30,28.28,30.0,0
1779285603967,119,PERSON-01,936.1,18.84,21.75,2.91,16.23,24.3,0.990,1,1,36.4,0.11,28.40,30.1,0
1779285604000,120,UAS-01,678.0,19.16,22.22,3.07,15.98,24.2,0.990,1,1,36.0,0.14,28.15,30.0,0
1779285604033,121,UAS-02,578.5,18.97,21.88,2.91,16.37,23.6,0.990,1,1,37.2,0.14,28.54,30.0,0
1779285604067,122,GND-VEH-01,320.3,19.01,22.18,3.17,16.89,22.9,0.986,1,1,38.6,0.20,27.92,30.0,0
1779285604100,123,PERSON-01,374.3,18.98,22.15,3.17,16.50,23.1,0.990,1,1,39.7,0.61,28.34,30.0,0
1779285604133,124,UAS-01,491.2,18.77,22.16,3.39,17.62,24.7,0.969,1,1,36.0,0.03,27.97,30.1,0
1779285604167,125,UAS-02,545.2,18.84,22.22,3.37,17.47,22.8,0.990,1,1,38.2,0.29,27.97,29.9,0
1779285604200,126,GND-VEH-01,317.7,19.05,22.30,3.26,16.56,24.3,0.990,1,1,36.0,0.04,28.38,30.2,0
1779285604233,127,PERSON-01,504.8,19.35,22.62,3.26,16.56,25.8,0.970,1,1,36.0,0.10,28.03,30.0,0
1779285604267,128,UAS-01,730.1,18.96,22.11,3.15,16.73,23.8,0.990,1,1,36.0,0.11,28.32,29.9,0
1779285604300,129,UAS-02,482.9,18.93,22.38,3.46,16.37,24.6,0.990,1,1,36.3,0.20,28.39,30.1,0
1779285604333,130,GND-VEH-01,738.3,18.93,21.88,2.95,16.03,24.1,0.990,1,1,36.0,0.13,28.44,30.0,0
1779285604367,131,PERSON-01,306.7,19.03,22.69,3.66,17.07,23.8,0.990,1,1,36.0,0.26,28.59,30.1,0
1779285604400,132,UAS-01,641.1,19.00,22.06,3.06,16.44,22.9,0.966,1,1,36.0,0.02,28.76,30.0,0
1779285604433,133,UAS-02,553.5,19.13,22.54,3.41,17.57,23.0,0.990,1,1,36.0,0.03,28.36,30.1,0
1779285604467,134,GND-VEH-01,397.2,18.97,22.31,3.34,16.83,23.4,0.990,1,1,36.0,0.12,28.42,29.8,0
1779285604500,135,PERSON-01,782.4,18.84,22.10,3.26,16.45,22.2,0.990,1,1,37.5,0.48,28.54,30.1,0
1779285604533,136,UAS-01,877.3,19.01,22.35,3.34,16.38,23.7,0.990,1,1,36.0,0.28,28.74,30.1,0
1779285604567,137,UAS-02,450.6,18.83,21.83,2.99,16.02,24.0,0.990,1,1,37.1,0.41,28.17,29.9,0
1779285604600,138,GND-VEH-01,612.6,18.89,21.95,3.06,16.03,24.9,0.978,1,1,36.8,0.21,28.49,30.0,0
1779285604633,139,PERSON-01,462.3,19.09,22.60,3.51,16.39,25.0,0.987,1,1,36.0,0.16,28.68,30.0,0
1779285604667,140,UAS-01,499.8,19.20,22.09,2.89,15.96,24.5,0.990,1,1,36.0,0.06,28.25,29.9,0
1779285604700,141,UAS-02,328.0,19.04,22.49,3.45,16.40,23.7,0.983,1,1,36.7,0.33,28.34,30.0,0
1779285604733,142,GND-VEH-01,427.2,18.91,22.41,3.50,17.01,24.6,0.990,1,1,36.0,0.22,28.83,30.0,0
1779285604767,143,PERSON-01,412.2,19.08,22.28,3.21,16.99,23.0,0.990,1,1,36.7,0.11,28.34,30.0,0
1779285604800,144,UAS-01,663.6,18.89,22.04,3.15,16.58,23.6,0.990,1,1,36.0,0.25,28.35,30.1,0
1779285604833,145,UAS-02,407.8,18.95,22.33,3.38,17.70,23.8,0.990,1,1,36.0,0.18,28.39,30.0,0
1779285604867,146,GND-VEH-01,311.3,18.97,22.34,3.37,16.39,25.9,0.990,1,1,36.0,0.19,28.30,29.8,0
1779285604900,147,PERSON-01,645.9,19.10,22.28,3.19,16.16,23.9,0.974,1,1,36.0,0.10,28.53,30.0,0
1779285604933,148,UAS-01,452.0,18.95,22.48,3.54,17.17,25.4,0.990,1,1,36.8,0.31,28.09,30.0,0
1779285604967,149,UAS-02,453.0,19.13,21.92,2.79,16.24,24.8,0.990,1,1,36.0,0.27,28.81,30.0,0
1779285605000,150,GND-VEH-01,342.3,18.86,22.01,3.15,16.69,24.9,0.990,1,1,36.0,0.03,28.80,29.8,0
1779285605033,151,PERSON-01,444.4,18.74,21.82,3.08,15.84,23.8,0.990,1,1,36.0,0.40,28.30,29.9,0
1779285605067,152,UAS-01,474.4,18.66,21.74,3.08,16.41,24.4,0.990,1,1,38.1,0.27,28.24,30.0,0
1779285605100,153,UAS-02,656.2,18.66,21.97,3.31,16.68,24.6,0.990,1,1,36.3,0.21,28.94,30.1,0
1779285605133,154,GND-VEH-01,423.8,19.05,22.10,3.06,16.03,23.9,0.990,1,1,36.8,0.05,28.37,30.2,0
1779285605167,155,PERSON-01,376.6,18.79,21.81,3.02,15.88,26.1,0.990,1,1,38.2,0.18,29.16,30.0,0
1779285605200,156,UAS-01,781.4,18.84,21.95,3.10,16.95,24.1,0.990,1,1,36.0,0.14,28.23,29.9,0
1779285605233,157,UAS-02,440.3,18.93,22.17,3.24,16.48,24.0,0.990,1,1,36.0,0.27,28.31,30.0,0
1779285605267,158,GND-VEH-01,499.8,19.07,22.26,3.19,16.14,24.8,0.990,1,1,36.3,0.35,28.40,30.0,0
1779285605300,159,PERSON-01,463.7,19.15,22.48,3.32,17.22,24.4,0.990,1,1,36.0,0.32,28.79,29.9,0
1779285605333,160,UAS-01,631.0,18.98,22.23,3.25,16.09,23.9,0.971,1,1,36.6,0.38,28.73,30.1,0
1779285605367,161,UAS-02,377.6,19.12,22.42,3.31,16.90,24.7,0.990,1,1,36.0,0.17,28.48,29.9,0
1779285605400,162,GND-VEH-01,503.3,19.04,22.29,3.25,16.34,24.1,0.982,1,1,36.0,0.13,28.67,29.8,0
1779285605433,163,PERSON-01,727.8,19.14,22.26,3.12,15.71,24.3,0.990,1,1,36.0,0.43,28.46,30.2,0
1779285605467,164,UAS-01,325.9,18.85,21.80,2.96,15.96,23.6,0.990,1,1,38.0,0.15,28.20,30.1,0
1779285605500,165,UAS-02,612.2,19.41,22.75,3.35,16.20,25.0,0.990,1,1,38.4,0.08,28.53,29.9,0
1779285605533,166,GND-VEH-01,362.7,18.73,21.86,3.13,16.48,24.0,0.990,1,1,37.1,0.03,28.65,29.9,0
1779285605567,167,PERSON-01,697.2,18.99,21.79,2.80,16.21,22.9,0.985,1,1,37.9,0.23,28.54,30.1,0
1779285605600,168,UAS-01,328.5,19.00,22.30,3.31,16.56,23.7,0.990,1,1,36.0,0.24,28.62,30.0,0
1779285605633,169,UAS-02,302.3,19.12,22.46,3.34,16.22,25.2,0.990,1,1,36.0,0.04,28.56,30.0,0
1779285605667,170,GND-VEH-01,817.6,19.09,22.12,3.03,16.22,22.6,0.966,1,1,38.2,0.00,28.32,30.0,0
1779285605700,171,PERSON-01,310.0,19.02,22.49,3.48,16.46,23.8,0.990,1,1,37.0,0.00,28.67,30.2,0
1779285605733,172,UAS-01,763.6,19.18,22.53,3.35,17.07,25.2,0.982,1,1,36.4,0.11,28.96,30.0,0
1779285605767,173,UAS-02,347.9,19.06,22.27,3.21,16.59,25.8,0.990,1,1,37.2,0.27,28.89,30.0,0
1779285605800,174,GND-VEH-01,822.2,19.08,22.05,2.97,16.55,24.1,0.990,1,1,38.2,0.16,28.30,29.9,0
1779285605833,175,PERSON-01,959.7,18.73,21.69,2.96,15.85,25.5,0.990,1,1,37.5,0.36,28.60,29.9,0
1779285605867,176,UAS-01,685.0,18.93,22.36,3.43,16.82,25.0,0.990,1,1,36.0,0.07,28.67,30.0,0
1779285605900,177,UAS-02,804.6,19.05,21.88,2.83,15.12,23.5,0.984,1,1,37.3,0.19,28.74,30.0,0
1779285605933,178,GND-VEH-01,583.6,19.16,22.56,3.40,17.06,24.9,0.990,1,1,36.3,0.29,28.63,30.1,0
1779285605967,179,PERSON-01,428.0,18.82,22.01,3.19,15.69,24.4,0.990,1,1,36.0,0.12,28.61,30.1,0
1779285606000,180,UAS-01,320.4,19.12,22.40,3.28,16.38,22.9,0.990,1,1,36.4,0.32,28.73,29.9,0
1779285606033,181,UAS-02,504.5,19.25,22.31,3.06,16.48,24.3,0.987,1,1,37.8,0.22,28.67,30.0,0
1779285606067,182,GND-VEH-01,431.0,18.70,21.90,3.20,16.48,23.7,0.990,1,1,36.0,0.08,28.83,29.9,0
1779285606100,183,PERSON-01,593.6,19.30,22.34,3.04,16.35,24.1,0.990,1,1,37.8,0.19,28.36,30.0,0
1779285606133,184,UAS-01,323.0,19.13,22.29,3.16,16.78,23.7,0.987,1,1,37.5,0.01,28.67,30.0,0
1779285606167,185,UAS-02,338.1,19.04,22.42,3.37,17.30,26.4,0.990,1,1,36.0,0.14,28.90,30.0,0
1779285606200,186,GND-VEH-01,373.2,19.22,22.34,3.12,16.38,25.1,0.979,1,1,36.0,0.33,28.57,30.0,0
1779285606233,187,PERSON-01,456.5,18.89,22.16,3.27,16.51,23.7,0.990,1,1,36.3,0.06,28.85,29.9,0
1779285606267,188,UAS-01,961.0,18.85,22.09,3.25,16.23,24.7,0.990,1,1,36.3,0.03,28.11,30.0,0
1779285606300,189,UAS-02,343.6,19.00,22.09,3.09,16.48,24.9,0.990,1,1,36.0,0.34,28.19,30.0,0
1779285606333,190,GND-VEH-01,392.3,18.87,22.16,3.29,16.43,25.3,0.990,1,1,36.0,0.61,28.79,30.2,0
1779285606367,191,PERSON-01,532.9,18.98,22.12,3.14,16.75,23.8,0.990,1,1,36.0,0.10,28.62,30.0,0
1779285606400,192,UAS-01,490.1,18.97,22.17,3.19,16.19,23.1,0.990,1,1,36.1,0.06,28.50,29.9,0
1779285606433,193,UAS-02,378.3,18.90,22.02,3.12,16.15,22.8,0.990,1,1,36.1,0.30,28.69,30.1,0
1779285606467,194,GND-VEH-01,593.5,18.97,22.36,3.39,17.45,23.5,0.990,1,1,36.0,0.02,28.58,30.1,0
1779285606500,195,PERSON-01,418.9,18.96,22.36,3.40,16.33,23.4,0.990,1,1,36.0,0.37,28.59,30.1,0
1779285606533,196,UAS-01,318.5,19.06,22.15,3.09,16.72,24.2,0.977,1,1,36.0,0.36,28.59,29.9,0
1779285606567,197,UAS-02,808.8,18.83,21.66,2.83,15.87,21.8,0.990,1,1,36.8,0.10,28.47,30.1,0
1779285606600,198,GND-VEH-01,382.4,19.07,22.24,3.17,16.75,25.2,0.984,1,1,36.0,0.06,28.85,30.0,0
1779285606633,199,PERSON-01,468.9,18.95,21.93,2.98,16.01,23.5,0.990,1,1,36.0,0.45,28.62,30.1,0
1779285606667,200,UAS-01,303.0,18.99,21.98,2.98,15.71,25.9,0.990,1,1,36.0,0.35,28.64,30.1,0
1779285606700,201,UAS-02,420.3,18.84,21.92,3.08,16.73,24.7,0.990,1,1,36.0,0.75,29.03,30.1,0
1779285606733,202,GND-VEH-01,765.8,18.91,21.69,2.78,15.60,23.6,0.990,1,1,36.0,0.28,28.39,30.0,0
1779285606767,203,PERSON-01,552.5,19.04,22.16,3.13,16.52,23.6,0.990,1,1,36.0,0.14,29.08,30.0,0
1779285606800,204,UAS-01,370.0,18.97,22.04,3.07,15.93,24.8,0.990,1,1,36.0,0.28,28.40,30.0,0
1779285606833,205,UAS-02,356.6,18.90,22.23,3.33,16.12,25.4,0.990,1,1,36.7,0.13,28.49,30.2,0
1779285606867,206,GND-VEH-01,494.2,19.33,22.43,3.10,16.12,22.7,0.990,1,1,37.1,0.43,28.49,30.1,0
1779285606900,207,PERSON-01,518.8,19.06,22.37,3.31,16.87,24.5,0.990,1,1,38.0,0.04,28.46,30.1,0
1779285606933,208,UAS-01,686.6,18.98,21.96,2.99,16.36,25.1,0.990,1,1,37.9,0.15,28.98,29.9,0
1779285606967,209,UAS-02,552.9,19.23,22.25,3.02,16.76,24.6,0.990,1,1,37.0,0.44,29.26,29.9,0
1779285607000,210,GND-VEH-01,322.2,19.22,22.31,3.09,16.05,24.6,0.990,1,1,36.0,0.07,28.66,30.1,0
1779285607033,211,PERSON-01,392.8,18.99,22.31,3.32,16.84,24.7,0.977,1,1,36.3,0.16,28.53,30.1,0
1779285607067,212,UAS-01,386.3,19.00,21.87,2.87,16.49,22.9,0.990,1,1,36.0,0.16,28.89,30.1,0
1779285607100,213,UAS-02,441.4,18.92,22.12,3.20,16.20,23.7,0.990,1,1,36.0,0.15,28.50,30.0,0
1779285607133,214,GND-VEH-01,600.3,19.37,22.57,3.20,16.11,22.3,0.990,1,1,36.0,0.38,28.59,29.9,0
1779285607167,215,PERSON-01,421.7,19.21,22.57,3.35,17.20,23.6,0.990,1,1,36.0,0.08,28.85,30.0,0
1779285607200,216,UAS-01,471.9,19.13,22.45,3.32,17.10,23.5,0.990,1,1,36.0,0.17,28.45,30.0,0
1779285607233,217,UAS-02,412.9,18.79,21.91,3.12,15.96,25.5,0.990,1,1,36.6,0.39,28.96,30.0,0
1779285607267,218,GND-VEH-01,314.0,18.95,22.28,3.33,16.45,24.9,0.990,1,1,37.9,0.21,28.44,30.0,0
1779285607300,219,PERSON-01,666.8,19.35,22.14,2.78,16.57,22.8,0.990,1,1,36.0,0.04,28.90,29.9,0
1779285607333,220,UAS-01,373.5,19.08,22.09,3.01,16.37,24.3,0.978,1,1,36.0,0.16,28.77,30.0,0
1779285607367,221,UAS-02,606.3,18.96,22.10,3.13,16.69,23.3,0.990,1,1,36.2,0.26,28.81,30.0,0
1779285607400,222,GND-VEH-01,735.9,19.14,22.27,3.14,16.01,22.7,0.990,1,1,36.0,0.07,29.09,30.1,0
1779285607433,223,PERSON-01,305.5,18.99,22.25,3.26,15.99,25.0,0.987,1,1,36.0,0.07,28.59,29.9,0
1779285607467,224,UAS-01,888.1,18.98,21.85,2.87,15.17,23.6,0.990,1,1,36.3,0.01,29.05,30.0,0
1779285607500,225,UAS-02,451.4,18.96,22.03,3.08,16.64,23.6,0.989,1,1,36.5,0.03,28.66,30.1,0
1779285607533,226,GND-VEH-01,739.8,19.02,21.88,2.86,15.80,24.0,0.990,1,1,36.0,0.36,28.43,30.0,0
1779285607567,227,PERSON-01,485.8,19.04,22.36,3.32,17.30,22.8,0.990,1,1,37.1,0.10,28.65,29.9,0
1779285607600,228,UAS-01,345.4,18.98,22.25,3.27,16.01,24.5,0.990,1,1,36.4,0.13,29.09,30.1,0
1779285607633,229,UAS-02,323.6,18.96,21.81,2.85,16.39,23.9,0.990,1,1,36.0,0.29,28.93,30.0,0
1779285607667,230,GND-VEH-01,821.0,19.24,22.08,2.84,15.65,23.1,0.981,1,1,37.7,0.50,28.65,30.0,0
1779285607700,231,PERSON-01,524.0,19.03,22.36,3.32,16.93,23.3,0.990,1,1,37.8,0.19,28.77,30.0,0
1779285607733,232,UAS-01,373.5,19.06,22.32,3.26,16.31,23.0,0.990,1,1,39.8,0.10,28.45,30.0,0
1779285607767,233,UAS-02,347.2,18.98,22.18,3.20,17.08,24.7,0.990,1,1,36.0,0.20,28.48,30.0,0
1779285607800,234,GND-VEH-01,382.2,18.94,22.04,3.09,16.04,23.4,0.988,1,1,36.0,0.24,28.84,29.8,0
1779285607833,235,PERSON-01,305.6,18.80,22.04,3.24,16.66,23.8,0.987,1,1,36.0,0.23,29.05,30.0,0
1779285607867,236,UAS-01,664.1,18.90,22.01,3.11,16.81,23.9,0.990,1,1,37.5,0.65,29.36,30.1,0
1779285607900,237,UAS-02,584.7,18.93,22.06,3.13,15.87,24.6,0.990,1,1,36.9,0.09,28.93,30.1,0
1779285607933,238,GND-VEH-01,749.5,19.11,22.47,3.37,16.90,22.6,0.990,1,1,36.0,0.37,28.32,30.0,0
1779285607967,239,PERSON-01,499.3,19.04,22.08,3.04,16.38,24.5,0.980,1,1,37.4,0.41,28.61,30.0,0
1779285608000,240,UAS-01,327.1,19.00,22.12,3.12,17.60,22.0,0.990,1,1,37.8,0.43,28.42,30.0,0
1779285608033,241,UAS-02,366.9,18.68,21.84,3.16,16.79,22.5,0.990,1,1,37.5,0.18,28.43,30.1,0
1779285608067,242,GND-VEH-01,335.9,18.96,22.14,3.18,17.21,23.1,0.990,1,1,37.0,0.18,28.90,30.1,0
1779285608100,243,PERSON-01,841.1,18.92,21.66,2.74,16.20,23.7,0.989,1,1,36.0,0.07,28.47,30.1,0
1779285608133,244,UAS-01,507.9,18.87,21.85,2.98,16.35,22.7,0.985,1,1,37.7,0.07,28.98,30.0,0
1779285608167,245,UAS-02,798.8,18.95,22.17,3.22,16.83,24.2,0.980,1,1,38.1,0.04,28.60,29.9,0
1779285608200,246,GND-VEH-01,343.8,18.80,21.79,2.99,15.74,24.8,0.990,1,1,38.6,0.09,28.42,30.0,0
1779285608233,247,PERSON-01,305.7,18.90,21.85,2.96,15.75,24.3,0.985,1,1,36.0,0.18,29.00,30.0,0
1779285608267,248,UAS-01,740.3,18.87,21.80,2.93,16.14,23.4,0.990,1,1,36.0,0.23,28.74,30.1,0
1779285608300,249,UAS-02,358.8,19.27,22.36,3.09,16.03,24.4,0.990,1,1,36.0,0.17,28.79,30.1,0
1779285608333,250,GND-VEH-01,336.7,18.98,22.41,3.42,16.54,23.7,0.987,1,1,36.0,0.55,29.13,29.9,0
1779285608367,251,PERSON-01,687.5,19.06,21.97,2.91,16.57,24.0,0.990,1,1,38.6,0.04,28.91,30.0,0
1779285608400,252,UAS-01,330.2,19.06,22.26,3.19,15.91,23.6,0.983,1,1,36.0,0.50,28.65,30.1,0
1779285608433,253,UAS-02,684.3,19.00,22.24,3.23,16.36,24.0,0.990,1,1,36.8,0.20,28.91,30.0,0
1779285608467,254,GND-VEH-01,395.5,18.82,22.07,3.25,16.93,24.5,0.990,1,1,36.0,0.11,28.97,30.1,0
1779285608500,255,PERSON-01,327.7,18.80,22.02,3.22,17.35,24.9,0.990,1,1,36.0,0.27,29.00,29.9,0
1779285608533,256,UAS-01,662.1,18.97,22.24,3.27,16.20,24.2,0.990,1,1,36.0,0.14,28.78,29.9,0
1779285608567,257,UAS-02,544.7,18.94,22.14,3.20,17.11,24.6,0.990,1,1,36.6,0.20,28.94,30.2,0
1779285608600,258,GND-VEH-01,410.1,19.00,22.15,3.15,16.51,23.4,0.990,1,1,36.1,0.22,28.66,30.0,0
1779285608633,259,PERSON-01,456.5,19.25,22.15,2.90,16.13,22.6,0.990,1,1,36.0,0.24,29.04,30.0,0
1779285608667,260,UAS-01,903.6,18.84,21.59,2.75,15.85,23.0,0.974,1,1,37.4,0.26,28.66,30.0,0
1779285608700,261,UAS-02,327.2,19.23,22.66,3.43,16.57,24.2,0.990,1,1,36.0,0.09,29.37,29.8,0
1779285608733,262,GND-VEH-01,461.6,18.99,22.38,3.39,17.06,23.0,0.990,1,1,36.7,0.13,28.94,30.1,0
1779285608767,263,PERSON-01,572.2,19.31,22.23,2.92,15.39,24.6,0.985,1,1,37.9,0.03,28.95,30.1,0
1779285608800,264,UAS-01,481.2,19.18,22.31,3.13,16.70,24.4,0.990,1,1,39.2,0.30,29.15,29.9,0
1779285608833,265,UAS-02,533.6,19.13,21.95,2.82,16.11,23.8,0.990,1,1,36.0,0.31,28.88,30.0,0
1779285608867,266,GND-VEH-01,617.1,19.08,21.83,2.75,16.10,24.3,0.990,1,1,36.0,0.12,28.49,30.1,0
1779285608900,267,PERSON-01,389.4,19.11,22.28,3.17,17.51,22.9,0.990,1,1,36.5,0.00,28.62,30.0,0
1779285608933,268,UAS-01,477.5,19.09,22.31,3.22,16.47,25.7,0.990,1,1,36.4,0.30,28.71,30.0,0
1779285608967,269,UAS-02,430.1,19.01,22.23,3.22,16.35,23.1,0.990,1,1,36.6,0.02,29.46,30.1,0
1779285609000,270,GND-VEH-01,452.5,18.85,22.07,3.22,16.87,22.9,0.990,1,1,36.0,0.20,29.02,30.0,0
1779285609033,271,PERSON-01,388.6,18.87,22.11,3.24,17.11,23.5,0.990,1,1,36.0,0.08,28.80,30.0,0
1779285609067,272,UAS-01,551.8,18.98,22.45,3.48,17.56,22.3,0.990,1,1,36.2,0.46,29.23,30.2,0
1779285609100,273,UAS-02,582.3,18.88,21.88,3.00,16.31,22.6,0.990,1,1,36.9,0.40,28.80,29.9,0
1779285609133,274,GND-VEH-01,475.5,18.74,22.12,3.39,16.79,24.4,0.990,1,1,36.7,0.07,28.70,29.9,0
1779285609167,275,PERSON-01,475.7,18.80,21.76,2.96,15.24,25.5,0.990,1,1,39.1,0.14,28.99,30.0,0
1779285609200,276,UAS-01,600.7,18.97,22.22,3.26,17.01,23.3,0.979,1,1,37.4,0.36,29.10,30.1,0
1779285609233,277,UAS-02,806.6,18.82,22.15,3.33,16.70,24.5,0.966,1,1,36.0,0.02,29.30,29.9,0
1779285609267,278,GND-VEH-01,404.7,18.84,22.10,3.25,16.84,23.9,0.990,1,1,36.5,0.25,28.98,30.0,0
1779285609300,279,PERSON-01,424.2,18.97,22.13,3.16,16.41,25.1,0.976,1,1,36.5,0.09,28.76,29.9,0
1779285609333,280,UAS-01,441.4,19.14,22.22,3.08,16.05,24.1,0.990,1,1,36.0,0.07,29.19,30.2,0
1779285609367,281,UAS-02,606.9,18.92,22.12,3.20,16.88,24.6,0.990,1,1,36.9,0.36,28.97,30.1,0
1779285609400,282,GND-VEH-01,321.4,19.13,22.57,3.44,17.07,25.1,0.990,1,1,36.0,0.23,29.22,30.0,0
1779285609433,283,PERSON-01,457.6,19.08,21.84,2.75,15.62,25.9,0.990,1,1,36.0,0.13,28.97,29.9,0
1779285609467,284,UAS-01,538.7,19.01,22.41,3.40,16.81,22.7,0.990,1,1,38.2,0.16,28.78,30.0,0
1779285609500,285,UAS-02,474.9,19.22,22.17,2.95,16.53,24.7,0.979,1,1,36.0,0.08,29.06,29.9,0
1779285609533,286,GND-VEH-01,378.9,19.29,22.41,3.12,16.50,25.8,0.990,1,1,36.3,0.30,29.05,30.0,0
1779285609567,287,PERSON-01,397.1,19.15,22.52,3.37,16.76,23.8,0.990,1,1,36.0,0.39,28.89,29.9,0
1779285609600,288,UAS-01,657.9,18.80,21.93,3.13,16.23,23.4,0.990,1,1,36.4,0.02,29.21,30.1,0
1779285609633,289,UAS-02,413.2,19.01,22.23,3.23,16.25,24.7,0.990,1,1,36.0,0.04,29.24,30.0,0
1779285609667,290,GND-VEH-01,385.9,19.08,22.27,3.20,16.35,24.6,0.978,1,1,36.0,0.04,29.14,29.9,0
1779285609700,291,PERSON-01,473.2,19.07,22.22,3.15,16.93,23.9,0.985,1,1,36.0,0.09,28.74,29.9,0
1779285609733,292,UAS-01,704.5,18.99,22.08,3.09,15.60,23.4,0.990,1,1,36.0,0.10,28.80,29.9,0
1779285609767,293,UAS-02,714.0,19.03,22.21,3.18,16.86,24.1,0.990,1,1,36.2,0.04,29.11,29.9,0
1779285609800,294,GND-VEH-01,531.1,19.06,22.33,3.27,16.50,25.2,0.988,1,1,36.1,0.48,29.05,30.1,0
1779285609833,295,PERSON-01,417.9,18.92,22.04,3.12,16.43,23.5,0.990,1,1,36.0,0.36,29.26,30.0,0
1779285609867,296,UAS-01,617.8,19.09,22.16,3.07,17.03,23.9,0.990,1,1,36.0,0.34,29.46,29.9,0
1779285609900,297,UAS-02,509.2,18.80,21.97,3.16,16.95,22.9,0.990,1,1,37.1,0.35,29.17,30.0,0
1779285609933,298,GND-VEH-01,326.4,19.05,22.58,3.54,17.31,25.8,0.987,1,1,36.0,0.14,28.90,30.0,0
1779285609967,299,PERSON-01,571.1,19.06,22.00,2.94,15.89,23.1,0.990,1,1,36.0,0.22,29.55,29.8,0
1779285610000,300,UAS-01,427.3,18.97,22.01,3.04,16.16,24.5,0.982,1,1,36.0,0.19,29.05,30.1,0
1779285610033,301,UAS-02,876.3,19.12,21.74,2.62,15.23,23.5,0.990,1,1,36.0,0.26,28.75,30.1,0
1779285610067,302,GND-VEH-01,432.3,18.87,22.09,3.22,16.33,24.5,0.980,1,1,36.3,0.18,29.18,30.1,0
1779285610100,303,PERSON-01,529.4,19.05,22.13,3.08,15.69,24.4,0.990,1,1,36.0,0.22,29.16,30.1,0
1779285610133,304,UAS-01,481.2,19.14,22.18,3.04,17.12,22.6,0.990,1,1,36.0,0.04,28.86,29.9,0
1779285610167,305,UAS-02,352.1,18.88,22.04,3.16,16.99,23.5,0.990,1,1,36.8,0.16,29.03,30.1,0
1779285610200,306,GND-VEH-01,538.1,19.10,22.40,3.30,17.49,23.6,0.970,1,1,36.0,0.06,29.49,29.8,0
1779285610233,307,PERSON-01,467.7,18.92,22.22,3.30,16.67,25.2,0.990,1,1,38.4,0.15,29.15,29.9,0
1779285610267,308,UAS-01,491.9,19.24,22.63,3.39,16.17,25.1,0.990,1,1,37.9,0.08,28.97,30.1,0
1779285610300,309,UAS-02,895.6,18.97,22.28,3.31,16.69,23.8,0.990,1,1,36.2,0.26,28.77,30.0,0
1779285610333,310,GND-VEH-01,621.1,19.18,22.09,2.91,15.91,24.0,0.990,1,1,36.4,0.20,28.98,30.0,0
1779285610367,311,PERSON-01,448.6,18.97,22.30,3.33,16.49,25.1,0.990,1,1,39.0,0.62,29.11,30.0,0
1779285610400,312,UAS-01,415.1,18.97,22.10,3.14,16.55,24.2,0.979,1,1,36.8,0.35,29.08,30.0,0
1779285610433,313,UAS-02,619.1,19.01,22.33,3.32,16.61,24.2,0.986,1,1,36.0,0.16,29.38,30.0,0
1779285610467,314,GND-VEH-01,755.7,18.98,21.98,3.00,15.75,24.1,0.972,1,1,36.0,0.26,28.80,30.0,0
1779285610500,315,PERSON-01,333.6,19.03,22.26,3.23,17.14,23.1,0.990,1,1,36.9,0.08,28.77,29.9,0
1779285610533,316,UAS-01,634.8,18.94,22.13,3.18,16.68,22.3,0.986,1,1,36.0,0.15,29.20,29.9,0
1779285610567,317,UAS-02,441.9,18.96,22.10,3.14,16.49,24.3,0.990,1,1,36.0,0.09,29.32,29.9,0
1779285610600,318,GND-VEH-01,448.0,19.16,22.43,3.28,17.25,25.2,0.986,1,1,36.6,0.63,29.49,30.0,0
1779285610633,319,PERSON-01,399.0,19.13,22.21,3.08,16.91,23.2,0.990,1,1,38.0,0.07,28.87,29.8,0
1779285610667,320,UAS-01,356.5,18.85,21.76,2.91,16.07,24.3,0.990,1,1,36.7,0.18,29.05,29.9,0
1779285610700,321,UAS-02,512.0,18.90,22.15,3.25,16.54,24.0,0.980,1,1,36.0,0.19,29.05,30.0,0
1779285610733,322,GND-VEH-01,477.0,19.14,22.51,3.37,17.10,24.2,0.990,1,1,37.2,0.13,28.58,30.1,0
1779285610767,323,PERSON-01,371.5,18.81,21.94,3.13,16.70,24.7,0.990,1,1,38.8,0.18,29.44,30.1,0
1779285610800,324,UAS-01,366.5,19.21,22.24,3.04,15.90,24.5,0.990,1,1,37.8,0.21,29.28,30.1,0
1779285610833,325,UAS-02,474.0,18.71,21.57,2.86,16.17,24.2,0.990,1,1,36.0,0.01,29.30,30.0,0
1779285610867,326,GND-VEH-01,666.2,19.05,22.11,3.07,16.66,24.1,0.990,1,1,36.9,0.06,28.89,30.1,0
1779285610900,327,PERSON-01,630.6,19.14,22.61,3.47,17.33,24.5,0.981,1,1,36.0,0.03,28.89,29.9,0
1779285610933,328,UAS-01,422.2,19.04,22.43,3.39,17.04,23.6,0.990,1,1,38.8,0.17,29.08,30.1,0
1779285610967,329,UAS-02,471.5,18.94,21.90,2.96,16.49,24.2,0.990,1,1,37.1,0.21,28.98,30.2,0
1779285611000,330,GND-VEH-01,774.0,19.05,21.81,2.76,15.67,23.9,0.990,1,1,36.0,0.20,28.86,29.9,0
1779285611033,331,PERSON-01,527.0,18.95,22.52,3.56,17.19,25.7,0.989,1,1,37.0,0.36,29.01,30.0,0
1779285611067,332,UAS-01,383.8,19.17,22.48,3.30,17.05,24.0,0.990,1,1,38.7,0.05,29.63,29.8,0
1779285611100,333,UAS-02,315.6,19.08,22.17,3.09,16.35,24.0,0.990,1,1,38.1,0.27,28.88,30.1,0
1779285611133,334,GND-VEH-01,313.0,19.01,22.38,3.37,16.43,24.0,0.990,1,1,36.0,0.27,29.16,30.0,0
1779285611167,335,PERSON-01,359.9,19.01,22.31,3.30,16.67,22.5,0.965,1,1,37.0,0.16,28.84,30.0,0
1779285611200,336,UAS-01,723.0,19.08,21.86,2.79,16.30,22.7,0.990,1,1,36.6,0.10,29.16,29.9,0
1779285611233,337,UAS-02,513.8,18.99,22.17,3.18,17.11,24.1,0.990,1,1,36.0,0.21,29.23,30.0,0
1779285611267,338,GND-VEH-01,459.0,19.02,22.16,3.14,16.16,23.5,0.990,1,1,38.9,0.04,29.23,30.0,0
1779285611300,339,PERSON-01,519.9,19.27,22.45,3.18,16.84,23.9,0.990,1,1,36.0,0.11,29.00,29.9,0
1779285611333,340,UAS-01,495.7,19.27,22.19,2.92,16.23,23.7,0.990,1,1,36.0,0.16,29.16,30.0,0
1779285611367,341,UAS-02,660.9,19.01,22.23,3.21,16.55,24.2,0.990,1,1,37.4,0.06,29.05,30.0,0
1779285611400,342,GND-VEH-01,345.1,18.73,22.05,3.32,17.08,24.8,0.990,1,1,36.5,0.31,29.38,29.9,0
1779285611433,343,PERSON-01,563.7,19.13,22.27,3.15,16.70,24.4,0.990,1,1,36.0,0.31,29.02,29.9,0
1779285611467,344,UAS-01,397.1,19.11,22.35,3.24,16.35,23.2,0.990,1,1,37.5,0.24,29.09,30.1,0
1779285611500,345,UAS-02,684.7,18.94,21.87,2.93,16.08,24.5,0.990,1,1,36.0,0.38,29.49,30.0,0
1779285611533,346,GND-VEH-01,449.0,19.03,22.16,3.13,15.94,23.7,0.986,1,1,38.1,0.46,29.25,30.0,0
1779285611567,347,PERSON-01,447.5,19.04,22.18,3.14,16.19,24.3,0.987,1,1,38.9,0.09,29.10,30.1,0
1779285611600,348,UAS-01,424.0,19.09,22.24,3.14,17.26,23.7,0.982,1,1,36.0,0.07,29.22,30.0,0
1779285611633,349,UAS-02,482.4,19.02,22.01,2.99,15.89,25.1,0.990,1,1,39.0,0.16,29.26,29.9,0
1779285611667,350,GND-VEH-01,350.8,18.99,22.26,3.27,16.87,23.0,0.990,1,1,36.0,0.04,28.93,30.1,0
1779285611700,351,PERSON-01,534.9,19.00,22.12,3.12,16.31,25.2,0.990,1,1,36.2,0.03,29.04,30.1,0
1779285611733,352,UAS-01,391.4,18.97,22.05,3.07,15.98,24.9,0.990,1,1,36.0,0.35,28.48,29.9,0
1779285611767,353,UAS-02,316.1,18.83,22.16,3.33,16.00,26.1,0.990,1,1,36.0,0.37,29.32,30.1,0
1779285611800,354,GND-VEH-01,533.0,18.96,22.25,3.29,17.23,24.1,0.990,1,1,37.9,0.01,29.64,30.0,0
1779285611833,355,PERSON-01,507.6,18.85,21.98,3.13,16.85,22.6,0.990,1,1,36.0,0.25,29.54,30.0,0
1779285611867,356,UAS-01,964.1,19.21,22.03,2.83,16.02,24.2,0.988,1,1,37.0,0.70,28.86,29.9,0
1779285611900,357,UAS-02,578.6,19.38,22.32,2.94,16.03,23.9,0.977,1,1,37.1,0.45,28.92,29.9,0
1779285611933,358,GND-VEH-01,664.4,19.05,22.26,3.21,16.14,23.4,0.976,1,1,36.0,0.04,29.65,30.1,0
1779285611967,359,PERSON-01,441.2,18.96,22.14,3.18,16.58,24.4,0.990,1,1,36.0,0.22,29.27,30.0,0
1779285612000,360,UAS-01,632.6,19.16,22.04,2.88,15.66,22.6,0.990,1,1,36.0,0.12,29.47,30.1,0
1779285612033,361,UAS-02,786.1,19.03,22.16,3.13,17.25,23.3,0.990,1,1,36.0,0.17,29.20,30.0,0
1779285612067,362,GND-VEH-01,445.2,18.99,22.27,3.28,16.40,23.6,0.990,1,1,36.0,0.06,29.02,30.0,0
1779285612100,363,PERSON-01,481.9,19.21,22.47,3.25,17.14,24.2,0.984,1,1,37.7,0.30,29.31,30.0,0
1779285612133,364,UAS-01,364.2,18.74,22.21,3.47,17.06,24.6,0.990,1,1,36.0,0.50,29.62,30.1,0
1779285612167,365,UAS-02,486.5,19.01,22.07,3.05,16.12,25.6,0.990,1,1,36.0,0.13,29.35,30.1,0
1779285612200,366,GND-VEH-01,512.6,18.66,21.71,3.06,16.76,22.7,0.990,1,1,36.0,0.45,29.01,29.8,0
1779285612233,367,PERSON-01,689.7,19.10,22.11,3.01,16.60,24.0,0.980,1,1,36.0,0.21,29.52,29.9,0
1779285612267,368,UAS-01,567.0,19.06,22.20,3.14,17.09,23.3,0.990,1,1,37.8,0.24,29.14,30.0,0
1779285612300,369,UAS-02,572.3,19.03,22.28,3.26,16.62,22.9,0.990,1,1,36.4,0.18,29.11,30.2,0
1779285612333,370,GND-VEH-01,734.2,19.10,22.45,3.35,16.79,24.9,0.987,1,1,36.0,0.05,29.17,30.0,0
1779285612367,371,PERSON-01,445.4,18.67,21.87,3.20,16.59,23.5,0.990,1,1,36.0,0.27,29.36,30.1,0
1779285612400,372,UAS-01,338.4,18.96,22.03,3.07,16.57,23.6,0.990,1,1,36.0,0.55,29.30,30.0,0
1779285612433,373,UAS-02,330.0,18.84,21.76,2.92,16.40,25.4,0.990,1,1,36.1,0.19,29.12,30.0,0
1779285612467,374,GND-VEH-01,579.2,18.98,21.94,2.96,16.20,22.9,0.990,1,1,36.6,0.43,29.27,29.9,0
1779285612500,375,PERSON-01,343.6,19.15,22.54,3.39,16.73,24.0,0.990,1,1,36.0,0.26,29.39,30.0,0
1779285612533,376,UAS-01,411.3,19.03,22.10,3.07,16.59,23.1,0.990,1,1,36.0,0.34,29.36,30.0,0
1779285612567,377,UAS-02,408.6,18.89,22.14,3.25,17.81,22.8,0.980,1,1,39.0,0.10,29.37,30.0,0
1779285612600,378,GND-VEH-01,541.2,19.02,22.22,3.20,15.92,24.3,0.990,1,1,36.6,0.08,28.78,30.0,0
1779285612633,379,PERSON-01,404.8,18.98,22.47,3.50,16.76,23.3,0.990,1,1,37.0,0.21,29.62,30.0,0
1779285612667,380,UAS-01,340.6,18.86,22.26,3.40,16.62,23.4,0.990,1,1,36.0,0.38,29.04,30.0,0
1779285612700,381,UAS-02,403.5,19.13,22.10,2.97,16.07,25.5,0.990,1,1,36.6,0.10,29.30,30.0,0
1779285612733,382,GND-VEH-01,308.6,19.02,22.67,3.64,16.67,23.7,0.990,1,1,38.9,0.05,29.16,30.1,0
1779285612767,383,PERSON-01,345.5,18.94,22.24,3.30,16.94,24.7,0.980,1,1,36.9,0.01,29.43,30.0,0
1779285612800,384,UAS-01,384.3,19.31,22.72,3.41,17.43,24.0,0.985,1,1,36.0,0.03,29.43,30.1,0
1779285612833,385,UAS-02,504.9,18.86,22.02,3.15,16.02,23.5,0.990,1,1,36.0,0.13,29.26,30.0,0
1779285612867,386,GND-VEH-01,760.0,18.99,22.30,3.32,17.01,22.8,0.990,1,1,36.0,0.22,28.92,30.1,0
1779285612900,387,PERSON-01,429.0,18.95,22.09,3.15,16.43,23.7,0.985,1,1,36.0,0.32,29.54,30.1,0
1779285612933,388,UAS-01,451.8,18.92,21.79,2.87,16.42,24.3,0.990,1,1,38.5,0.09,29.26,30.1,0
1779285612967,389,UAS-02,389.5,19.16,22.58,3.42,16.74,24.5,0.990,1,1,36.4,0.46,29.46,30.0,0
1779285613000,390,GND-VEH-01,521.5,19.07,22.43,3.36,16.65,25.2,0.990,1,1,37.5,0.50,29.45,30.1,0
1779285613033,391,PERSON-01,1086.9,19.04,22.10,3.06,16.11,25.4,0.990,1,1,36.0,0.37,29.06,29.9,0
1779285613067,392,UAS-01,566.1,19.16,22.21,3.05,16.61,23.8,0.990,1,1,36.0,0.39,29.28,29.8,0
1779285613100,393,UAS-02,494.1,18.68,21.79,3.11,16.40,24.0,0.981,1,1,37.7,0.28,29.29,30.1,0
1779285613133,394,GND-VEH-01,585.5,19.30,22.17,2.88,15.56,23.9,0.990,1,1,36.0,0.04,29.04,30.0,0
1779285613167,395,PERSON-01,325.3,18.78,22.25,3.47,16.56,23.9,0.990,1,1,38.6,0.42,29.03,30.0,0
1779285613200,396,UAS-01,470.9,18.96,22.10,3.14,16.10,24.6,0.990,1,1,38.1,0.51,29.35,29.9,0
1779285613233,397,UAS-02,480.3,19.26,22.54,3.28,16.44,23.8,0.990,1,1,37.4,0.16,29.15,30.0,0
1779285613267,398,GND-VEH-01,673.2,18.89,21.70,2.81,16.43,23.7,0.990,1,1,36.9,0.14,29.27,30.0,0
1779285613300,399,PERSON-01,551.3,19.10,22.26,3.16,16.82,23.8,0.990,1,1,36.0,0.10,29.29,30.1,0
1779285613333,400,UAS-01,618.6,18.82,22.10,3.27,16.60,22.9,0.985,1,1,36.0,0.18,29.41,30.0,0
1779285613367,401,UAS-02,637.9,19.31,22.75,3.45,16.44,25.0,0.990,1,1,37.3,0.37,29.15,30.0,0
1779285613400,402,GND-VEH-01,382.2,19.01,22.03,3.02,16.14,23.7,0.990,1,1,36.0,0.45,29.72,30.0,0
1779285613433,403,PERSON-01,432.1,19.11,22.11,3.00,15.52,25.6,0.990,1,1,36.0,0.41,29.14,29.9,0
1779285613467,404,UAS-01,414.2,18.96,22.08,3.11,16.28,24.5,0.978,1,1,38.7,0.22,29.31,30.0,0
1779285613500,405,UAS-02,387.0,19.08,22.41,3.33,16.53,23.1,0.990,1,1,37.4,0.35,28.96,30.0,0
1779285613533,406,GND-VEH-01,323.0,19.14,22.61,3.47,17.18,23.2,0.990,1,1,36.6,0.06,29.35,30.1,0
1779285613567,407,PERSON-01,559.8,19.13,22.48,3.35,16.23,24.2,0.990,1,1,36.4,0.10,29.43,29.9,0
1779285613600,408,UAS-01,446.0,18.70,22.04,3.34,17.24,23.8,0.990,1,1,36.0,0.23,29.48,29.9,0
1779285613633,409,UAS-02,327.6,19.01,22.34,3.33,17.23,23.9,0.989,1,1,36.0,0.09,29.13,30.2,0
1779285613667,410,GND-VEH-01,459.0,19.12,21.98,2.86,16.60,23.7,0.990,1,1,36.0,0.04,29.20,30.1,0
1779285613700,411,PERSON-01,505.6,18.89,21.90,3.02,16.11,23.3,0.986,1,1,36.0,0.52,29.45,30.0,0
1779285613733,412,UAS-01,771.1,19.20,22.10,2.90,16.70,23.5,0.984,1,1,37.4,0.22,29.29,30.0,0
1779285613767,413,UAS-02,444.9,18.95,22.09,3.13,16.02,24.5,0.990,1,1,36.3,0.22,29.38,29.9,0
1779285613800,414,GND-VEH-01,386.1,18.98,21.93,2.95,16.17,25.5,0.990,1,1,36.0,0.31,29.39,30.0,0
1779285613833,415,PERSON-01,332.1,18.96,22.28,3.32,17.32,25.9,0.990,1,1,37.0,0.05,29.53,30.0,0
1779285613867,416,UAS-01,483.5,19.04,22.09,3.05,15.53,25.7,0.982,1,1,36.7,0.21,29.44,29.9,0
1779285613900,417,UAS-02,596.1,19.25,22.44,3.20,17.23,25.9,0.986,1,1,36.0,0.12,29.35,29.9,0
1779285613933,418,GND-VEH-01,521.8,18.69,22.02,3.33,17.17,23.9,0.990,1,1,36.0,0.24,29.24,29.9,0
1779285613967,419,PERSON-01,719.5,18.99,22.08,3.09,16.83,23.3,0.990,1,1,36.0,0.02,29.59,30.0,0
1779285614000,420,UAS-01,717.4,18.91,22.06,3.16,16.86,24.7,0.990,1,1,37.4,0.03,29.70,30.2,0
1779285614033,421,UAS-02,316.4,18.77,21.98,3.21,16.99,23.2,0.990,1,1,37.4,0.08,29.44,30.0,0
1779285614067,422,GND-VEH-01,736.1,18.87,21.66,2.79,16.65,23.9,0.990,1,1,36.0,0.01,29.61,29.9,0
1779285614100,423,PERSON-01,579.7,19.12,22.20,3.07,15.60,23.9,0.980,1,1,40.0,0.38,29.16,30.1,0
1779285614133,424,UAS-01,378.6,19.07,22.55,3.48,17.09,23.4,0.990,1,1,36.1,0.38,29.25,30.0,0
1779285614167,425,UAS-02,500.7,18.98,22.17,3.19,16.44,23.1,0.990,1,1,37.3,0.25,29.89,30.0,0
1779285614200,426,GND-VEH-01,500.5,19.12,22.42,3.29,16.62,23.3,0.990,1,1,36.0,0.04,29.00,30.0,0
1779285614233,427,PERSON-01,792.3,19.01,22.27,3.26,17.10,24.6,0.983,1,1,36.0,0.23,29.55,30.0,0
1779285614267,428,UAS-01,846.9,18.98,22.09,3.10,17.15,22.3,0.990,1,1,36.6,0.13,29.54,29.9,0
1779285614300,429,UAS-02,528.8,18.86,21.74,2.89,15.55,24.6,0.990,1,1,36.6,0.21,29.39,30.0,0
1779285614333,430,GND-VEH-01,558.4,19.17,22.48,3.31,16.30,23.6,0.990,1,1,36.0,0.47,29.20,30.0,0
1779285614367,431,PERSON-01,361.9,19.11,22.50,3.39,16.95,23.3,0.990,1,1,36.0,0.33,29.62,30.0,0
1779285614400,432,UAS-01,698.2,18.85,21.81,2.96,15.70,23.4,0.990,1,1,36.0,0.15,29.74,29.9,0
1779285614433,433,UAS-02,335.9,18.89,22.12,3.23,16.11,24.7,0.990,1,1,36.4,0.07,29.43,30.0,0
1779285614467,434,GND-VEH-01,499.4,19.10,22.62,3.52,17.26,25.1,0.976,1,1,36.0,0.17,29.63,30.0,0
1779285614500,435,PERSON-01,331.1,19.29,22.62,3.33,16.47,24.7,0.990,1,1,37.9,0.08,29.26,30.0,0
1779285614533,436,UAS-01,807.4,19.00,21.92,2.92,16.12,23.9,0.990,1,1,38.9,0.26,29.34,29.9,0
1779285614567,437,UAS-02,918.2,19.03,22.00,2.97,16.62,23.0,0.974,1,1,36.0,0.09,29.57,30.2,0
1779285614600,438,GND-VEH-01,314.1,19.13,22.16,3.03,16.58,24.0,0.982,1,1,36.0,0.38,29.30,30.0,0
1779285614633,439,PERSON-01,365.0,19.12,22.70,3.58,17.39,24.3,0.988,1,1,37.4,0.42,29.09,30.0,0
1779285614667,440,UAS-01,680.7,18.90,21.97,3.06,16.53,24.4,0.990,1,1,36.2,0.18,29.77,30.0,0
1779285614700,441,UAS-02,695.4,19.25,22.38,3.13,16.74,22.5,0.990,1,1,38.0,0.22,29.74,29.9,0
1779285614733,442,GND-VEH-01,476.9,19.35,22.74,3.40,16.33,25.9,0.990,1,1,36.3,0.09,29.43,30.1,0
1779285614767,443,PERSON-01,518.5,18.89,22.12,3.22,16.69,23.3,0.990,1,1,38.6,0.18,29.35,30.0,0
1779285614800,444,UAS-01,637.6,18.76,21.81,3.05,16.80,25.2,0.990,1,1,36.6,0.16,28.92,30.0,0
1779285614833,445,UAS-02,400.9,19.07,22.15,3.08,16.07,23.5,0.983,1,1,36.1,0.03,29.50,30.0,0
1779285614867,446,GND-VEH-01,603.7,19.02,22.17,3.16,16.27,25.1,0.990,1,1,36.8,0.31,29.77,29.8,0
1779285614900,447,PERSON-01,381.4,18.97,22.27,3.29,16.29,24.5,0.990,1,1,38.6,0.27,29.70,30.1,0
1779285614933,448,UAS-01,641.3,18.86,21.74,2.88,16.40,23.4,0.984,1,1,36.0,0.19,29.34,30.2,0
1779285614967,449,UAS-02,377.1,19.18,22.15,2.97,15.70,23.5,0.967,1,1,36.0,0.24,29.51,30.2,0
1779285615000,450,GND-VEH-01,801.8,18.93,21.77,2.84,15.84,23.8,0.981,1,1,39.2,0.14,29.39,30.1,0
1779285615033,451,PERSON-01,450.6,18.97,22.24,3.27,17.17,24.9,0.988,1,1,39.9,0.35,29.72,29.9,0
1779285615067,452,UAS-01,795.7,18.98,21.95,2.98,15.82,24.6,0.990,1,1,36.0,0.31,29.30,30.0,0
1779285615100,453,UAS-02,341.1,19.09,22.37,3.28,17.09,24.3,0.990,1,1,37.5,0.15,29.79,30.1,0
1779285615133,454,GND-VEH-01,716.1,19.14,22.11,2.97,16.23,23.6,0.990,1,1,37.3,0.47,29.39,30.1,0
1779285615167,455,PERSON-01,521.7,18.97,22.07,3.11,16.41,23.2,0.974,1,1,36.0,0.11,29.80,30.1,0
1779285615200,456,UAS-01,512.6,18.89,22.11,3.22,16.40,24.1,0.990,1,1,37.5,0.07,29.93,30.0,0
1779285615233,457,UAS-02,315.8,19.05,22.52,3.47,17.04,23.7,0.990,1,1,36.0,0.01,29.83,30.0,0
1779285615267,458,GND-VEH-01,492.8,19.02,22.18,3.16,16.91,23.3,0.975,1,1,37.6,0.14,29.32,30.0,0
1779285615300,459,PERSON-01,403.2,19.21,22.61,3.41,16.87,23.4,0.990,1,1,37.6,0.13,29.22,29.9,0
1779285615333,460,UAS-01,502.2,18.85,22.13,3.27,16.86,24.1,0.990,1,1,37.5,0.33,29.90,30.0,0
1779285615367,461,UAS-02,609.7,19.23,22.52,3.28,17.01,22.5,0.990,1,1,36.0,0.48,29.53,30.0,0
1779285615400,462,GND-VEH-01,349.8,18.96,22.22,3.26,16.64,23.4,0.990,1,1,38.8,0.34,29.52,29.9,0
1779285615433,463,PERSON-01,331.4,18.73,22.30,3.57,17.17,23.4,0.979,1,1,36.0,0.06,29.63,29.9,0
1779285615467,464,UAS-01,453.2,19.08,22.20,3.11,16.89,23.3,0.986,1,1,39.3,0.16,29.29,30.0,0
1779285615500,465,UAS-02,373.5,18.90,22.29,3.39,17.12,23.0,0.990,1,1,38.1,0.20,29.89,29.9,0
1779285615533,466,GND-VEH-01,323.8,18.75,21.95,3.20,16.62,22.9,0.990,1,1,36.0,0.09,29.62,30.1,0
1779285615567,467,PERSON-01,608.5,19.03,22.47,3.44,17.25,23.7,0.976,1,1,36.1,0.04,29.82,30.0,0
1779285615600,468,UAS-01,631.2,19.02,21.95,2.93,16.05,24.4,0.990,1,1,37.1,0.00,29.54,29.9,0
1779285615633,469,UAS-02,656.5,18.73,21.46,2.74,15.39,26.1,0.981,1,1,36.5,0.33,29.59,30.1,0
1779285615667,470,GND-VEH-01,447.1,18.82,22.16,3.34,16.36,24.6,0.990,1,1,36.4,0.10,29.65,30.1,0
1779285615700,471,PERSON-01,304.5,19.01,22.10,3.09,16.24,23.2,0.990,1,1,38.4,0.45,29.55,30.0,0
1779285615733,472,UAS-01,551.9,19.25,22.41,3.17,16.46,22.8,0.990,1,1,36.0,0.06,29.47,30.1,0
1779285615767,473,UAS-02,392.9,19.00,22.36,3.36,17.30,24.4,0.969,1,1,36.6,0.41,29.78,29.9,0
1779285615800,474,GND-VEH-01,368.0,18.76,22.02,3.26,17.26,24.3,0.965,1,1,36.0,0.02,29.63,30.1,0
1779285615833,475,PERSON-01,366.4,18.96,21.91,2.95,16.49,24.0,0.990,1,1,36.9,0.18,29.74,29.9,0
1779285615867,476,UAS-01,325.6,19.07,22.13,3.06,16.41,24.5,0.990,1,1,38.4,0.40,29.51,30.0,0
1779285615900,477,UAS-02,557.5,19.03,22.19,3.15,15.88,24.7,0.990,1,1,36.0,0.20,29.84,30.1,0
1779285615933,478,GND-VEH-01,388.7,18.97,22.13,3.17,16.68,25.5,0.990,1,1,36.0,0.47,29.54,30.0,0
1779285615967,479,PERSON-01,415.1,18.91,22.37,3.46,17.36,23.4,0.975,1,1,36.0,0.37,29.87,29.9,0
1779285616000,480,UAS-01,332.0,19.00,21.79,2.79,16.28,24.1,0.990,1,1,38.2,0.55,29.30,30.1,0
1779285616033,481,UAS-02,366.5,19.14,22.52,3.38,17.13,24.3,0.990,1,1,36.1,0.22,29.14,29.9,0
1779285616067,482,GND-VEH-01,393.4,18.92,22.26,3.35,16.59,22.8,0.982,1,1,36.0,0.01,30.00,30.0,0
1779285616100,483,PERSON-01,353.4,19.09,22.10,3.01,15.87,23.3,0.988,1,1,38.6,0.11,29.24,29.9,0
1779285616133,484,UAS-01,455.9,19.00,22.26,3.26,16.27,23.9,0.982,1,1,37.8,0.18,30.04,30.0,0
1779285616167,485,UAS-02,440.6,19.00,22.00,3.00,16.31,24.1,0.990,1,1,36.0,0.16,29.55,30.0,0
1779285616200,486,GND-VEH-01,690.0,19.01,22.23,3.22,15.88,23.9,0.990,1,1,36.0,0.59,29.47,30.0,0
1779285616233,487,PERSON-01,524.8,19.12,22.29,3.17,16.37,24.9,0.988,1,1,36.0,0.25,29.64,30.1,0
1779285616267,488,UAS-01,376.1,19.11,22.34,3.23,16.29,22.5,0.985,1,1,36.2,0.19,29.71,30.1,0
1779285616300,489,UAS-02,363.6,18.88,22.08,3.20,16.86,24.3,0.989,1,1,37.6,0.01,29.94,29.8,0
1779285616333,490,GND-VEH-01,644.6,18.60,21.72,3.12,16.55,24.5,0.990,1,1,36.0,0.26,30.03,30.0,0
1779285616367,491,PERSON-01,332.6,18.77,21.98,3.21,16.42,24.2,0.975,1,1,36.2,0.17,29.74,29.9,0
1779285616400,492,UAS-01,634.7,18.88,21.89,3.01,16.52,25.1,0.990,1,1,36.2,0.60,29.95,29.9,0
1779285616433,493,UAS-02,691.9,19.07,22.29,3.21,16.74,25.1,0.990,1,1,36.0,0.41,29.40,29.9,0
1779285616467,494,GND-VEH-01,674.5,18.79,21.87,3.08,16.29,23.8,0.983,1,1,39.5,0.02,29.64,30.0,0
1779285616500,495,PERSON-01,614.1,18.72,21.63,2.91,15.20,25.3,0.990,1,1,36.7,0.01,29.61,30.1,0
1779285616533,496,UAS-01,379.7,19.02,22.27,3.25,16.84,23.3,0.989,1,1,36.0,0.25,29.68,30.1,0
1779285616567,497,UAS-02,534.7,18.86,21.95,3.09,15.82,23.8,0.990,1,1,38.8,0.01,29.56,29.9,0
1779285616600,498,GND-VEH-01,492.6,19.03,22.55,3.53,16.65,21.8,0.990,1,1,36.0,0.49,30.12,30.1,0
1779285616633,499,PERSON-01,404.6,19.01,22.20,3.18,15.90,24.9,0.990,1,1,37.7,0.12,29.69,30.0,0
1779285616667,500,UAS-01,530.3,18.98,22.13,3.15,16.70,26.4,0.990,1,1,36.0,0.26,29.84,29.9,0
1779285616700,501,UAS-02,516.9,18.99,22.25,3.26,15.99,25.3,0.966,1,1,39.0,0.18,29.62,29.9,0
1779285616733,502,GND-VEH-01,302.0,18.93,22.27,3.34,17.18,22.9,0.990,1,1,36.4,0.11,29.96,30.1,0
1779285616767,503,PERSON-01,359.9,18.85,22.31,3.45,17.11,23.0,0.990,1,1,36.0,0.19,30.06,29.8,0
1779285616800,504,UAS-01,302.0,18.86,22.07,3.21,16.09,23.9,0.973,1,1,38.9,0.01,29.62,29.8,0
1779285616833,505,UAS-02,663.3,19.02,22.33,3.32,16.67,22.6,0.990,1,1,37.9,0.12,29.86,29.9,0
1779285616867,506,GND-VEH-01,337.6,19.13,22.51,3.38,16.94,23.9,0.990,1,1,36.3,0.17,29.11,30.2,0
1779285616900,507,PERSON-01,480.8,18.89,22.01,3.12,16.84,24.0,0.985,1,1,37.2,0.34,29.67,30.0,0
1779285616933,508,UAS-01,703.6,19.38,22.69,3.31,16.96,24.2,0.980,1,1,36.7,0.34,29.76,30.1,0
1779285616967,509,UAS-02,460.4,18.72,22.01,3.30,16.69,23.5,0.990,1,1,36.0,0.15,29.43,29.9,0
1779285617000,510,GND-VEH-01,556.7,19.04,22.08,3.04,17.18,24.3,0.990,1,1,36.6,0.24,30.03,30.0,0
1779285617033,511,PERSON-01,399.1,19.23,22.47,3.24,16.64,23.9,0.990,1,1,36.0,0.23,30.09,30.0,0
1779285617067,512,UAS-01,537.6,18.81,22.06,3.25,16.78,24.4,0.990,1,1,36.0,0.48,29.53,30.0,0
1779285617100,513,UAS-02,783.1,18.87,21.85,2.98,16.62,25.2,0.977,1,1,36.0,0.00,29.52,30.1,0
1779285617133,514,GND-VEH-01,322.5,19.15,22.68,3.53,17.28,23.6,0.988,1,1,38.3,0.08,29.80,29.9,0
1779285617167,515,PERSON-01,303.5,18.90,21.87,2.97,16.48,24.0,0.983,1,1,36.8,0.14,29.85,30.1,0
1779285617200,516,UAS-01,386.2,18.96,22.25,3.29,16.47,23.3,0.990,1,1,37.9,0.14,29.39,29.9,0
1779285617233,517,UAS-02,438.8,18.98,22.11,3.13,16.35,24.3,0.990,1,1,36.0,0.24,29.73,29.9,0
1779285617267,518,GND-VEH-01,589.0,18.86,22.40,3.54,16.72,25.9,0.986,1,1,36.0,0.19,29.59,29.9,0
1779285617300,519,PERSON-01,397.6,19.03,22.24,3.21,16.85,24.7,0.990,1,1,38.8,0.22,30.03,30.0,0
1779285617333,520,UAS-01,604.2,19.08,21.95,2.86,16.28,24.2,0.990,1,1,36.0,0.05,29.44,29.9,0
1779285617367,521,UAS-02,554.8,19.24,22.42,3.18,16.42,24.5,0.990,1,1,37.1,0.02,29.78,30.0,0
1779285617400,522,GND-VEH-01,578.8,18.92,22.19,3.27,15.80,25.3,0.990,1,1,36.6,0.27,29.90,30.1,0
1779285617433,523,PERSON-01,530.4,18.99,22.21,3.22,16.07,24.4,0.990,1,1,36.4,0.28,29.92,29.9,0
1779285617467,524,UAS-01,440.5,18.86,22.19,3.34,16.90,25.2,0.985,1,1,36.0,0.39,29.76,29.9,0
1779285617500,525,UAS-02,451.3,19.18,22.63,3.45,17.03,24.1,0.990,1,1,36.0,0.07,29.53,30.0,0
1779285617533,526,GND-VEH-01,558.6,19.10,22.49,3.39,16.71,23.0,0.990,1,1,36.0,0.19,29.96,30.0,0
1779285617567,527,PERSON-01,701.5,18.99,22.21,3.21,16.93,24.1,0.979,1,1,39.3,0.39,29.86,29.9,0
1779285617600,528,UAS-01,407.9,19.14,21.99,2.85,16.33,23.3,0.990,1,1,37.3,0.21,29.84,30.0,0
1779285617633,529,UAS-02,645.1,18.79,21.65,2.86,16.27,23.9,0.980,1,1,38.4,0.57,29.99,29.9,0
1779285617667,530,GND-VEH-01,498.4,19.02,22.38,3.36,16.50,24.7,0.981,1,1,36.0,0.29,29.62,30.1,0
1779285617700,531,PERSON-01,583.3,18.86,22.15,3.29,16.69,23.8,0.990,1,1,36.0,0.05,30.00,29.9,0
1779285617733,532,UAS-01,647.4,19.03,22.29,3.26,16.30,24.3,0.990,1,1,37.3,0.04,30.25,30.0,0
1779285617767,533,UAS-02,495.6,18.92,22.03,3.11,15.93,24.0,0.990,1,1,36.2,0.26,29.69,30.0,0
1779285617800,534,GND-VEH-01,436.8,19.25,22.25,3.00,15.75,24.0,0.990,1,1,37.8,0.39,30.13,29.8,0
1779285617833,535,PERSON-01,925.0,19.08,22.52,3.44,17.01,23.8,0.990,1,1,36.5,0.12,29.85,30.0,0
1779285617867,536,UAS-01,400.7,19.00,22.30,3.30,17.21,22.0,0.986,1,1,36.4,0.12,29.66,30.0,0
1779285617900,537,UAS-02,381.4,18.91,21.80,2.89,16.38,23.4,0.990,1,1,36.9,0.39,30.00,30.1,0
1779285617933,538,GND-VEH-01,360.3,19.14,22.83,3.69,16.70,24.1,0.990,1,1,36.3,0.37,29.65,30.0,0
1779285617967,539,PERSON-01,550.2,18.92,21.96,3.05,16.80,25.0,0.983,1,1,36.0,0.13,29.32,30.0,0
1779285618000,540,UAS-01,427.6,19.08,22.46,3.38,16.70,25.3,0.990,1,1,37.6,0.04,29.88,30.0,0
1779285618033,541,UAS-02,442.5,18.95,22.07,3.12,16.92,24.9,0.990,1,1,38.2,0.27,29.95,30.1,0
1779285618067,542,GND-VEH-01,607.7,18.82,21.92,3.10,15.65,25.9,0.990,1,1,36.0,0.20,29.91,30.0,0
1779285618100,543,PERSON-01,426.8,19.32,22.70,3.37,17.01,24.8,0.990,1,1,36.5,0.32,30.13,30.0,0
1779285618133,544,UAS-01,498.8,19.23,22.42,3.20,16.81,23.4,0.973,1,1,36.0,0.55,29.52,29.9,0
1779285618167,545,UAS-02,643.4,19.04,21.85,2.81,15.82,22.7,0.990,1,1,36.3,0.45,29.55,30.0,0
1779285618200,546,GND-VEH-01,665.2,19.17,21.95,2.78,15.90,23.5,0.990,1,1,36.0,0.33,30.18,29.9,0
1779285618233,547,PERSON-01,606.2,19.07,22.14,3.07,17.41,23.5,0.980,1,1,38.9,0.14,29.72,30.0,0
1779285618267,548,UAS-01,369.4,18.90,21.99,3.09,16.37,25.2,0.980,1,1,36.2,0.02,30.02,30.0,0
1779285618300,549,UAS-02,575.3,18.90,21.70,2.80,15.81,23.9,0.981,1,1,36.0,0.27,29.82,29.8,0
1779285618333,550,GND-VEH-01,465.7,19.17,22.24,3.07,16.01,23.3,0.972,1,1,36.0,0.04,30.08,30.0,0
1779285618367,551,PERSON-01,449.1,19.18,22.47,3.28,17.08,24.7,0.990,1,1,38.9,0.10,30.04,30.1,0
1779285618400,552,UAS-01,987.1,18.72,21.45,2.73,15.86,22.4,0.987,1,1,39.2,0.20,29.87,30.0,0
1779285618433,553,UAS-02,307.0,19.12,22.47,3.35,17.02,24.0,0.990,1,1,36.0,0.11,29.83,30.0,0
1779285618467,554,GND-VEH-01,600.6,18.98,22.25,3.27,16.94,24.2,0.989,1,1,37.1,0.04,29.78,30.0,0
1779285618500,555,PERSON-01,522.1,19.14,22.16,3.03,15.97,23.9,0.990,1,1,36.0,0.07,30.07,30.0,0
1779285618533,556,UAS-01,367.9,19.17,22.50,3.33,16.56,24.1,0.990,1,1,37.3,0.25,30.11,29.9,0
1779285618567,557,UAS-02,527.1,18.90,22.13,3.23,16.65,24.0,0.990,1,1,37.2,0.49,29.91,30.2,0
1779285618600,558,GND-VEH-01,532.3,18.86,21.96,3.10,16.33,24.2,0.983,1,1,36.0,0.17,30.12,29.9,0
1779285618633,559,PERSON-01,429.7,19.08,22.36,3.29,16.38,23.6,0.990,1,1,36.8,0.11,30.15,30.0,0
1779285618667,560,UAS-01,478.3,19.13,22.27,3.14,17.12,24.2,0.990,1,1,38.3,0.04,30.32,29.9,0
1779285618700,561,UAS-02,658.5,18.87,22.01,3.14,16.60,24.6,0.986,1,1,36.7,0.48,29.65,29.9,0
1779285618733,562,GND-VEH-01,618.5,19.20,22.18,2.98,16.22,24.8,0.981,1,1,36.7,0.24,29.84,30.0,0
1779285618767,563,PERSON-01,520.9,19.02,22.15,3.12,16.11,24.3,0.990,1,1,36.0,0.30,29.49,29.9,0
1779285618800,564,UAS-01,547.2,19.05,22.03,2.97,15.86,25.2,0.990,1,1,36.0,0.26,29.84,30.0,0
1779285618833,565,UAS-02,684.4,18.87,22.09,3.22,16.97,23.9,0.985,1,1,36.3,0.19,30.15,29.9,0
1779285618867,566,GND-VEH-01,943.8,18.83,21.93,3.10,16.96,23.5,0.990,1,1,38.1,0.37,29.60,30.1,0
1779285618900,567,PERSON-01,521.8,18.89,22.09,3.20,16.20,24.3,0.990,1,1,36.0,0.11,29.72,30.2,0
1779285618933,568,UAS-01,511.8,19.19,22.42,3.23,16.65,24.7,0.990,1,1,36.7,0.13,29.58,29.9,0
1779285618967,569,UAS-02,392.7,18.94,22.00,3.06,15.86,24.3,0.988,1,1,37.1,0.24,30.14,29.9,0
1779285619000,570,GND-VEH-01,537.6,19.04,22.35,3.31,16.89,23.4,0.990,1,1,36.0,0.23,29.79,29.9,0
1779285619033,571,PERSON-01,424.6,18.99,22.25,3.26,16.68,23.1,0.990,1,1,37.1,0.13,29.98,30.0,0
1779285619067,572,UAS-01,654.5,19.30,22.28,2.98,16.61,24.0,0.983,1,1,36.0,0.32,29.96,30.0,0
1779285619100,573,UAS-02,420.9,19.12,22.32,3.20,15.92,22.6,0.990,1,1,39.1,0.11,29.62,30.0,0
1779285619133,574,GND-VEH-01,601.2,19.11,22.16,3.05,16.77,25.3,0.975,1,1,36.0,0.39,29.86,30.0,0
1779285619167,575,PERSON-01,473.5,19.13,22.34,3.21,16.46,23.5,0.990,1,1,37.5,0.20,29.78,30.0,0
1779285619200,576,UAS-01,468.1,18.93,22.19,3.26,16.76,23.7,0.982,1,1,37.3,0.16,30.09,30.0,0
1779285619233,577,UAS-02,552.0,18.91,22.05,3.14,16.50,25.2,0.990,1,1,36.0,0.64,29.66,29.9,0
1779285619267,578,GND-VEH-01,541.4,19.13,22.14,3.01,16.90,25.1,0.990,1,1,36.4,0.12,30.10,30.0,0
1779285619300,579,PERSON-01,945.3,19.09,21.92,2.83,15.53,25.0,0.990,1,1,37.5,0.37,30.19,30.0,0
1779285619333,580,UAS-01,758.8,19.00,21.84,2.84,16.33,24.0,0.990,1,1,36.0,0.27,30.15,30.0,0
1779285619367,581,UAS-02,390.9,18.94,21.98,3.05,16.48,24.1,0.990,1,1,37.4,0.37,29.54,29.9,0
1779285619400,582,GND-VEH-01,494.1,19.01,22.40,3.39,16.61,24.8,0.990,1,1,36.8,0.14,29.62,30.0,0
1779285619433,583,PERSON-01,368.1,19.11,22.37,3.26,17.29,22.9,0.977,1,1,38.3,0.54,29.80,29.9,0
1779285619467,584,UAS-01,506.8,19.02,22.42,3.40,17.06,24.7,0.990,1,1,37.9,0.04,30.02,29.9,0
1779285619500,585,UAS-02,542.8,19.11,22.24,3.13,16.92,22.7,0.990,1,1,36.4,0.07,29.78,29.8,0
1779285619533,586,GND-VEH-01,355.4,19.09,22.12,3.03,16.25,23.5,0.990,1,1,36.0,0.39,29.61,29.9,0
1779285619567,587,PERSON-01,412.2,19.24,22.21,2.97,16.00,22.8,0.986,1,1,36.0,0.07,29.75,30.0,0
1779285619600,588,UAS-01,525.8,18.76,22.15,3.39,17.47,22.9,0.990,1,1,36.9,0.03,30.00,30.0,0
1779285619633,589,UAS-02,362.2,19.00,22.21,3.21,17.21,24.5,0.988,1,1,36.0,0.38,29.89,30.1,0
1779285619667,590,GND-VEH-01,423.3,19.01,22.32,3.31,16.77,23.4,0.990,1,1,36.8,0.35,29.89,30.0,0
1779285619700,591,PERSON-01,685.2,18.88,21.77,2.89,16.39,23.3,0.990,1,1,38.0,0.26,30.34,30.1,0
1779285619733,592,UAS-01,408.9,18.81,22.08,3.26,16.04,24.0,0.990,1,1,38.7,0.02,29.97,30.1,0
1779285619767,593,UAS-02,452.8,19.10,22.25,3.15,16.24,24.8,0.990,1,1,36.6,0.27,30.48,30.0,0
1779285619800,594,GND-VEH-01,750.9,19.12,22.14,3.02,16.15,23.8,0.990,1,1,36.0,0.41,30.04,29.9,0
1779285619833,595,PERSON-01,501.1,18.91,22.11,3.19,17.27,22.7,0.990,1,1,37.0,0.42,29.96,29.9,0
1779285619867,596,UAS-01,410.2,19.04,21.98,2.94,16.03,25.6,0.990,1,1,36.0,0.12,29.98,30.0,0
1779285619900,597,UAS-02,487.6,19.11,22.35,3.24,16.50,23.1,0.990,1,1,36.0,0.48,29.86,30.0,0
1779285619933,598,GND-VEH-01,569.2,19.15,22.31,3.15,15.93,24.1,0.988,1,1,37.4,0.32,29.61,30.1,0
1779285619967,599,PERSON-01,563.3,18.90,21.87,2.97,16.57,23.1,0.990,1,1,37.3,0.19,29.92,30.0,0
1779285620000,600,UAS-01,647.4,19.11,22.32,3.21,16.00,24.0,0.990,1,1,36.0,0.34,29.94,30.0,0
1779285620033,601,UAS-02,827.9,19.10,22.15,3.04,16.67,24.2,0.978,1,1,36.0,0.09,30.03,29.9,0
1779285620067,602,GND-VEH-01,399.5,19.24,22.48,3.24,16.72,24.1,0.990,1,1,36.2,0.05,30.01,30.0,0
1779285620100,603,PERSON-01,366.4,18.90,22.10,3.20,16.37,24.8,0.990,1,1,38.6,0.37,30.21,29.9,0
1779285620133,604,UAS-01,454.5,19.13,22.12,2.99,16.68,24.3,0.990,1,1,36.0,0.05,30.34,30.0,0
1779285620167,605,UAS-02,301.9,19.10,22.19,3.09,16.63,23.9,0.983,1,1,37.5,0.39,30.33,30.1,0
1779285620200,606,GND-VEH-01,352.6,19.12,22.15,3.02,16.64,23.0,0.990,1,1,36.0,0.18,30.12,29.9,0
1779285620233,607,PERSON-01,474.9,18.97,22.29,3.32,16.47,23.3,0.990,1,1,38.1,0.05,29.84,30.1,0
1779285620267,608,UAS-01,419.3,19.04,22.20,3.16,16.46,23.0,0.990,1,1,36.0,0.23,30.45,29.9,0
1779285620300,609,UAS-02,402.8,19.15,22.42,3.27,16.39,22.3,0.974,1,1,38.6,0.02,30.18,30.0,0
1779285620333,610,GND-VEH-01,505.7,19.26,22.15,2.89,15.70,24.1,0.990,1,1,36.0,0.57,29.55,30.1,0
1779285620367,611,PERSON-01,680.7,19.02,22.20,3.18,16.55,25.1,0.990,1,1,39.9,0.43,29.89,29.9,0
1779285620400,612,UAS-01,459.4,19.22,22.73,3.51,16.68,23.7,0.984,1,1,36.7,0.10,30.25,30.1,0
1779285620433,613,UAS-02,527.5,19.22,22.35,3.13,16.91,24.3,0.990,1,1,36.0,0.42,29.76,29.9,0
1779285620467,614,GND-VEH-01,595.8,18.91,22.27,3.36,17.40,23.7,0.988,1,1,38.9,0.33,29.96,30.0,0
1779285620500,615,PERSON-01,602.2,18.79,21.99,3.19,15.94,23.8,0.990,1,1,37.9,0.16,30.28,29.9,0
1779285620533,616,UAS-01,371.8,19.15,22.36,3.21,17.27,22.9,0.990,1,1,36.0,0.10,30.15,30.2,0
1779285620567,617,UAS-02,414.6,18.83,21.90,3.06,15.82,24.5,0.990,1,1,36.0,0.00,30.31,30.1,0
1779285620600,618,GND-VEH-01,471.1,19.12,22.27,3.16,16.40,23.9,0.990,1,1,40.3,0.07,30.05,30.1,0
1779285620633,619,PERSON-01,814.9,19.01,22.16,3.14,16.71,23.3,0.990,1,1,36.2,0.40,30.37,30.0,0
1779285620667,620,UAS-01,663.9,19.22,22.29,3.07,15.91,25.1,0.990,1,1,36.1,0.08,30.23,30.0,0
1779285620700,621,UAS-02,445.6,19.03,21.99,2.96,15.89,24.0,0.990,1,1,36.0,0.25,30.08,30.0,0
1779285620733,622,GND-VEH-01,865.8,19.07,22.01,2.94,15.61,22.5,0.989,1,1,36.0,0.23,30.29,30.2,0
1779285620767,623,PERSON-01,544.6,18.99,22.22,3.22,16.18,24.0,0.990,1,1,36.0,0.07,29.89,30.0,0
1779285620800,624,UAS-01,303.9,18.92,22.24,3.32,16.50,24.9,0.990,1,1,36.0,0.20,29.87,30.1,0
1779285620833,625,UAS-02,743.3,19.19,22.31,3.12,16.82,23.1,0.990,1,1,36.0,0.03,30.37,30.1,0
1779285620867,626,GND-VEH-01,587.3,18.79,21.64,2.85,16.86,22.6,0.990,1,1,36.0,0.10,29.66,30.1,0
1779285620900,627,PERSON-01,509.7,19.05,21.83,2.78,16.13,24.7,0.990,1,1,36.4,0.16,30.11,29.9,0
1779285620933,628,UAS-01,348.8,19.07,22.30,3.22,16.62,23.5,0.986,1,1,37.7,0.18,30.10,30.2,0
1779285620967,629,UAS-02,620.9,18.78,21.92,3.14,15.57,23.8,0.990,1,1,37.2,0.54,30.16,30.0,0
1779285621000,630,GND-VEH-01,480.2,19.13,22.55,3.43,17.24,24.3,0.990,1,1,36.0,0.19,29.98,30.2,0
1779285621033,631,PERSON-01,497.9,18.92,22.04,3.12,16.79,23.7,0.990,1,1,37.2,0.11,30.54,29.8,0
1779285621067,632,UAS-01,648.0,18.71,21.76,3.05,16.24,24.1,0.990,1,1,36.0,0.22,30.32,29.9,0
1779285621100,633,UAS-02,656.7,19.18,21.94,2.76,15.90,23.0,0.990,1,1,37.6,0.30,29.84,30.0,0
1779285621133,634,GND-VEH-01,369.3,19.07,22.22,3.15,16.76,22.4,0.990,1,1,36.0,0.14,30.09,30.0,0
1779285621167,635,PERSON-01,312.2,18.85,22.19,3.35,17.38,23.3,0.990,1,1,36.0,0.37,30.15,29.9,0
1779285621200,636,UAS-01,415.4,19.03,22.31,3.29,16.99,23.9,0.990,1,1,36.1,0.39,30.10,30.0,0
1779285621233,637,UAS-02,350.4,18.76,22.06,3.31,17.77,22.0,0.990,1,1,37.4,0.40,29.73,29.9,0
1779285621267,638,GND-VEH-01,441.2,18.89,22.05,3.16,16.02,25.9,0.990,1,1,37.1,0.03,29.71,30.0,0
1779285621300,639,PERSON-01,351.2,19.02,22.04,3.02,16.67,23.3,0.990,1,1,37.9,0.10,30.26,29.9,0
1779285621333,640,UAS-01,322.4,19.03,22.32,3.30,16.26,24.2,0.990,1,1,36.7,0.63,29.92,30.0,0
1779285621367,641,UAS-02,697.7,18.82,21.65,2.83,16.55,24.0,0.990,1,1,38.4,0.04,30.27,30.0,0
1779285621400,642,GND-VEH-01,884.3,19.05,22.02,2.97,15.30,24.7,0.990,1,1,36.0,0.23,30.08,29.8,0
1779285621433,643,PERSON-01,312.0,18.92,21.91,2.99,16.78,23.1,0.990,1,1,37.4,0.24,30.30,30.0,0
1779285621467,644,UAS-01,402.6,18.92,22.60,3.68,17.39,24.4,0.990,1,1,36.1,0.08,30.34,29.9,0
1779285621500,645,UAS-02,471.2,18.98,22.31,3.33,16.47,23.8,0.990,1,1,36.0,0.37,30.58,29.9,0
1779285621533,646,GND-VEH-01,443.3,18.67,21.92,3.25,16.06,24.3,0.990,1,1,37.4,0.39,29.89,30.1,0
1779285621567,647,PERSON-01,434.6,18.78,22.18,3.40,16.67,24.8,0.990,1,1,36.1,0.02,29.80,30.1,0
1779285621600,648,UAS-01,446.7,19.24,22.41,3.18,16.01,23.4,0.984,1,1,36.0,0.20,30.04,29.8,0
1779285621633,649,UAS-02,578.0,19.25,22.54,3.29,16.83,23.9,0.983,1,1,36.3,0.12,30.07,29.9,0
1779285621667,650,GND-VEH-01,793.6,19.12,22.17,3.05,15.92,24.3,0.990,1,1,40.1,0.04,30.02,29.9,0
1779285621700,651,PERSON-01,642.8,18.97,22.17,3.21,16.49,23.3,0.990,1,1,38.2,0.28,30.16,30.0,0
1779285621733,652,UAS-01,310.9,19.20,22.54,3.33,16.51,24.4,0.990,1,1,36.0,0.14,29.80,30.0,0
1779285621767,653,UAS-02,452.7,18.86,22.09,3.22,16.86,23.8,0.990,1,1,36.9,0.04,29.77,30.0,0
1779285621800,654,GND-VEH-01,475.0,18.91,21.77,2.86,16.21,24.5,0.990,1,1,37.5,0.48,30.11,30.1,0
1779285621833,655,PERSON-01,512.8,18.96,21.84,2.88,16.54,21.8,0.990,1,1,36.9,0.56,30.24,30.0,0
1779285621867,656,UAS-01,600.6,18.81,22.07,3.26,16.40,23.3,0.983,1,1,36.0,0.30,30.41,29.9,0
1779285621900,657,UAS-02,349.3,18.87,22.14,3.26,16.66,23.4,0.990,1,1,36.1,0.18,30.04,30.0,0
1779285621933,658,GND-VEH-01,480.6,18.87,21.98,3.11,16.62,24.4,0.990,1,1,36.0,0.34,30.14,30.0,0
1779285621967,659,PERSON-01,648.8,19.05,21.82,2.77,16.78,24.0,0.990,1,1,36.9,0.06,29.85,30.1,0
1779285622000,660,UAS-01,483.9,19.21,22.59,3.38,16.95,23.8,0.990,1,1,36.0,0.04,30.16,30.1,0
1779285622033,661,UAS-02,634.3,18.99,21.89,2.90,15.24,24.9,0.990,1,1,38.6,0.10,29.99,29.9,0
1779285622067,662,GND-VEH-01,455.4,19.28,22.33,3.05,16.63,24.2,0.984,1,1,36.0,0.04,30.33,29.9,0
1779285622100,663,PERSON-01,678.4,19.08,22.07,2.99,16.26,24.1,0.990,1,1,36.0,0.01,30.31,30.1,0
1779285622133,664,UAS-01,664.4,19.24,22.36,3.12,16.43,22.9,0.973,1,1,36.1,0.12,30.23,30.0,0
1779285622167,665,UAS-02,377.2,18.99,21.98,2.98,16.17,23.1,0.977,1,1,38.3,0.44,30.00,29.8,0
1779285622200,666,GND-VEH-01,690.0,19.00,22.06,3.07,16.81,23.1,0.990,1,1,36.0,0.00,30.28,30.0,0
1779285622233,667,PERSON-01,334.5,19.02,22.15,3.13,17.33,22.2,0.990,1,1,36.9,0.25,30.24,29.9,0
1779285622267,668,UAS-01,478.1,18.75,22.20,3.44,17.09,22.5,0.977,1,1,36.9,0.02,30.31,30.0,0
1779285622300,669,UAS-02,746.1,18.80,21.86,3.07,16.61,23.3,0.990,1,1,36.0,0.06,30.14,30.1,0
1779285622333,670,GND-VEH-01,654.0,18.95,22.12,3.17,16.33,25.4,0.990,1,1,36.0,0.05,30.24,29.9,0
1779285622367,671,PERSON-01,486.5,18.74,21.79,3.06,16.51,25.2,0.990,1,1,36.0,0.04,29.94,30.0,0
1779285622400,672,UAS-01,324.1,18.88,22.22,3.34,17.17,23.3,0.990,1,1,36.0,0.01,30.84,30.0,0
1779285622433,673,UAS-02,515.0,19.21,22.47,3.26,17.01,22.3,0.990,1,1,39.0,0.10,30.05,30.0,0
1779285622467,674,GND-VEH-01,409.3,18.81,22.00,3.20,17.00,22.5,0.990,1,1,36.9,0.01,30.01,30.1,0
1779285622500,675,PERSON-01,673.7,19.00,22.15,3.16,16.24,23.4,0.986,1,1,37.9,0.14,30.16,30.0,0
1779285622533,676,UAS-01,395.1,19.14,22.04,2.90,16.15,24.9,0.990,1,1,36.0,0.22,30.04,30.0,0
1779285622567,677,UAS-02,794.1,19.06,21.85,2.79,15.70,24.2,0.990,1,1,36.1,0.32,30.32,30.2,0
1779285622600,678,GND-VEH-01,709.2,19.06,21.87,2.81,16.35,23.8,0.990,1,1,39.1,0.30,30.53,29.8,0
1779285622633,679,PERSON-01,1073.1,18.92,21.88,2.97,16.02,24.0,0.976,1,1,36.0,0.03,30.73,30.0,0
1779285622667,680,UAS-01,348.3,19.12,22.53,3.41,17.40,25.3,0.990,1,1,36.0,0.17,29.92,30.1,0
1779285622700,681,UAS-02,499.3,18.90,22.08,3.18,15.70,24.2,0.990,1,1,38.5,0.13,30.56,30.1,0
1779285622733,682,GND-VEH-01,703.0,19.03,21.91,2.88,15.68,23.6,0.990,1,1,36.0,0.10,30.03,30.0,0
1779285622767,683,PERSON-01,650.6,19.13,22.23,3.10,16.26,23.5,0.990,1,1,36.0,0.02,29.94,29.9,0
1779285622800,684,UAS-01,989.7,18.91,21.98,3.07,16.67,23.3,0.978,1,1,36.0,0.30,30.29,30.0,0
1779285622833,685,UAS-02,590.3,18.99,21.87,2.88,15.96,25.1,0.990,1,1,37.1,0.11,30.23,30.0,0
1779285622867,686,GND-VEH-01,373.0,19.03,22.40,3.37,16.98,24.3,0.990,1,1,36.0,0.31,30.11,30.1,0
1779285622900,687,PERSON-01,417.8,18.88,22.07,3.20,16.80,24.1,0.990,1,1,36.0,0.04,30.34,30.0,0
1779285622933,688,UAS-01,408.9,18.91,22.07,3.16,16.80,23.6,0.990,1,1,36.3,0.05,30.19,30.1,0
1779285622967,689,UAS-02,505.5,18.96,22.20,3.23,16.33,23.8,0.990,1,1,36.0,0.59,29.82,29.9,0
1779285623000,690,GND-VEH-01,564.6,18.92,21.97,3.05,16.22,25.3,0.990,1,1,36.9,0.12,30.24,30.1,0
1779285623033,691,PERSON-01,479.0,18.82,21.70,2.88,15.82,24.0,0.990,1,1,36.0,0.02,30.42,30.1,0
1779285623067,692,UAS-01,341.3,18.89,22.17,3.28,16.17,23.4,0.990,1,1,38.2,0.61,30.42,29.9,0
1779285623100,693,UAS-02,442.0,19.07,22.58,3.50,17.02,23.9,0.990,1,1,36.0,0.20,30.08,29.9,0
1779285623133,694,GND-VEH-01,312.0,18.98,22.00,3.03,16.49,23.8,0.985,1,1,36.0,0.26,30.01,29.9,0
1779285623167,695,PERSON-01,363.3,18.99,22.21,3.22,15.61,24.9,0.986,1,1,39.4,0.05,30.16,29.8,0
1779285623200,696,UAS-01,518.4,18.92,21.91,2.99,16.15,22.4,0.990,1,1,36.8,0.14,30.39,30.2,0
1779285623233,697,UAS-02,533.2,18.95,22.21,3.27,16.84,22.3,0.990,1,1,36.0,0.36,30.20,30.1,0
1779285623267,698,GND-VEH-01,626.3,18.67,21.58,2.91,16.12,24.8,0.990,1,1,36.6,0.20,30.09,30.0,0
1779285623300,699,PERSON-01,561.8,18.91,22.32,3.42,16.91,24.9,0.988,1,1,36.0,0.02,30.29,29.9,0
1779285623333,700,UAS-01,718.3,18.98,22.00,3.03,16.36,24.9,0.990,1,1,36.4,0.40,30.66,29.8,0
1779285623367,701,UAS-02,326.6,18.91,21.76,2.85,15.59,26.1,0.990,1,1,36.0,0.19,30.32,29.9,0
1779285623400,702,GND-VEH-01,567.4,18.97,21.71,2.74,16.42,23.4,0.990,1,1,36.4,0.05,30.34,29.9,0
1779285623433,703,PERSON-01,769.6,18.95,21.97,3.02,16.03,23.2,0.990,1,1,36.4,0.13,30.29,29.9,0
1779285623467,704,UAS-01,431.9,19.16,22.47,3.30,16.07,25.1,0.982,1,1,36.0,0.18,30.25,30.0,0
1779285623500,705,UAS-02,546.9,19.15,22.13,2.99,16.28,22.9,0.990,1,1,36.0,0.19,30.41,29.9,0
1779285623533,706,GND-VEH-01,574.7,18.94,22.04,3.10,16.41,25.7,0.990,1,1,36.3,0.02,30.47,30.1,0
1779285623567,707,PERSON-01,352.6,19.14,22.60,3.45,17.34,25.8,0.990,1,1,38.1,0.17,30.45,30.0,0
1779285623600,708,UAS-01,408.3,18.97,22.22,3.26,16.52,23.8,0.976,1,1,36.0,0.58,30.23,29.8,0
1779285623633,709,UAS-02,361.4,18.93,22.08,3.14,16.62,24.1,0.989,1,1,36.0,0.09,30.32,30.1,0
1779285623667,710,GND-VEH-01,369.1,18.95,22.18,3.23,16.53,24.6,0.990,1,1,36.5,0.16,30.76,29.9,0
1779285623700,711,PERSON-01,491.3,18.76,21.97,3.21,16.56,24.4,0.990,1,1,37.3,0.17,30.46,30.0,0
1779285623733,712,UAS-01,845.9,19.22,22.16,2.94,16.03,23.3,0.990,1,1,36.0,0.16,29.92,29.8,0
1779285623767,713,UAS-02,634.6,18.98,22.32,3.34,16.47,24.4,0.978,1,1,36.8,0.01,30.37,30.0,0
1779285623800,714,GND-VEH-01,394.5,19.22,22.47,3.25,16.41,24.8,0.990,1,1,36.3,0.44,30.33,30.0,0
1779285623833,715,PERSON-01,313.9,18.77,22.44,3.67,17.55,23.7,0.984,1,1,36.4,0.15,30.36,30.1,0
1779285623867,716,UAS-01,301.1,18.88,22.36,3.49,16.68,24.2,0.981,1,1,40.8,0.20,30.65,30.0,0
1779285623900,717,UAS-02,526.2,19.10,22.38,3.28,16.56,24.0,0.990,1,1,36.6,0.44,30.29,30.2,0
1779285623933,718,GND-VEH-01,651.2,19.03,21.95,2.92,15.43,23.4,0.990,1,1,36.0,0.60,30.43,30.1,0
1779285623967,719,PERSON-01,621.6,18.94,21.89,2.95,15.63,25.1,0.990,1,1,36.5,0.23,30.91,30.1,0
1779285624000,720,UAS-01,372.0,19.33,22.35,3.02,15.61,24.7,0.988,1,1,36.0,0.06,30.24,30.0,0
1779285624033,721,UAS-02,347.5,18.92,21.97,3.04,15.81,23.1,0.990,1,1,39.2,0.22,30.16,30.0,0
1779285624067,722,GND-VEH-01,528.0,19.10,22.14,3.04,15.85,23.8,0.990,1,1,38.8,0.60,30.23,30.1,0
1779285624100,723,PERSON-01,449.7,18.96,22.18,3.22,16.76,23.2,0.982,1,1,36.0,0.47,30.28,30.1,0
1779285624133,724,UAS-01,425.9,18.95,22.02,3.08,15.99,25.4,0.984,1,1,37.7,0.02,30.63,30.0,0
1779285624167,725,UAS-02,380.7,18.93,21.95,3.01,15.99,24.9,0.990,1,1,36.0,0.30,30.87,30.1,0
1779285624200,726,GND-VEH-01,432.4,19.09,22.64,3.56,17.02,24.2,0.990,1,1,36.0,0.05,30.61,30.1,0
1779285624233,727,PERSON-01,502.0,19.04,22.21,3.17,15.66,24.0,0.990,1,1,36.4,0.35,30.39,30.0,0
1779285624267,728,UAS-01,571.1,19.16,22.24,3.08,15.90,23.7,0.973,1,1,36.0,0.25,30.30,30.2,0
1779285624300,729,UAS-02,807.3,19.26,22.32,3.06,16.66,25.1,0.990,1,1,36.0,0.10,30.23,30.1,0
1779285624333,730,GND-VEH-01,641.7,19.19,22.14,2.95,16.10,24.0,0.990,1,1,38.2,0.24,30.40,29.8,0
1779285624367,731,PERSON-01,319.2,18.80,22.05,3.24,16.26,23.7,0.990,1,1,36.0,0.23,30.27,30.1,0
1779285624400,732,UAS-01,923.1,18.82,21.61,2.79,15.86,23.6,0.980,1,1,37.4,0.32,30.88,29.8,0
1779285624433,733,UAS-02,803.3,19.01,21.86,2.85,16.12,24.2,0.990,1,1,36.0,0.25,30.41,29.9,0
1779285624467,734,GND-VEH-01,323.3,19.14,22.28,3.14,16.52,23.5,0.990,1,1,37.0,0.29,30.46,30.0,0
1779285624500,735,PERSON-01,621.7,18.91,22.00,3.09,15.85,24.6,0.982,1,1,36.0,0.31,30.28,30.1,0
1779285624533,736,UAS-01,538.2,19.21,22.33,3.12,16.61,23.0,0.990,1,1,36.0,0.26,30.26,30.0,0
1779285624567,737,UAS-02,356.0,19.11,22.48,3.37,16.14,23.7,0.980,1,1,37.6,0.13,30.49,29.9,0
1779285624600,738,GND-VEH-01,613.5,18.82,22.13,3.32,17.22,23.5,0.987,1,1,37.1,0.09,30.69,29.9,0
1779285624633,739,PERSON-01,364.3,19.17,22.30,3.13,16.03,23.9,0.986,1,1,38.0,0.14,29.94,30.1,0
1779285624667,740,UAS-01,532.3,19.07,22.38,3.31,17.04,23.4,0.975,1,1,36.2,0.19,30.52,30.0,0
1779285624700,741,UAS-02,842.3,19.11,22.18,3.07,16.56,24.1,0.990,1,1,36.0,0.60,30.77,30.0,0
1779285624733,742,GND-VEH-01,718.0,18.92,21.65,2.73,15.58,25.7,0.990,1,1,37.4,0.47,30.44,30.1,0
1779285624767,743,PERSON-01,467.9,18.97,22.31,3.33,16.57,24.8,0.990,1,1,38.3,0.18,30.34,29.9,0
1779285624800,744,UAS-01,458.6,19.04,22.24,3.20,16.47,24.1,0.990,1,1,37.6,0.22,30.77,29.9,0
1779285624833,745,UAS-02,539.3,18.87,22.00,3.13,16.24,24.4,0.990,1,1,36.1,0.35,30.24,30.0,0
1779285624867,746,GND-VEH-01,738.8,18.74,21.44,2.70,16.41,22.6,0.990,1,1,38.0,0.09,30.45,30.0,0
1779285624900,747,PERSON-01,442.3,18.81,21.95,3.14,16.34,23.5,0.990,1,1,36.0,0.22,30.28,30.0,0
1779285624933,748,UAS-01,526.3,18.73,22.08,3.35,16.66,24.1,0.990,1,1,38.2,0.00,30.51,30.1,0
1779285624967,749,UAS-02,622.1,18.80,22.20,3.40,17.21,22.4,0.982,1,1,36.0,0.36,30.64,29.9,0
1779285625000,750,GND-VEH-01,385.4,19.21,22.40,3.19,16.42,24.7,0.981,1,1,37.7,0.06,30.34,30.0,0
1779285625033,751,PERSON-01,318.3,18.85,21.92,3.07,15.88,24.5,0.990,1,1,36.0,0.05,30.67,30.0,0
1779285625067,752,UAS-01,505.0,18.89,22.08,3.19,17.06,23.5,0.986,1,1,38.9,0.51,30.57,30.1,0
1779285625100,753,UAS-02,357.0,18.85,22.08,3.23,16.48,24.3,0.990,1,1,36.0,0.02,30.51,30.1,0
1779285625133,754,GND-VEH-01,566.3,18.83,21.72,2.89,15.84,22.7,0.982,1,1,36.0,0.26,30.82,30.1,0
1779285625167,755,PERSON-01,858.1,18.91,21.79,2.87,16.09,23.8,0.989,1,1,40.1,0.08,30.13,30.0,0
1779285625200,756,UAS-01,617.8,19.11,21.99,2.88,16.90,23.0,0.990,1,1,36.0,0.02,30.62,30.0,0
1779285625233,757,UAS-02,571.9,18.86,22.06,3.20,16.37,24.6,0.983,1,1,36.9,0.09,30.69,30.2,0
1779285625267,758,GND-VEH-01,439.7,18.83,22.17,3.34,16.48,25.5,0.990,1,1,36.0,0.14,30.54,29.9,0
1779285625300,759,PERSON-01,302.5,18.98,21.99,3.00,16.21,22.4,0.990,1,1,36.0,0.37,30.68,30.1,0
1779285625333,760,UAS-01,499.6,18.89,22.12,3.23,16.90,23.4,0.971,1,1,36.0,0.01,29.99,29.9,0
1779285625367,761,UAS-02,521.0,19.17,22.50,3.33,16.64,24.0,0.990,1,1,36.7,0.30,30.68,30.0,0
1779285625400,762,GND-VEH-01,556.6,19.04,22.35,3.31,16.41,24.0,0.969,1,1,36.0,0.12,30.27,30.0,0
1779285625433,763,PERSON-01,354.7,18.94,22.34,3.40,16.74,25.5,0.983,1,1,36.0,0.18,30.49,29.9,0
1779285625467,764,UAS-01,437.7,19.07,22.01,2.94,16.92,23.9,0.983,1,1,36.7,0.65,30.55,29.9,0
1779285625500,765,UAS-02,407.4,18.73,21.88,3.15,16.96,24.3,0.990,1,1,36.0,0.26,30.21,29.9,0
1779285625533,766,GND-VEH-01,344.0,19.15,22.48,3.33,17.03,23.7,0.990,1,1,36.0,0.10,30.87,30.0,0
1779285625567,767,PERSON-01,426.0,19.17,22.35,3.18,16.98,24.9,0.989,1,1,38.5,0.28,30.63,30.0,0
1779285625600,768,UAS-01,336.2,19.09,22.46,3.37,16.45,23.9,0.990,1,1,36.0,0.22,30.59,30.0,0
1779285625633,769,UAS-02,537.3,19.03,22.21,3.18,16.40,25.1,0.990,1,1,36.9,0.09,31.10,29.9,0
1779285625667,770,GND-VEH-01,456.9,19.10,22.20,3.10,16.79,25.4,0.990,1,1,37.3,0.05,30.29,30.0,0
1779285625700,771,PERSON-01,362.0,19.08,22.35,3.26,16.68,23.3,0.990,1,1,39.0,0.53,30.68,30.1,0
1779285625733,772,UAS-01,461.3,19.16,22.17,3.02,15.86,24.1,0.990,1,1,37.6,0.13,30.13,30.0,0
1779285625767,773,UAS-02,477.9,18.98,22.36,3.38,16.71,23.6,0.990,1,1,36.7,0.07,30.80,29.9,0
1779285625800,774,GND-VEH-01,353.4,18.94,22.00,3.06,16.11,23.0,0.990,1,1,36.0,0.05,30.33,29.9,0
1779285625833,775,PERSON-01,658.0,18.96,22.21,3.26,16.76,23.3,0.990,1,1,36.0,0.16,30.59,30.0,0
1779285625867,776,UAS-01,418.8,18.98,22.37,3.39,16.57,23.3,0.987,1,1,36.9,0.25,30.64,29.9,0
1779285625900,777,UAS-02,651.8,19.30,22.42,3.12,16.59,26.1,0.990,1,1,36.0,0.07,30.65,29.9,0
1779285625933,778,GND-VEH-01,588.4,19.11,22.21,3.11,15.97,24.9,0.990,1,1,36.0,0.63,30.40,30.0,0
1779285625967,779,PERSON-01,457.0,18.98,22.31,3.33,16.61,23.0,0.989,1,1,36.0,0.18,30.44,29.9,0
1779285626000,780,UAS-01,436.8,18.95,22.00,3.05,16.24,23.4,0.990,1,1,36.0,0.29,30.68,30.0,0
1779285626033,781,UAS-02,760.2,19.32,22.55,3.23,16.69,25.0,0.990,1,1,36.0,0.01,30.62,29.9,0
1779285626067,782,GND-VEH-01,564.4,18.98,22.09,3.10,15.60,25.0,0.990,1,1,36.0,0.22,30.57,29.9,0
1779285626100,783,PERSON-01,656.1,19.06,21.98,2.92,16.46,24.4,0.990,1,1,37.6,0.01,31.05,30.2,0
1779285626133,784,UAS-01,350.0,19.01,22.34,3.33,16.22,23.9,0.988,1,1,36.0,0.40,30.97,29.9,0
1779285626167,785,UAS-02,744.4,18.93,21.82,2.89,15.46,23.4,0.990,1,1,36.0,0.24,30.71,30.1,0
1779285626200,786,GND-VEH-01,853.3,18.94,22.02,3.08,16.12,22.8,0.990,1,1,36.0,0.36,30.77,30.1,0
1779285626233,787,PERSON-01,355.9,19.04,22.29,3.25,16.49,24.0,0.990,1,1,36.0,0.06,30.47,29.9,0
1779285626267,788,UAS-01,425.5,18.92,21.80,2.88,16.42,24.2,0.990,1,1,37.3,0.06,30.35,30.1,0
1779285626300,789,UAS-02,629.0,19.24,22.26,3.02,16.70,23.2,0.990,1,1,36.8,0.40,30.80,30.1,0
1779285626333,790,GND-VEH-01,651.2,19.17,21.97,2.80,16.08,23.7,0.990,1,1,36.0,0.23,30.77,29.9,0
1779285626367,791,PERSON-01,605.0,18.92,22.02,3.10,17.27,23.1,0.990,1,1,36.0,0.18,30.95,30.0,0
1779285626400,792,UAS-01,393.8,19.13,22.45,3.32,16.14,23.6,0.990,1,1,36.0,0.43,30.58,29.8,0
1779285626433,793,UAS-02,818.9,19.02,22.10,3.08,16.60,25.6,0.990,1,1,36.0,0.06,30.59,29.9,0
1779285626467,794,GND-VEH-01,313.8,18.98,22.10,3.13,16.87,23.9,0.990,1,1,37.5,0.10,30.91,30.1,0
1779285626500,795,PERSON-01,511.3,18.95,22.40,3.45,17.48,23.7,0.990,1,1,37.0,0.06,30.96,30.0,0
1779285626533,796,UAS-01,351.8,18.93,21.95,3.02,16.50,23.3,0.990,1,1,37.2,0.06,30.53,29.9,0
1779285626567,797,UAS-02,378.6,18.79,22.16,3.37,16.48,23.4,0.990,1,1,36.0,0.05,30.53,29.9,0
1779285626600,798,GND-VEH-01,329.4,19.23,22.29,3.06,16.31,23.3,0.973,1,1,37.2,0.22,30.59,30.0,0
1779285626633,799,PERSON-01,401.5,18.96,22.26,3.30,16.59,23.6,0.990,1,1,38.6,0.55,30.50,30.0,0
1779285626667,800,UAS-01,372.3,18.92,22.16,3.24,16.04,23.5,0.990,1,1,36.0,0.18,30.91,29.9,0
1779285626700,801,UAS-02,754.8,18.97,22.11,3.15,16.34,24.1,0.990,1,1,36.0,0.20,30.42,30.1,0
1779285626733,802,GND-VEH-01,579.3,18.86,21.89,3.03,16.83,22.7,0.990,1,1,36.0,0.09,30.93,29.9,0
1779285626767,803,PERSON-01,653.3,19.06,22.06,3.00,16.53,22.7,0.990,1,1,36.2,0.04,31.15,29.9,0
1779285626800,804,UAS-01,504.8,18.82,21.57,2.75,15.85,25.1,0.990,1,1,36.0,0.41,31.12,30.0,0
1779285626833,805,UAS-02,520.8,19.07,22.39,3.32,17.07,23.9,0.982,1,1,36.0,0.30,30.75,29.9,0
1779285626867,806,GND-VEH-01,313.2,18.87,22.01,3.14,15.73,24.9,0.969,1,1,36.6,0.54,30.71,30.0,0
1779285626900,807,PERSON-01,574.1,18.90,21.95,3.05,16.41,24.3,0.970,1,1,36.0,0.18,30.80,30.0,0
1779285626933,808,UAS-01,429.7,19.12,22.50,3.38,16.26,25.0,0.990,1,1,36.6,0.02,30.64,30.1,0
1779285626967,809,UAS-02,708.1,18.91,22.15,3.23,16.45,24.0,0.985,1,1,36.1,0.00,30.46,29.9,0
1779285627000,810,GND-VEH-01,924.9,19.07,21.91,2.83,15.62,24.6,0.968,1,1,36.0,0.25,30.58,30.0,0
1779285627033,811,PERSON-01,581.6,19.03,22.24,3.21,16.81,23.0,0.990,1,1,36.0,0.06,30.75,30.1,0
1779285627067,812,UAS-01,364.8,18.92,21.88,2.96,16.40,24.9,0.974,1,1,37.3,0.16,30.53,30.0,0
1779285627100,813,UAS-02,627.6,19.08,21.85,2.77,15.70,23.8,0.990,1,1,38.7,0.04,30.82,29.9,0
1779285627133,814,GND-VEH-01,559.4,19.00,22.05,3.05,16.02,24.4,0.990,1,1,37.1,0.18,30.83,30.0,0
1779285627167,815,PERSON-01,416.2,18.87,22.16,3.29,16.91,23.1,0.990,1,1,37.8,0.40,31.11,30.0,0
1779285627200,816,UAS-01,453.8,19.18,22.51,3.32,16.11,24.1,0.990,1,1,36.0,0.03,30.86,30.1,0
1779285627233,817,UAS-02,561.9,18.97,21.93,2.97,16.70,25.7,0.990,1,1,37.6,0.59,30.60,29.8,0
1779285627267,818,GND-VEH-01,424.1,19.13,22.43,3.30,16.46,25.3,0.990,1,1,36.0,0.31,30.31,30.0,0
1779285627300,819,PERSON-01,529.1,18.88,22.25,3.38,16.51,23.7,0.990,1,1,36.0,0.35,30.89,29.9,0
1779285627333,820,UAS-01,771.4,18.85,22.18,3.33,16.46,24.4,0.990,1,1,36.1,0.21,30.77,30.2,0
1779285627367,821,UAS-02,601.0,18.91,22.19,3.28,16.52,22.6,0.990,1,1,36.0,0.05,31.24,30.0,0
1779285627400,822,GND-VEH-01,422.9,19.01,21.96,2.96,16.05,23.2,0.990,1,1,36.0,0.05,30.55,30.0,0
1779285627433,823,PERSON-01,470.3,19.04,22.36,3.32,16.63,23.6,0.982,1,1,38.3,0.26,31.02,30.0,0
1779285627467,824,UAS-01,652.3,19.20,22.54,3.33,17.19,23.7,0.970,1,1,36.0,0.41,30.62,29.8,0
1779285627500,825,UAS-02,460.1,18.87,21.87,3.00,16.05,24.1,0.983,1,1,36.8,0.03,30.76,29.9,0
1779285627533,826,GND-VEH-01,423.4,18.94,22.23,3.29,16.44,22.4,0.990,1,1,36.4,0.15,30.69,30.0,0
1779285627567,827,PERSON-01,618.6,19.18,22.17,2.99,16.77,23.9,0.990,1,1,37.4,0.27,31.12,30.0,0
1779285627600,828,UAS-01,438.0,19.21,22.03,2.82,16.37,22.5,0.990,1,1,36.0,0.21,30.78,30.1,0
1779285627633,829,UAS-02,559.2,19.02,21.98,2.96,15.73,24.0,0.983,1,1,36.0,0.10,30.67,30.1,0
1779285627667,830,GND-VEH-01,455.7,19.02,22.24,3.23,16.45,24.1,0.984,1,1,38.8,0.03,30.99,30.1,0
1779285627700,831,PERSON-01,629.2,19.11,22.31,3.20,16.41,25.9,0.988,1,1,36.0,0.22,30.50,30.0,0
1779285627733,832,UAS-01,925.2,19.13,22.15,3.02,15.96,24.6,0.990,1,1,39.6,0.09,30.53,30.0,0
1779285627767,833,UAS-02,654.5,19.10,22.10,3.00,16.35,24.9,0.984,1,1,36.0,0.38,30.74,30.0,0
1779285627800,834,GND-VEH-01,425.1,19.24,22.43,3.19,16.05,24.2,0.990,1,1,36.0,0.17,30.94,29.9,0
1779285627833,835,PERSON-01,864.6,18.97,22.19,3.22,16.54,21.9,0.990,1,1,37.7,0.14,30.44,30.0,0
1779285627867,836,UAS-01,575.7,19.01,22.25,3.24,17.00,23.6,0.990,1,1,36.0,0.29,30.49,30.0,0
1779285627900,837,UAS-02,357.9,18.93,22.04,3.11,15.87,24.7,0.990,1,1,36.0,0.08,31.20,30.0,0
1779285627933,838,GND-VEH-01,401.8,18.66,21.77,3.11,15.76,25.0,0.976,1,1,36.0,0.07,30.96,29.9,0
1779285627967,839,PERSON-01,314.9,19.09,22.31,3.22,17.05,23.4,0.990,1,1,37.3,0.15,30.75,29.9,0
1779285628000,840,UAS-01,567.1,18.94,22.20,3.26,16.84,24.5,0.990,1,1,38.9,0.38,30.87,30.0,0
1779285628033,841,UAS-02,318.5,19.03,22.22,3.18,16.24,24.4,0.967,1,1,36.0,0.31,30.55,30.0,0
1779285628067,842,GND-VEH-01,509.1,19.00,22.13,3.13,16.80,24.8,0.990,1,1,36.0,0.12,30.54,29.9,0
1779285628100,843,PERSON-01,457.2,19.03,22.59,3.56,17.72,22.5,0.990,1,1,36.0,0.17,30.93,30.1,0
1779285628133,844,UAS-01,494.9,18.98,22.19,3.21,16.60,23.2,0.990,1,1,36.0,0.19,30.82,30.0,0
1779285628167,845,UAS-02,659.5,18.97,21.96,2.99,16.17,25.2,0.982,1,1,36.0,0.33,30.95,30.0,0
1779285628200,846,GND-VEH-01,491.5,18.78,21.73,2.96,16.58,23.8,0.984,1,1,36.8,0.04,30.90,30.2,0
1779285628233,847,PERSON-01,350.7,18.97,21.88,2.91,15.49,22.9,0.990,1,1,36.2,0.27,30.62,30.0,0
1779285628267,848,UAS-01,315.8,19.11,22.07,2.96,16.02,23.4,0.989,1,1,38.9,0.10,30.58,30.1,0
1779285628300,849,UAS-02,355.9,19.07,22.24,3.17,16.50,23.2,0.990,1,1,36.0,0.05,31.00,30.1,0
1779285628333,850,GND-VEH-01,761.3,19.03,22.01,2.98,16.30,24.3,0.990,1,1,36.0,0.16,30.96,29.9,0
1779285628367,851,PERSON-01,521.6,18.90,22.02,3.12,16.74,23.2,0.978,1,1,36.9,0.17,30.72,30.0,0
1779285628400,852,UAS-01,474.2,18.99,22.17,3.18,16.50,23.8,0.987,1,1,36.9,0.08,30.71,30.0,0
1779285628433,853,UAS-02,325.6,18.85,22.07,3.22,16.75,23.8,0.978,1,1,36.0,0.72,30.97,30.1,0
1779285628467,854,GND-VEH-01,722.0,19.16,22.27,3.11,16.41,24.9,0.990,1,1,37.8,0.05,31.12,30.1,0
1779285628500,855,PERSON-01,372.6,19.06,22.17,3.11,16.45,24.4,0.990,1,1,38.3,0.34,30.70,30.1,0
1779285628533,856,UAS-01,453.6,18.77,22.12,3.35,16.11,24.1,0.990,1,1,36.0,0.11,30.99,30.2,0
1779285628567,857,UAS-02,359.9,18.76,21.93,3.18,17.31,24.1,0.990,1,1,36.0,0.03,30.88,30.1,0
1779285628600,858,GND-VEH-01,465.8,18.92,22.18,3.25,16.92,24.0,0.990,1,1,36.6,0.26,30.83,30.0,0
1779285628633,859,PERSON-01,550.7,19.05,22.46,3.41,16.82,23.9,0.982,1,1,37.6,0.13,31.12,30.0,0
1779285628667,860,UAS-01,612.9,18.92,22.04,3.12,16.76,23.3,0.986,1,1,37.0,0.23,31.06,30.0,0
1779285628700,861,UAS-02,314.0,18.85,22.01,3.16,17.06,24.7,0.990,1,1,36.0,0.04,30.72,30.0,0
1779285628733,862,GND-VEH-01,613.7,19.00,22.34,3.34,16.92,23.3,0.990,1,1,36.0,0.34,31.09,29.9,0
1779285628767,863,PERSON-01,613.3,19.31,22.61,3.30,16.72,22.1,0.990,1,1,37.5,0.05,30.73,30.1,0
1779285628800,864,UAS-01,343.8,18.84,22.13,3.29,16.17,25.4,0.990,1,1,36.0,0.02,30.81,30.0,0
1779285628833,865,UAS-02,511.4,18.74,22.15,3.41,16.86,23.1,0.986,1,1,36.1,0.27,31.15,30.1,0
1779285628867,866,GND-VEH-01,753.0,18.91,21.83,2.91,16.35,24.4,0.990,1,1,36.0,0.01,31.02,29.8,0
1779285628900,867,PERSON-01,904.0,19.41,22.16,2.75,15.84,23.4,0.985,1,1,36.4,0.28,30.98,30.1,0
1779285628933,868,UAS-01,530.5,18.88,21.95,3.08,16.03,23.4,0.990,1,1,36.0,0.19,30.82,30.0,0
1779285628967,869,UAS-02,322.2,18.85,22.15,3.30,17.15,24.4,0.984,1,1,36.0,0.05,31.12,29.8,0
1779285629000,870,GND-VEH-01,511.9,19.20,22.02,2.83,15.94,23.5,0.990,1,1,36.0,0.04,31.31,30.1,0
1779285629033,871,PERSON-01,525.6,18.85,22.06,3.21,17.11,25.3,0.990,1,1,36.4,0.13,30.20,30.0,0
1779285629067,872,UAS-01,759.5,18.89,21.77,2.89,16.62,24.0,0.990,1,1,37.5,0.19,30.34,30.0,0
1779285629100,873,UAS-02,328.3,18.97,22.46,3.50,17.45,24.2,0.990,1,1,38.8,0.23,30.65,29.9,0
1779285629133,874,GND-VEH-01,564.0,19.05,22.05,3.01,17.20,22.8,0.990,1,1,36.6,0.04,30.99,30.1,0
1779285629167,875,PERSON-01,524.8,18.89,22.13,3.24,15.80,24.4,0.989,1,1,38.0,0.55,30.85,30.2,0
1779285629200,876,UAS-01,532.5,19.08,21.96,2.87,16.50,22.8,0.990,1,1,36.0,0.25,30.56,30.0,0
1779285629233,877,UAS-02,388.4,19.14,22.52,3.38,17.27,23.3,0.982,1,1,36.0,0.19,31.03,30.1,0
1779285629267,878,GND-VEH-01,604.3,18.89,21.99,3.09,15.94,23.9,0.990,1,1,36.2,0.33,30.77,30.0,0
1779285629300,879,PERSON-01,410.1,19.22,22.12,2.90,15.57,25.2,0.990,1,1,36.3,0.19,30.96,30.0,0
1779285629333,880,UAS-01,404.8,18.93,21.88,2.95,16.43,23.1,0.990,1,1,37.0,0.32,30.73,30.0,0
1779285629367,881,UAS-02,385.5,19.02,22.29,3.27,16.42,23.3,0.990,1,1,38.5,0.14,30.96,30.1,0
1779285629400,882,GND-VEH-01,550.0,18.96,22.23,3.28,16.86,25.4,0.990,1,1,36.0,0.03,31.17,29.9,0
1779285629433,883,PERSON-01,462.7,19.16,22.47,3.31,17.02,25.6,0.980,1,1,37.1,0.18,30.65,30.1,0
1779285629467,884,UAS-01,411.7,19.20,22.11,2.91,16.10,23.1,0.990,1,1,36.3,0.21,30.74,30.0,0
1779285629500,885,UAS-02,340.7,19.06,22.35,3.29,17.04,24.8,0.990,1,1,37.7,0.42,31.17,30.0,0
1779285629533,886,GND-VEH-01,407.6,18.94,22.31,3.37,16.69,24.8,0.990,1,1,36.0,0.52,31.10,30.2,0
1779285629567,887,PERSON-01,590.4,18.91,22.00,3.09,16.61,24.2,0.990,1,1,37.3,0.17,30.60,30.0,0
1779285629600,888,UAS-01,1027.4,19.12,22.12,3.00,16.14,23.9,0.983,1,1,38.3,0.31,30.97,30.1,0
1779285629633,889,UAS-02,482.0,18.83,22.21,3.38,16.84,23.7,0.980,1,1,36.0,0.17,30.89,30.1,0
1779285629667,890,GND-VEH-01,514.5,19.03,22.19,3.16,16.64,23.6,0.990,1,1,36.0,0.03,30.91,30.0,0
1779285629700,891,PERSON-01,458.7,18.68,21.61,2.93,17.10,23.6,0.990,1,1,36.3,0.05,31.01,29.8,0
1779285629733,892,UAS-01,617.7,19.04,22.08,3.03,15.78,24.9,0.990,1,1,36.0,0.23,31.11,30.1,0
1779285629767,893,UAS-02,367.5,18.92,21.82,2.90,15.70,25.0,0.986,1,1,37.9,0.20,31.03,30.1,0
1779285629800,894,GND-VEH-01,439.8,18.87,22.02,3.15,15.94,23.5,0.983,1,1,39.3,0.32,30.84,30.0,0
1779285629833,895,PERSON-01,350.3,19.06,22.41,3.35,16.00,24.4,0.990,1,1,36.0,0.06,30.89,29.9,0
1779285629867,896,UAS-01,394.6,19.30,22.29,2.98,16.47,23.6,0.990,1,1,36.0,0.29,31.07,30.1,0
1779285629900,897,UAS-02,357.2,18.99,22.10,3.10,16.37,23.6,0.990,1,1,36.0,0.21,31.18,30.0,0
1779285629933,898,GND-VEH-01,777.2,19.18,22.03,2.85,16.29,23.1,0.990,1,1,36.0,0.13,30.73,30.0,0
1779285629967,899,PERSON-01,559.7,18.77,22.12,3.34,16.74,25.7,0.990,1,1,38.9,0.04,30.76,29.9,0
1779285630000,900,UAS-01,484.9,18.98,22.35,3.36,17.61,23.1,0.990,1,1,36.4,0.13,30.83,30.1,0
1779285630033,901,UAS-02,623.3,18.87,22.21,3.34,15.95,24.2,0.989,1,1,36.0,0.13,30.98,30.0,0
1779285630067,902,GND-VEH-01,711.9,19.00,21.59,2.59,15.33,22.7,0.990,1,1,36.0,0.21,30.56,30.0,0
1779285630100,903,PERSON-01,693.4,19.32,22.38,3.06,15.97,23.3,0.987,1,1,37.8,0.11,30.71,30.0,0
1779285630133,904,UAS-01,771.3,19.05,22.01,2.96,16.07,24.6,0.990,1,1,36.0,0.16,31.26,30.1,0
1779285630167,905,UAS-02,366.7,18.93,22.34,3.42,16.97,24.4,0.990,1,1,37.0,0.03,30.98,30.0,0
1779285630200,906,GND-VEH-01,497.2,18.76,22.05,3.29,16.97,22.9,0.975,1,1,38.3,0.24,31.56,29.9,0
1779285630233,907,PERSON-01,460.8,19.06,22.19,3.13,16.95,24.6,0.990,1,1,37.4,0.18,31.20,30.0,0
1779285630267,908,UAS-01,482.7,19.08,22.55,3.47,17.66,23.0,0.990,1,1,36.2,0.47,30.83,30.1,0
1779285630300,909,UAS-02,440.0,18.86,22.17,3.31,16.70,24.7,0.990,1,1,36.0,0.00,31.18,30.0,0
1779285630333,910,GND-VEH-01,520.6,19.01,22.07,3.06,16.44,23.3,0.990,1,1,36.0,0.42,30.91,29.9,0
1779285630367,911,PERSON-01,398.7,18.80,22.22,3.41,16.67,23.8,0.990,1,1,36.5,0.33,30.74,30.1,0
1779285630400,912,UAS-01,352.3,19.06,22.20,3.14,16.46,23.2,0.983,1,1,36.0,0.34,31.58,30.1,0
1779285630433,913,UAS-02,602.2,18.94,22.28,3.34,16.41,23.6,0.990,1,1,36.0,0.23,30.95,29.9,0
1779285630467,914,GND-VEH-01,363.5,18.98,21.98,3.01,15.80,23.5,0.990,1,1,36.0,0.44,30.74,30.2,0
1779285630500,915,PERSON-01,421.4,19.18,22.40,3.23,15.58,24.2,0.990,1,1,36.0,0.18,31.09,30.1,0
1779285630533,916,UAS-01,657.4,18.92,22.06,3.14,16.09,24.3,0.977,1,1,36.0,0.46,31.45,29.8,0
1779285630567,917,UAS-02,480.6,19.13,22.22,3.09,15.92,26.2,0.990,1,1,36.0,0.01,30.86,30.1,0
1779285630600,918,GND-VEH-01,374.1,18.96,22.34,3.37,17.61,23.4,0.990,1,1,39.7,0.17,31.02,30.1,0
1779285630633,919,PERSON-01,372.9,19.07,22.50,3.43,17.22,23.0,0.990,1,1,36.0,0.01,30.93,30.1,0
1779285630667,920,UAS-01,731.9,19.04,22.06,3.03,16.52,23.8,0.990,1,1,36.8,0.04,30.91,29.9,0
1779285630700,921,UAS-02,723.5,18.94,21.75,2.81,15.69,24.3,0.977,1,1,36.0,0.20,31.25,29.9,0
1779285630733,922,GND-VEH-01,647.2,18.76,21.96,3.20,17.05,22.8,0.988,1,1,36.2,0.18,31.39,30.0,0
1779285630767,923,PERSON-01,406.0,19.15,22.38,3.23,16.31,23.5,0.990,1,1,37.5,0.15,31.52,30.1,0
1779285630800,924,UAS-01,348.7,18.99,22.10,3.11,16.30,23.4,0.984,1,1,36.0,0.03,31.19,29.8,0
1779285630833,925,UAS-02,487.6,19.14,22.34,3.19,16.43,24.4,0.990,1,1,36.0,0.15,31.61,29.9,0
1779285630867,926,GND-VEH-01,330.4,19.09,22.02,2.93,15.72,24.0,0.990,1,1,38.2,0.35,30.96,30.1,0
1779285630900,927,PERSON-01,580.3,18.96,22.15,3.19,16.40,24.5,0.990,1,1,36.2,0.20,31.00,30.0,0
1779285630933,928,UAS-01,595.4,18.96,22.33,3.37,17.04,25.9,0.990,1,1,36.8,0.06,31.04,30.0,0
1779285630967,929,UAS-02,748.0,19.04,22.11,3.07,16.18,23.5,0.990,1,1,37.7,0.42,31.15,29.8,0
1779285631000,930,GND-VEH-01,390.5,18.99,22.26,3.27,15.95,24.2,0.973,1,1,36.8,0.16,30.64,29.9,0
1779285631033,931,PERSON-01,738.9,19.13,22.17,3.03,16.37,25.2,0.990,1,1,36.0,0.46,31.09,30.2,0
1779285631067,932,UAS-01,396.1,18.72,21.75,3.02,16.17,22.7,0.990,1,1,36.0,0.16,31.09,30.0,0
1779285631100,933,UAS-02,388.2,18.81,22.07,3.26,16.44,25.0,0.990,1,1,36.0,0.48,31.25,29.9,0
1779285631133,934,GND-VEH-01,350.8,19.06,22.14,3.09,17.08,23.6,0.990,1,1,36.0,0.23,31.22,30.0,0
1779285631167,935,PERSON-01,443.4,18.75,21.72,2.97,16.51,23.6,0.990,1,1,36.9,0.31,31.46,30.1,0
1779285631200,936,UAS-01,488.8,18.95,22.26,3.31,17.49,22.8,0.990,1,1,36.2,0.08,30.97,30.2,0
1779285631233,937,UAS-02,349.7,19.18,22.11,2.93,16.45,24.3,0.990,1,1,36.4,0.30,31.01,30.0,0
1779285631267,938,GND-VEH-01,361.8,18.86,21.96,3.10,15.81,24.6,0.990,1,1,38.9,0.21,31.54,30.0,0
1779285631300,939,PERSON-01,402.5,19.24,22.57,3.33,15.88,23.6,0.990,1,1,39.6,0.16,31.00,30.2,0
1779285631333,940,UAS-01,366.9,18.80,21.79,2.99,16.82,24.9,0.989,1,1,36.0,0.05,31.33,29.9,0
1779285631367,941,UAS-02,310.4,19.18,22.28,3.10,16.62,23.4,0.978,1,1,36.0,0.33,30.88,30.1,0
1779285631400,942,GND-VEH-01,308.3,18.83,22.11,3.28,17.12,24.7,0.982,1,1,36.0,0.32,31.44,30.0,0
1779285631433,943,PERSON-01,445.8,19.16,22.46,3.30,16.47,25.0,0.990,1,1,36.3,0.01,31.32,29.9,0
1779285631467,944,UAS-01,447.5,18.99,22.21,3.22,16.13,23.3,0.976,1,1,36.9,0.54,31.14,30.1,0
1779285631500,945,UAS-02,305.6,19.17,22.23,3.06,16.36,24.5,0.978,1,1,36.3,0.03,30.72,29.9,0
1779285631533,946,GND-VEH-01,439.4,19.01,22.38,3.37,16.59,24.1,0.990,1,1,38.0,0.09,30.97,30.0,0
1779285631567,947,PERSON-01,597.3,18.90,21.68,2.78,15.64,25.1,0.961,1,1,36.0,0.07,31.44,29.9,0
1779285631600,948,UAS-01,499.1,18.89,21.63,2.74,16.03,24.2,0.990,1,1,38.6,0.05,31.64,29.9,0
1779285631633,949,UAS-02,771.0,18.93,22.01,3.08,16.07,25.3,0.990,1,1,37.5,0.13,31.13,30.1,0
1779285631667,950,GND-VEH-01,458.9,18.71,21.83,3.12,15.81,25.2,0.990,1,1,36.0,0.09,31.07,29.9,0
1779285631700,951,PERSON-01,714.6,19.14,22.09,2.95,16.13,22.3,0.990,1,1,38.4,0.31,30.89,30.0,0
1779285631733,952,UAS-01,385.9,19.11,22.29,3.18,16.58,24.3,0.990,1,1,37.9,0.15,31.30,29.9,0
1779285631767,953,UAS-02,410.4,19.23,22.36,3.13,16.30,24.8,0.990,1,1,36.0,0.63,31.00,30.0,0
1779285631800,954,GND-VEH-01,571.1,18.98,22.08,3.10,16.38,23.7,0.990,1,1,36.0,0.20,31.47,30.1,0
1779285631833,955,PERSON-01,360.6,19.09,22.23,3.14,16.53,24.0,0.982,1,1,36.0,0.21,31.23,30.1,0
1779285631867,956,UAS-01,598.9,18.82,21.93,3.11,16.29,23.7,0.990,1,1,36.0,0.36,30.84,30.0,0
1779285631900,957,UAS-02,401.8,18.96,22.10,3.13,15.68,24.0,0.973,1,1,36.5,0.12,31.13,30.0,0
1779285631933,958,GND-VEH-01,376.4,19.03,22.21,3.18,16.40,23.2,0.990,1,1,37.3,0.17,31.21,29.9,0
1779285631967,959,PERSON-01,531.8,18.90,22.14,3.24,16.85,23.6,0.990,1,1,37.1,0.27,31.19,30.0,0
1779285632000,960,UAS-01,456.5,18.86,22.12,3.26,17.26,23.2,0.990,1,1,36.0,0.22,31.27,30.0,0
1779285632033,961,UAS-02,614.8,19.08,22.11,3.03,16.03,25.3,0.984,1,1,36.0,0.26,31.39,30.0,0
1779285632067,962,GND-VEH-01,474.6,19.12,22.51,3.39,16.99,23.3,0.985,1,1,39.8,0.31,31.31,30.0,0
1779285632100,963,PERSON-01,486.2,18.89,22.10,3.21,16.76,23.8,0.990,1,1,36.0,0.02,30.98,29.9,0
1779285632133,964,UAS-01,646.2,18.78,21.58,2.79,15.78,23.4,0.990,1,1,37.0,0.04,31.03,30.0,0
1779285632167,965,UAS-02,388.9,19.16,22.54,3.37,16.98,24.8,0.988,1,1,36.0,0.12,31.18,30.0,0
1779285632200,966,GND-VEH-01,752.8,18.96,22.00,3.04,15.99,23.2,0.990,1,1,38.1,0.11,31.11,30.1,0
1779285632233,967,PERSON-01,378.4,19.04,22.39,3.35,16.85,22.2,0.990,1,1,36.2,0.30,31.41,30.0,0
1779285632267,968,UAS-01,364.8,19.08,22.41,3.33,16.19,24.3,0.990,1,1,36.0,0.11,31.33,30.1,0
1779285632300,969,UAS-02,437.6,18.81,21.87,3.06,16.04,25.1,0.990,1,1,36.3,0.15,31.17,30.0,0
1779285632333,970,GND-VEH-01,737.7,19.11,21.84,2.73,16.07,24.4,0.990,1,1,37.4,0.63,31.13,30.0,0
1779285632367,971,PERSON-01,532.6,19.03,22.09,3.06,16.29,24.4,0.990,1,1,37.0,0.06,31.36,29.9,0
1779285632400,972,UAS-01,546.7,18.89,21.63,2.74,15.60,25.9,0.990,1,1,37.8,0.27,31.41,29.9,0
1779285632433,973,UAS-02,542.6,18.81,22.19,3.38,16.90,24.4,0.982,1,1,39.5,0.37,31.23,30.1,0
1779285632467,974,GND-VEH-01,479.5,19.09,22.10,3.01,16.65,24.6,0.990,1,1,36.0,0.31,31.04,30.0,0
1779285632500,975,PERSON-01,651.9,18.96,22.07,3.11,16.91,25.4,0.973,1,1,36.0,0.41,31.75,29.9,0
1779285632533,976,UAS-01,614.1,18.95,22.07,3.13,17.35,25.5,0.990,1,1,36.0,0.39,31.01,30.0,0
1779285632567,977,UAS-02,692.1,19.14,22.27,3.13,16.34,23.1,0.990,1,1,36.0,0.38,31.33,30.1,0
1779285632600,978,GND-VEH-01,577.8,19.04,22.25,3.21,17.32,24.1,0.990,1,1,36.0,0.16,31.34,29.9,0
1779285632633,979,PERSON-01,462.3,19.08,22.42,3.34,16.73,24.2,0.990,1,1,36.0,0.30,31.16,30.2,0
1779285632667,980,UAS-01,380.3,18.89,22.16,3.28,17.11,23.8,0.990,1,1,36.9,0.00,30.81,30.0,0
1779285632700,981,UAS-02,509.9,19.14,22.44,3.29,16.49,23.8,0.990,1,1,36.8,0.21,31.04,30.0,0
1779285632733,982,GND-VEH-01,551.4,19.10,22.21,3.11,16.10,24.8,0.990,1,1,36.0,0.41,31.39,29.9,0
1779285632767,983,PERSON-01,419.3,19.07,22.40,3.33,16.91,25.4,0.990,1,1,40.0,0.15,31.24,30.1,0
1779285632800,984,UAS-01,516.9,18.94,22.03,3.09,16.82,24.1,0.980,1,1,37.1,0.78,31.56,30.0,0
1779285632833,985,UAS-02,430.5,18.89,22.27,3.38,16.31,26.1,0.988,1,1,36.2,0.05,31.34,30.1,0
1779285632867,986,GND-VEH-01,526.0,19.07,22.19,3.12,15.73,25.3,0.990,1,1,36.5,0.03,31.35,30.1,0
1779285632900,987,PERSON-01,439.9,19.13,22.23,3.10,16.63,25.4,0.990,1,1,36.0,0.50,30.99,30.0,0
1779285632933,988,UAS-01,332.2,19.05,22.13,3.08,16.06,25.1,0.990,1,1,36.6,0.34,31.39,30.1,0
1779285632967,989,UAS-02,324.0,18.89,21.91,3.02,15.57,24.6,0.990,1,1,36.0,0.01,30.92,30.0,0
1779285633000,990,GND-VEH-01,399.2,19.22,22.52,3.29,16.42,22.0,0.990,1,1,37.1,0.09,31.76,30.0,0
1779285633033,991,PERSON-01,456.0,18.95,22.13,3.18,16.55,23.6,0.990,1,1,36.0,0.51,31.01,30.0,0
1779285633067,992,UAS-01,328.5,19.10,22.01,2.91,15.75,24.3,0.990,1,1,36.0,0.37,31.47,30.0,0
1779285633100,993,UAS-02,544.9,18.88,22.05,3.17,15.81,24.5,0.990,1,1,36.0,0.07,31.37,29.9,0
1779285633133,994,GND-VEH-01,473.7,18.77,21.96,3.19,16.69,24.3,0.990,1,1,37.1,0.12,30.92,30.0,0
1779285633167,995,PERSON-01,317.8,19.20,22.23,3.03,16.69,23.4,0.990,1,1,36.0,0.09,31.33,30.0,0
1779285633200,996,UAS-01,520.3,19.34,22.31,2.97,15.60,24.0,0.990,1,1,37.8,0.32,31.13,30.0,0
1779285633233,997,UAS-02,477.7,18.94,22.18,3.24,15.63,26.4,0.990,1,1,38.4,0.38,31.71,30.0,0
1779285633267,998,GND-VEH-01,436.0,19.22,22.44,3.22,16.53,23.1,0.986,1,1,38.1,0.02,31.17,30.1,0
1779285633300,999,PERSON-01,387.4,19.02,22.20,3.18,16.64,24.8,0.990,1,1,37.0,0.24,31.53,30.0,0
1779285633333,1000,UAS-01,362.7,19.01,22.06,3.05,16.60,23.7,0.990,1,1,36.2,0.27,31.44,30.0,0
1779285633367,1001,UAS-02,337.7,19.07,22.12,3.06,15.82,23.7,0.985,1,1,36.0,0.47,31.54,30.0,0
1779285633400,1002,GND-VEH-01,392.3,18.77,22.02,3.25,17.36,22.4,0.990,1,1,36.2,0.10,31.06,30.0,0
1779285633433,1003,PERSON-01,586.0,19.16,22.42,3.27,16.75,23.5,0.990,1,1,36.0,0.22,31.51,29.8,0
1779285633467,1004,UAS-01,453.4,18.78,21.82,3.05,15.99,23.7,0.982,1,1,36.0,0.01,31.39,30.1,0
1779285633500,1005,UAS-02,415.8,19.09,22.36,3.26,16.21,24.8,0.980,1,1,36.0,0.30,31.38,30.1,0
1779285633533,1006,GND-VEH-01,747.6,19.05,21.93,2.89,15.88,23.5,0.990,1,1,36.9,0.14,31.51,30.1,0
1779285633567,1007,PERSON-01,360.9,18.93,22.20,3.28,16.70,24.1,0.990,1,1,36.5,0.16,31.64,30.0,0
1779285633600,1008,UAS-01,528.3,18.98,22.29,3.31,16.39,24.9,0.990,1,1,36.0,0.14,30.94,30.1,0
1779285633633,1009,UAS-02,344.7,18.72,22.11,3.38,16.34,25.3,0.990,1,1,36.7,0.11,31.85,30.0,0
1779285633667,1010,GND-VEH-01,496.3,19.15,22.22,3.07,17.09,23.8,0.990,1,1,36.8,0.23,31.58,30.1,0
1779285633700,1011,PERSON-01,516.5,18.83,22.17,3.34,16.84,23.2,0.990,1,1,36.0,0.20,31.26,30.0,0
1779285633733,1012,UAS-01,505.2,18.76,21.84,3.08,16.38,23.8,0.990,1,1,36.5,0.27,31.23,29.9,0
1779285633767,1013,UAS-02,313.8,18.92,22.26,3.33,16.64,25.1,0.981,1,1,37.3,0.00,31.54,30.0,0
1779285633800,1014,GND-VEH-01,817.2,19.13,22.18,3.05,16.19,25.1,0.986,1,1,38.2,0.16,31.20,30.1,0
1779285633833,1015,PERSON-01,575.9,18.80,22.09,3.29,17.04,21.7,0.990,1,1,38.9,0.32,31.28,29.9,0
1779285633867,1016,UAS-01,678.6,19.12,22.17,3.04,15.83,23.1,0.990,1,1,36.4,0.01,31.61,30.0,0
1779285633900,1017,UAS-02,412.3,19.09,22.02,2.93,16.05,25.2,0.990,1,1,37.0,0.26,31.56,29.9,0
1779285633933,1018,GND-VEH-01,396.7,18.84,21.93,3.09,16.19,24.6,0.990,1,1,36.0,0.31,31.40,29.9,0
1779285633967,1019,PERSON-01,924.6,18.80,21.70,2.90,16.05,23.4,0.983,1,1,38.1,0.39,31.10,30.0,0
1779285634000,1020,UAS-01,549.6,18.96,22.28,3.31,16.17,24.2,0.977,1,1,36.0,0.35,31.83,30.0,0
1779285634033,1021,UAS-02,465.7,18.86,21.77,2.91,16.11,23.8,0.990,1,1,36.0,0.25,31.03,30.2,0
1779285634067,1022,GND-VEH-01,494.1,19.02,22.02,3.01,15.90,23.8,0.990,1,1,36.1,0.33,31.31,30.0,0
1779285634100,1023,PERSON-01,671.5,18.89,21.79,2.90,15.43,24.3,0.990,1,1,36.0,0.05,30.91,30.0,0
1779285634133,1024,UAS-01,312.7,18.90,22.00,3.11,16.20,24.2,0.986,1,1,36.0,0.66,31.33,30.0,0
1779285634167,1025,UAS-02,589.3,18.75,22.00,3.25,16.98,23.8,0.990,1,1,36.0,0.17,31.21,30.0,0
1779285634200,1026,GND-VEH-01,437.5,18.96,22.12,3.16,16.14,23.2,0.979,1,1,37.5,0.30,31.19,30.1,0
1779285634233,1027,PERSON-01,448.9,18.90,22.29,3.39,17.05,22.7,0.990,1,1,37.4,0.02,31.55,30.0,0
1779285634267,1028,UAS-01,827.6,19.11,21.80,2.69,15.83,23.8,0.990,1,1,36.0,0.23,32.05,30.0,0
1779285634300,1029,UAS-02,499.4,19.04,22.31,3.27,16.35,24.3,0.990,1,1,36.0,0.49,31.65,30.0,0
1779285634333,1030,GND-VEH-01,479.2,18.72,22.00,3.28,17.03,25.8,0.990,1,1,36.0,0.06,31.26,30.1,0
1779285634367,1031,PERSON-01,536.9,19.07,22.32,3.25,16.35,23.8,0.987,1,1,36.0,0.23,31.49,30.0,0
1779285634400,1032,UAS-01,611.4,19.22,22.59,3.36,17.01,24.8,0.990,1,1,36.0,0.18,32.01,29.8,0
1779285634433,1033,UAS-02,517.8,19.00,22.25,3.26,17.24,23.3,0.987,1,1,36.3,0.68,31.38,30.0,0
1779285634467,1034,GND-VEH-01,418.9,19.05,22.13,3.08,16.18,24.5,0.990,1,1,37.1,0.43,31.60,30.0,0
1779285634500,1035,PERSON-01,535.1,18.90,22.06,3.15,17.13,25.9,0.990,1,1,36.6,0.01,31.87,30.0,0
1779285634533,1036,UAS-01,317.3,18.99,22.27,3.28,16.08,23.8,0.987,1,1,36.0,0.24,31.44,30.0,0
1779285634567,1037,UAS-02,437.6,18.96,21.97,3.02,16.12,23.0,0.990,1,1,36.0,0.12,31.59,30.0,0
1779285634600,1038,GND-VEH-01,598.9,19.10,22.08,2.98,16.28,24.3,0.990,1,1,36.0,0.19,31.52,30.0,0
1779285634633,1039,PERSON-01,359.8,19.14,22.16,3.02,15.46,24.8,0.990,1,1,36.0,0.41,31.30,29.7,0
1779285634667,1040,UAS-01,606.1,19.11,21.95,2.84,16.67,23.5,0.990,1,1,36.0,0.09,31.32,30.2,0
1779285634700,1041,UAS-02,832.7,19.11,22.07,2.96,16.11,23.3,0.990,1,1,36.0,0.29,31.34,29.9,0
1779285634733,1042,GND-VEH-01,439.8,18.83,21.81,2.98,16.26,22.6,0.990,1,1,36.0,0.32,31.84,30.0,0
1779285634767,1043,PERSON-01,343.2,19.00,22.28,3.28,16.76,25.1,0.990,1,1,37.5,0.15,31.31,30.1,0
1779285634800,1044,UAS-01,801.0,18.76,21.89,3.13,16.26,24.3,0.986,1,1,36.0,0.17,31.68,30.0,0
1779285634833,1045,UAS-02,555.3,18.67,21.92,3.26,16.20,23.6,0.981,1,1,36.0,0.54,31.49,30.0,0
1779285634867,1046,GND-VEH-01,336.0,18.98,22.40,3.42,17.37,24.4,0.990,1,1,36.0,0.04,31.91,30.0,0
1779285634900,1047,PERSON-01,683.0,19.03,22.31,3.29,16.42,22.3,0.990,1,1,36.4,0.02,31.21,29.9,0
1779285634933,1048,UAS-01,550.1,18.87,22.41,3.54,17.06,23.8,0.990,1,1,36.0,0.15,31.64,29.9,0
1779285634967,1049,UAS-02,338.4,19.03,22.04,3.01,16.55,23.9,0.990,1,1,37.8,0.16,31.91,29.9,0
1779285635000,1050,GND-VEH-01,556.4,18.94,22.33,3.39,16.88,23.3,0.980,1,1,36.0,0.35,31.38,30.1,0
1779285635033,1051,PERSON-01,416.7,19.09,22.42,3.32,17.09,22.3,0.980,1,1,36.0,0.02,31.46,30.0,0
1779285635067,1052,UAS-01,332.9,19.07,22.30,3.23,15.79,26.1,0.990,1,1,36.0,0.36,31.71,30.1,0
1779285635100,1053,UAS-02,325.8,18.77,21.96,3.19,16.24,24.0,0.990,1,1,36.0,0.08,31.27,30.1,0
1779285635133,1054,GND-VEH-01,325.7,19.17,22.48,3.32,16.63,23.1,0.990,1,1,36.9,0.12,31.57,29.8,0
1779285635167,1055,PERSON-01,505.8,19.22,22.07,2.85,16.98,24.1,0.990,1,1,37.3,0.10,31.25,30.1,0
1779285635200,1056,UAS-01,370.9,18.98,22.06,3.08,16.17,23.4,0.988,1,1,38.7,0.44,31.67,30.0,0
1779285635233,1057,UAS-02,841.0,19.22,22.39,3.17,15.67,22.8,0.990,1,1,36.4,0.23,31.60,29.9,0
1779285635267,1058,GND-VEH-01,307.8,18.97,22.44,3.47,16.34,24.0,0.990,1,1,36.0,0.21,31.96,30.0,0
1779285635300,1059,PERSON-01,418.8,19.06,22.58,3.53,16.66,24.2,0.990,1,1,36.0,0.35,31.61,30.0,0
1779285635333,1060,UAS-01,615.9,19.06,22.14,3.09,16.39,23.3,0.977,1,1,36.0,0.31,31.20,30.0,0
1779285635367,1061,UAS-02,318.8,19.01,22.08,3.07,16.84,23.4,0.963,1,1,36.0,0.34,31.71,30.0,0
1779285635400,1062,GND-VEH-01,344.2,18.65,21.42,2.77,16.37,23.6,0.984,1,1,38.0,0.13,31.19,29.9,0
1779285635433,1063,PERSON-01,589.8,19.24,22.37,3.13,16.18,22.4,0.990,1,1,36.0,0.06,31.20,29.9,0
1779285635467,1064,UAS-01,326.6,18.92,22.09,3.17,16.21,24.3,0.990,1,1,37.2,0.42,31.58,29.8,0
1779285635500,1065,UAS-02,324.7,19.04,22.42,3.37,16.89,24.1,0.990,1,1,36.0,0.16,31.78,29.9,0
1779285635533,1066,GND-VEH-01,362.2,18.78,21.81,3.03,15.93,24.4,0.982,1,1,37.9,0.39,31.67,29.9,0
1779285635567,1067,PERSON-01,342.0,19.06,21.93,2.87,16.31,23.2,0.990,1,1,36.4,0.48,31.77,29.9,0
1779285635600,1068,UAS-01,396.7,18.89,22.19,3.30,16.63,23.9,0.990,1,1,36.0,0.35,31.30,29.8,0
1779285635633,1069,UAS-02,405.2,18.80,21.79,2.99,16.65,24.9,0.976,1,1,37.2,0.07,31.75,30.0,0
1779285635667,1070,GND-VEH-01,404.9,19.06,22.30,3.25,16.14,24.7,0.990,1,1,38.0,0.36,31.81,30.0,0
1779285635700,1071,PERSON-01,506.2,19.12,22.32,3.20,16.52,25.4,0.990,1,1,36.0,0.14,31.21,30.0,0
1779285635733,1072,UAS-01,418.1,18.97,22.06,3.10,16.26,24.1,0.974,1,1,36.0,0.31,31.46,30.0,0
1779285635767,1073,UAS-02,413.1,18.79,22.16,3.37,16.79,23.3,0.988,1,1,38.2,0.26,31.92,30.2,0
1779285635800,1074,GND-VEH-01,544.8,18.95,22.03,3.08,16.47,21.8,0.990,1,1,36.0,0.11,31.32,21.2,1
1779285635833,1075,PERSON-01,488.9,19.08,22.34,3.26,17.42,24.6,0.990,1,1,38.5,0.49,31.66,30.1,0
1779285635867,1076,UAS-01,490.6,18.93,22.16,3.23,16.82,23.1,0.990,1,1,39.8,0.05,31.06,30.1,0
1779285635900,1077,UAS-02,472.7,18.93,21.87,2.95,15.84,24.9,0.990,1,1,36.5,0.08,31.65,30.1,0
1779285635933,1078,GND-VEH-01,592.8,18.86,21.89,3.02,16.24,24.1,0.976,1,1,36.0,0.01,31.50,29.9,0
1779285635967,1079,PERSON-01,386.3,18.82,21.80,2.98,16.38,23.2,0.990,1,1,36.0,0.10,32.00,30.0,0
1779285636000,1080,UAS-01,318.9,19.01,22.06,3.04,15.71,23.2,0.990,1,1,36.0,0.23,32.03,30.0,0
1779285636033,1081,UAS-02,396.9,19.16,22.73,3.57,17.04,25.0,0.968,1,1,37.2,0.11,31.43,29.9,0
1779285636067,1082,GND-VEH-01,368.3,18.80,22.14,3.34,16.87,23.7,0.990,1,1,37.0,0.10,31.31,29.9,0
1779285636100,1083,PERSON-01,901.4,19.15,21.78,2.64,16.04,24.7,0.990,1,1,36.0,0.09,31.83,30.1,0
1779285636133,1084,UAS-01,526.6,18.88,21.82,2.94,16.10,23.9,0.980,1,1,38.5,0.04,31.46,30.0,0
1779285636167,1085,UAS-02,429.6,19.07,22.09,3.02,16.30,23.9,0.990,1,1,36.0,0.41,31.84,30.1,0
1779285636200,1086,GND-VEH-01,703.3,19.08,22.15,3.07,16.09,22.1,0.990,1,1,38.4,0.07,31.79,30.1,0
1779285636233,1087,PERSON-01,325.7,18.92,22.02,3.10,16.01,22.4,0.990,1,1,36.0,0.09,31.68,30.0,0
1779285636267,1088,UAS-01,557.5,19.20,21.96,2.76,15.24,23.2,0.990,1,1,37.6,0.05,31.15,30.0,0
1779285636300,1089,UAS-02,372.9,19.21,22.56,3.35,17.31,24.5,0.990,1,1,36.0,0.14,31.98,30.1,0
1779285636333,1090,GND-VEH-01,802.4,18.90,21.90,3.01,16.89,23.0,0.990,1,1,36.0,0.04,32.03,30.1,0
1779285636367,1091,PERSON-01,680.9,18.69,21.72,3.03,16.08,24.6,0.990,1,1,40.2,0.04,31.82,30.1,0
1779285636400,1092,UAS-01,443.4,18.92,22.01,3.09,17.04,23.9,0.990,1,1,36.0,0.24,31.66,29.9,0
1779285636433,1093,UAS-02,497.8,18.87,22.46,3.59,17.71,25.1,0.990,1,1,36.0,0.16,31.70,29.9,0
1779285636467,1094,GND-VEH-01,495.8,18.88,21.82,2.95,16.45,21.8,0.988,1,1,38.2,0.19,31.29,30.0,0
1779285636500,1095,PERSON-01,556.7,19.12,22.05,2.92,15.81,23.2,0.990,1,1,36.0,0.09,31.91,30.1,0
1779285636533,1096,UAS-01,321.9,18.73,22.05,3.32,15.81,24.4,0.990,1,1,36.0,0.03,31.94,29.9,0
1779285636567,1097,UAS-02,557.4,18.87,21.76,2.89,15.79,24.2,0.990,1,1,38.3,0.02,31.76,30.1,0
1779285636600,1098,GND-VEH-01,755.0,18.98,21.93,2.95,16.56,23.2,0.981,1,1,37.1,0.43,31.96,30.1,0
1779285636633,1099,PERSON-01,570.6,19.13,22.51,3.38,16.74,25.7,0.976,1,1,37.0,0.56,31.82,29.9,0
1779285636667,1100,UAS-01,716.2,18.89,21.84,2.95,16.80,24.5,0.990,1,1,37.5,0.27,31.78,30.1,0
1779285636700,1101,UAS-02,404.9,19.26,22.45,3.19,15.93,24.4,0.984,1,1,36.8,0.03,31.77,30.0,0
1779285636733,1102,GND-VEH-01,715.5,19.06,21.86,2.79,15.48,25.5,0.990,1,1,36.0,0.03,31.63,30.0,0
1779285636767,1103,PERSON-01,490.9,19.02,22.37,3.35,16.40,24.6,0.990,1,1,37.1,0.13,31.97,30.0,0
1779285636800,1104,UAS-01,359.9,19.05,21.93,2.89,15.88,23.5,0.990,1,1,36.0,0.12,31.74,30.1,0
1779285636833,1105,UAS-02,459.6,18.93,22.16,3.22,16.77,25.3,0.990,1,1,37.6,0.69,31.99,30.0,0
1779285636867,1106,GND-VEH-01,315.3,18.97,22.50,3.53,17.19,24.2,0.990,1,1,36.0,0.09,32.10,30.1,0
1779285636900,1107,PERSON-01,656.7,18.82,21.72,2.90,15.29,23.4,0.990,1,1,36.0,0.07,31.54,29.9,0
1779285636933,1108,UAS-01,546.8,18.98,22.08,3.10,16.23,25.0,0.990,1,1,36.0,0.66,31.52,29.9,0
1779285636967,1109,UAS-02,441.0,18.99,22.21,3.22,16.00,24.2,0.990,1,1,36.0,0.49,31.84,30.0,0
1779285637000,1110,GND-VEH-01,572.8,18.92,21.95,3.03,16.34,23.3,0.990,1,1,37.0,0.01,31.64,30.2,0
1779285637033,1111,PERSON-01,553.8,18.84,22.16,3.32,17.34,23.6,0.990,1,1,36.0,0.16,31.28,30.1,0
1779285637067,1112,UAS-01,635.2,18.94,22.01,3.07,16.46,23.8,0.990,1,1,37.6,0.03,31.74,29.9,0
1779285637100,1113,UAS-02,336.3,18.87,22.24,3.37,16.57,24.1,0.990,1,1,36.6,0.26,31.38,29.9,0
1779285637133,1114,GND-VEH-01,773.3,19.24,22.33,3.10,16.49,23.0,0.990,1,1,36.1,0.14,31.83,29.8,0
1779285637167,1115,PERSON-01,553.8,19.26,22.26,3.00,15.91,24.1,0.990,1,1,36.5,0.17,31.89,30.0,0
1779285637200,1116,UAS-01,681.8,18.96,21.74,2.78,15.86,23.3,0.989,1,1,37.5,0.10,31.97,29.9,0
1779285637233,1117,UAS-02,302.7,18.94,22.30,3.36,17.30,23.0,0.990,1,1,36.0,0.05,31.43,30.0,0
1779285637267,1118,GND-VEH-01,395.9,18.98,22.07,3.09,16.23,26.2,0.990,1,1,36.0,0.05,31.72,30.0,0
1779285637300,1119,PERSON-01,558.3,18.90,22.16,3.26,17.14,23.6,0.976,1,1,38.6,0.01,31.99,29.9,0
1779285637333,1120,UAS-01,870.7,18.79,21.67,2.88,16.19,23.6,0.990,1,1,36.0,0.17,31.79,30.0,0
1779285637367,1121,UAS-02,426.4,19.05,22.05,3.00,16.63,23.9,0.990,1,1,36.7,0.08,31.58,30.1,0
1779285637400,1122,GND-VEH-01,587.5,19.11,22.36,3.26,16.77,24.3,0.987,1,1,36.5,0.16,31.86,30.0,0
1779285637433,1123,PERSON-01,420.9,19.15,21.99,2.84,16.13,25.0,0.986,1,1,38.1,0.13,31.40,30.1,0
1779285637467,1124,UAS-01,575.1,18.97,21.92,2.95,17.12,23.4,0.990,1,1,36.6,0.30,31.81,30.0,0
1779285637500,1125,UAS-02,634.1,19.01,22.07,3.06,15.99,25.1,0.987,1,1,36.0,0.36,31.95,30.0,0
1779285637533,1126,GND-VEH-01,747.5,19.30,22.24,2.95,15.85,25.5,0.990,1,1,36.8,0.08,31.84,30.0,0
1779285637567,1127,PERSON-01,382.9,18.93,21.91,2.97,15.86,25.0,0.990,1,1,37.9,0.12,32.00,29.9,0
1779285637600,1128,UAS-01,364.7,18.95,22.16,3.21,16.75,24.8,0.990,1,1,36.0,0.53,31.57,30.0,0
1779285637633,1129,UAS-02,823.9,18.94,22.06,3.12,16.50,24.0,0.990,1,1,37.1,0.03,31.54,30.0,0
1779285637667,1130,GND-VEH-01,424.9,19.07,22.44,3.37,16.16,23.8,0.990,1,1,36.0,0.17,31.95,30.1,0
1779285637700,1131,PERSON-01,476.3,18.87,22.37,3.50,16.82,24.9,0.990,1,1,36.0,0.10,31.76,29.9,0
1779285637733,1132,UAS-01,492.2,19.24,22.28,3.04,16.71,24.0,0.990,1,1,37.1,0.09,32.03,30.0,0
1779285637767,1133,UAS-02,366.3,18.99,22.24,3.26,16.55,23.2,0.990,1,1,39.0,0.38,32.01,29.9,0
1779285637800,1134,GND-VEH-01,608.7,19.06,22.20,3.14,17.26,24.3,0.990,1,1,36.0,0.35,32.28,29.8,0
1779285637833,1135,PERSON-01,359.5,19.02,22.20,3.17,15.64,25.0,0.990,1,1,37.0,0.16,31.77,30.0,0
1779285637867,1136,UAS-01,579.9,19.01,22.19,3.18,16.53,24.5,0.990,1,1,36.0,0.25,32.01,29.9,0
1779285637900,1137,UAS-02,594.4,18.92,22.06,3.14,16.58,24.1,0.990,1,1,36.0,0.12,31.80,30.0,0
1779285637933,1138,GND-VEH-01,303.5,18.94,22.12,3.19,15.77,25.4,0.984,1,1,37.5,0.22,31.76,30.0,0
1779285637967,1139,PERSON-01,368.9,19.26,22.51,3.25,17.12,25.4,0.990,1,1,38.2,0.18,31.88,30.1,0
1779285638000,1140,UAS-01,425.6,18.98,22.20,3.22,16.79,24.1,0.984,1,1,36.7,0.04,31.68,30.0,0
1779285638033,1141,UAS-02,524.7,18.60,21.96,3.36,16.68,22.5,0.980,1,1,37.5,0.11,32.19,29.9,0
1779285638067,1142,GND-VEH-01,396.8,19.10,22.19,3.09,15.91,24.9,0.974,1,1,36.0,0.22,31.56,30.0,0
1779285638100,1143,PERSON-01,449.1,19.06,22.28,3.22,17.24,24.5,0.968,1,1,36.6,0.58,31.83,30.1,0
1779285638133,1144,UAS-01,321.2,18.89,22.36,3.48,16.82,22.9,0.990,1,1,38.4,0.37,32.26,30.0,0
1779285638167,1145,UAS-02,605.0,18.84,21.99,3.15,17.22,24.1,0.970,1,1,36.0,0.34,31.67,30.0,0
1779285638200,1146,GND-VEH-01,382.9,19.18,22.46,3.28,17.27,23.9,0.990,1,1,36.0,0.04,32.17,29.9,0
1779285638233,1147,PERSON-01,678.6,18.91,22.06,3.15,16.48,23.5,0.987,1,1,38.2,0.46,31.67,29.9,0
1779285638267,1148,UAS-01,320.7,18.73,22.19,3.45,17.68,22.8,0.989,1,1,36.0,0.05,32.05,30.1,0
1779285638300,1149,UAS-02,790.4,19.28,22.32,3.03,16.27,23.4,0.990,1,1,36.0,0.26,31.47,30.1,0
1779285638333,1150,GND-VEH-01,655.5,19.18,22.29,3.11,16.96,24.0,0.990,1,1,38.0,0.11,31.45,29.9,0
1779285638367,1151,PERSON-01,764.9,19.02,22.07,3.05,16.35,24.7,0.990,1,1,36.7,0.54,31.84,29.9,0
1779285638400,1152,UAS-01,384.5,18.99,22.59,3.61,17.76,23.9,0.990,1,1,38.6,0.03,31.88,30.2,0
1779285638433,1153,UAS-02,689.1,18.77,21.73,2.96,15.88,23.0,0.986,1,1,36.0,0.01,31.74,30.1,0
1779285638467,1154,GND-VEH-01,416.8,19.00,22.20,3.19,17.02,24.6,0.990,1,1,36.3,0.18,31.84,30.1,0
1779285638500,1155,PERSON-01,319.9,18.87,22.10,3.22,16.56,22.6,0.990,1,1,36.4,0.59,31.93,30.2,0
1779285638533,1156,UAS-01,1008.7,18.87,21.68,2.81,15.39,23.8,0.990,1,1,36.0,0.40,31.78,29.9,0
1779285638567,1157,UAS-02,378.1,18.90,22.05,3.15,16.95,25.3,0.990,1,1,36.0,0.80,31.61,30.1,0
1779285638600,1158,GND-VEH-01,774.1,19.13,21.93,2.80,16.03,23.8,0.990,1,1,36.0,0.02,31.75,30.0,0
1779285638633,1159,PERSON-01,443.4,18.89,22.09,3.20,16.37,25.1,0.980,1,1,36.0,0.13,32.10,30.0,0
1779285638667,1160,UAS-01,458.7,19.10,22.32,3.22,16.62,23.5,0.990,1,1,36.0,0.14,32.10,30.1,0
1779285638700,1161,UAS-02,444.8,19.14,22.40,3.27,17.06,24.3,0.990,1,1,38.9,0.09,32.24,30.0,0
1779285638733,1162,GND-VEH-01,342.5,18.93,21.87,2.94,16.15,24.2,0.990,1,1,36.0,0.02,31.86,30.0,0
1779285638767,1163,PERSON-01,336.9,19.20,22.27,3.06,16.72,23.1,0.990,1,1,36.2,0.11,31.49,30.0,0
1779285638800,1164,UAS-01,618.2,18.77,22.05,3.28,16.86,23.9,0.979,1,1,38.1,0.26,31.80,30.1,0
1779285638833,1165,UAS-02,461.6,19.11,22.10,2.99,17.22,22.7,0.981,1,1,36.4,0.03,32.14,30.0,0
1779285638867,1166,GND-VEH-01,560.7,19.23,22.31,3.08,16.17,25.3,0.990,1,1,36.0,0.33,31.65,30.0,0
1779285638900,1167,PERSON-01,930.7,19.02,21.84,2.82,15.75,23.7,0.990,1,1,37.0,0.15,32.23,30.0,0
1779285638933,1168,UAS-01,382.6,19.04,22.34,3.30,16.94,24.2,0.990,1,1,36.0,0.16,32.35,29.9,0
1779285638967,1169,UAS-02,821.5,19.11,22.22,3.11,16.13,23.3,0.984,1,1,36.0,0.13,32.02,22.1,1
1779285639000,1170,GND-VEH-01,590.4,19.10,22.34,3.24,16.67,24.9,0.990,1,1,36.0,0.13,31.91,30.0,0
1779285639033,1171,PERSON-01,559.4,18.92,22.25,3.33,17.36,25.2,0.990,1,1,37.0,0.36,31.72,30.1,0
1779285639067,1172,UAS-01,367.6,19.02,22.39,3.37,17.13,23.1,0.980,1,1,36.0,0.15,32.27,30.1,0
1779285639100,1173,UAS-02,401.2,19.01,22.43,3.42,17.20,24.1,0.990,1,1,36.0,0.30,31.91,29.9,0
1779285639133,1174,GND-VEH-01,708.7,19.15,22.33,3.18,15.94,23.5,0.990,1,1,36.9,0.13,32.26,30.0,0
1779285639167,1175,PERSON-01,572.3,18.96,21.66,2.70,15.41,23.5,0.986,1,1,36.0,0.00,32.03,30.1,0
1779285639200,1176,UAS-01,373.8,19.02,21.97,2.95,16.17,24.0,0.982,1,1,36.9,0.16,31.95,30.1,0
1779285639233,1177,UAS-02,841.6,19.12,22.24,3.13,16.49,25.2,0.974,1,1,37.7,0.10,32.05,30.0,0
1779285639267,1178,GND-VEH-01,458.4,18.92,22.15,3.23,16.99,22.4,0.990,1,1,36.0,0.55,31.95,29.9,0
1779285639300,1179,PERSON-01,408.2,19.07,22.22,3.14,16.34,25.0,0.981,1,1,36.0,0.23,32.12,30.0,0
1779285639333,1180,UAS-01,307.2,19.15,22.39,3.24,16.64,23.8,0.990,1,1,37.3,0.25,32.29,30.1,0
1779285639367,1181,UAS-02,439.7,19.09,22.32,3.23,16.15,23.9,0.974,1,1,37.9,0.12,31.99,30.0,0
1779285639400,1182,GND-VEH-01,706.8,19.20,22.26,3.06,16.42,25.4,0.990,1,1,38.4,0.17,31.89,29.9,0
1779285639433,1183,PERSON-01,547.7,19.03,21.76,2.72,15.39,25.3,0.990,1,1,38.5,0.32,31.70,29.9,0
1779285639467,1184,UAS-01,489.8,18.91,22.16,3.24,16.12,22.0,0.983,1,1,36.9,0.09,32.16,30.0,0
1779285639500,1185,UAS-02,698.7,18.91,21.66,2.75,16.05,23.7,0.990,1,1,36.9,0.20,31.96,29.9,0
1779285639533,1186,GND-VEH-01,458.0,19.21,22.31,3.10,16.45,22.9,0.990,1,1,36.4,0.19,32.09,30.0,0
1779285639567,1187,PERSON-01,993.0,18.82,21.99,3.17,16.33,23.1,0.990,1,1,36.0,0.29,32.39,30.1,0
1779285639600,1188,UAS-01,320.0,19.04,22.39,3.35,17.05,24.1,0.990,1,1,36.0,0.06,32.02,30.2,0
1779285639633,1189,UAS-02,507.1,19.15,22.27,3.12,16.50,23.7,0.990,1,1,37.2,0.07,31.52,30.0,0
1779285639667,1190,GND-VEH-01,376.2,19.10,22.38,3.28,17.12,22.6,0.990,1,1,36.0,0.20,32.05,30.0,0
1779285639700,1191,PERSON-01,453.6,18.94,21.87,2.93,15.71,25.2,0.990,1,1,36.0,0.14,31.88,30.0,0
1779285639733,1192,UAS-01,311.1,19.11,22.53,3.42,16.49,25.1,0.989,1,1,36.0,0.09,31.99,30.0,0
1779285639767,1193,UAS-02,348.0,19.06,22.03,2.97,15.75,21.6,0.990,1,1,36.0,0.15,31.72,30.0,0
1779285639800,1194,GND-VEH-01,305.6,19.17,22.27,3.09,16.64,23.8,0.990,1,1,36.0,0.24,32.33,30.0,0
1779285639833,1195,PERSON-01,423.9,19.13,22.23,3.09,16.45,25.6,0.990,1,1,36.0,0.41,31.88,30.0,0
1779285639867,1196,UAS-01,485.1,19.03,22.27,3.24,17.24,23.7,0.978,1,1,40.4,0.03,32.26,30.1,0
1779285639900,1197,UAS-02,326.8,19.29,22.66,3.37,16.78,22.8,0.990,1,1,39.1,0.06,31.78,30.2,0
1779285639933,1198,GND-VEH-01,534.9,18.66,21.81,3.16,16.98,23.9,0.990,1,1,37.8,0.03,31.93,30.1,0
1779285639967,1199,PERSON-01,348.1,19.09,22.12,3.04,16.33,24.7,0.981,1,1,37.1,0.23,31.92,30.0,0
1779285640000,1200,UAS-01,363.8,19.13,22.33,3.20,17.00,22.8,0.989,1,1,36.0,0.40,32.27,30.1,0
1779285640033,1201,UAS-02,470.7,18.96,22.05,3.09,15.79,25.0,0.973,1,1,38.8,0.20,32.26,30.0,0
1779285640067,1202,GND-VEH-01,323.5,19.11,22.38,3.28,16.20,23.6,0.990,1,1,36.0,0.09,32.23,29.9,0
1779285640100,1203,PERSON-01,469.6,19.21,22.35,3.15,16.71,23.4,0.990,1,1,36.0,0.15,31.50,30.2,0
1779285640133,1204,UAS-01,310.8,19.08,22.56,3.48,17.01,24.0,0.990,1,1,39.6,0.12,31.80,30.1,0
1779285640167,1205,UAS-02,481.7,19.27,21.97,2.69,15.92,23.7,0.990,1,1,36.0,0.18,32.09,30.1,0
1779285640200,1206,GND-VEH-01,358.9,19.17,22.33,3.16,16.55,23.7,0.990,1,1,36.0,0.06,31.96,30.1,0
1779285640233,1207,PERSON-01,527.2,18.87,22.28,3.41,17.36,23.8,0.990,1,1,36.0,0.10,32.16,30.1,0
1779285640267,1208,UAS-01,495.6,19.14,22.29,3.16,16.16,24.2,0.990,1,1,36.4,0.01,32.31,30.0,0
1779285640300,1209,UAS-02,707.6,18.93,21.70,2.77,15.99,23.7,0.990,1,1,36.0,0.09,31.91,30.1,0
1779285640333,1210,GND-VEH-01,323.7,19.00,22.13,3.13,16.93,24.5,0.990,1,1,36.0,0.40,32.03,29.9,0
1779285640367,1211,PERSON-01,371.8,19.12,22.47,3.35,17.48,22.6,0.984,1,1,38.2,0.13,31.95,30.0,0
1779285640400,1212,UAS-01,353.9,18.88,21.78,2.90,16.24,23.0,0.990,1,1,36.0,0.32,32.35,30.0,0
1779285640433,1213,UAS-02,495.4,19.18,22.36,3.18,16.31,24.4,0.990,1,1,36.5,0.21,31.87,30.0,0
1779285640467,1214,GND-VEH-01,394.5,19.02,22.13,3.11,16.20,23.8,0.990,1,1,36.7,0.34,32.10,30.1,0
1779285640500,1215,PERSON-01,479.6,19.16,22.36,3.19,16.28,24.4,0.990,1,1,38.9,0.17,32.28,30.1,0
1779285640533,1216,UAS-01,310.0,19.07,22.03,2.95,16.76,24.2,0.990,1,1,36.0,0.24,32.24,30.0,0
1779285640567,1217,UAS-02,515.5,19.20,22.24,3.04,16.33,24.4,0.990,1,1,36.4,0.22,31.75,30.0,0
1779285640600,1218,GND-VEH-01,450.4,19.20,22.44,3.24,16.93,23.0,0.990,1,1,36.0,0.00,32.07,30.0,0
1779285640633,1219,PERSON-01,335.2,19.07,22.28,3.21,16.81,23.4,0.990,1,1,37.8,0.03,32.21,29.9,0
1779285640667,1220,UAS-01,474.6,19.10,22.12,3.02,16.54,24.1,0.990,1,1,36.0,0.07,32.07,30.1,0
1779285640700,1221,UAS-02,583.0,19.12,22.28,3.16,16.31,24.0,0.990,1,1,36.4,0.36,32.34,30.1,0
1779285640733,1222,GND-VEH-01,561.3,18.72,21.59,2.87,16.11,22.8,0.971,1,1,36.9,0.18,32.37,29.9,0
1779285640767,1223,PERSON-01,500.6,19.25,22.12,2.87,16.19,22.8,0.990,1,1,37.5,0.40,31.83,30.0,0
1779285640800,1224,UAS-01,445.4,18.79,21.68,2.89,15.71,24.9,0.959,1,1,36.1,0.33,32.22,30.0,0
1779285640833,1225,UAS-02,355.7,18.98,22.22,3.24,16.06,24.9,0.990,1,1,36.0,0.01,32.35,30.0,0
1779285640867,1226,GND-VEH-01,351.7,19.11,22.35,3.24,16.39,23.9,0.990,1,1,36.1,0.30,31.94,29.9,0
1779285640900,1227,PERSON-01,334.7,19.03,22.14,3.11,16.72,24.5,0.990,1,1,36.1,0.20,32.08,30.1,0
1779285640933,1228,UAS-01,580.6,19.16,22.38,3.22,16.87,23.0,0.990,1,1,36.0,0.04,32.37,29.9,0
1779285640967,1229,UAS-02,498.9,19.06,22.10,3.04,16.29,22.7,0.980,1,1,37.7,0.23,31.90,29.9,0
1779285641000,1230,GND-VEH-01,537.7,18.89,21.85,2.97,15.79,25.2,0.977,1,1,36.8,0.08,32.20,30.0,0
1779285641033,1231,PERSON-01,359.5,19.02,22.21,3.19,16.54,24.5,0.990,1,1,37.0,0.38,31.98,30.1,0
1779285641067,1232,UAS-01,415.9,19.12,22.32,3.20,16.58,23.2,0.990,1,1,37.4,0.21,32.24,30.1,0
1779285641100,1233,UAS-02,384.7,18.89,21.82,2.93,16.26,22.7,0.984,1,1,36.0,0.14,32.09,30.1,0
1779285641133,1234,GND-VEH-01,507.7,19.14,22.39,3.25,15.96,24.0,0.990,1,1,36.9,0.01,32.24,29.9,0
1779285641167,1235,PERSON-01,307.1,19.07,22.33,3.26,16.60,24.2,0.975,1,1,36.0,0.16,31.90,29.9,0
1779285641200,1236,UAS-01,497.2,19.07,22.22,3.15,15.98,23.9,0.990,1,1,36.0,0.33,31.94,30.0,0
1779285641233,1237,UAS-02,593.2,19.09,22.64,3.55,17.75,24.7,0.985,1,1,36.9,0.13,32.28,30.0,0
1779285641267,1238,GND-VEH-01,916.6,19.26,22.17,2.91,15.91,25.1,0.985,1,1,37.5,0.29,32.41,30.1,0
1779285641300,1239,PERSON-01,821.4,18.74,21.73,2.98,15.93,24.3,0.990,1,1,36.0,0.61,32.32,30.1,0
1779285641333,1240,UAS-01,328.2,19.10,22.44,3.33,16.83,25.2,0.973,1,1,37.5,0.13,32.49,30.2,0
1779285641367,1241,UAS-02,339.3,19.15,22.44,3.29,17.61,23.0,0.990,1,1,36.0,0.10,32.22,30.0,0
1779285641400,1242,GND-VEH-01,515.2,19.35,22.29,2.94,16.02,25.4,0.990,1,1,36.0,0.23,32.00,30.1,0
1779285641433,1243,PERSON-01,616.7,19.27,22.47,3.20,16.17,25.0,0.990,1,1,36.0,0.11,32.09,30.0,0
1779285641467,1244,UAS-01,626.9,18.88,21.95,3.07,16.23,25.8,0.987,1,1,36.0,0.20,31.90,30.0,0
1779285641500,1245,UAS-02,487.8,18.81,21.86,3.05,16.61,24.1,0.990,1,1,36.0,0.63,32.24,30.0,0
1779285641533,1246,GND-VEH-01,451.3,19.14,21.95,2.81,16.18,25.2,0.990,1,1,36.0,0.02,32.22,30.1,0
1779285641567,1247,PERSON-01,308.9,19.07,22.21,3.14,15.93,25.9,0.973,1,1,36.0,0.20,32.49,30.1,0
1779285641600,1248,UAS-01,540.9,19.01,22.24,3.23,17.28,23.3,0.990,1,1,37.8,0.37,32.21,29.9,0
1779285641633,1249,UAS-02,311.2,19.21,22.00,2.80,15.99,23.6,0.990,1,1,36.5,0.14,32.35,30.0,0
1779285641667,1250,GND-VEH-01,300.9,19.04,22.21,3.17,16.99,24.0,0.990,1,1,36.0,0.26,32.28,29.8,0
1779285641700,1251,PERSON-01,578.9,19.16,22.38,3.21,16.26,25.8,0.990,1,1,39.1,0.25,32.14,30.1,0
1779285641733,1252,UAS-01,390.4,18.96,22.06,3.10,16.76,24.1,0.978,1,1,36.0,0.04,32.17,30.0,0
1779285641767,1253,UAS-02,532.0,18.85,22.03,3.18,16.57,23.4,0.990,1,1,36.0,0.40,32.21,30.1,0
1779285641800,1254,GND-VEH-01,439.0,19.00,22.00,2.99,16.06,24.5,0.990,1,1,36.0,0.30,31.92,30.1,0
1779285641833,1255,PERSON-01,317.0,19.00,22.28,3.28,17.21,23.1,0.990,1,1,37.5,0.24,32.10,30.0,0
1779285641867,1256,UAS-01,576.4,18.88,22.08,3.21,16.43,25.4,0.990,1,1,36.0,0.54,32.33,30.1,0
1779285641900,1257,UAS-02,453.4,18.90,22.20,3.30,16.59,23.8,0.990,1,1,37.0,0.24,32.41,29.9,0
1779285641933,1258,GND-VEH-01,590.3,19.07,22.46,3.39,17.06,24.0,0.990,1,1,36.5,0.10,32.40,30.0,0
1779285641967,1259,PERSON-01,411.0,19.04,22.13,3.09,16.86,25.2,0.990,1,1,39.4,0.11,32.11,29.8,0
1779285642000,1260,UAS-01,309.2,18.95,22.40,3.45,16.82,25.4,0.990,1,1,36.0,0.36,32.30,30.1,0
1779285642033,1261,UAS-02,493.4,19.14,22.07,2.93,15.62,25.7,0.990,1,1,37.3,0.00,32.13,30.0,0
1779285642067,1262,GND-VEH-01,310.3,18.91,21.95,3.04,17.30,23.7,0.990,1,1,39.1,0.30,32.06,29.9,0
1779285642100,1263,PERSON-01,459.1,19.04,22.26,3.23,16.12,24.0,0.990,1,1,36.0,0.16,32.04,30.0,0
1779285642133,1264,UAS-01,477.7,19.06,22.09,3.04,16.98,22.9,0.990,1,1,37.4,0.01,32.27,30.0,0
1779285642167,1265,UAS-02,444.5,19.08,21.86,2.78,15.88,23.7,0.990,1,1,37.3,0.08,31.98,29.9,0
1779285642200,1266,GND-VEH-01,820.2,19.06,22.04,2.98,15.61,24.9,0.990,1,1,36.0,0.08,32.22,30.1,0
1779285642233,1267,PERSON-01,781.9,19.17,22.24,3.07,15.95,24.7,0.989,1,1,39.9,0.17,32.28,30.1,0
1779285642267,1268,UAS-01,323.4,19.09,22.38,3.29,16.35,24.8,0.990,1,1,37.5,0.28,32.47,30.0,0
1779285642300,1269,UAS-02,616.9,19.10,22.19,3.09,15.95,23.7,0.989,1,1,38.8,0.14,32.19,30.0,0
1779285642333,1270,GND-VEH-01,561.4,19.22,22.36,3.13,16.60,23.0,0.971,1,1,36.0,0.15,32.04,30.1,0
1779285642367,1271,PERSON-01,618.3,18.91,21.99,3.08,16.51,24.4,0.990,1,1,36.9,0.26,32.08,30.1,0
1779285642400,1272,UAS-01,633.3,18.87,21.93,3.06,16.68,24.3,0.990,1,1,37.2,0.34,32.22,30.1,0
1779285642433,1273,UAS-02,543.5,19.08,22.02,2.94,17.11,23.7,0.990,1,1,36.0,0.23,32.27,30.1,0
1779285642467,1274,GND-VEH-01,409.3,18.80,21.93,3.13,16.30,24.5,0.990,1,1,36.0,0.34,32.25,29.9,0
1779285642500,1275,PERSON-01,482.7,18.92,22.15,3.23,16.98,23.3,0.990,1,1,36.0,0.44,32.15,30.2,0
1779285642533,1276,UAS-01,593.4,19.11,22.57,3.46,16.76,23.1,0.987,1,1,36.0,0.02,32.54,29.9,0
1779285642567,1277,UAS-02,355.5,18.79,21.95,3.16,16.92,22.7,0.990,1,1,36.0,0.04,32.36,30.1,0
1779285642600,1278,GND-VEH-01,305.1,19.08,22.21,3.12,16.60,23.1,0.990,1,1,36.0,0.14,31.80,29.9,0
1779285642633,1279,PERSON-01,420.1,18.93,22.26,3.33,16.91,24.7,0.990,1,1,36.0,0.16,32.41,30.2,0
1779285642667,1280,UAS-01,608.9,18.80,21.67,2.87,16.33,24.6,0.990,1,1,36.2,0.23,32.35,30.1,0
1779285642700,1281,UAS-02,480.6,18.93,21.94,3.00,16.88,22.0,0.990,1,1,36.9,0.09,32.13,30.1,0
1779285642733,1282,GND-VEH-01,453.5,19.02,22.30,3.28,16.18,25.0,0.990,1,1,38.5,0.18,31.98,30.0,0
1779285642767,1283,PERSON-01,599.3,18.96,22.15,3.19,17.04,24.5,0.990,1,1,36.4,0.18,32.51,29.9,0
1779285642800,1284,UAS-01,373.1,18.85,22.29,3.44,17.61,24.0,0.990,1,1,36.9,0.14,31.81,29.9,0
1779285642833,1285,UAS-02,387.9,19.07,22.37,3.30,16.63,24.3,0.986,1,1,36.8,0.15,32.15,30.0,0
1779285642867,1286,GND-VEH-01,531.0,19.07,22.13,3.06,16.30,22.4,0.990,1,1,36.0,0.54,32.35,30.1,0
1779285642900,1287,PERSON-01,587.8,19.09,22.11,3.02,16.02,23.9,0.972,1,1,36.0,0.10,32.15,30.0,0
1779285642933,1288,UAS-01,349.7,19.21,22.41,3.20,17.22,23.3,0.990,1,1,36.0,0.10,32.15,29.9,0
1779285642967,1289,UAS-02,436.6,19.19,22.18,2.99,16.51,23.8,0.990,1,1,36.4,0.54,32.30,30.0,0
1779285643000,1290,GND-VEH-01,348.4,19.20,22.39,3.20,15.96,26.0,0.990,1,1,36.8,0.29,32.55,29.8,0
1779285643033,1291,PERSON-01,654.6,18.66,21.71,3.05,16.10,23.2,0.990,1,1,36.0,0.34,32.21,30.2,0
1779285643067,1292,UAS-01,688.3,18.98,22.31,3.33,16.33,24.1,0.990,1,1,38.0,0.06,32.40,30.1,0
1779285643100,1293,UAS-02,439.9,18.97,22.15,3.18,16.01,25.3,0.972,1,1,38.0,0.15,32.34,30.0,0
1779285643133,1294,GND-VEH-01,384.0,18.94,22.14,3.21,16.03,23.8,0.990,1,1,38.2,0.35,32.03,20.4,1
1779285643167,1295,PERSON-01,538.1,19.14,22.24,3.10,16.45,24.7,0.988,1,1,36.0,0.42,32.20,29.9,0
1779285643200,1296,UAS-01,336.6,19.09,22.22,3.13,15.66,23.3,0.987,1,1,38.5,0.08,32.52,30.0,0
1779285643233,1297,UAS-02,858.5,18.80,21.70,2.90,16.32,23.1,0.990,1,1,36.0,0.19,32.50,29.9,0
1779285643267,1298,GND-VEH-01,433.3,18.99,22.08,3.09,16.47,24.4,0.990,1,1,38.6,0.04,32.61,30.0,0
1779285643300,1299,PERSON-01,396.2,18.77,22.04,3.26,16.58,22.9,0.990,1,1,36.0,0.21,32.17,30.2,0
1779285643333,1300,UAS-01,428.9,18.91,21.68,2.78,15.66,24.5,0.990,1,1,40.4,0.06,32.76,30.0,0
1779285643367,1301,UAS-02,416.2,18.94,22.13,3.20,16.98,23.2,0.990,1,1,38.1,0.13,32.43,30.0,0
1779285643400,1302,GND-VEH-01,354.8,19.02,22.04,3.02,16.58,23.9,0.990,1,1,36.0,0.47,32.27,29.9,0
1779285643433,1303,PERSON-01,387.4,19.07,22.19,3.12,16.39,23.5,0.978,1,1,38.6,0.12,32.18,30.2,0
1779285643467,1304,UAS-01,554.6,18.96,21.67,2.71,15.87,23.1,0.990,1,1,37.6,0.19,32.62,29.9,0
1779285643500,1305,UAS-02,492.8,18.97,22.04,3.06,15.92,24.4,0.990,1,1,36.0,0.02,32.21,30.1,0
1779285643533,1306,GND-VEH-01,787.9,18.89,21.88,2.99,16.64,24.3,0.990,1,1,36.2,0.12,31.99,29.9,0
1779285643567,1307,PERSON-01,359.7,18.78,22.12,3.35,17.26,22.3,0.990,1,1,36.0,0.02,32.48,30.1,0
1779285643600,1308,UAS-01,346.2,19.01,22.27,3.26,16.22,24.0,0.990,1,1,38.7,0.06,32.77,30.0,0
1779285643633,1309,UAS-02,588.9,19.00,22.21,3.21,17.14,23.9,0.990,1,1,38.9,0.34,32.09,30.1,0
1779285643667,1310,GND-VEH-01,789.2,19.23,22.05,2.82,15.31,23.4,0.990,1,1,36.0,0.11,32.93,29.9,0
1779285643700,1311,PERSON-01,442.2,19.26,22.53,3.28,16.62,23.6,0.990,1,1,36.0,0.14,32.06,30.0,0
1779285643733,1312,UAS-01,533.3,19.21,22.26,3.05,16.35,24.2,0.990,1,1,36.0,0.09,32.38,30.1,0
1779285643767,1313,UAS-02,377.9,19.00,22.37,3.36,16.57,25.4,0.990,1,1,36.0,0.18,32.54,30.1,0
1779285643800,1314,GND-VEH-01,585.7,18.86,21.83,2.97,15.80,24.4,0.987,1,1,38.6,0.20,32.26,30.0,0
1779285643833,1315,PERSON-01,430.3,18.74,21.91,3.18,16.88,23.5,0.985,1,1,36.6,0.02,32.39,30.0,0
1779285643867,1316,UAS-01,331.1,19.30,22.74,3.44,17.07,23.2,0.990,1,1,36.0,0.22,32.19,29.9,0
1779285643900,1317,UAS-02,436.3,19.11,22.63,3.52,16.88,24.8,0.990,1,1,36.0,0.39,32.32,29.9,0
1779285643933,1318,GND-VEH-01,417.3,19.19,22.38,3.19,16.50,22.7,0.990,1,1,36.0,0.09,32.28,30.1,0
1779285643967,1319,PERSON-01,300.7,18.94,22.41,3.47,16.81,24.3,0.990,1,1,36.3,0.22,32.53,30.0,0
1779285644000,1320,UAS-01,334.8,19.11,22.24,3.13,16.67,23.1,0.983,1,1,36.0,0.04,32.41,29.9,0
1779285644033,1321,UAS-02,645.7,19.13,22.05,2.93,15.77,24.0,0.990,1,1,36.0,0.26,32.69,30.0,0
1779285644067,1322,GND-VEH-01,367.4,18.95,22.01,3.06,17.33,22.1,0.990,1,1,36.0,0.37,32.38,30.2,0
1779285644100,1323,PERSON-01,433.2,19.12,22.37,3.26,16.92,24.0,0.990,1,1,36.0,0.21,32.72,30.0,0
1779285644133,1324,UAS-01,631.9,18.97,22.15,3.19,17.12,24.1,0.990,1,1,36.0,0.50,32.37,30.0,0
1779285644167,1325,UAS-02,388.9,18.86,21.95,3.09,16.45,23.0,0.982,1,1,36.0,0.46,32.32,30.1,0
1779285644200,1326,GND-VEH-01,470.0,19.04,22.15,3.11,16.27,24.1,0.979,1,1,36.0,0.18,32.46,29.9,0
1779285644233,1327,PERSON-01,381.5,19.34,22.48,3.14,17.25,23.8,0.990,1,1,36.9,0.06,32.56,29.9,0
1779285644267,1328,UAS-01,661.0,19.20,22.16,2.96,16.31,22.6,0.985,1,1,36.0,0.05,32.50,30.0,0
1779285644300,1329,UAS-02,511.3,19.08,22.27,3.19,16.88,25.1,0.990,1,1,36.0,0.49,32.56,30.1,0
1779285644333,1330,GND-VEH-01,542.7,18.79,22.00,3.21,16.85,23.6,0.990,1,1,36.0,0.28,32.96,30.0,0
1779285644367,1331,PERSON-01,727.3,18.87,21.96,3.09,15.99,23.4,0.990,1,1,37.0,0.57,32.30,29.9,0
1779285644400,1332,UAS-01,359.0,18.97,22.45,3.48,16.62,24.9,0.990,1,1,38.3,0.45,31.88,30.0,0
1779285644433,1333,UAS-02,1041.6,19.05,22.25,3.20,17.33,24.7,0.990,1,1,36.0,0.39,32.40,30.0,0
1779285644467,1334,GND-VEH-01,546.2,19.19,22.07,2.88,16.76,23.8,0.990,1,1,36.0,0.13,32.58,30.1,0
1779285644500,1335,PERSON-01,589.9,18.92,21.95,3.04,16.32,25.2,0.987,1,1,36.0,0.33,32.77,29.9,0
1779285644533,1336,UAS-01,405.3,19.00,22.40,3.40,16.77,23.1,0.990,1,1,38.2,0.29,33.01,30.1,0
1779285644567,1337,UAS-02,312.5,19.17,22.22,3.05,16.63,24.9,0.990,1,1,36.0,0.19,32.56,30.0,0
1779285644600,1338,GND-VEH-01,498.3,19.00,22.38,3.38,17.09,24.0,0.986,1,1,36.9,0.18,32.37,30.0,0
1779285644633,1339,PERSON-01,483.9,19.10,22.06,2.96,16.13,24.4,0.980,1,1,36.0,0.09,32.82,30.1,0
1779285644667,1340,UAS-01,664.4,18.92,21.84,2.93,15.78,23.8,0.990,1,1,36.2,0.50,32.80,30.1,0
1779285644700,1341,UAS-02,656.7,19.06,21.93,2.87,15.40,24.3,0.987,1,1,39.8,0.02,32.26,29.9,0
1779285644733,1342,GND-VEH-01,311.3,19.28,22.37,3.09,16.31,24.1,0.990,1,1,36.2,0.10,32.33,30.2,0
1779285644767,1343,PERSON-01,695.3,18.94,22.19,3.26,16.06,23.2,0.984,1,1,36.0,0.35,32.45,30.2,0
1779285644800,1344,UAS-01,348.8,19.09,22.18,3.08,16.16,24.6,0.990,1,1,36.0,0.36,32.33,30.0,0
1779285644833,1345,UAS-02,631.2,18.73,21.91,3.18,16.24,24.9,0.990,1,1,37.7,0.26,32.14,30.0,0
1779285644867,1346,GND-VEH-01,512.3,18.82,21.93,3.11,16.24,24.7,0.981,1,1,37.8,0.04,32.66,30.0,0
1779285644900,1347,PERSON-01,598.4,19.12,22.07,2.95,16.02,23.2,0.990,1,1,37.3,0.27,32.54,30.0,0
1779285644933,1348,UAS-01,354.9,19.11,22.04,2.93,15.69,22.9,0.990,1,1,36.7,0.06,32.32,29.9,0
1779285644967,1349,UAS-02,341.7,18.95,22.34,3.39,16.52,25.4,0.990,1,1,36.0,0.01,32.42,29.9,0
1779285645000,1350,GND-VEH-01,662.5,19.27,22.38,3.12,16.44,24.8,0.990,1,1,36.2,0.23,32.60,30.1,0
1779285645033,1351,PERSON-01,575.2,19.10,22.11,3.01,16.03,24.9,0.990,1,1,38.1,0.59,32.39,30.0,0
1779285645067,1352,UAS-01,405.6,18.84,21.78,2.94,16.01,23.5,0.990,1,1,37.1,0.08,32.16,30.0,0
1779285645100,1353,UAS-02,898.3,18.89,22.07,3.18,16.68,23.1,0.990,1,1,36.0,0.27,32.55,30.0,0
1779285645133,1354,GND-VEH-01,369.4,19.06,22.10,3.04,16.02,25.1,0.211,0,0,36.0,0.00,32.74,30.1,0
1779285645167,1355,PERSON-01,321.7,18.96,22.12,3.17,17.02,24.1,0.990,1,1,36.7,0.47,32.45,30.2,0
1779285645200,1356,UAS-01,671.0,18.80,21.78,2.98,15.73,25.6,0.990,1,1,36.7,0.15,32.87,30.0,0
1779285645233,1357,UAS-02,509.6,19.21,22.66,3.45,16.71,24.3,0.980,1,1,38.4,0.09,32.60,30.2,0
1779285645267,1358,GND-VEH-01,653.4,19.02,22.06,3.05,16.84,22.8,0.987,1,1,36.0,0.52,32.58,30.1,0
1779285645300,1359,PERSON-01,872.5,19.05,22.30,3.25,17.07,23.7,0.990,1,1,36.6,0.24,32.39,29.8,0
1779285645333,1360,UAS-01,629.5,19.00,22.05,3.05,16.19,24.0,0.990,1,1,36.9,0.24,32.75,30.1,0
1779285645367,1361,UAS-02,751.9,19.03,21.60,2.56,14.68,25.5,0.990,1,1,36.0,0.10,32.61,30.1,0
1779285645400,1362,GND-VEH-01,414.9,18.90,22.12,3.21,16.01,23.8,0.990,1,1,36.0,0.12,32.62,30.0,0
1779285645433,1363,PERSON-01,461.6,18.86,22.07,3.21,16.55,23.7,0.988,1,1,36.7,0.05,32.31,30.0,0
1779285645467,1364,UAS-01,317.3,19.02,22.58,3.56,17.15,23.3,0.990,1,1,36.0,0.20,32.51,30.0,0
1779285645500,1365,UAS-02,447.4,19.25,22.06,2.81,16.20,23.5,0.990,1,1,36.0,0.13,32.63,30.1,0
1779285645533,1366,GND-VEH-01,489.0,19.00,22.15,3.15,16.08,24.4,0.975,1,1,37.6,0.32,32.09,30.1,0
1779285645567,1367,PERSON-01,466.6,19.30,22.68,3.38,17.00,25.2,0.990,1,1,38.0,0.35,32.90,30.0,0
1779285645600,1368,UAS-01,456.1,19.05,21.94,2.89,15.98,23.7,0.990,1,1,36.0,0.22,32.23,30.1,0
1779285645633,1369,UAS-02,567.6,18.76,21.89,3.13,16.75,23.0,0.990,1,1,38.5,0.07,32.72,30.0,0
1779285645667,1370,GND-VEH-01,397.4,18.79,21.95,3.16,16.93,23.5,0.983,1,1,36.0,0.07,32.77,30.0,0
1779285645700,1371,PERSON-01,728.8,19.15,22.00,2.86,16.11,23.9,0.990,1,1,36.0,0.25,32.73,29.9,0
1779285645733,1372,UAS-01,334.6,18.88,22.31,3.43,16.63,24.4,0.990,1,1,36.1,0.51,32.47,30.0,0
1779285645767,1373,UAS-02,814.9,19.09,21.97,2.87,15.68,25.5,0.990,1,1,36.0,0.13,32.58,29.9,0
1779285645800,1374,GND-VEH-01,634.7,19.14,22.24,3.10,15.99,23.7,0.985,1,1,37.3,0.09,32.39,29.9,0
1779285645833,1375,PERSON-01,375.6,19.03,22.37,3.34,16.45,23.4,0.990,1,1,38.4,0.13,32.55,30.0,0
1779285645867,1376,UAS-01,400.1,18.87,22.34,3.47,17.12,22.9,0.990,1,1,36.0,0.16,32.27,30.1,0
1779285645900,1377,UAS-02,647.1,19.05,22.05,3.00,16.17,23.8,0.981,1,1,36.0,0.37,33.00,30.0,0
1779285645933,1378,GND-VEH-01,481.6,19.08,21.97,2.89,16.22,23.5,0.978,1,1,37.9,0.12,32.45,30.0,0
1779285645967,1379,PERSON-01,603.3,19.08,22.14,3.05,16.35,22.6,0.990,1,1,36.1,0.16,32.15,30.0,0
1779285646000,1380,UAS-01,556.3,18.88,22.04,3.16,16.79,24.1,0.983,1,1,36.0,0.67,32.86,30.0,0
1779285646033,1381,UAS-02,841.1,19.12,22.33,3.21,15.84,24.1,0.990,1,1,37.1,0.01,32.74,30.1,0
1779285646067,1382,GND-VEH-01,552.4,19.19,22.35,3.16,16.20,24.4,0.990,1,1,38.0,0.27,32.20,29.9,0
1779285646100,1383,PERSON-01,379.1,18.81,22.12,3.32,17.17,25.0,0.969,1,1,36.0,0.13,32.84,30.0,0
1779285646133,1384,UAS-01,333.3,19.15,22.33,3.19,16.48,24.6,0.990,1,1,36.0,0.11,32.52,30.0,0
1779285646167,1385,UAS-02,696.9,19.26,21.90,2.64,15.79,25.5,0.990,1,1,37.0,0.20,32.90,30.0,0
1779285646200,1386,GND-VEH-01,679.4,18.92,21.95,3.03,16.62,23.6,0.990,1,1,37.3,0.37,32.65,29.9,0
1779285646233,1387,PERSON-01,618.2,19.04,22.04,3.00,16.02,24.6,0.979,1,1,36.0,0.37,32.60,30.1,0
1779285646267,1388,UAS-01,622.7,19.22,22.29,3.07,16.03,25.2,0.990,1,1,36.0,0.45,32.57,30.0,0
1779285646300,1389,UAS-02,350.0,19.24,22.59,3.36,16.12,24.0,0.990,1,1,37.4,0.13,32.89,29.8,0
1779285646333,1390,GND-VEH-01,336.8,18.92,22.11,3.19,16.93,25.4,0.990,1,1,37.4,0.16,32.95,30.1,0
1779285646367,1391,PERSON-01,773.6,19.25,22.43,3.18,16.63,24.4,0.990,1,1,37.5,0.35,32.68,29.9,0
1779285646400,1392,UAS-01,607.7,18.84,21.85,3.01,15.70,24.9,0.981,1,1,37.6,0.24,32.61,30.0,0
1779285646433,1393,UAS-02,532.6,19.07,22.16,3.08,16.12,24.0,0.990,1,1,36.0,0.13,32.89,30.0,0
1779285646467,1394,GND-VEH-01,359.9,19.11,22.19,3.08,16.15,25.2,0.990,1,1,36.0,0.42,32.87,30.0,0
1779285646500,1395,PERSON-01,358.9,19.02,22.45,3.43,16.82,24.9,0.978,1,1,36.0,0.02,32.69,30.1,0
1779285646533,1396,UAS-01,901.7,18.94,21.86,2.92,16.55,23.9,0.985,1,1,37.5,0.02,32.36,29.9,0
1779285646567,1397,UAS-02,594.3,18.83,22.30,3.47,17.17,25.8,0.984,1,1,37.4,0.13,32.59,30.0,0
1779285646600,1398,GND-VEH-01,465.0,18.89,21.96,3.07,16.48,24.0,0.969,1,1,36.3,0.27,32.95,29.9,0
1779285646633,1399,PERSON-01,623.2,18.87,22.16,3.29,16.70,25.6,0.990,1,1,36.0,0.35,32.73,30.1,0
1779285646667,1400,UAS-01,406.8,19.03,22.39,3.36,16.96,23.5,0.990,1,1,36.0,0.38,32.70,29.9,0
1779285646700,1401,UAS-02,669.9,18.73,21.74,3.01,16.14,24.4,0.990,1,1,39.3,0.05,32.87,30.1,0
1779285646733,1402,GND-VEH-01,511.6,18.99,22.31,3.32,16.19,25.2,0.990,1,1,37.8,0.02,32.87,29.9,0
1779285646767,1403,PERSON-01,342.6,19.21,22.64,3.42,17.47,23.7,0.990,1,1,36.0,0.31,32.68,29.8,0
1779285646800,1404,UAS-01,639.7,19.08,21.96,2.87,15.98,23.6,0.990,1,1,37.0,0.34,32.46,30.0,0
1779285646833,1405,UAS-02,419.7,19.00,22.27,3.26,16.68,23.3,0.977,1,1,37.4,0.44,33.09,30.1,0
1779285646867,1406,GND-VEH-01,603.3,18.77,21.60,2.83,15.53,25.2,0.990,1,1,36.0,0.38,32.75,30.0,0
1779285646900,1407,PERSON-01,427.0,19.29,22.23,2.94,16.43,25.1,0.990,1,1,36.8,0.40,32.16,29.9,0
1779285646933,1408,UAS-01,371.1,18.85,22.21,3.35,16.55,24.3,0.990,1,1,36.0,0.57,32.99,30.0,0
1779285646967,1409,UAS-02,421.4,18.99,22.16,3.17,16.56,24.2,0.990,1,1,36.8,0.36,32.47,29.9,0
1779285647000,1410,GND-VEH-01,642.4,19.10,22.12,3.02,15.68,25.1,0.990,1,1,36.0,0.31,32.49,30.0,0
1779285647033,1411,PERSON-01,550.2,19.36,22.56,3.20,16.27,24.9,0.990,1,1,36.0,0.26,32.69,30.0,0
1779285647067,1412,UAS-01,790.5,19.18,22.18,3.00,16.30,24.7,0.986,1,1,36.0,0.24,32.49,30.1,0
1779285647100,1413,UAS-02,602.4,18.73,21.76,3.03,16.57,22.1,0.990,1,1,36.0,0.38,32.96,30.0,0
1779285647133,1414,GND-VEH-01,559.7,18.92,22.16,3.24,16.94,24.1,0.990,1,1,36.1,0.08,32.78,29.9,0
1779285647167,1415,PERSON-01,554.3,18.96,22.21,3.25,16.89,23.7,0.990,1,1,37.7,0.06,32.85,30.2,0
1779285647200,1416,UAS-01,446.7,18.87,21.98,3.12,16.63,24.8,0.988,1,1,36.0,0.24,32.56,29.9,0
1779285647233,1417,UAS-02,458.7,18.82,22.04,3.22,16.45,23.6,0.990,1,1,39.3,0.11,32.90,29.9,0
1779285647267,1418,GND-VEH-01,349.5,19.00,22.30,3.30,16.52,24.3,0.990,1,1,36.0,0.17,32.57,29.9,0
1779285647300,1419,PERSON-01,337.1,18.98,22.32,3.34,16.92,23.6,0.990,1,1,36.0,0.21,33.08,30.0,0
1779285647333,1420,UAS-01,726.5,19.28,22.26,2.99,15.98,24.8,0.990,1,1,36.9,0.03,32.57,30.2,0
1779285647367,1421,UAS-02,665.2,19.31,22.16,2.86,16.41,23.9,0.984,1,1,36.0,0.38,32.76,29.8,0
1779285647400,1422,GND-VEH-01,464.9,18.93,22.08,3.16,16.64,24.7,0.990,1,1,36.0,0.24,32.99,30.1,0
1779285647433,1423,PERSON-01,508.3,19.27,22.43,3.16,16.33,22.9,0.990,1,1,37.0,0.51,32.85,29.9,0
1779285647467,1424,UAS-01,601.0,18.95,21.93,2.98,16.09,24.0,0.990,1,1,36.0,0.54,32.63,30.0,0
1779285647500,1425,UAS-02,337.8,19.09,22.20,3.11,16.55,24.9,0.980,1,1,36.0,0.16,32.82,30.0,0
1779285647533,1426,GND-VEH-01,344.1,19.28,22.76,3.48,17.21,23.9,0.990,1,1,36.7,0.11,32.66,29.9,0
1779285647567,1427,PERSON-01,487.9,19.19,22.36,3.17,16.70,23.0,0.990,1,1,36.0,0.07,33.05,30.0,0
1779285647600,1428,UAS-01,637.2,18.79,21.99,3.20,16.72,22.1,0.990,1,1,37.2,0.03,32.91,30.0,0
1779285647633,1429,UAS-02,728.8,18.90,21.78,2.88,16.15,23.5,0.990,1,1,36.0,0.06,32.56,29.8,0
1779285647667,1430,GND-VEH-01,532.8,19.24,22.28,3.04,15.82,23.9,0.990,1,1,36.0,0.44,32.66,29.9,0
1779285647700,1431,PERSON-01,697.1,19.27,22.42,3.15,17.19,24.5,0.990,1,1,36.0,0.10,32.82,30.0,0
1779285647733,1432,UAS-01,460.5,18.95,22.59,3.64,16.66,25.8,0.990,1,1,37.1,0.21,32.98,29.9,0
1779285647767,1433,UAS-02,413.2,19.06,22.05,2.99,16.67,22.1,0.987,1,1,36.0,0.12,33.09,30.0,0
1779285647800,1434,GND-VEH-01,457.9,18.96,21.65,2.68,15.86,22.6,0.990,1,1,36.0,0.06,32.82,29.9,0
1779285647833,1435,PERSON-01,494.8,18.96,21.94,2.98,15.79,23.9,0.990,1,1,36.0,0.75,32.41,29.9,0
1779285647867,1436,UAS-01,613.6,18.86,22.39,3.53,17.32,25.4,0.983,1,1,36.6,0.12,32.90,30.0,0
1779285647900,1437,UAS-02,430.0,18.84,21.97,3.13,16.43,25.6,0.979,1,1,37.4,0.24,32.88,29.9,0
1779285647933,1438,GND-VEH-01,529.6,19.09,22.26,3.18,16.90,23.4,0.990,1,1,36.0,0.26,32.75,29.9,0
1779285647967,1439,PERSON-01,551.2,18.96,21.82,2.87,16.00,24.4,0.989,1,1,36.5,0.32,32.95,30.0,0
1779285648000,1440,UAS-01,354.9,19.19,22.80,3.61,17.28,24.8,0.990,1,1,36.8,0.24,32.69,30.0,0
1779285648033,1441,UAS-02,475.5,19.05,22.26,3.22,16.53,24.3,0.981,1,1,38.6,0.66,32.43,29.9,0
1779285648067,1442,GND-VEH-01,474.9,18.89,21.84,2.95,15.80,24.1,0.988,1,1,36.0,0.38,32.77,30.2,0
1779285648100,1443,PERSON-01,302.3,19.21,22.42,3.21,16.27,23.3,0.990,1,1,36.0,0.06,32.83,30.0,0
1779285648133,1444,UAS-01,561.7,18.82,22.08,3.26,16.14,24.5,0.990,1,1,36.7,0.05,33.16,30.0,0
1779285648167,1445,UAS-02,557.3,18.84,21.74,2.90,16.60,23.8,0.990,1,1,38.4,0.19,32.99,29.8,0
1779285648200,1446,GND-VEH-01,452.3,19.31,22.37,3.06,16.23,23.4,0.990,1,1,37.8,0.39,32.74,29.9,0
1779285648233,1447,PERSON-01,561.5,18.89,21.79,2.89,15.16,25.0,0.990,1,1,36.0,0.08,32.80,30.0,0
1779285648267,1448,UAS-01,335.3,18.80,22.27,3.47,17.41,24.2,0.990,1,1,36.0,0.16,32.78,30.0,0
1779285648300,1449,UAS-02,707.9,18.92,22.07,3.16,16.47,24.1,0.990,1,1,38.5,0.26,33.00,29.9,0
1779285648333,1450,GND-VEH-01,376.3,18.88,22.20,3.32,16.57,24.2,0.990,1,1,37.2,0.33,32.97,30.0,0
1779285648367,1451,PERSON-01,576.9,18.98,21.95,2.97,16.16,25.2,0.990,1,1,37.7,0.30,32.78,30.0,0
1779285648400,1452,UAS-01,520.6,19.26,22.48,3.22,16.64,24.5,0.990,1,1,36.9,0.03,32.72,30.1,0
1779285648433,1453,UAS-02,481.0,19.14,22.13,2.99,16.08,22.7,0.990,1,1,36.0,0.04,33.18,29.9,0
1779285648467,1454,GND-VEH-01,986.5,18.90,21.72,2.83,16.75,23.0,0.990,1,1,38.5,0.22,32.91,30.0,0
1779285648500,1455,PERSON-01,469.8,19.20,22.72,3.52,16.86,23.9,0.990,1,1,37.4,0.13,32.75,29.9,0
1779285648533,1456,UAS-01,811.1,18.99,21.88,2.89,16.48,25.4,0.977,1,1,36.0,0.12,32.87,30.0,0
1779285648567,1457,UAS-02,338.1,19.02,22.12,3.10,15.95,24.2,0.977,1,1,36.0,0.10,32.66,30.0,0
1779285648600,1458,GND-VEH-01,830.7,18.78,21.52,2.74,16.13,22.4,0.990,1,1,37.0,0.19,32.70,30.1,0
1779285648633,1459,PERSON-01,317.8,18.97,22.22,3.25,16.85,23.6,0.990,1,1,39.8,0.17,32.84,30.0,0
1779285648667,1460,UAS-01,373.5,18.66,22.22,3.56,17.52,22.9,0.990,1,1,37.6,0.12,33.03,29.9,0
1779285648700,1461,UAS-02,709.3,19.13,22.31,3.18,16.37,24.7,0.988,1,1,36.0,0.51,33.02,30.0,0
1779285648733,1462,GND-VEH-01,708.8,19.06,22.46,3.40,16.25,23.7,0.990,1,1,36.0,0.23,32.99,29.9,0
1779285648767,1463,PERSON-01,457.7,18.96,22.09,3.13,16.08,24.0,0.990,1,1,38.5,0.12,32.88,30.0,0
1779285648800,1464,UAS-01,492.2,19.19,22.34,3.14,16.85,24.0,0.990,1,1,36.0,0.39,32.46,30.0,0
1779285648833,1465,UAS-02,702.2,19.22,22.40,3.18,16.76,23.5,0.990,1,1,37.1,0.30,33.18,30.0,0
1779285648867,1466,GND-VEH-01,469.6,18.81,22.03,3.22,17.04,25.4,0.990,1,1,38.0,0.20,32.93,29.9,0
1779285648900,1467,PERSON-01,888.0,18.88,21.80,2.93,16.80,23.7,0.990,1,1,36.0,0.28,32.87,30.1,0
1779285648933,1468,UAS-01,401.9,18.72,21.98,3.26,16.24,24.7,0.990,1,1,36.0,0.02,32.73,29.9,0
1779285648967,1469,UAS-02,480.4,19.00,22.32,3.32,17.00,22.7,0.973,1,1,36.0,0.26,32.91,30.0,0
1779285649000,1470,GND-VEH-01,333.0,18.89,21.98,3.09,17.03,23.3,0.990,1,1,38.6,0.30,32.96,30.1,0
1779285649033,1471,PERSON-01,396.0,18.90,22.04,3.14,16.48,23.8,0.990,1,1,36.0,0.05,33.18,30.1,0
1779285649067,1472,UAS-01,372.3,18.89,21.99,3.10,16.23,24.1,0.990,1,1,36.9,0.12,32.86,29.9,0
1779285649100,1473,UAS-02,343.0,19.29,22.52,3.24,16.16,25.2,0.990,1,1,36.0,0.28,32.64,30.1,0
1779285649133,1474,GND-VEH-01,526.1,19.02,21.99,2.97,16.90,24.2,0.990,1,1,37.1,0.12,32.93,29.9,0
1779285649167,1475,PERSON-01,514.2,18.94,21.94,3.00,15.78,25.2,0.961,1,1,36.4,0.45,32.66,29.9,0
1779285649200,1476,UAS-01,449.9,19.08,22.52,3.45,17.25,24.6,0.990,1,1,36.0,0.03,33.15,30.1,0
1779285649233,1477,UAS-02,361.7,18.97,22.53,3.56,16.97,24.4,0.977,1,1,36.0,0.19,33.01,30.0,0
1779285649267,1478,GND-VEH-01,518.8,18.91,21.96,3.04,16.13,24.5,0.990,1,1,37.6,0.27,32.67,29.9,0
1779285649300,1479,PERSON-01,384.9,19.31,22.51,3.21,16.28,25.3,0.990,1,1,38.6,0.04,33.09,29.9,0
1779285649333,1480,UAS-01,490.1,19.02,22.40,3.38,16.46,23.9,0.989,1,1,36.1,0.33,33.17,30.0,0
1779285649367,1481,UAS-02,359.3,19.15,22.40,3.25,16.79,25.5,0.990,1,1,39.3,0.19,32.96,30.1,0
1779285649400,1482,GND-VEH-01,330.4,18.99,22.27,3.28,16.44,24.6,0.990,1,1,36.8,0.17,33.00,30.0,0
1779285649433,1483,PERSON-01,682.4,19.30,22.54,3.23,16.90,24.8,0.990,1,1,36.0,0.23,32.95,29.9,0
1779285649467,1484,UAS-01,489.3,18.86,22.12,3.27,16.55,23.0,0.990,1,1,36.0,0.41,33.07,30.0,0
1779285649500,1485,UAS-02,569.5,18.92,21.98,3.06,16.24,23.5,0.990,1,1,36.0,0.14,33.16,29.9,0
1779285649533,1486,GND-VEH-01,553.5,18.86,21.86,3.00,17.03,23.4,0.990,1,1,36.0,0.25,32.97,30.1,0
1779285649567,1487,PERSON-01,437.6,18.96,22.36,3.40,16.59,24.6,0.990,1,1,36.4,0.14,32.87,30.0,0
1779285649600,1488,UAS-01,430.4,19.12,22.02,2.91,15.82,24.5,0.990,1,1,36.0,0.20,32.81,29.9,0
1779285649633,1489,UAS-02,819.0,18.77,21.55,2.78,15.74,24.8,0.988,1,1,36.0,0.17,32.45,29.9,0
1779285649667,1490,GND-VEH-01,663.9,19.23,22.23,3.00,16.54,23.5,0.990,1,1,40.2,0.17,32.79,30.0,0
1779285649700,1491,PERSON-01,351.2,18.89,22.40,3.51,16.74,23.9,0.990,1,1,36.1,0.11,32.67,30.0,0
1779285649733,1492,UAS-01,341.4,18.81,21.96,3.15,16.93,23.4,0.990,1,1,36.0,0.06,33.24,29.9,0
1779285649767,1493,UAS-02,788.9,19.00,22.25,3.25,16.27,22.0,0.990,1,1,39.1,0.02,32.85,30.0,0
1779285649800,1494,GND-VEH-01,685.0,19.07,22.03,2.96,16.71,23.2,0.988,1,1,36.0,0.07,33.09,30.0,0
1779285649833,1495,PERSON-01,361.3,19.18,22.21,3.02,15.54,23.9,0.990,1,1,36.0,0.55,33.25,30.0,0
1779285649867,1496,UAS-01,555.8,19.06,22.55,3.49,17.43,24.9,0.989,1,1,36.4,0.01,32.80,30.0,0
1779285649900,1497,UAS-02,361.9,19.02,22.24,3.21,16.52,25.0,0.990,1,1,37.3,0.30,33.11,29.9,0
1779285649933,1498,GND-VEH-01,440.7,19.23,22.25,3.02,16.21,24.8,0.990,1,1,36.0,0.64,32.88,30.1,0
1779285649967,1499,PERSON-01,431.3,19.10,22.01,2.91,15.98,23.3,0.990,1,1,36.0,0.04,33.08,30.0,0
1779285650000,1500,UAS-01,438.2,18.96,22.26,3.30,17.28,23.0,0.990,1,1,36.0,0.22,32.46,30.0,0
1779285650033,1501,UAS-02,414.9,18.87,21.80,2.92,16.17,24.1,0.985,1,1,36.3,0.13,32.97,30.2,0
1779285650067,1502,GND-VEH-01,633.0,19.16,22.16,3.00,16.42,23.1,0.990,1,1,37.3,0.06,32.82,30.1,0
1779285650100,1503,PERSON-01,816.2,19.24,22.35,3.12,16.21,22.8,0.990,1,1,36.0,0.19,33.05,30.0,0
1779285650133,1504,UAS-01,377.0,19.11,22.29,3.18,16.78,24.1,0.990,1,1,36.0,0.09,33.03,30.2,0
1779285650167,1505,UAS-02,394.6,18.97,21.94,2.97,15.99,24.8,0.982,1,1,36.1,0.01,32.97,30.0,0
1779285650200,1506,GND-VEH-01,337.2,18.96,22.13,3.17,16.37,23.7,0.990,1,1,38.8,0.22,33.10,29.9,0
1779285650233,1507,PERSON-01,447.4,19.01,22.46,3.44,16.36,23.9,0.990,1,1,36.0,0.15,33.12,29.9,0
1779285650267,1508,UAS-01,666.9,19.05,21.86,2.81,16.20,23.7,0.990,1,1,36.5,0.05,32.89,30.0,0
1779285650300,1509,UAS-02,840.5,18.93,22.13,3.20,16.44,23.2,0.970,1,1,36.0,0.16,33.38,30.1,0
1779285650333,1510,GND-VEH-01,637.9,18.73,21.85,3.13,16.93,23.6,0.990,1,1,36.4,0.05,32.76,30.0,0
1779285650367,1511,PERSON-01,449.2,18.94,22.11,3.17,16.90,22.8,0.990,1,1,36.3,0.08,32.88,30.0,0
1779285650400,1512,UAS-01,700.6,18.81,21.89,3.09,16.34,24.8,0.990,1,1,36.0,0.09,32.40,30.1,0
1779285650433,1513,UAS-02,656.5,18.92,22.01,3.09,16.52,22.9,0.227,0,0,36.0,0.00,32.79,30.0,0
1779285650467,1514,GND-VEH-01,933.3,19.20,22.17,2.96,16.59,24.3,0.990,1,1,36.0,0.12,32.70,30.1,0
1779285650500,1515,PERSON-01,400.5,18.78,21.97,3.19,16.72,23.9,0.990,1,1,36.0,0.10,33.40,30.2,0
1779285650533,1516,UAS-01,489.1,18.86,22.17,3.32,16.77,23.5,0.990,1,1,36.0,0.55,33.01,29.9,0
1779285650567,1517,UAS-02,410.0,19.03,22.28,3.25,15.92,24.7,0.990,1,1,36.4,0.18,33.20,30.1,0
1779285650600,1518,GND-VEH-01,548.5,18.87,21.72,2.85,16.22,24.6,0.990,1,1,36.0,0.19,33.08,29.9,0
1779285650633,1519,PERSON-01,459.5,19.15,22.28,3.13,16.01,24.7,0.989,1,1,36.0,0.18,33.17,30.0,0
1779285650667,1520,UAS-01,313.5,18.94,22.61,3.67,17.02,25.0,0.987,1,1,36.5,0.10,32.87,30.0,0
1779285650700,1521,UAS-02,324.9,18.82,22.11,3.29,16.53,23.2,0.986,1,1,37.2,0.10,32.84,30.0,0
1779285650733,1522,GND-VEH-01,491.1,18.83,21.85,3.02,16.30,24.4,0.990,1,1,36.0,0.16,33.02,30.0,0
1779285650767,1523,PERSON-01,357.4,18.89,22.11,3.22,17.02,23.0,0.990,1,1,36.0,0.01,33.35,30.0,0
1779285650800,1524,UAS-01,478.8,18.98,22.38,3.40,16.93,25.2,0.982,1,1,36.9,0.11,33.09,30.0,0
1779285650833,1525,UAS-02,315.4,18.82,21.98,3.15,16.75,24.1,0.966,1,1,36.8,0.05,33.40,30.0,0
1779285650867,1526,GND-VEH-01,391.3,18.89,22.12,3.24,16.77,23.4,0.990,1,1,37.3,0.27,32.85,29.9,0
1779285650900,1527,PERSON-01,318.1,19.12,22.11,3.00,15.85,24.0,0.990,1,1,36.0,0.11,33.43,30.0,0
1779285650933,1528,UAS-01,815.0,19.14,22.08,2.94,16.60,23.3,0.990,1,1,39.2,0.08,33.34,29.9,0
1779285650967,1529,UAS-02,534.8,18.82,21.64,2.81,15.83,25.5,0.976,1,1,36.9,0.01,33.25,29.8,0
1779285651000,1530,GND-VEH-01,547.6,19.10,22.18,3.08,16.89,23.9,0.985,1,1,36.0,0.07,32.82,29.9,0
1779285651033,1531,PERSON-01,300.5,18.74,22.12,3.38,17.01,24.0,0.990,1,1,36.3,0.30,33.30,29.9,0
1779285651067,1532,UAS-01,345.5,18.76,21.92,3.17,16.22,25.7,0.990,1,1,37.0,0.36,33.15,29.9,0
1779285651100,1533,UAS-02,758.7,18.78,21.80,3.02,15.94,25.3,0.973,1,1,38.1,0.11,32.73,30.0,0
1779285651133,1534,GND-VEH-01,555.0,19.10,22.24,3.14,16.10,25.5,0.990,1,1,36.0,0.46,33.19,30.1,0
1779285651167,1535,PERSON-01,397.2,18.81,22.02,3.22,16.46,24.6,0.990,1,1,36.3,0.11,32.60,30.1,0
1779285651200,1536,UAS-01,477.4,19.10,22.23,3.13,16.67,23.1,0.990,1,1,38.7,0.11,32.99,29.9,0
1779285651233,1537,UAS-02,409.2,19.07,22.32,3.25,16.32,24.5,0.986,1,1,36.0,0.07,33.25,30.0,0
1779285651267,1538,GND-VEH-01,345.7,18.80,22.04,3.24,16.20,24.1,0.990,1,1,37.3,0.31,32.97,29.9,0
1779285651300,1539,PERSON-01,329.7,18.99,21.99,2.99,16.45,23.5,0.990,1,1,37.2,0.18,33.43,29.8,0
1779285651333,1540,UAS-01,329.2,18.92,22.25,3.32,17.31,22.6,0.990,1,1,36.0,0.11,32.99,30.2,0
1779285651367,1541,UAS-02,311.7,18.94,22.22,3.29,17.12,23.3,0.990,1,1,36.5,0.47,33.22,29.9,0
1779285651400,1542,GND-VEH-01,435.9,19.01,22.00,3.00,16.32,25.1,0.990,1,1,36.0,0.11,33.13,29.9,0
1779285651433,1543,PERSON-01,393.0,19.03,22.02,2.98,16.87,23.1,0.990,1,1,36.0,0.59,33.13,29.9,0
1779285651467,1544,UAS-01,330.7,18.82,22.05,3.23,16.24,24.1,0.981,1,1,36.0,0.13,33.23,29.9,0
1779285651500,1545,UAS-02,624.4,19.00,21.77,2.78,16.28,23.1,0.990,1,1,36.0,0.27,33.21,30.1,0
1779285651533,1546,GND-VEH-01,325.6,18.81,21.80,2.99,16.69,23.4,0.988,1,1,36.0,0.18,33.22,30.2,0
1779285651567,1547,PERSON-01,428.5,19.12,22.25,3.13,16.56,25.4,0.990,1,1,36.0,0.12,32.57,30.0,0
1779285651600,1548,UAS-01,300.1,18.97,22.27,3.30,16.66,23.0,0.990,1,1,36.9,0.03,33.30,30.0,0
1779285651633,1549,UAS-02,527.4,18.77,21.49,2.72,16.20,23.1,0.990,1,1,39.4,0.13,33.15,29.8,0
1779285651667,1550,GND-VEH-01,564.1,18.78,21.96,3.18,16.47,23.9,0.990,1,1,36.0,0.20,33.36,30.0,0
1779285651700,1551,PERSON-01,413.7,18.94,22.21,3.27,16.16,22.8,0.990,1,1,36.0,0.11,33.13,29.9,0
1779285651733,1552,UAS-01,554.1,19.05,22.05,3.00,16.07,24.3,0.990,1,1,37.9,0.23,33.47,30.0,0
1779285651767,1553,UAS-02,616.1,19.01,21.76,2.74,15.33,23.7,0.990,1,1,36.0,0.12,32.88,30.0,0
1779285651800,1554,GND-VEH-01,366.6,18.77,22.18,3.41,16.02,25.8,0.990,1,1,36.0,0.08,32.93,30.0,0
1779285651833,1555,PERSON-01,413.1,18.82,22.04,3.22,17.07,22.8,0.990,1,1,36.0,0.26,33.27,30.0,0
1779285651867,1556,UAS-01,304.2,19.07,22.29,3.22,16.97,22.6,0.990,1,1,36.3,0.22,33.03,30.0,0
1779285651900,1557,UAS-02,426.0,18.73,22.12,3.39,16.68,24.7,0.990,1,1,37.1,0.11,33.55,30.0,0
1779285651933,1558,GND-VEH-01,522.3,18.98,22.17,3.18,16.26,24.6,0.990,1,1,36.0,0.00,33.19,30.0,0
1779285651967,1559,PERSON-01,756.2,19.01,22.06,3.05,15.72,24.1,0.990,1,1,36.0,0.20,32.78,29.9,0
1779285652000,1560,UAS-01,507.7,19.30,22.59,3.28,15.75,25.3,0.990,1,1,36.0,0.13,32.85,30.0,0
1779285652033,1561,UAS-02,540.8,18.84,21.75,2.91,15.57,24.3,0.990,1,1,36.0,0.26,33.17,30.0,0
1779285652067,1562,GND-VEH-01,474.4,18.84,22.01,3.18,16.97,23.9,0.990,1,1,36.5,0.28,32.97,30.0,0
1779285652100,1563,PERSON-01,393.3,19.05,22.07,3.02,16.28,24.1,0.990,1,1,37.6,0.39,32.79,30.0,0
1779285652133,1564,UAS-01,546.2,18.90,21.81,2.91,16.56,23.0,0.990,1,1,36.0,0.01,33.04,30.1,0
1779285652167,1565,UAS-02,512.3,19.15,21.97,2.82,16.18,22.3,0.990,1,1,37.6,0.19,33.45,30.1,0
1779285652200,1566,GND-VEH-01,498.4,18.96,22.19,3.23,16.38,24.3,0.990,1,1,36.0,0.23,32.68,30.1,0
1779285652233,1567,PERSON-01,563.9,19.05,22.14,3.09,15.77,23.2,0.990,1,1,36.0,0.28,33.20,29.9,0
1779285652267,1568,UAS-01,502.5,19.01,22.27,3.26,15.61,23.9,0.990,1,1,36.0,0.18,33.30,30.0,0
1779285652300,1569,UAS-02,776.4,19.09,21.66,2.58,15.96,24.6,0.990,1,1,37.7,0.10,33.49,30.0,0
1779285652333,1570,GND-VEH-01,432.7,18.87,22.00,3.14,16.29,23.8,0.990,1,1,37.7,0.25,33.37,30.2,0
1779285652367,1571,PERSON-01,515.1,19.08,21.91,2.84,16.20,22.7,0.975,1,1,40.4,0.02,33.21,29.8,0
1779285652400,1572,UAS-01,312.9,19.04,22.37,3.33,17.31,23.6,0.990,1,1,36.0,0.41,32.94,29.9,0
1779285652433,1573,UAS-02,353.1,19.07,22.42,3.35,16.31,25.8,0.990,1,1,36.6,0.06,33.01,30.1,0
1779285652467,1574,GND-VEH-01,363.9,19.02,22.13,3.11,16.45,23.8,0.990,1,1,36.0,0.04,33.37,30.1,0
1779285652500,1575,PERSON-01,533.2,18.98,22.38,3.40,16.72,24.7,0.983,1,1,36.0,0.20,33.56,30.0,0
1779285652533,1576,UAS-01,645.0,19.11,22.21,3.10,16.04,23.1,0.990,1,1,36.0,0.21,32.92,30.0,0
1779285652567,1577,UAS-02,353.0,19.08,22.43,3.36,16.70,25.8,0.990,1,1,37.1,0.04,33.42,30.1,0
1779285652600,1578,GND-VEH-01,445.5,19.16,22.27,3.10,15.98,24.7,0.990,1,1,40.7,0.35,33.45,30.0,0
1779285652633,1579,PERSON-01,686.6,18.86,21.87,3.01,16.16,25.1,0.990,1,1,39.2,0.01,33.50,30.0,0
1779285652667,1580,UAS-01,631.3,19.18,22.16,2.98,16.28,23.5,0.990,1,1,36.8,0.13,33.39,30.1,0
1779285652700,1581,UAS-02,308.6,19.01,22.11,3.10,16.50,23.2,0.988,1,1,36.0,0.22,32.85,30.0,0
1779285652733,1582,GND-VEH-01,372.0,18.89,22.06,3.18,16.38,23.6,0.990,1,1,37.4,0.15,33.15,30.0,0
1779285652767,1583,PERSON-01,733.0,18.89,22.30,3.41,16.58,24.4,0.990,1,1,36.0,0.22,33.13,30.0,0
1779285652800,1584,UAS-01,357.4,18.96,22.19,3.23,16.17,23.8,0.990,1,1,38.1,0.26,32.98,29.9,0
1779285652833,1585,UAS-02,696.6,19.18,21.88,2.69,15.66,24.1,0.990,1,1,36.0,0.08,32.91,29.9,0
1779285652867,1586,GND-VEH-01,551.7,19.15,22.19,3.04,16.24,23.6,0.990,1,1,36.2,0.21,33.15,30.0,0
1779285652900,1587,PERSON-01,595.1,19.23,22.57,3.35,17.72,23.5,0.990,1,1,36.0,0.12,32.68,30.1,0
1779285652933,1588,UAS-01,565.9,19.24,22.22,2.98,15.73,22.6,0.990,1,1,36.0,0.10,32.94,30.1,0
1779285652967,1589,UAS-02,953.2,18.66,21.61,2.95,15.94,25.2,0.990,1,1,36.0,0.21,33.68,30.0,0
1779285653000,1590,GND-VEH-01,422.9,19.12,22.35,3.22,17.43,22.5,0.990,1,1,37.0,0.27,33.19,30.0,0
1779285653033,1591,PERSON-01,455.0,18.84,22.25,3.41,16.69,25.6,0.971,1,1,36.0,0.22,33.58,29.8,0
1779285653067,1592,UAS-01,530.7,19.07,22.26,3.19,17.26,25.1,0.990,1,1,36.0,0.17,33.49,30.1,0
1779285653100,1593,UAS-02,333.7,18.90,22.40,3.51,17.22,23.5,0.990,1,1,36.0,0.29,33.19,30.1,0
1779285653133,1594,GND-VEH-01,834.2,19.25,22.17,2.92,16.62,23.8,0.990,1,1,36.5,0.07,33.34,29.9,0
1779285653167,1595,PERSON-01,1060.1,19.12,22.27,3.15,16.83,22.2,0.990,1,1,36.6,0.24,33.22,30.0,0
1779285653200,1596,UAS-01,717.3,19.03,22.09,3.06,16.66,24.2,0.990,1,1,36.4,0.31,33.54,30.0,0
1779285653233,1597,UAS-02,410.3,18.89,22.00,3.11,16.24,24.1,0.970,1,1,38.2,0.42,33.33,30.1,0
1779285653267,1598,GND-VEH-01,374.9,19.08,22.25,3.17,16.34,24.9,0.990,1,1,36.9,0.01,33.28,30.1,0
1779285653300,1599,PERSON-01,306.6,18.84,22.27,3.43,16.79,23.8,0.990,1,1,36.0,0.18,33.73,30.0,0
1779285653333,1600,UAS-01,396.0,18.97,22.27,3.31,16.51,24.7,0.984,1,1,36.8,0.03,33.80,30.1,0
1779285653367,1601,UAS-02,380.1,19.25,22.35,3.10,16.65,24.3,0.990,1,1,37.6,0.16,32.98,30.0,0
1779285653400,1602,GND-VEH-01,497.8,18.71,22.02,3.31,16.42,24.0,0.990,1,1,36.0,0.08,33.52,30.1,0
1779285653433,1603,PERSON-01,731.2,18.93,22.13,3.21,16.32,23.3,0.990,1,1,38.1,0.24,33.36,30.1,0
1779285653467,1604,UAS-01,525.4,18.97,22.33,3.36,16.73,23.6,0.981,1,1,36.0,0.18,33.87,30.1,0
1779285653500,1605,UAS-02,922.5,19.22,21.99,2.76,16.16,24.0,0.990,1,1,37.1,0.11,32.95,30.0,0
1779285653533,1606,GND-VEH-01,333.9,18.95,21.80,2.86,15.13,24.6,0.990,1,1,36.0,0.19,33.61,30.1,0
1779285653567,1607,PERSON-01,347.4,19.13,22.18,3.04,16.56,25.2,0.990,1,1,36.0,0.43,33.39,29.9,0
1779285653600,1608,UAS-01,422.3,19.27,22.24,2.98,16.25,23.9,0.990,1,1,36.0,0.03,33.78,29.9,0
1779285653633,1609,UAS-02,613.8,18.98,22.29,3.31,17.28,25.3,0.990,1,1,36.0,0.05,33.36,30.0,0
1779285653667,1610,GND-VEH-01,511.0,18.93,21.87,2.94,16.30,24.5,0.990,1,1,36.0,0.09,33.21,30.2,0
1779285653700,1611,PERSON-01,846.8,18.80,21.82,3.02,15.84,22.5,0.990,1,1,36.0,0.16,33.22,30.1,0
1779285653733,1612,UAS-01,395.3,19.12,22.36,3.24,16.44,23.4,0.990,1,1,36.1,0.47,33.26,30.1,0
1779285653767,1613,UAS-02,484.7,18.93,22.26,3.33,16.81,24.2,0.990,1,1,36.8,0.27,33.54,29.9,0
1779285653800,1614,GND-VEH-01,324.5,19.01,22.27,3.26,16.42,24.1,0.990,1,1,36.0,0.32,33.33,29.9,0
1779285653833,1615,PERSON-01,687.5,18.69,21.65,2.96,15.74,24.1,0.982,1,1,36.1,0.34,33.36,30.0,0
1779285653867,1616,UAS-01,694.6,18.94,22.02,3.08,16.06,24.8,0.990,1,1,36.0,0.30,33.31,30.0,0
1779285653900,1617,UAS-02,326.5,18.79,21.91,3.12,16.79,24.8,0.985,1,1,36.9,0.08,33.56,29.9,0
1779285653933,1618,GND-VEH-01,364.7,18.88,22.20,3.32,16.82,24.6,0.990,1,1,36.0,0.15,33.08,30.2,0
1779285653967,1619,PERSON-01,343.1,19.13,22.25,3.11,16.30,23.8,0.988,1,1,36.0,0.18,33.16,30.0,0
1779285654000,1620,UAS-01,556.7,18.87,21.77,2.90,16.03,22.3,0.990,1,1,36.0,0.11,33.20,29.9,0
1779285654033,1621,UAS-02,306.3,18.99,22.22,3.23,16.30,25.4,0.990,1,1,36.0,0.07,33.23,30.0,0
1779285654067,1622,GND-VEH-01,528.0,18.78,22.14,3.35,16.95,24.3,0.990,1,1,36.1,0.27,33.55,30.0,0
1779285654100,1623,PERSON-01,696.0,19.16,22.29,3.13,16.51,24.8,0.990,1,1,36.0,0.35,33.42,30.2,0
1779285654133,1624,UAS-01,653.0,18.98,22.16,3.18,16.43,24.3,0.990,1,1,36.8,0.04,33.45,29.9,0
1779285654167,1625,UAS-02,550.3,18.97,22.00,3.02,15.92,24.7,0.990,1,1,37.0,0.43,33.14,30.0,0
1779285654200,1626,GND-VEH-01,310.8,18.96,22.42,3.46,17.25,23.2,0.986,1,1,38.9,0.29,33.41,30.1,0
1779285654233,1627,PERSON-01,318.5,19.26,22.49,3.23,16.69,24.4,0.990,1,1,36.9,0.20,33.66,30.1,0
1779285654267,1628,UAS-01,304.0,19.29,22.29,3.00,16.52,23.8,0.990,1,1,38.5,0.04,32.93,30.1,0
1779285654300,1629,UAS-02,663.1,18.97,22.05,3.08,16.12,24.7,0.990,1,1,36.0,0.09,33.16,30.0,0
1779285654333,1630,GND-VEH-01,378.2,18.94,22.18,3.24,16.93,23.4,0.973,1,1,36.0,0.21,33.44,29.9,0
1779285654367,1631,PERSON-01,606.3,19.06,22.33,3.28,17.03,22.9,0.990,1,1,39.3,0.44,33.73,30.1,0
1779285654400,1632,UAS-01,389.5,19.18,22.56,3.38,16.94,25.0,0.990,1,1,37.6,0.33,33.59,30.1,0
1779285654433,1633,UAS-02,866.0,18.91,21.96,3.05,15.77,24.5,0.987,1,1,36.0,0.51,33.69,30.0,0
1779285654467,1634,GND-VEH-01,323.7,18.70,21.99,3.29,16.91,24.2,0.974,1,1,38.7,0.04,33.13,30.2,0
1779285654500,1635,PERSON-01,676.0,18.87,21.62,2.74,15.30,22.9,0.989,1,1,36.0,0.03,33.65,29.9,0
1779285654533,1636,UAS-01,448.6,18.86,21.92,3.06,16.07,23.2,0.990,1,1,36.0,0.01,33.82,30.1,0
1779285654567,1637,UAS-02,305.8,19.05,22.39,3.34,17.06,24.0,0.990,1,1,39.7,0.08,33.41,30.0,0
1779285654600,1638,GND-VEH-01,310.5,18.95,22.21,3.27,17.34,23.7,0.990,1,1,36.0,0.19,33.22,30.0,0
1779285654633,1639,PERSON-01,440.2,19.08,21.86,2.78,16.21,25.4,0.990,1,1,36.0,0.22,33.55,29.9,0
1779285654667,1640,UAS-01,593.0,19.00,22.15,3.16,16.45,23.8,0.990,1,1,36.2,0.08,33.36,30.1,0
1779285654700,1641,UAS-02,430.3,19.21,22.46,3.25,16.15,25.1,0.990,1,1,36.0,0.31,33.32,30.0,0
1779285654733,1642,GND-VEH-01,626.0,19.01,21.88,2.87,15.42,23.2,0.990,1,1,36.9,0.02,33.55,29.9,0
1779285654767,1643,PERSON-01,326.7,19.23,22.52,3.29,16.62,24.7,0.987,1,1,37.0,0.29,33.48,30.3,0
1779285654800,1644,UAS-01,644.6,18.92,22.15,3.23,17.38,24.0,0.990,1,1,39.1,0.24,33.73,30.0,0
1779285654833,1645,UAS-02,347.9,18.87,22.33,3.46,17.47,23.3,0.983,1,1,38.9,0.03,33.43,30.0,0
1779285654867,1646,GND-VEH-01,597.5,18.75,21.89,3.14,16.30,24.5,0.967,1,1,37.9,0.24,33.35,29.9,0
1779285654900,1647,PERSON-01,501.1,19.12,22.19,3.07,16.14,24.1,0.990,1,1,36.0,0.13,33.67,29.9,0
1779285654933,1648,UAS-01,444.3,18.90,22.01,3.11,15.87,25.1,0.990,1,1,36.5,0.30,33.13,30.1,0
1779285654967,1649,UAS-02,535.7,18.92,21.63,2.71,15.63,23.4,0.990,1,1,37.9,0.16,33.41,30.1,0
1779285655000,1650,GND-VEH-01,456.4,19.08,22.24,3.15,16.78,24.0,0.990,1,1,36.0,0.01,33.38,29.9,0
1779285655033,1651,PERSON-01,371.6,19.07,22.38,3.31,16.39,21.7,0.990,1,1,36.0,0.09,33.52,30.0,0
1779285655067,1652,UAS-01,719.9,18.80,21.74,2.94,15.85,24.0,0.990,1,1,37.4,0.08,33.22,29.9,0
1779285655100,1653,UAS-02,670.6,18.88,21.89,3.01,15.97,24.9,0.971,1,1,37.0,0.25,33.32,29.9,0
1779285655133,1654,GND-VEH-01,319.2,19.13,22.53,3.40,16.87,24.2,0.990,1,1,39.2,0.03,33.37,29.9,0
1779285655167,1655,PERSON-01,462.0,19.06,22.20,3.14,17.33,24.4,0.972,1,1,38.8,0.11,33.33,30.2,0
1779285655200,1656,UAS-01,304.9,18.91,22.02,3.11,16.49,23.2,0.979,1,1,36.0,0.08,33.57,30.1,0
1779285655233,1657,UAS-02,504.4,18.76,21.94,3.17,16.08,23.6,0.990,1,1,36.0,0.33,33.36,30.1,0
1779285655267,1658,GND-VEH-01,316.8,18.82,22.16,3.34,16.83,23.5,0.990,1,1,36.0,0.19,33.64,29.9,0
1779285655300,1659,PERSON-01,454.6,19.10,22.19,3.09,16.13,22.8,0.990,1,1,36.0,0.22,33.16,29.9,0
1779285655333,1660,UAS-01,504.8,19.01,22.05,3.04,16.44,24.3,0.990,1,1,36.8,0.06,33.21,29.9,0
1779285655367,1661,UAS-02,433.2,19.27,22.27,3.00,16.31,24.1,0.990,1,1,38.3,0.29,33.45,30.0,0
1779285655400,1662,GND-VEH-01,416.8,18.99,22.28,3.29,17.09,24.0,0.987,1,1,36.0,0.03,33.95,29.9,0
1779285655433,1663,PERSON-01,489.8,19.25,22.59,3.35,16.15,22.9,0.990,1,1,38.3,0.00,33.24,29.9,0
1779285655467,1664,UAS-01,355.1,19.06,22.17,3.11,16.38,24.0,0.990,1,1,36.0,0.25,33.57,30.0,0
1779285655500,1665,UAS-02,440.5,18.80,22.04,3.24,16.96,24.5,0.974,1,1,36.0,0.34,33.84,30.0,0
1779285655533,1666,GND-VEH-01,555.3,18.71,21.96,3.26,16.69,23.4,0.990,1,1,39.1,0.04,33.58,29.9,0
1779285655567,1667,PERSON-01,399.6,19.03,22.15,3.13,16.79,24.4,0.990,1,1,40.0,0.12,33.26,30.0,0
1779285655600,1668,UAS-01,617.9,18.82,21.75,2.93,16.42,24.8,0.990,1,1,36.0,0.33,33.64,30.1,0
1779285655633,1669,UAS-02,541.1,19.06,21.93,2.87,15.98,24.7,0.986,1,1,36.4,0.00,33.58,30.0,0
1779285655667,1670,GND-VEH-01,337.9,19.08,22.36,3.28,16.87,24.1,0.990,1,1,36.0,0.17,33.60,29.8,0
1779285655700,1671,PERSON-01,367.1,18.92,22.00,3.09,16.19,23.4,0.985,1,1,37.5,0.03,33.32,30.1,0
1779285655733,1672,UAS-01,647.0,19.00,22.20,3.21,16.14,24.8,0.986,1,1,36.0,0.29,33.66,29.9,0
1779285655767,1673,UAS-02,512.6,19.10,22.37,3.27,17.07,23.7,0.990,1,1,36.0,0.24,34.00,30.0,0
1779285655800,1674,GND-VEH-01,416.6,18.54,21.96,3.41,16.61,25.4,0.990,1,1,36.0,0.11,33.59,29.9,0
1779285655833,1675,PERSON-01,316.4,18.97,22.22,3.25,16.00,25.4,0.990,1,1,36.0,0.12,33.31,30.0,0
1779285655867,1676,UAS-01,504.6,19.02,22.46,3.44,17.51,23.4,0.227,0,0,36.5,0.00,34.03,30.0,0
1779285655900,1677,UAS-02,423.8,18.74,21.84,3.09,16.38,23.7,0.990,1,1,36.0,0.34,33.61,30.0,0
1779285655933,1678,GND-VEH-01,302.0,18.92,22.24,3.32,16.41,22.7,0.990,1,1,36.3,0.52,33.64,30.2,0
1779285655967,1679,PERSON-01,480.0,19.03,21.83,2.80,16.63,24.6,0.976,1,1,39.9,0.38,33.50,30.1,0
1779285656000,1680,UAS-01,383.1,18.86,22.02,3.16,16.66,24.4,0.990,1,1,38.6,0.04,33.69,30.1,0
1779285656033,1681,UAS-02,475.5,19.29,22.30,3.01,16.40,24.4,0.990,1,1,37.6,0.35,33.80,30.1,0
1779285656067,1682,GND-VEH-01,836.7,19.23,21.92,2.69,16.40,24.0,0.990,1,1,36.5,0.05,33.56,30.0,0
1779285656100,1683,PERSON-01,710.8,19.19,22.33,3.14,17.01,23.4,0.990,1,1,36.8,0.25,33.35,30.0,0
1779285656133,1684,UAS-01,608.7,19.16,22.35,3.19,16.25,23.8,0.971,1,1,36.0,0.05,33.92,30.0,0
1779285656167,1685,UAS-02,477.5,18.98,21.97,2.99,16.54,22.5,0.990,1,1,37.8,0.51,33.85,29.9,0
1779285656200,1686,GND-VEH-01,346.1,19.03,22.32,3.30,16.93,24.9,0.971,1,1,38.2,0.48,33.70,30.0,0
1779285656233,1687,PERSON-01,581.4,19.20,22.28,3.08,16.72,22.0,0.990,1,1,36.7,0.06,33.45,30.0,0
1779285656267,1688,UAS-01,609.5,19.12,22.39,3.26,16.55,23.5,0.990,1,1,36.0,0.39,33.43,29.9,0
1779285656300,1689,UAS-02,455.0,19.07,22.11,3.04,16.06,24.0,0.970,1,1,37.3,0.15,33.65,29.9,0
1779285656333,1690,GND-VEH-01,427.7,18.84,22.06,3.22,16.78,24.2,0.988,1,1,38.8,0.29,33.63,30.1,0
1779285656367,1691,PERSON-01,469.5,18.81,22.05,3.24,16.47,24.7,0.990,1,1,36.0,0.19,33.83,30.0,0
1779285656400,1692,UAS-01,514.7,19.05,22.24,3.19,16.04,24.5,0.989,1,1,36.6,0.29,33.72,30.1,0
1779285656433,1693,UAS-02,397.8,18.86,22.12,3.25,16.54,24.0,0.978,1,1,38.1,0.13,33.93,29.9,0
1779285656467,1694,GND-VEH-01,443.2,18.91,22.09,3.18,16.85,25.5,0.976,1,1,36.0,0.15,33.96,30.0,0
1779285656500,1695,PERSON-01,568.6,18.80,21.84,3.04,16.65,23.6,0.990,1,1,36.0,0.39,33.83,30.0,0
1779285656533,1696,UAS-01,628.2,18.96,22.04,3.08,16.11,24.8,0.990,1,1,37.2,0.02,33.66,30.1,0
1779285656567,1697,UAS-02,428.2,19.06,22.22,3.17,16.14,23.7,0.985,1,1,36.0,0.04,33.21,29.9,0
1779285656600,1698,GND-VEH-01,350.7,18.97,22.45,3.49,16.96,23.2,0.990,1,1,36.0,0.11,33.54,30.0,0
1779285656633,1699,PERSON-01,756.0,18.94,22.04,3.10,16.04,25.5,0.988,1,1,36.7,0.05,33.50,30.0,0
1779285656667,1700,UAS-01,342.6,19.08,22.42,3.33,15.71,24.4,0.990,1,1,36.0,0.07,33.83,30.0,0
1779285656700,1701,UAS-02,412.3,19.12,22.25,3.13,16.65,23.1,0.990,1,1,36.2,0.03,33.60,30.1,0
1779285656733,1702,GND-VEH-01,554.3,18.97,22.20,3.23,16.10,25.0,0.990,1,1,36.0,0.13,33.67,29.9,0
1779285656767,1703,PERSON-01,431.8,18.77,21.84,3.07,17.08,22.3,0.986,1,1,37.3,0.39,33.98,29.9,0
1779285656800,1704,UAS-01,598.7,18.72,21.75,3.03,16.37,22.8,0.984,1,1,36.0,0.07,33.53,30.1,0
1779285656833,1705,UAS-02,392.1,18.93,22.12,3.19,16.56,23.9,0.990,1,1,36.0,0.45,33.44,30.1,0
1779285656867,1706,GND-VEH-01,752.8,18.96,22.22,3.26,16.74,25.0,0.990,1,1,38.3,0.01,33.70,30.2,0
1779285656900,1707,PERSON-01,441.2,18.93,22.14,3.21,16.77,23.4,0.990,1,1,36.0,0.05,34.26,30.1,0
1779285656933,1708,UAS-01,423.0,19.02,22.37,3.36,16.67,24.3,0.963,1,1,36.0,0.06,33.72,30.1,0
1779285656967,1709,UAS-02,334.3,19.14,22.31,3.17,16.70,25.3,0.990,1,1,36.0,0.32,33.62,30.1,0
1779285657000,1710,GND-VEH-01,468.3,19.02,21.94,2.92,16.63,24.1,0.990,1,1,36.0,0.08,33.65,29.8,0
1779285657033,1711,PERSON-01,397.6,18.82,22.16,3.34,16.73,23.6,0.990,1,1,37.1,0.08,33.91,29.9,0
1779285657067,1712,UAS-01,410.2,19.11,22.24,3.14,16.53,24.5,0.990,1,1,36.0,0.61,33.82,30.1,0
1779285657100,1713,UAS-02,762.8,18.90,22.08,3.18,16.73,23.6,0.990,1,1,37.6,0.11,33.72,29.9,0
1779285657133,1714,GND-VEH-01,503.7,18.92,22.00,3.08,15.93,24.7,0.990,1,1,39.3,0.12,33.26,30.0,0
1779285657167,1715,PERSON-01,362.9,19.09,22.29,3.20,17.49,23.2,0.990,1,1,38.5,0.14,33.94,30.0,0
1779285657200,1716,UAS-01,458.4,18.96,22.14,3.18,16.15,24.3,0.987,1,1,36.0,0.29,33.80,30.0,0
1779285657233,1717,UAS-02,687.7,19.09,22.09,3.00,16.49,24.5,0.990,1,1,36.0,0.43,34.13,29.9,0
1779285657267,1718,GND-VEH-01,307.7,19.00,22.06,3.06,17.25,23.0,0.990,1,1,40.0,0.20,33.83,30.2,0
1779285657300,1719,PERSON-01,790.7,19.26,22.12,2.86,15.93,23.0,0.969,1,1,37.8,0.38,33.43,30.0,0
1779285657333,1720,UAS-01,596.1,19.22,22.54,3.32,16.59,24.4,0.990,1,1,38.3,0.51,33.56,30.0,0
1779285657367,1721,UAS-02,556.5,19.04,22.27,3.23,16.59,23.6,0.990,1,1,36.0,0.02,33.59,30.1,0
1779285657400,1722,GND-VEH-01,338.8,18.75,21.83,3.08,16.21,25.3,0.990,1,1,36.4,0.28,33.61,30.0,0
1779285657433,1723,PERSON-01,550.9,18.82,21.58,2.77,15.80,24.2,0.990,1,1,36.0,0.39,33.69,30.0,0
1779285657467,1724,UAS-01,412.3,18.87,22.14,3.27,16.31,24.8,0.978,1,1,36.0,0.09,33.89,29.9,0
1779285657500,1725,UAS-02,732.8,19.26,22.02,2.76,16.06,24.3,0.990,1,1,36.1,0.35,33.79,30.1,0
1779285657533,1726,GND-VEH-01,420.7,18.94,21.95,3.01,16.39,25.0,0.990,1,1,37.8,0.10,33.33,29.9,0
1779285657567,1727,PERSON-01,558.7,18.84,21.85,3.00,16.51,23.6,0.980,1,1,36.9,0.05,33.48,30.1,0
1779285657600,1728,UAS-01,658.1,18.91,21.75,2.84,16.18,25.3,0.974,1,1,36.0,0.07,34.00,29.9,0
1779285657633,1729,UAS-02,755.9,19.16,22.23,3.07,16.82,22.8,0.990,1,1,36.5,0.01,33.81,30.1,0
1779285657667,1730,GND-VEH-01,538.3,19.12,22.27,3.15,16.20,22.9,0.990,1,1,36.0,0.46,33.86,30.0,0
1779285657700,1731,PERSON-01,385.0,19.15,22.64,3.48,17.87,21.9,0.990,1,1,36.0,0.24,33.95,30.0,0
1779285657733,1732,UAS-01,482.3,19.15,22.54,3.39,16.55,23.5,0.990,1,1,36.0,0.27,33.37,30.1,0
1779285657767,1733,UAS-02,401.0,19.10,21.97,2.87,15.97,22.6,0.990,1,1,37.8,0.34,33.47,30.0,0
1779285657800,1734,GND-VEH-01,732.7,19.07,22.22,3.16,17.06,23.4,0.971,1,1,38.4,0.28,33.68,30.0,0
1779285657833,1735,PERSON-01,831.3,19.08,22.25,3.17,16.51,24.8,0.980,1,1,36.8,0.12,33.73,30.0,0
1779285657867,1736,UAS-01,475.9,19.03,22.16,3.13,16.17,26.0,0.990,1,1,36.2,0.09,33.94,30.0,0
1779285657900,1737,UAS-02,341.5,19.09,22.11,3.02,15.64,24.0,0.990,1,1,38.5,0.04,33.58,30.1,0
1779285657933,1738,GND-VEH-01,403.6,19.13,22.45,3.32,17.09,23.1,0.990,1,1,36.7,0.24,33.80,30.1,0
1779285657967,1739,PERSON-01,399.8,19.06,22.09,3.03,17.22,24.1,0.980,1,1,38.3,0.33,33.58,29.9,0
1779285658000,1740,UAS-01,343.6,19.13,22.45,3.32,17.28,24.7,0.990,1,1,36.6,0.01,34.16,29.9,0
1779285658033,1741,UAS-02,445.8,18.86,22.19,3.34,16.83,24.1,0.990,1,1,36.4,0.13,33.58,29.9,0
1779285658067,1742,GND-VEH-01,442.3,19.25,22.17,2.92,16.15,23.8,0.990,1,1,36.0,0.39,33.73,30.1,0
1779285658100,1743,PERSON-01,506.7,18.77,22.10,3.33,17.58,23.9,0.990,1,1,36.0,0.24,34.12,29.9,0
1779285658133,1744,UAS-01,578.0,18.71,21.95,3.24,16.04,24.9,0.990,1,1,36.5,0.26,33.87,30.0,0
1779285658167,1745,UAS-02,337.7,19.01,21.94,2.94,16.55,25.9,0.990,1,1,36.0,0.24,34.21,29.9,0
1779285658200,1746,GND-VEH-01,510.2,18.87,21.93,3.06,16.39,24.6,0.990,1,1,36.0,0.31,34.18,29.9,0
1779285658233,1747,PERSON-01,507.5,19.03,22.23,3.20,16.58,23.5,0.982,1,1,36.0,0.04,33.57,30.0,0
1779285658267,1748,UAS-01,665.9,18.94,22.03,3.09,17.39,23.1,0.990,1,1,36.0,0.15,34.01,29.9,0
1779285658300,1749,UAS-02,562.8,18.81,22.03,3.22,17.20,23.4,0.990,1,1,36.0,0.37,34.15,30.1,0
1779285658333,1750,GND-VEH-01,472.9,19.05,22.25,3.20,16.94,23.4,0.990,1,1,36.0,0.01,34.01,30.0,0
1779285658367,1751,PERSON-01,774.3,18.76,21.48,2.72,15.37,23.9,0.990,1,1,36.0,0.03,34.04,30.1,0
1779285658400,1752,UAS-01,628.2,18.94,21.85,2.92,16.18,25.3,0.985,1,1,36.0,0.12,34.03,29.9,0
1779285658433,1753,UAS-02,595.8,19.14,22.44,3.30,16.32,24.9,0.990,1,1,36.0,0.53,33.55,30.0,0
1779285658467,1754,GND-VEH-01,490.3,19.05,22.39,3.33,17.64,24.4,0.990,1,1,36.0,0.12,33.77,30.0,0
1779285658500,1755,PERSON-01,460.2,18.87,22.13,3.26,16.49,24.5,0.990,1,1,36.0,0.01,34.13,29.9,0
1779285658533,1756,UAS-01,678.2,19.17,22.55,3.38,16.20,24.5,0.990,1,1,36.0,0.60,34.06,30.0,0
1779285658567,1757,UAS-02,568.6,18.84,21.78,2.94,16.38,23.8,0.990,1,1,36.9,0.09,34.00,30.0,0
1779285658600,1758,GND-VEH-01,452.3,18.91,22.01,3.09,16.32,23.7,0.990,1,1,36.0,0.12,33.79,30.0,0
1779285658633,1759,PERSON-01,422.6,19.03,22.29,3.26,16.80,24.7,0.990,1,1,37.5,0.15,33.92,30.0,0
1779285658667,1760,UAS-01,651.2,18.75,21.93,3.18,16.47,24.7,0.990,1,1,39.0,0.08,33.93,30.1,0
1779285658700,1761,UAS-02,559.8,19.20,22.21,3.01,16.90,23.3,0.990,1,1,36.0,0.06,33.72,30.0,0
1779285658733,1762,GND-VEH-01,782.8,19.02,21.95,2.93,15.66,26.0,0.990,1,1,37.2,0.12,34.27,30.0,0
1779285658767,1763,PERSON-01,306.1,18.95,22.11,3.17,16.55,25.1,0.990,1,1,36.6,0.25,34.61,30.0,0
1779285658800,1764,UAS-01,431.5,19.31,22.43,3.11,15.69,24.4,0.990,1,1,37.8,0.15,33.88,30.1,0
1779285658833,1765,UAS-02,429.5,18.88,21.91,3.04,15.59,23.0,0.986,1,1,36.0,0.14,33.99,30.0,0
1779285658867,1766,GND-VEH-01,540.9,19.25,22.44,3.20,16.81,24.1,0.983,1,1,36.4,0.00,33.90,30.0,0
1779285658900,1767,PERSON-01,671.3,18.99,22.23,3.25,17.27,23.4,0.990,1,1,36.0,0.26,34.19,29.9,0
1779285658933,1768,UAS-01,532.2,18.90,22.15,3.25,16.70,23.5,0.990,1,1,36.0,0.36,33.98,29.9,0
1779285658967,1769,UAS-02,420.0,19.22,22.55,3.33,16.70,25.0,0.990,1,1,36.0,0.05,33.95,30.1,0
1779285659000,1770,GND-VEH-01,556.4,19.09,22.19,3.11,16.76,24.4,0.980,1,1,37.4,0.27,34.32,29.9,0
1779285659033,1771,PERSON-01,588.7,18.96,21.86,2.90,16.27,22.3,0.990,1,1,36.0,0.03,33.89,30.0,0
1779285659067,1772,UAS-01,509.2,18.77,21.78,3.01,16.00,23.9,0.990,1,1,37.9,0.18,33.83,30.1,0
1779285659100,1773,UAS-02,327.5,19.07,22.37,3.30,16.91,23.2,0.990,1,1,37.2,0.38,34.01,29.9,0
1779285659133,1774,GND-VEH-01,327.9,19.10,22.44,3.33,16.86,24.4,0.965,1,1,36.0,0.31,33.87,29.9,0
1779285659167,1775,PERSON-01,563.8,19.07,22.65,3.58,17.89,23.0,0.983,1,1,36.0,0.46,33.87,30.0,0
1779285659200,1776,UAS-01,526.9,18.77,22.25,3.47,17.24,23.7,0.990,1,1,39.7,0.19,33.71,30.1,0
1779285659233,1777,UAS-02,589.8,19.27,22.53,3.25,16.13,23.4,0.990,1,1,36.0,0.09,33.74,30.0,0
1779285659267,1778,GND-VEH-01,738.5,19.21,22.64,3.42,17.25,23.1,0.988,1,1,36.0,0.04,34.06,30.0,0
1779285659300,1779,PERSON-01,347.7,18.97,22.41,3.44,16.30,24.1,0.990,1,1,36.0,0.14,33.62,30.1,0
1779285659333,1780,UAS-01,390.8,19.00,22.51,3.51,17.34,23.8,0.990,1,1,36.2,0.07,34.00,29.9,0
1779285659367,1781,UAS-02,509.5,19.10,22.08,2.98,17.05,23.8,0.963,1,1,37.9,0.19,33.77,29.9,0
1779285659400,1782,GND-VEH-01,308.8,19.01,21.95,2.94,16.72,23.9,0.990,1,1,36.0,0.46,33.90,30.1,0
1779285659433,1783,PERSON-01,614.4,18.60,21.94,3.34,16.81,24.7,0.990,1,1,36.0,0.01,33.78,29.9,0
1779285659467,1784,UAS-01,599.0,18.98,22.03,3.05,15.96,24.0,0.990,1,1,36.0,0.04,33.99,29.9,0
1779285659500,1785,UAS-02,762.2,19.04,22.03,2.99,16.34,25.6,0.989,1,1,38.3,0.23,34.05,29.9,0
1779285659533,1786,GND-VEH-01,394.8,18.92,22.25,3.33,17.34,24.3,0.990,1,1,36.0,0.14,34.05,30.1,0
1779285659567,1787,PERSON-01,428.9,18.74,22.31,3.57,16.99,24.4,0.990,1,1,36.0,0.10,33.97,30.0,0
1779285659600,1788,UAS-01,523.5,19.19,22.39,3.19,16.36,24.6,0.990,1,1,36.5,0.35,33.93,29.9,0
1779285659633,1789,UAS-02,336.1,18.89,22.14,3.25,16.99,23.7,0.990,1,1,37.9,0.12,33.97,29.9,0
1779285659667,1790,GND-VEH-01,727.6,18.91,21.55,2.63,15.44,23.9,0.990,1,1,36.7,0.13,33.48,29.8,0
1779285659700,1791,PERSON-01,552.1,19.13,22.27,3.14,16.34,23.9,0.976,1,1,37.7,0.36,34.16,30.0,0
1779285659733,1792,UAS-01,380.0,19.10,22.47,3.37,17.14,25.0,0.990,1,1,39.1,0.23,34.20,30.0,0
1779285659767,1793,UAS-02,527.8,18.78,21.93,3.15,15.90,26.0,0.984,1,1,36.0,0.44,33.94,30.1,0
1779285659800,1794,GND-VEH-01,657.8,19.00,21.85,2.85,16.41,22.5,0.990,1,1,36.0,0.42,33.75,30.0,0
1779285659833,1795,PERSON-01,395.9,19.14,22.08,2.94,15.48,25.3,0.990,1,1,36.0,0.40,34.13,29.9,0
1779285659867,1796,UAS-01,558.0,18.91,21.89,2.97,16.03,22.9,0.990,1,1,36.0,0.22,34.21,30.0,0
1779285659900,1797,UAS-02,343.4,19.12,22.48,3.36,16.30,23.3,0.990,1,1,36.0,0.25,33.76,30.0,0
1779285659933,1798,GND-VEH-01,326.7,19.06,22.08,3.02,16.54,24.7,0.990,1,1,36.0,0.25,34.13,29.9,0
1779285659967,1799,PERSON-01,794.8,19.28,22.30,3.02,15.48,24.9,0.990,1,1,36.0,0.18,34.04,30.0,0
1779285660000,1800,UAS-01,304.0,18.97,22.15,3.18,16.44,24.7,0.990,1,1,37.0,0.11,33.97,30.0,0
1779285660033,1801,UAS-02,572.1,19.17,22.12,2.95,16.08,22.5,0.990,1,1,37.0,0.43,33.92,30.1,0
1779285660067,1802,GND-VEH-01,307.2,18.90,22.14,3.25,16.21,24.4,0.990,1,1,38.2,0.08,33.83,30.1,0
1779285660100,1803,PERSON-01,416.0,18.91,22.03,3.13,16.73,24.0,0.986,1,1,36.0,0.23,34.09,29.8,0
1779285660133,1804,UAS-01,378.1,18.85,22.13,3.28,17.35,25.3,0.990,1,1,36.4,0.05,34.42,30.0,0
1779285660167,1805,UAS-02,571.6,19.04,22.34,3.31,16.80,23.7,0.990,1,1,36.0,0.07,33.71,30.0,0
1779285660200,1806,GND-VEH-01,627.9,19.08,22.00,2.92,16.50,24.5,0.990,1,1,36.0,0.01,33.85,30.2,0
1779285660233,1807,PERSON-01,512.0,19.00,21.92,2.92,16.34,23.8,0.990,1,1,39.4,0.07,33.98,30.0,0
1779285660267,1808,UAS-01,602.8,19.14,22.78,3.63,17.16,23.5,0.990,1,1,36.0,0.01,34.06,30.0,0
1779285660300,1809,UAS-02,385.4,19.31,22.64,3.33,16.37,23.6,0.990,1,1,36.0,0.28,34.15,30.1,0
1779285660333,1810,GND-VEH-01,356.9,18.73,22.01,3.28,16.70,25.7,0.980,1,1,36.7,0.32,34.30,30.0,0
1779285660367,1811,PERSON-01,901.7,19.08,22.06,2.98,15.92,23.1,0.990,1,1,36.9,0.11,33.64,30.0,0
1779285660400,1812,UAS-01,468.3,19.20,22.22,3.02,15.53,25.0,0.990,1,1,37.3,0.45,34.17,30.1,0
1779285660433,1813,UAS-02,449.0,19.14,22.15,3.01,16.48,25.3,0.990,1,1,36.8,0.06,33.97,30.0,0
1779285660467,1814,GND-VEH-01,873.5,19.01,22.05,3.04,17.06,25.3,0.990,1,1,36.0,0.44,34.08,30.1,0
1779285660500,1815,PERSON-01,800.3,19.04,22.01,2.97,16.27,24.0,0.990,1,1,37.1,0.15,34.20,30.0,0
1779285660533,1816,UAS-01,353.2,19.14,22.22,3.08,16.25,24.7,0.990,1,1,36.5,0.16,33.61,29.9,0
1779285660567,1817,UAS-02,463.5,19.02,21.97,2.95,16.30,24.7,0.990,1,1,38.4,0.31,33.95,29.9,0
1779285660600,1818,GND-VEH-01,573.5,19.30,22.48,3.18,15.98,24.8,0.990,1,1,36.0,0.21,33.91,30.0,0
1779285660633,1819,PERSON-01,571.4,18.90,22.14,3.24,16.66,25.2,0.990,1,1,37.7,0.18,33.94,30.0,0
1779285660667,1820,UAS-01,415.1,19.11,22.17,3.07,16.60,25.7,0.990,1,1,37.1,0.45,33.96,30.0,0
1779285660700,1821,UAS-02,332.0,18.95,22.41,3.46,16.36,24.2,0.971,1,1,36.0,0.09,34.07,29.9,0
1779285660733,1822,GND-VEH-01,385.1,19.00,21.96,2.96,15.65,24.1,0.987,1,1,36.0,0.00,34.01,30.0,0
1779285660767,1823,PERSON-01,512.6,19.09,22.07,2.98,16.24,23.2,0.990,1,1,36.0,0.12,34.04,29.9,0
1779285660800,1824,UAS-01,546.7,19.08,22.19,3.11,16.06,25.7,0.990,1,1,37.0,0.16,33.87,30.0,0
1779285660833,1825,UAS-02,884.1,19.35,22.30,2.95,15.76,23.9,0.990,1,1,36.0,0.04,34.51,30.1,0
1779285660867,1826,GND-VEH-01,466.8,18.77,22.08,3.31,16.74,24.6,0.974,1,1,36.0,0.33,34.55,30.1,0
1779285660900,1827,PERSON-01,641.1,19.32,22.29,2.97,16.49,24.7,0.990,1,1,36.1,0.22,34.19,30.1,0
1779285660933,1828,UAS-01,519.4,18.96,21.90,2.94,15.82,25.4,0.968,1,1,37.3,0.59,33.81,30.0,0
1779285660967,1829,UAS-02,372.1,18.86,21.86,3.00,15.81,24.2,0.981,1,1,37.3,0.42,33.58,30.0,0
1779285661000,1830,GND-VEH-01,338.8,19.13,22.41,3.28,16.24,25.6,0.990,1,1,36.0,0.27,34.18,29.9,0
1779285661033,1831,PERSON-01,772.1,18.77,21.70,2.92,16.66,23.9,0.990,1,1,36.0,0.33,34.27,30.1,0
1779285661067,1832,UAS-01,733.3,18.91,21.92,3.01,16.22,22.3,0.978,1,1,38.7,0.28,34.49,29.8,0
1779285661100,1833,UAS-02,758.6,18.80,21.80,3.00,16.79,22.6,0.990,1,1,36.0,0.56,34.04,30.0,0
1779285661133,1834,GND-VEH-01,338.1,19.13,22.57,3.44,17.21,23.0,0.990,1,1,36.0,0.68,34.43,30.0,0
1779285661167,1835,PERSON-01,532.6,19.17,22.69,3.52,16.29,25.9,0.979,1,1,36.0,0.47,34.22,30.0,0
1779285661200,1836,UAS-01,859.2,18.96,21.90,2.94,16.77,23.3,0.990,1,1,37.8,0.07,33.78,30.0,0
1779285661233,1837,UAS-02,332.0,18.91,22.17,3.26,17.09,23.5,0.990,1,1,36.0,0.08,34.10,30.1,0
1779285661267,1838,GND-VEH-01,484.6,19.01,22.23,3.22,16.52,23.4,0.990,1,1,36.7,0.07,34.17,30.0,0
1779285661300,1839,PERSON-01,618.3,18.98,21.99,3.01,16.14,24.4,0.990,1,1,36.6,0.35,33.87,30.0,0
1779285661333,1840,UAS-01,352.7,18.84,22.48,3.64,17.70,23.9,0.990,1,1,36.0,0.14,34.52,30.0,0
1779285661367,1841,UAS-02,316.8,18.85,22.12,3.27,16.82,22.5,0.990,1,1,39.1,0.19,33.73,30.0,0
1779285661400,1842,GND-VEH-01,446.4,18.92,22.19,3.27,16.75,24.7,0.970,1,1,36.0,0.34,33.97,30.0,0
1779285661433,1843,PERSON-01,662.5,19.08,22.15,3.06,16.31,25.3,0.990,1,1,36.0,0.16,33.60,29.8,0
1779285661467,1844,UAS-01,449.8,18.85,21.78,2.93,15.61,23.7,0.990,1,1,36.0,0.58,34.07,29.8,0
1779285661500,1845,UAS-02,322.6,19.16,22.61,3.45,17.30,22.1,0.990,1,1,37.9,0.45,33.94,30.1,0
1779285661533,1846,GND-VEH-01,827.2,19.13,22.18,3.06,16.42,25.1,0.990,1,1,36.0,0.03,34.39,30.1,0
1779285661567,1847,PERSON-01,394.9,19.18,22.03,2.85,16.72,24.5,0.990,1,1,37.2,0.14,34.27,30.1,0
1779285661600,1848,UAS-01,415.5,18.98,22.34,3.35,16.63,23.9,0.986,1,1,38.1,0.36,34.29,29.9,0
1779285661633,1849,UAS-02,598.4,18.92,22.14,3.22,16.84,24.1,0.990,1,1,36.0,0.23,34.29,30.1,0
1779285661667,1850,GND-VEH-01,597.3,19.12,22.02,2.90,16.52,24.7,0.990,1,1,36.0,0.14,34.25,30.0,0
1779285661700,1851,PERSON-01,653.7,18.84,21.71,2.87,15.80,22.5,0.985,1,1,36.0,0.15,34.45,30.2,0
1779285661733,1852,UAS-01,363.9,19.07,22.70,3.63,17.37,24.2,0.990,1,1,36.0,0.07,34.40,29.9,0
1779285661767,1853,UAS-02,327.6,18.92,22.26,3.34,16.39,24.2,0.990,1,1,36.0,0.04,34.08,30.0,0
1779285661800,1854,GND-VEH-01,696.1,18.91,21.96,3.05,16.81,25.4,0.990,1,1,36.0,0.21,34.44,29.9,0
1779285661833,1855,PERSON-01,898.6,18.97,21.94,2.96,15.83,24.5,0.990,1,1,37.5,0.37,34.11,30.1,0
1779285661867,1856,UAS-01,502.4,19.05,22.25,3.20,17.06,23.4,0.976,1,1,36.1,0.23,34.28,30.0,0
1779285661900,1857,UAS-02,875.1,19.27,22.08,2.82,15.42,22.9,0.990,1,1,36.0,0.02,34.14,30.2,0
1779285661933,1858,GND-VEH-01,326.6,19.07,22.35,3.28,16.30,23.0,0.981,1,1,37.4,0.20,34.26,30.2,0
1779285661967,1859,PERSON-01,329.6,19.08,22.62,3.55,17.05,23.4,0.990,1,1,37.8,0.28,34.20,30.0,0
1779285662000,1860,UAS-01,847.4,18.93,21.96,3.03,16.47,22.2,0.990,1,1,38.5,0.50,34.19,30.0,0
1779285662033,1861,UAS-02,589.2,19.04,22.32,3.29,17.16,24.0,0.990,1,1,38.2,0.05,33.91,29.9,0
1779285662067,1862,GND-VEH-01,347.7,19.16,22.42,3.26,16.31,23.8,0.990,1,1,36.7,0.14,33.86,29.8,0
1779285662100,1863,PERSON-01,745.4,19.21,22.09,2.88,16.29,22.9,0.989,1,1,37.8,0.28,33.90,30.1,0
1779285662133,1864,UAS-01,412.2,18.80,21.98,3.18,16.18,22.4,0.986,1,1,38.9,0.04,34.11,30.0,0
1779285662167,1865,UAS-02,350.7,18.79,22.04,3.25,16.82,23.0,0.987,1,1,36.3,0.35,34.21,29.9,0
1779285662200,1866,GND-VEH-01,741.2,19.12,22.21,3.09,16.86,22.7,0.979,1,1,36.0,0.08,34.11,30.0,0
1779285662233,1867,PERSON-01,632.1,19.01,22.29,3.28,16.05,25.0,0.990,1,1,38.9,0.26,34.29,30.0,0
1779285662267,1868,UAS-01,465.9,18.98,22.04,3.06,16.80,23.2,0.982,1,1,36.2,0.01,34.48,30.0,0
1779285662300,1869,UAS-02,549.4,19.17,22.15,2.99,16.79,24.6,0.990,1,1,37.6,0.15,34.24,29.8,0
1779285662333,1870,GND-VEH-01,371.0,18.86,21.75,2.89,16.09,24.7,0.990,1,1,36.0,0.06,33.91,29.8,0
1779285662367,1871,PERSON-01,327.5,19.03,22.39,3.36,17.52,22.8,0.990,1,1,36.7,0.38,34.02,30.0,0
1779285662400,1872,UAS-01,506.7,19.10,22.26,3.16,16.48,24.6,0.990,1,1,36.9,0.26,33.59,30.1,0
1779285662433,1873,UAS-02,731.1,18.96,21.87,2.91,16.28,22.5,0.985,1,1,36.0,0.17,34.07,29.9,0
1779285662467,1874,GND-VEH-01,565.8,18.91,22.10,3.19,16.86,25.4,0.976,1,1,36.0,0.06,34.37,30.0,0
1779285662500,1875,PERSON-01,612.6,19.05,22.13,3.09,16.08,24.0,0.990,1,1,36.0,0.43,34.41,30.1,0
1779285662533,1876,UAS-01,703.4,18.88,21.94,3.06,15.74,24.6,0.990,1,1,36.0,0.14,34.11,30.0,0
1779285662567,1877,UAS-02,427.6,18.86,22.03,3.17,16.45,24.7,0.990,1,1,36.0,0.15,34.11,30.2,0
1779285662600,1878,GND-VEH-01,937.4,18.85,21.87,3.02,16.43,24.4,0.990,1,1,39.3,0.36,34.13,30.2,0
1779285662633,1879,PERSON-01,345.2,19.06,22.33,3.27,16.76,23.6,0.990,1,1,36.0,0.03,34.11,30.0,0
1779285662667,1880,UAS-01,428.8,18.90,21.94,3.04,15.93,22.9,0.990,1,1,36.0,0.21,34.14,29.9,0
1779285662700,1881,UAS-02,585.1,19.14,22.49,3.35,16.74,23.4,0.990,1,1,37.0,0.12,34.43,30.0,0
1779285662733,1882,GND-VEH-01,818.9,19.09,22.14,3.05,16.25,24.3,0.990,1,1,36.7,0.48,34.07,30.0,0
1779285662767,1883,PERSON-01,361.3,18.96,22.30,3.35,16.94,24.3,0.976,1,1,36.0,0.09,34.44,30.0,0
1779285662800,1884,UAS-01,577.2,19.17,22.32,3.15,16.69,23.5,0.990,1,1,38.4,0.04,34.30,30.0,0
1779285662833,1885,UAS-02,481.7,18.93,22.02,3.10,16.79,24.1,0.990,1,1,37.8,0.01,34.06,29.8,0
1779285662867,1886,GND-VEH-01,348.0,18.98,22.42,3.44,16.75,23.9,0.990,1,1,38.9,0.32,34.45,30.0,0
1779285662900,1887,PERSON-01,483.1,19.04,22.17,3.13,16.46,24.7,0.990,1,1,39.0,0.10,34.36,30.1,0
1779285662933,1888,UAS-01,462.3,19.01,22.15,3.13,16.92,23.1,0.988,1,1,36.0,0.29,34.14,30.0,0
1779285662967,1889,UAS-02,425.9,18.96,22.31,3.35,16.58,25.8,0.990,1,1,36.0,0.44,34.12,29.8,0
1779285663000,1890,GND-VEH-01,626.1,18.90,21.93,3.03,16.66,24.9,0.990,1,1,36.0,0.07,34.29,30.1,0
1779285663033,1891,PERSON-01,594.3,19.07,22.22,3.15,16.66,24.4,0.990,1,1,36.0,0.31,34.19,30.0,0
1779285663067,1892,UAS-01,485.6,19.16,22.09,2.92,15.87,24.3,0.986,1,1,36.0,0.06,34.40,30.1,0
1779285663100,1893,UAS-02,519.1,19.14,22.27,3.13,16.17,25.6,0.990,1,1,36.0,0.29,34.80,30.0,0
1779285663133,1894,GND-VEH-01,317.7,18.93,21.93,3.00,15.34,24.7,0.987,1,1,36.0,0.19,34.36,29.9,0
1779285663167,1895,PERSON-01,838.9,19.01,22.12,3.11,15.77,23.8,0.990,1,1,36.0,0.38,34.31,29.9,0
1779285663200,1896,UAS-01,555.4,19.27,22.84,3.57,16.30,25.3,0.990,1,1,37.1,0.26,34.49,30.0,0
1779285663233,1897,UAS-02,592.0,18.87,22.11,3.24,15.64,23.7,0.990,1,1,37.7,0.51,34.40,30.1,0
1779285663267,1898,GND-VEH-01,683.9,19.08,22.23,3.15,16.35,24.3,0.990,1,1,36.0,0.27,34.63,30.0,0
1779285663300,1899,PERSON-01,407.5,19.11,22.27,3.15,16.87,23.1,0.990,1,1,36.0,0.13,34.17,29.8,0
1779285663333,1900,UAS-01,669.6,18.96,21.87,2.91,16.34,24.7,0.990,1,1,36.6,0.13,34.34,30.0,0
1779285663367,1901,UAS-02,561.3,18.92,22.05,3.14,16.43,22.8,0.985,1,1,36.0,0.15,34.54,30.1,0
1779285663400,1902,GND-VEH-01,350.6,19.00,22.17,3.17,16.18,25.1,0.990,1,1,36.0,0.27,34.43,30.1,0
1779285663433,1903,PERSON-01,605.3,19.24,22.20,2.95,16.54,25.0,0.990,1,1,36.4,0.24,34.32,30.0,0
1779285663467,1904,UAS-01,450.8,19.18,22.25,3.07,15.78,24.6,0.988,1,1,37.8,0.13,34.63,30.0,0
1779285663500,1905,UAS-02,671.4,18.98,22.02,3.04,16.25,23.4,0.990,1,1,39.1,0.01,34.50,29.9,0
1779285663533,1906,GND-VEH-01,649.7,18.69,21.48,2.79,15.92,23.2,0.990,1,1,36.0,0.25,34.74,30.0,0
1779285663567,1907,PERSON-01,554.0,19.25,22.73,3.48,17.34,23.3,0.990,1,1,38.0,0.06,34.27,30.1,0
1779285663600,1908,UAS-01,734.5,18.74,21.95,3.21,16.42,23.8,0.990,1,1,37.1,0.49,34.18,30.0,0
1779285663633,1909,UAS-02,344.4,18.87,21.98,3.11,16.23,22.3,0.985,1,1,36.0,0.18,33.98,30.0,0
1779285663667,1910,GND-VEH-01,757.0,19.16,21.87,2.71,16.13,23.0,0.990,1,1,37.7,0.37,34.60,29.9,0
1779285663700,1911,PERSON-01,375.1,19.21,22.35,3.14,16.70,24.6,0.990,1,1,37.5,0.09,34.56,29.9,0
1779285663733,1912,UAS-01,498.1,19.04,22.36,3.32,17.20,23.0,0.990,1,1,37.1,0.24,34.30,29.9,0
1779285663767,1913,UAS-02,578.0,18.90,21.93,3.03,16.53,24.4,0.990,1,1,36.0,0.19,34.50,29.9,0
1779285663800,1914,GND-VEH-01,396.4,19.07,22.47,3.40,17.08,23.9,0.990,1,1,38.5,0.03,34.49,30.0,0
1779285663833,1915,PERSON-01,468.3,19.11,22.24,3.13,16.56,24.4,0.990,1,1,36.3,0.49,34.29,30.1,0
1779285663867,1916,UAS-01,528.6,18.78,21.78,2.99,16.59,24.2,0.986,1,1,36.0,0.16,34.54,30.0,0
1779285663900,1917,UAS-02,341.4,18.95,22.29,3.34,16.84,23.1,0.981,1,1,39.9,0.21,34.47,30.0,0
1779285663933,1918,GND-VEH-01,499.8,19.18,22.49,3.32,17.24,23.1,0.990,1,1,36.0,0.25,34.36,30.0,0
1779285663967,1919,PERSON-01,474.5,19.18,22.50,3.32,16.97,25.1,0.988,1,1,36.2,0.06,34.69,29.9,0
1779285664000,1920,UAS-01,342.2,18.65,22.12,3.47,16.96,23.2,0.985,1,1,36.3,0.16,34.59,30.0,0
1779285664033,1921,UAS-02,329.2,19.00,22.22,3.22,16.06,25.6,0.981,1,1,37.7,0.18,34.22,29.9,0
1779285664067,1922,GND-VEH-01,890.3,19.19,22.31,3.12,17.15,23.7,0.990,1,1,37.5,0.30,34.09,30.0,0
1779285664100,1923,PERSON-01,464.3,19.07,22.47,3.40,16.75,24.3,0.990,1,1,36.3,0.36,34.20,30.0,0
1779285664133,1924,UAS-01,311.1,18.98,22.60,3.62,17.19,25.4,0.989,1,1,39.1,0.25,34.31,30.0,0
1779285664167,1925,UAS-02,336.4,19.19,22.45,3.26,16.15,24.3,0.990,1,1,36.0,0.58,33.99,30.1,0
1779285664200,1926,GND-VEH-01,478.0,19.16,22.15,3.00,16.10,23.7,0.990,1,1,38.3,0.23,34.42,29.9,0
1779285664233,1927,PERSON-01,372.2,19.10,22.23,3.13,16.53,23.0,0.990,1,1,38.5,0.32,34.45,29.9,0
1779285664267,1928,UAS-01,431.4,18.76,21.75,2.99,15.39,25.2,0.990,1,1,37.6,0.39,34.12,30.0,0
1779285664300,1929,UAS-02,317.9,18.94,22.16,3.22,16.62,25.5,0.990,1,1,38.8,0.08,34.56,29.9,0
1779285664333,1930,GND-VEH-01,582.0,18.90,22.05,3.15,17.09,23.4,0.969,1,1,38.6,0.37,34.12,21.1,1
1779285664367,1931,PERSON-01,477.0,18.85,22.13,3.28,16.73,24.3,0.990,1,1,37.3,0.04,34.22,30.1,0
1779285664400,1932,UAS-01,645.2,19.06,22.20,3.14,17.06,24.3,0.990,1,1,36.0,0.35,34.93,29.9,0
1779285664433,1933,UAS-02,422.2,18.86,22.27,3.42,16.90,24.3,0.990,1,1,36.0,0.13,34.31,30.0,0
1779285664467,1934,GND-VEH-01,755.5,19.20,22.31,3.11,16.90,22.9,0.990,1,1,36.0,0.35,34.61,30.1,0
1779285664500,1935,PERSON-01,330.8,18.72,21.80,3.08,16.15,25.6,0.982,1,1,36.3,0.39,34.78,30.1,0
1779285664533,1936,UAS-01,429.7,19.06,22.31,3.26,16.82,24.2,0.990,1,1,36.2,0.05,34.37,29.9,0
1779285664567,1937,UAS-02,503.6,19.05,22.15,3.10,16.64,23.3,0.990,1,1,36.0,0.13,34.25,30.2,0
1779285664600,1938,GND-VEH-01,324.1,19.11,22.29,3.18,15.99,24.8,0.990,1,1,36.1,0.55,34.26,29.9,0
1779285664633,1939,PERSON-01,376.4,19.26,22.60,3.34,16.85,25.2,0.990,1,1,36.0,0.06,34.24,30.1,0
1779285664667,1940,UAS-01,750.3,18.80,21.82,3.02,16.39,24.3,0.990,1,1,36.0,0.22,34.60,29.9,0
1779285664700,1941,UAS-02,597.9,18.95,22.22,3.27,16.24,24.1,0.990,1,1,37.9,0.58,34.03,29.9,0
1779285664733,1942,GND-VEH-01,418.3,18.76,21.90,3.15,16.21,22.2,0.971,1,1,36.0,0.18,34.52,29.9,0
1779285664767,1943,PERSON-01,795.1,18.77,21.61,2.84,15.96,23.8,0.990,1,1,36.0,0.21,33.99,30.1,0
1779285664800,1944,UAS-01,597.2,18.89,21.93,3.05,16.32,22.4,0.974,1,1,36.0,0.05,34.71,30.0,0
1779285664833,1945,UAS-02,382.7,18.92,22.14,3.22,16.73,25.0,0.990,1,1,36.0,0.18,34.32,30.0,0
1779285664867,1946,GND-VEH-01,494.6,19.15,21.98,2.83,15.98,24.4,0.990,1,1,38.6,0.21,34.26,30.0,0
1779285664900,1947,PERSON-01,449.2,19.18,22.46,3.28,16.88,25.0,0.986,1,1,37.4,0.06,34.73,30.0,0
1779285664933,1948,UAS-01,345.9,18.96,22.22,3.26,16.00,23.5,0.990,1,1,36.0,0.23,34.36,29.9,0
1779285664967,1949,UAS-02,334.7,19.04,22.26,3.22,16.56,23.7,0.990,1,1,36.8,0.33,34.44,30.1,0
1779285665000,1950,GND-VEH-01,693.1,19.27,22.33,3.06,16.22,24.2,0.990,1,1,36.0,0.01,34.62,30.1,0
1779285665033,1951,PERSON-01,448.8,18.97,22.17,3.20,15.82,24.3,0.990,1,1,36.0,0.13,34.78,30.0,0
1779285665067,1952,UAS-01,596.5,19.01,22.55,3.54,17.35,23.8,0.984,1,1,36.0,0.17,34.27,30.0,0
1779285665100,1953,UAS-02,502.3,18.92,22.14,3.22,16.21,24.1,0.990,1,1,38.9,0.11,34.63,29.9,0
1779285665133,1954,GND-VEH-01,463.7,19.25,22.26,3.01,16.27,24.5,0.990,1,1,37.0,0.00,34.43,30.0,0
1779285665167,1955,PERSON-01,623.6,19.02,22.17,3.14,15.98,25.0,0.990,1,1,36.3,0.27,34.29,30.1,0
1779285665200,1956,UAS-01,576.6,18.99,22.18,3.19,16.73,24.1,0.990,1,1,36.0,0.06,34.70,30.0,0
1779285665233,1957,UAS-02,559.8,19.14,22.27,3.13,16.15,22.3,0.983,1,1,36.0,0.05,34.71,30.0,0
1779285665267,1958,GND-VEH-01,417.1,18.93,21.97,3.04,16.26,23.5,0.990,1,1,36.2,0.52,34.32,29.9,0
1779285665300,1959,PERSON-01,382.3,19.31,22.48,3.17,17.17,22.5,0.990,1,1,36.0,0.09,34.82,30.0,0
1779285665333,1960,UAS-01,497.2,19.06,22.03,2.97,16.40,23.4,0.974,1,1,36.0,0.38,34.34,30.0,0
1779285665367,1961,UAS-02,604.8,19.14,22.33,3.18,15.85,23.5,0.990,1,1,36.2,0.07,34.27,30.0,0
1779285665400,1962,GND-VEH-01,504.5,18.93,21.85,2.92,16.01,24.8,0.990,1,1,37.6,0.21,34.08,30.0,0
1779285665433,1963,PERSON-01,853.3,19.00,22.06,3.06,16.55,23.3,0.990,1,1,36.0,0.30,34.61,29.8,0
1779285665467,1964,UAS-01,654.6,19.04,22.54,3.50,17.23,24.4,0.989,1,1,36.0,0.09,34.47,29.9,0
1779285665500,1965,UAS-02,496.8,19.17,22.10,2.93,16.03,23.3,0.990,1,1,40.3,0.05,34.55,30.0,0
1779285665533,1966,GND-VEH-01,359.0,18.94,22.39,3.45,17.41,23.9,0.990,1,1,38.5,0.08,34.78,30.1,0
1779285665567,1967,PERSON-01,351.6,19.16,22.69,3.53,16.91,23.4,0.990,1,1,36.0,0.21,35.10,30.0,0
1779285665600,1968,UAS-01,521.2,18.86,22.13,3.28,16.74,23.6,0.990,1,1,36.0,0.41,34.46,30.1,0
1779285665633,1969,UAS-02,565.6,19.10,22.17,3.07,15.90,24.9,0.990,1,1,36.0,0.03,34.79,30.0,0
1779285665667,1970,GND-VEH-01,479.6,18.62,21.97,3.34,16.26,24.2,0.973,1,1,36.6,0.03,34.42,30.0,0
1779285665700,1971,PERSON-01,858.3,18.91,22.05,3.14,16.40,23.0,0.985,1,1,38.8,0.05,34.07,29.9,0
1779285665733,1972,UAS-01,336.1,19.06,22.24,3.18,16.63,23.7,0.990,1,1,38.5,0.26,34.52,29.9,0
1779285665767,1973,UAS-02,566.0,19.11,22.43,3.32,16.38,24.2,0.990,1,1,38.5,0.46,34.72,30.1,0
1779285665800,1974,GND-VEH-01,368.7,18.99,22.12,3.13,16.80,22.9,0.990,1,1,37.9,0.03,34.90,30.2,0
1779285665833,1975,PERSON-01,365.9,19.06,22.37,3.32,16.72,24.9,0.982,1,1,36.0,0.04,34.27,30.1,0
1779285665867,1976,UAS-01,480.6,18.96,22.41,3.45,17.66,24.4,0.990,1,1,36.0,0.32,34.44,30.2,0
1779285665900,1977,UAS-02,465.4,18.92,21.94,3.02,15.57,23.1,0.990,1,1,36.0,0.20,34.58,29.9,0
1779285665933,1978,GND-VEH-01,856.2,18.99,22.15,3.16,16.70,23.4,0.990,1,1,36.0,0.39,34.51,30.0,0
1779285665967,1979,PERSON-01,632.2,18.68,21.56,2.88,15.48,25.0,0.990,1,1,39.5,0.32,34.62,29.9,0
1779285666000,1980,UAS-01,421.6,19.04,22.00,2.95,16.40,24.3,0.990,1,1,38.5,0.10,34.79,30.0,0
1779285666033,1981,UAS-02,581.4,18.98,21.95,2.97,15.29,25.6,0.990,1,1,36.0,0.33,34.28,30.1,0
1779285666067,1982,GND-VEH-01,420.6,19.10,21.90,2.81,15.89,25.0,0.990,1,1,37.8,0.16,34.19,30.1,0
1779285666100,1983,PERSON-01,313.8,19.04,22.07,3.03,16.15,23.5,0.987,1,1,36.0,0.14,34.86,29.9,0
1779285666133,1984,UAS-01,361.8,18.98,22.18,3.20,16.89,23.8,0.990,1,1,36.0,0.12,34.32,29.9,0
1779285666167,1985,UAS-02,474.8,19.15,22.34,3.19,15.72,25.8,0.990,1,1,36.4,0.25,34.72,29.9,0
1779285666200,1986,GND-VEH-01,511.4,19.20,22.51,3.31,16.49,24.0,0.990,1,1,36.0,0.02,34.93,29.9,0
1779285666233,1987,PERSON-01,358.7,18.98,22.39,3.41,17.36,23.9,0.990,1,1,36.0,0.39,34.62,29.9,0
1779285666267,1988,UAS-01,367.7,19.04,22.34,3.30,16.87,25.3,0.990,1,1,36.3,0.38,34.57,30.1,0
1779285666300,1989,UAS-02,837.8,19.10,22.16,3.06,16.15,22.5,0.990,1,1,40.0,0.14,34.85,30.1,0
1779285666333,1990,GND-VEH-01,365.9,18.80,21.99,3.19,17.02,24.3,0.990,1,1,36.0,0.24,34.58,29.9,0
1779285666367,1991,PERSON-01,339.8,19.12,22.26,3.15,17.08,24.2,0.990,1,1,39.4,0.46,34.61,29.9,0
1779285666400,1992,UAS-01,805.6,19.24,21.95,2.71,16.39,23.7,0.990,1,1,36.0,0.20,35.10,30.1,0
1779285666433,1993,UAS-02,540.1,18.99,22.29,3.30,16.42,24.6,0.990,1,1,36.0,0.17,34.55,29.9,0
1779285666467,1994,GND-VEH-01,781.0,18.93,21.57,2.64,15.60,23.9,0.990,1,1,36.8,0.19,34.51,30.1,0
1779285666500,1995,PERSON-01,684.5,18.83,21.62,2.79,15.57,24.5,0.990,1,1,36.0,0.26,34.38,30.1,0
1779285666533,1996,UAS-01,549.9,19.03,22.40,3.37,16.41,24.3,0.990,1,1,36.0,0.38,34.44,30.0,0
1779285666567,1997,UAS-02,438.6,19.09,22.08,2.99,16.66,23.2,0.990,1,1,36.0,0.09,34.51,30.1,0
1779285666600,1998,GND-VEH-01,447.0,19.03,21.99,2.97,16.63,22.3,0.990,1,1,38.3,0.34,34.80,29.9,0
1779285666633,1999,PERSON-01,441.7,19.00,22.18,3.18,16.69,24.9,0.986,1,1,36.0,0.09,34.62,29.8,0
1779285666667,2000,UAS-01,949.8,18.87,21.60,2.73,15.58,25.3,0.990,1,1,36.0,0.29,34.74,30.0,0
1779285666700,2001,UAS-02,430.8,19.10,22.35,3.25,16.23,23.9,0.990,1,1,37.3,0.02,34.65,29.9,0
1779285666733,2002,GND-VEH-01,510.7,18.92,21.95,3.03,16.19,23.2,0.990,1,1,36.0,0.05,34.68,30.2,0
1779285666767,2003,PERSON-01,312.3,18.95,22.04,3.09,15.38,23.7,0.990,1,1,36.1,0.03,34.32,30.0,0
1779285666800,2004,UAS-01,315.1,19.02,22.25,3.24,16.79,24.8,0.985,1,1,38.4,0.01,35.14,30.0,0
1779285666833,2005,UAS-02,496.9,19.12,22.19,3.07,16.56,24.0,0.990,1,1,36.0,0.06,34.38,30.0,0
1779285666867,2006,GND-VEH-01,715.4,19.13,22.27,3.15,16.90,24.6,0.990,1,1,37.2,0.03,34.35,29.9,0
1779285666900,2007,PERSON-01,383.4,19.05,22.18,3.14,16.63,22.9,0.990,1,1,36.0,0.30,34.25,30.1,0
1779285666933,2008,UAS-01,441.5,18.93,22.01,3.08,16.57,22.6,0.990,1,1,37.6,0.37,34.52,30.0,0
1779285666967,2009,UAS-02,354.5,18.76,21.57,2.81,15.89,22.9,0.990,1,1,37.2,0.56,34.44,30.0,0
1779285667000,2010,GND-VEH-01,520.1,18.76,22.00,3.25,16.79,25.5,0.990,1,1,36.0,0.21,34.61,29.8,0
1779285667033,2011,PERSON-01,319.5,18.98,22.51,3.53,16.90,24.5,0.990,1,1,36.0,0.26,34.61,30.1,0
1779285667067,2012,UAS-01,466.6,18.86,22.34,3.48,17.12,24.4,0.979,1,1,37.1,0.25,35.05,29.9,0
1779285667100,2013,UAS-02,547.6,18.91,22.10,3.19,16.43,24.2,0.990,1,1,36.0,0.31,35.20,30.1,0
1779285667133,2014,GND-VEH-01,458.3,19.10,22.47,3.37,16.98,25.7,0.972,1,1,36.0,0.45,34.41,30.0,0
1779285667167,2015,PERSON-01,422.0,18.98,22.17,3.19,16.40,25.2,0.975,1,1,36.0,0.55,34.84,29.9,0
1779285667200,2016,UAS-01,388.1,19.22,22.67,3.44,17.02,25.1,0.977,1,1,36.0,0.31,34.54,30.0,0
1779285667233,2017,UAS-02,406.8,18.76,21.89,3.13,16.02,23.2,0.990,1,1,37.3,0.22,34.73,30.0,0
1779285667267,2018,GND-VEH-01,397.6,19.03,22.05,3.01,15.53,23.4,0.990,1,1,36.0,0.45,34.74,30.0,0
1779285667300,2019,PERSON-01,354.1,19.06,22.12,3.06,16.24,22.9,0.990,1,1,36.0,0.13,34.69,30.1,0
1779285667333,2020,UAS-01,612.8,18.97,21.69,2.72,15.93,23.0,0.990,1,1,36.0,0.13,34.40,30.0,0
1779285667367,2021,UAS-02,482.3,18.95,21.92,2.97,15.27,23.7,0.990,1,1,38.1,0.01,34.79,30.1,0
1779285667400,2022,GND-VEH-01,688.2,19.06,22.03,2.97,16.18,25.4,0.990,1,1,36.0,0.13,34.61,30.0,0
1779285667433,2023,PERSON-01,362.6,19.16,22.62,3.46,17.80,21.8,0.986,1,1,36.0,0.07,34.75,30.1,0
1779285667467,2024,UAS-01,403.8,19.04,22.20,3.16,16.92,23.5,0.990,1,1,36.0,0.11,34.71,29.9,0
1779285667500,2025,UAS-02,354.4,18.96,21.78,2.82,15.80,24.2,0.990,1,1,36.0,0.24,34.62,30.1,0
1779285667533,2026,GND-VEH-01,676.4,19.09,22.32,3.23,16.78,22.8,0.990,1,1,36.0,0.17,34.95,29.9,0
1779285667567,2027,PERSON-01,672.4,19.18,22.11,2.94,16.30,25.0,0.990,1,1,36.3,0.32,34.58,29.9,0
1779285667600,2028,UAS-01,593.7,19.07,22.42,3.34,16.59,24.5,0.990,1,1,36.5,0.20,34.42,30.0,0
1779285667633,2029,UAS-02,414.5,18.99,22.27,3.27,17.21,25.2,0.990,1,1,36.7,0.15,34.72,30.0,0
1779285667667,2030,GND-VEH-01,453.1,18.85,21.81,2.96,16.17,23.5,0.990,1,1,39.5,0.11,34.96,30.0,0
1779285667700,2031,PERSON-01,505.5,18.99,22.18,3.18,16.71,24.9,0.990,1,1,37.6,0.26,35.33,29.9,0
1779285667733,2032,UAS-01,668.9,19.11,22.13,3.02,15.94,25.0,0.990,1,1,37.4,0.14,35.00,30.0,0
1779285667767,2033,UAS-02,612.4,19.19,22.44,3.25,16.11,24.1,0.990,1,1,36.0,0.19,35.02,29.9,0
1779285667800,2034,GND-VEH-01,633.5,19.13,22.16,3.02,16.24,23.0,0.990,1,1,36.0,0.34,34.55,30.0,0
1779285667833,2035,PERSON-01,513.8,18.82,21.93,3.10,17.15,23.5,0.990,1,1,36.0,0.44,34.73,29.9,0
1779285667867,2036,UAS-01,445.7,19.02,22.06,3.04,16.78,23.2,0.990,1,1,36.0,0.07,34.88,30.0,0
1779285667900,2037,UAS-02,602.9,18.88,22.26,3.39,16.17,23.3,0.972,1,1,36.0,0.09,34.95,30.0,0
1779285667933,2038,GND-VEH-01,521.5,18.85,22.09,3.24,17.05,23.6,0.990,1,1,36.0,0.06,34.77,30.1,0
1779285667967,2039,PERSON-01,393.7,18.88,22.15,3.27,17.20,23.7,0.978,1,1,38.4,0.01,34.87,30.1,0
1779285668000,2040,UAS-01,368.5,18.98,22.21,3.23,16.84,25.9,0.990,1,1,36.0,0.17,34.99,30.0,0
1779285668033,2041,UAS-02,314.2,19.05,22.05,2.99,16.24,24.6,0.987,1,1,37.5,0.10,34.80,29.8,0
1779285668067,2042,GND-VEH-01,725.3,18.75,21.72,2.97,15.77,23.4,0.990,1,1,36.0,0.58,34.94,30.0,0
1779285668100,2043,PERSON-01,349.3,18.84,22.08,3.23,16.45,23.2,0.988,1,1,36.0,0.01,35.04,30.1,0
1779285668133,2044,UAS-01,412.8,18.81,21.81,3.01,16.00,24.3,0.990,1,1,36.0,0.05,35.05,30.1,0
1779285668167,2045,UAS-02,629.1,18.88,22.12,3.24,16.69,25.7,0.990,1,1,36.8,0.39,34.59,30.1,0
1779285668200,2046,GND-VEH-01,442.1,19.16,22.44,3.28,16.59,24.5,0.984,1,1,36.3,0.49,34.87,30.0,0
1779285668233,2047,PERSON-01,549.5,18.88,21.77,2.89,15.99,23.0,0.986,1,1,37.6,0.06,34.82,29.9,0
1779285668267,2048,UAS-01,348.3,19.01,22.30,3.29,16.73,23.5,0.990,1,1,36.0,0.01,35.08,30.0,0
1779285668300,2049,UAS-02,933.9,18.79,21.39,2.60,16.12,23.7,0.990,1,1,36.0,0.39,34.80,30.1,0
1779285668333,2050,GND-VEH-01,361.6,18.93,22.34,3.41,16.50,23.7,0.990,1,1,36.0,0.08,34.65,30.0,0
1779285668367,2051,PERSON-01,506.0,19.13,21.92,2.79,15.91,24.9,0.990,1,1,36.5,0.12,34.81,30.0,0
1779285668400,2052,UAS-01,632.4,19.15,22.34,3.19,17.28,22.7,0.990,1,1,36.0,0.33,35.25,29.9,0
1779285668433,2053,UAS-02,318.1,18.98,22.30,3.32,16.84,23.0,0.990,1,1,36.0,0.00,34.80,30.1,0
1779285668467,2054,GND-VEH-01,441.2,18.86,22.15,3.29,16.07,24.8,0.990,1,1,36.0,0.23,34.95,30.2,0
1779285668500,2055,PERSON-01,419.8,19.02,22.06,3.05,15.95,24.4,0.990,1,1,41.1,0.28,34.93,30.0,0
1779285668533,2056,UAS-01,446.6,18.62,21.91,3.30,16.75,25.5,0.986,1,1,38.4,0.33,34.72,30.2,0
1779285668567,2057,UAS-02,793.2,19.05,22.01,2.96,16.45,23.5,0.990,1,1,37.5,0.16,34.82,30.0,0
1779285668600,2058,GND-VEH-01,316.6,18.95,21.96,3.02,16.22,24.7,0.990,1,1,38.8,0.24,34.71,30.1,0
1779285668633,2059,PERSON-01,436.7,18.93,22.26,3.33,16.94,23.4,0.990,1,1,36.0,0.21,34.80,29.9,0
1779285668667,2060,UAS-01,595.7,18.83,21.91,3.07,16.46,23.1,0.982,1,1,37.4,0.31,34.43,30.1,0
1779285668700,2061,UAS-02,658.2,19.20,22.38,3.18,16.39,23.3,0.990,1,1,39.5,0.45,34.72,30.0,0
1779285668733,2062,GND-VEH-01,411.2,19.09,22.32,3.23,16.40,25.2,0.990,1,1,36.0,0.25,34.90,29.9,0
1779285668767,2063,PERSON-01,315.3,18.95,21.98,3.04,16.28,25.6,0.990,1,1,36.0,0.01,35.11,30.0,0
1779285668800,2064,UAS-01,416.0,19.34,22.78,3.44,17.70,23.0,0.990,1,1,36.0,0.38,34.99,30.1,0
1779285668833,2065,UAS-02,858.9,19.05,22.10,3.06,17.12,23.3,0.986,1,1,37.3,0.19,34.48,29.8,0
1779285668867,2066,GND-VEH-01,490.6,18.87,22.37,3.50,17.03,25.5,0.990,1,1,36.0,0.62,34.37,30.1,0
1779285668900,2067,PERSON-01,804.1,18.87,22.04,3.17,16.69,25.0,0.972,1,1,36.0,0.61,34.90,30.1,0
1779285668933,2068,UAS-01,479.1,18.87,21.99,3.12,16.95,24.3,0.990,1,1,36.0,0.09,34.69,30.0,0
1779285668967,2069,UAS-02,710.7,19.39,22.46,3.07,16.20,23.4,0.990,1,1,36.0,0.08,34.87,30.0,0
1779285669000,2070,GND-VEH-01,306.1,19.12,22.43,3.31,16.46,24.9,0.990,1,1,36.0,0.18,34.70,29.9,0
1779285669033,2071,PERSON-01,439.3,18.93,21.92,2.99,16.80,23.5,0.990,1,1,37.3,0.10,34.73,29.9,0
1779285669067,2072,UAS-01,394.8,18.81,21.76,2.95,15.93,23.6,0.990,1,1,36.0,0.13,34.78,30.1,0
1779285669100,2073,UAS-02,767.2,19.04,22.11,3.07,16.11,24.9,0.990,1,1,38.6,0.20,35.01,29.9,0
1779285669133,2074,GND-VEH-01,424.6,19.02,22.10,3.08,16.33,24.8,0.990,1,1,36.0,0.38,34.93,30.0,0
1779285669167,2075,PERSON-01,427.2,18.85,22.03,3.18,16.87,24.0,0.990,1,1,36.0,0.62,34.81,30.0,0
1779285669200,2076,UAS-01,346.5,19.12,22.44,3.33,16.78,25.2,0.978,1,1,36.0,0.01,34.99,29.9,0
1779285669233,2077,UAS-02,331.6,18.79,22.33,3.54,17.23,23.6,0.990,1,1,36.0,0.18,34.93,29.9,0
1779285669267,2078,GND-VEH-01,416.9,19.08,22.34,3.26,17.59,22.9,0.990,1,1,36.0,0.27,35.18,30.1,0
1779285669300,2079,PERSON-01,764.0,18.70,21.72,3.02,16.30,24.7,0.990,1,1,38.5,0.35,35.32,29.9,0
1779285669333,2080,UAS-01,551.0,19.01,22.39,3.38,16.71,25.1,0.990,1,1,36.3,0.07,35.01,29.9,0
1779285669367,2081,UAS-02,473.9,18.89,21.95,3.07,16.56,22.6,0.990,1,1,36.0,0.18,34.62,30.1,0
1779285669400,2082,GND-VEH-01,359.4,19.11,22.18,3.07,16.47,24.4,0.990,1,1,38.8,0.21,34.50,29.9,0
1779285669433,2083,PERSON-01,748.9,19.04,22.30,3.26,16.59,24.1,0.985,1,1,36.0,0.26,35.02,30.1,0
1779285669467,2084,UAS-01,512.2,19.10,22.08,2.98,16.69,25.2,0.990,1,1,37.0,0.08,34.64,30.2,0
1779285669500,2085,UAS-02,438.3,19.22,22.07,2.86,16.22,25.5,0.990,1,1,37.2,0.17,35.05,29.9,0
1779285669533,2086,GND-VEH-01,543.2,18.64,21.88,3.24,16.80,22.7,0.990,1,1,37.4,0.06,34.61,29.9,0
1779285669567,2087,PERSON-01,961.9,19.06,21.86,2.80,16.18,23.9,0.990,1,1,37.1,0.01,35.05,30.1,0
1779285669600,2088,UAS-01,360.2,18.89,22.42,3.53,17.66,24.6,0.990,1,1,36.0,0.04,34.95,29.9,0
1779285669633,2089,UAS-02,401.7,19.11,22.36,3.25,16.42,25.4,0.990,1,1,37.4,0.29,34.64,30.1,0
1779285669667,2090,GND-VEH-01,786.5,19.09,21.83,2.74,15.93,24.4,0.990,1,1,37.5,0.04,34.83,30.1,0
1779285669700,2091,PERSON-01,443.4,19.04,22.14,3.09,16.47,24.0,0.990,1,1,36.0,0.08,34.51,29.9,0
1779285669733,2092,UAS-01,319.5,19.01,22.13,3.12,15.86,24.6,0.990,1,1,36.0,0.26,34.94,29.9,0
1779285669767,2093,UAS-02,302.8,18.96,22.16,3.20,16.40,24.9,0.970,1,1,37.5,0.09,35.29,30.2,0
1779285669800,2094,GND-VEH-01,322.1,18.81,22.05,3.24,16.65,22.5,0.972,1,1,36.0,0.22,34.62,30.0,0
1779285669833,2095,PERSON-01,497.3,19.00,22.13,3.13,17.18,22.4,0.990,1,1,38.9,0.35,35.12,30.0,0
1779285669867,2096,UAS-01,480.9,19.14,22.37,3.23,15.58,24.9,0.990,1,1,38.5,0.08,34.95,30.1,0
1779285669900,2097,UAS-02,757.1,19.04,22.24,3.20,16.29,24.4,0.990,1,1,36.0,0.20,35.09,29.9,0
1779285669933,2098,GND-VEH-01,511.0,19.07,21.91,2.83,15.38,24.3,0.969,1,1,36.6,0.47,34.92,29.9,0
1779285669967,2099,PERSON-01,618.9,19.14,22.20,3.06,16.00,24.4,0.990,1,1,38.4,0.14,34.81,30.0,0
1779285670000,2100,UAS-01,709.1,18.87,21.86,2.99,16.68,22.1,0.990,1,1,36.0,0.09,35.03,30.0,0
1779285670033,2101,UAS-02,493.4,18.73,22.21,3.49,16.79,23.8,0.990,1,1,36.0,0.01,34.54,30.0,0
1779285670067,2102,GND-VEH-01,415.0,19.26,22.22,2.96,15.92,25.2,0.990,1,1,36.0,0.39,34.66,30.0,0
1779285670100,2103,PERSON-01,709.4,18.90,22.23,3.33,16.56,22.1,0.990,1,1,37.5,0.47,34.78,30.0,0
1779285670133,2104,UAS-01,351.2,19.00,22.36,3.35,17.11,23.5,0.990,1,1,37.2,0.14,34.82,30.0,0
1779285670167,2105,UAS-02,477.6,18.77,22.08,3.31,16.65,22.8,0.977,1,1,36.0,0.06,34.91,30.0,0
1779285670200,2106,GND-VEH-01,438.2,18.72,21.91,3.19,16.73,22.7,0.974,1,1,36.2,0.22,35.35,30.1,0
1779285670233,2107,PERSON-01,385.8,18.88,22.38,3.51,17.00,24.6,0.990,1,1,36.0,0.26,35.29,30.0,0
1779285670267,2108,UAS-01,479.2,18.90,22.28,3.38,17.03,24.6,0.988,1,1,38.8,0.13,34.55,30.1,0
1779285670300,2109,UAS-02,627.4,18.98,21.74,2.76,15.89,22.7,0.976,1,1,36.0,0.00,35.04,30.0,0
1779285670333,2110,GND-VEH-01,326.5,18.91,22.22,3.31,16.33,24.1,0.990,1,1,36.0,0.22,35.57,30.1,0
1779285670367,2111,PERSON-01,648.7,18.77,21.97,3.20,16.36,24.2,0.990,1,1,36.0,0.18,35.06,29.9,0
1779285670400,2112,UAS-01,436.2,18.84,22.17,3.34,17.41,23.8,0.990,1,1,39.1,0.06,35.19,30.0,0
1779285670433,2113,UAS-02,708.4,19.06,22.44,3.38,16.79,23.7,0.990,1,1,37.5,0.24,35.10,30.1,0
1779285670467,2114,GND-VEH-01,446.1,18.79,22.14,3.35,16.65,22.7,0.978,1,1,36.0,0.11,34.74,30.0,0
1779285670500,2115,PERSON-01,501.6,19.10,22.16,3.07,17.18,23.7,0.990,1,1,36.9,0.10,35.28,30.1,0
1779285670533,2116,UAS-01,646.5,18.78,21.86,3.09,16.31,24.3,0.990,1,1,36.0,0.09,35.52,30.2,0
1779285670567,2117,UAS-02,335.5,18.98,22.16,3.18,16.66,24.1,0.990,1,1,36.0,0.10,35.02,29.8,0
1779285670600,2118,GND-VEH-01,705.2,18.96,21.87,2.91,16.27,23.7,0.990,1,1,36.5,0.21,35.22,29.9,0
1779285670633,2119,PERSON-01,712.8,19.16,22.49,3.33,16.76,23.5,0.990,1,1,36.0,0.42,35.52,30.0,0
1779285670667,2120,UAS-01,435.0,18.92,22.33,3.41,16.33,23.5,0.962,1,1,37.8,0.00,35.12,29.9,0
1779285670700,2121,UAS-02,307.2,18.75,21.86,3.11,16.51,24.4,0.982,1,1,37.1,0.11,35.36,29.9,0
1779285670733,2122,GND-VEH-01,414.7,18.78,22.01,3.23,17.27,24.5,0.990,1,1,37.7,0.06,34.86,30.0,0
1779285670767,2123,PERSON-01,374.5,18.67,22.24,3.56,17.51,25.1,0.990,1,1,36.0,0.31,34.96,30.0,0
1779285670800,2124,UAS-01,537.4,18.87,22.06,3.19,16.27,23.2,0.990,1,1,36.0,0.69,35.19,30.0,0
1779285670833,2125,UAS-02,394.8,19.03,22.52,3.49,17.08,24.8,0.990,1,1,38.6,0.32,35.12,30.1,0
1779285670867,2126,GND-VEH-01,307.5,19.14,22.61,3.47,17.01,24.2,0.969,1,1,39.4,0.66,35.30,30.1,0
1779285670900,2127,PERSON-01,458.2,18.93,22.05,3.12,15.91,24.0,0.984,1,1,36.0,0.14,34.85,30.1,0
1779285670933,2128,UAS-01,509.4,19.00,22.11,3.10,16.49,23.5,0.990,1,1,36.0,0.22,35.09,30.2,0
1779285670967,2129,UAS-02,606.6,19.19,22.56,3.37,17.14,22.6,0.990,1,1,36.5,0.07,34.92,30.0,0
1779285671000,2130,GND-VEH-01,412.5,18.95,22.30,3.34,16.50,23.6,0.990,1,1,36.0,0.41,35.39,30.1,0
1779285671033,2131,PERSON-01,693.0,18.97,21.86,2.89,15.94,23.3,0.990,1,1,37.3,0.03,34.68,30.2,0
1779285671067,2132,UAS-01,636.9,18.78,22.18,3.40,16.32,24.6,0.990,1,1,36.9,0.64,35.64,30.0,0
1779285671100,2133,UAS-02,307.3,19.04,21.83,2.79,15.82,24.7,0.990,1,1,36.0,0.12,35.40,30.0,0
1779285671133,2134,GND-VEH-01,563.1,18.69,21.95,3.26,16.93,26.3,0.990,1,1,36.0,0.47,35.21,30.1,0
1779285671167,2135,PERSON-01,400.2,18.67,22.01,3.34,16.18,25.5,0.983,1,1,37.1,0.01,35.34,30.0,0
1779285671200,2136,UAS-01,317.1,19.26,22.39,3.13,16.48,24.3,0.990,1,1,36.0,0.31,35.18,30.0,0
1779285671233,2137,UAS-02,563.9,18.86,21.59,2.73,16.25,21.9,0.987,1,1,36.0,0.22,34.93,30.1,0
1779285671267,2138,GND-VEH-01,441.7,18.93,21.85,2.92,15.91,25.5,0.990,1,1,36.0,0.25,35.47,30.1,0
1779285671300,2139,PERSON-01,490.0,18.90,22.03,3.13,16.55,23.1,0.990,1,1,37.1,0.24,35.31,30.0,0
1779285671333,2140,UAS-01,398.0,19.00,22.28,3.28,16.94,23.0,0.990,1,1,36.6,0.24,35.19,29.9,0
1779285671367,2141,UAS-02,475.6,19.08,22.02,2.94,16.11,24.6,0.979,1,1,36.0,0.11,34.96,30.0,0
1779285671400,2142,GND-VEH-01,453.4,18.83,22.16,3.33,16.54,24.2,0.990,1,1,38.3,0.11,34.77,30.1,0
1779285671433,2143,PERSON-01,429.7,19.04,22.29,3.24,16.18,24.1,0.990,1,1,38.7,0.51,35.08,29.9,0
1779285671467,2144,UAS-01,343.3,18.94,22.09,3.15,16.16,23.8,0.990,1,1,36.0,0.30,34.92,30.0,0
1779285671500,2145,UAS-02,531.6,19.04,22.45,3.41,17.03,24.5,0.990,1,1,36.0,0.36,35.04,30.0,0
1779285671533,2146,GND-VEH-01,449.5,18.92,22.28,3.36,17.33,23.0,0.983,1,1,36.0,0.28,35.01,29.8,0
1779285671567,2147,PERSON-01,547.1,19.10,22.20,3.10,16.81,24.9,0.976,1,1,36.4,0.29,35.33,30.0,0
1779285671600,2148,UAS-01,873.1,19.06,21.73,2.67,16.31,22.2,0.990,1,1,36.0,0.54,35.13,30.0,0
1779285671633,2149,UAS-02,486.9,18.82,21.74,2.92,16.80,23.6,0.990,1,1,37.7,0.45,35.42,30.0,0
1779285671667,2150,GND-VEH-01,378.9,18.99,21.95,2.96,16.00,23.2,0.990,1,1,36.0,0.16,35.08,30.2,0
1779285671700,2151,PERSON-01,575.8,19.06,22.26,3.20,16.29,24.7,0.990,1,1,36.4,0.10,35.00,29.9,0
1779285671733,2152,UAS-01,317.5,19.12,22.27,3.15,17.45,23.7,0.990,1,1,37.1,0.20,35.81,29.9,0
1779285671767,2153,UAS-02,1065.7,18.87,21.73,2.85,16.12,24.9,0.990,1,1,36.0,0.08,35.17,30.0,0
1779285671800,2154,GND-VEH-01,401.7,18.84,21.97,3.13,17.00,22.4,0.990,1,1,36.0,0.29,35.15,29.9,0
1779285671833,2155,PERSON-01,364.2,18.87,21.90,3.04,15.13,24.8,0.990,1,1,37.2,0.40,35.18,30.1,0
1779285671867,2156,UAS-01,720.1,19.02,21.70,2.69,15.85,22.7,0.990,1,1,36.5,0.23,35.50,30.0,0
1779285671900,2157,UAS-02,412.5,19.07,22.15,3.08,15.59,26.1,0.980,1,1,36.0,0.09,35.27,29.9,0
1779285671933,2158,GND-VEH-01,451.2,18.96,22.12,3.16,17.12,23.3,0.990,1,1,36.0,0.16,35.06,30.1,0
1779285671967,2159,PERSON-01,532.6,19.02,21.96,2.94,16.60,23.1,0.990,1,1,36.0,0.30,35.59,30.1,0
1779285672000,2160,UAS-01,354.2,19.14,22.25,3.10,17.01,24.3,0.990,1,1,36.5,0.02,35.29,30.0,0
1779285672033,2161,UAS-02,606.1,19.07,22.25,3.18,16.10,23.6,0.990,1,1,36.0,0.41,35.47,30.0,0
1779285672067,2162,GND-VEH-01,620.4,18.79,21.99,3.20,16.68,23.4,0.990,1,1,37.0,0.17,35.28,29.9,0
1779285672100,2163,PERSON-01,326.2,18.78,22.01,3.23,16.45,22.9,0.980,1,1,36.0,0.12,35.16,29.9,0
1779285672133,2164,UAS-01,301.4,18.97,22.22,3.25,17.01,23.4,0.989,1,1,36.0,0.12,35.47,29.9,0
1779285672167,2165,UAS-02,502.1,18.94,21.90,2.96,16.53,23.3,0.990,1,1,36.0,0.12,34.97,30.0,0
1779285672200,2166,GND-VEH-01,896.6,18.90,21.73,2.84,15.96,25.0,0.990,1,1,36.6,0.33,35.66,29.9,0
1779285672233,2167,PERSON-01,920.0,19.04,22.35,3.31,17.14,24.0,0.990,1,1,36.6,0.03,35.07,30.1,0
1779285672267,2168,UAS-01,355.5,19.05,22.43,3.38,16.52,25.4,0.990,1,1,36.4,0.20,35.02,30.1,0
1779285672300,2169,UAS-02,603.0,19.15,21.96,2.81,15.66,25.5,0.985,1,1,36.0,0.25,35.20,29.9,0
1779285672333,2170,GND-VEH-01,362.8,18.89,22.07,3.17,16.06,25.1,0.990,1,1,39.7,0.10,35.01,30.0,0
1779285672367,2171,PERSON-01,312.8,19.10,22.33,3.24,16.67,23.9,0.990,1,1,36.6,0.12,35.45,30.0,0
1779285672400,2172,UAS-01,514.4,19.11,22.12,3.01,15.96,23.8,0.990,1,1,36.0,0.10,34.98,29.9,0
1779285672433,2173,UAS-02,848.0,18.81,21.82,3.00,16.80,24.3,0.990,1,1,36.1,0.00,35.46,29.9,0
1779285672467,2174,GND-VEH-01,363.7,18.74,22.00,3.26,16.25,23.9,0.990,1,1,36.9,0.19,35.03,30.0,0
1779285672500,2175,PERSON-01,409.1,19.09,22.28,3.19,17.10,23.6,0.990,1,1,38.2,0.23,35.40,30.1,0
1779285672533,2176,UAS-01,491.3,19.06,22.44,3.38,16.79,24.9,0.990,1,1,36.0,0.02,35.42,30.0,0
1779285672567,2177,UAS-02,439.7,18.77,22.00,3.22,16.34,22.7,0.990,1,1,36.0,0.76,34.89,29.9,0
1779285672600,2178,GND-VEH-01,470.6,19.06,22.27,3.21,16.52,23.9,0.990,1,1,36.3,0.10,35.01,30.0,0
1779285672633,2179,PERSON-01,588.1,18.95,22.13,3.18,16.10,24.5,0.990,1,1,36.2,0.08,35.64,30.1,0
1779285672667,2180,UAS-01,692.0,19.19,22.08,2.89,15.95,23.5,0.979,1,1,38.2,0.03,35.36,30.0,0
1779285672700,2181,UAS-02,786.5,19.04,22.05,3.01,15.91,24.0,0.990,1,1,36.0,0.08,35.14,29.9,0
1779285672733,2182,GND-VEH-01,360.6,19.17,22.14,2.97,15.80,23.5,0.990,1,1,36.0,0.19,35.25,29.8,0
1779285672767,2183,PERSON-01,677.7,18.87,21.73,2.86,15.93,24.0,0.990,1,1,36.8,0.20,35.21,30.1,0
1779285672800,2184,UAS-01,412.5,18.93,21.90,2.97,16.31,24.5,0.990,1,1,38.9,0.01,35.47,30.1,0
1779285672833,2185,UAS-02,625.8,18.91,22.06,3.15,16.74,24.1,0.990,1,1,36.0,0.07,34.92,30.0,0
1779285672867,2186,GND-VEH-01,464.1,18.83,22.26,3.43,16.68,24.6,0.990,1,1,36.0,0.44,35.21,30.1,0
1779285672900,2187,PERSON-01,499.1,18.91,21.96,3.04,15.96,23.0,0.989,1,1,36.0,0.25,35.35,30.0,0
1779285672933,2188,UAS-01,533.9,19.21,22.31,3.11,16.26,24.5,0.990,1,1,36.0,0.06,35.65,30.0,0
1779285672967,2189,UAS-02,457.5,19.08,21.92,2.84,15.36,24.1,0.990,1,1,36.0,0.19,35.54,30.1,0
1779285673000,2190,GND-VEH-01,489.3,19.20,22.31,3.11,17.02,23.7,0.965,1,1,36.3,0.07,35.66,29.9,0
1779285673033,2191,PERSON-01,325.9,19.26,22.63,3.37,16.80,23.8,0.981,1,1,36.0,0.31,35.00,30.0,0
1779285673067,2192,UAS-01,349.6,18.91,22.21,3.30,16.09,24.1,0.979,1,1,36.0,0.27,35.09,30.0,0
1779285673100,2193,UAS-02,455.3,18.98,22.22,3.24,16.38,25.2,0.990,1,1,36.0,0.11,35.12,30.1,0
1779285673133,2194,GND-VEH-01,376.8,18.99,22.09,3.10,16.53,23.2,0.990,1,1,38.0,0.24,35.59,30.1,0
1779285673167,2195,PERSON-01,479.5,18.96,22.07,3.11,16.24,25.5,0.990,1,1,36.0,0.21,35.26,30.0,0
1779285673200,2196,UAS-01,712.8,19.02,22.33,3.31,16.02,24.1,0.990,1,1,36.3,0.03,34.94,30.0,0
1779285673233,2197,UAS-02,339.4,19.13,22.14,3.01,16.48,23.0,0.971,1,1,36.0,0.24,35.51,30.0,0
1779285673267,2198,GND-VEH-01,705.4,18.68,21.79,3.11,16.56,23.7,0.990,1,1,40.1,0.39,35.64,30.2,0
1779285673300,2199,PERSON-01,633.7,19.06,22.29,3.23,16.33,23.7,0.987,1,1,36.0,0.03,34.76,29.9,0
1779285673333,2200,UAS-01,441.8,18.69,21.51,2.81,15.50,24.5,0.990,1,1,36.0,0.30,35.13,30.1,0
1779285673367,2201,UAS-02,382.5,18.74,21.81,3.07,16.24,24.2,0.990,1,1,36.0,0.31,35.16,30.1,0
1779285673400,2202,GND-VEH-01,635.9,19.16,22.34,3.18,16.94,24.1,0.979,1,1,37.2,0.00,35.02,30.0,0
1779285673433,2203,PERSON-01,658.2,19.01,21.93,2.92,16.70,24.7,0.981,1,1,36.0,0.06,35.10,30.0,0
1779285673467,2204,UAS-01,719.8,19.20,22.39,3.19,16.46,23.3,0.990,1,1,36.0,0.35,35.34,30.0,0
1779285673500,2205,UAS-02,304.3,19.20,22.64,3.43,16.00,24.4,0.990,1,1,36.0,0.06,35.17,30.1,0
1779285673533,2206,GND-VEH-01,314.6,19.01,21.98,2.97,15.98,24.2,0.990,1,1,36.6,0.03,35.14,30.0,0
1779285673567,2207,PERSON-01,533.2,18.89,21.95,3.07,15.61,24.2,0.990,1,1,36.0,0.46,35.83,30.1,0
1779285673600,2208,UAS-01,708.2,18.89,21.58,2.69,15.44,23.8,0.990,1,1,36.4,0.13,34.97,30.0,0
1779285673633,2209,UAS-02,463.1,19.03,22.09,3.06,16.70,24.6,0.990,1,1,36.9,0.15,34.97,29.9,0
1779285673667,2210,GND-VEH-01,337.1,19.04,22.59,3.55,16.62,23.3,0.990,1,1,37.0,0.04,35.39,30.1,0
1779285673700,2211,PERSON-01,653.7,18.88,21.76,2.89,16.09,22.6,0.990,1,1,36.0,0.07,35.56,29.9,0
1779285673733,2212,UAS-01,373.2,18.92,22.29,3.37,17.12,23.3,0.990,1,1,36.0,0.36,35.75,30.1,0
1779285673767,2213,UAS-02,402.9,18.93,21.93,3.00,16.59,24.7,0.981,1,1,36.0,0.03,35.46,30.2,0
1779285673800,2214,GND-VEH-01,411.1,18.73,22.38,3.65,18.15,23.8,0.990,1,1,37.8,0.05,35.60,30.0,0
1779285673833,2215,PERSON-01,350.5,19.13,22.20,3.07,16.71,23.4,0.990,1,1,36.0,0.04,35.57,30.1,0
1779285673867,2216,UAS-01,542.4,19.01,22.16,3.15,16.46,23.2,0.990,1,1,36.0,0.26,35.67,30.2,0
1779285673900,2217,UAS-02,350.3,18.85,21.69,2.84,16.70,23.7,0.990,1,1,36.0,0.04,35.44,30.0,0
1779285673933,2218,GND-VEH-01,411.4,19.25,22.60,3.35,17.48,24.3,0.990,1,1,36.0,0.05,35.57,30.0,0
1779285673967,2219,PERSON-01,588.6,19.01,21.69,2.69,15.84,23.4,0.990,1,1,36.1,0.34,35.43,29.9,0
1779285674000,2220,UAS-01,562.8,19.01,22.24,3.22,15.73,22.8,0.990,1,1,36.0,0.10,35.44,30.1,0
1779285674033,2221,UAS-02,374.6,18.84,22.16,3.32,16.73,23.7,0.990,1,1,36.0,0.18,35.25,29.8,0
1779285674067,2222,GND-VEH-01,646.7,19.16,22.70,3.55,16.43,23.3,0.990,1,1,36.0,0.39,35.79,30.2,0
1779285674100,2223,PERSON-01,398.0,18.99,22.04,3.05,15.37,24.3,0.990,1,1,36.0,0.15,35.64,30.0,0
1779285674133,2224,UAS-01,697.9,19.13,22.31,3.18,16.16,24.7,0.990,1,1,36.0,0.27,35.81,30.0,0
1779285674167,2225,UAS-02,594.1,18.85,21.84,2.99,15.91,23.6,0.990,1,1,36.0,0.08,35.21,29.9,0
1779285674200,2226,GND-VEH-01,701.5,18.88,21.73,2.85,16.33,24.5,0.990,1,1,36.3,0.08,35.50,30.0,0
1779285674233,2227,PERSON-01,311.0,18.89,22.16,3.27,16.87,23.8,0.990,1,1,37.1,0.12,35.81,30.0,0
1779285674267,2228,UAS-01,419.1,19.11,22.10,2.98,16.24,23.3,0.990,1,1,38.6,0.08,35.07,30.0,0
1779285674300,2229,UAS-02,323.7,19.09,22.17,3.07,17.17,23.1,0.990,1,1,37.4,0.27,35.52,30.1,0
1779285674333,2230,GND-VEH-01,539.0,18.98,21.99,3.01,16.39,23.9,0.990,1,1,36.0,0.41,35.69,30.0,0
1779285674367,2231,PERSON-01,366.2,18.94,22.26,3.32,16.54,24.6,0.979,1,1,38.2,0.10,35.20,30.0,0
1779285674400,2232,UAS-01,688.1,19.06,21.81,2.74,16.05,24.6,0.990,1,1,37.6,0.02,35.79,29.9,0
1779285674433,2233,UAS-02,879.0,18.92,21.84,2.93,16.19,23.3,0.990,1,1,38.6,0.03,35.55,29.9,0
1779285674467,2234,GND-VEH-01,568.3,19.08,22.19,3.11,16.13,24.6,0.980,1,1,38.7,0.15,35.20,30.1,0
1779285674500,2235,PERSON-01,607.4,18.98,22.41,3.44,17.43,22.1,0.990,1,1,37.0,0.17,35.63,30.0,0
1779285674533,2236,UAS-01,661.8,18.98,22.17,3.19,16.21,24.5,0.979,1,1,36.0,0.02,35.12,30.0,0
1779285674567,2237,UAS-02,761.3,18.76,21.75,2.99,16.11,22.8,0.990,1,1,36.0,0.20,35.70,29.9,0
1779285674600,2238,GND-VEH-01,652.1,19.02,22.20,3.18,16.86,25.4,0.990,1,1,36.0,0.15,35.41,30.0,0
1779285674633,2239,PERSON-01,352.8,19.20,22.55,3.35,16.45,24.9,0.990,1,1,37.5,0.19,35.25,30.0,0
1779285674667,2240,UAS-01,324.3,18.86,22.17,3.30,17.45,22.3,0.990,1,1,36.0,0.23,35.82,30.0,0
1779285674700,2241,UAS-02,342.5,19.08,21.90,2.82,15.76,24.2,0.983,1,1,36.0,0.12,35.71,29.9,0
1779285674733,2242,GND-VEH-01,643.4,18.96,22.01,3.05,16.45,24.5,0.990,1,1,36.1,0.12,35.09,30.0,0
1779285674767,2243,PERSON-01,424.9,18.84,21.78,2.94,16.33,22.9,0.990,1,1,38.0,0.17,35.46,29.9,0
1779285674800,2244,UAS-01,539.2,18.89,21.90,3.01,16.29,23.4,0.990,1,1,36.0,0.11,35.57,30.1,0
1779285674833,2245,UAS-02,415.9,18.90,21.78,2.87,16.09,23.8,0.990,1,1,36.0,0.24,35.43,29.9,0
1779285674867,2246,GND-VEH-01,1010.5,19.09,21.64,2.55,15.19,24.7,0.990,1,1,36.0,0.24,35.18,29.8,0
1779285674900,2247,PERSON-01,455.9,19.00,22.34,3.34,16.68,24.5,0.990,1,1,38.2,0.16,35.62,30.1,0
1779285674933,2248,UAS-01,463.9,19.17,22.21,3.04,16.85,24.8,0.982,1,1,36.0,0.01,35.94,30.1,0
1779285674967,2249,UAS-02,469.1,19.14,22.02,2.88,16.26,24.6,0.990,1,1,36.0,0.21,35.50,29.9,0
1779285675000,2250,GND-VEH-01,540.1,18.99,21.88,2.89,15.11,23.9,0.990,1,1,36.0,0.31,35.64,30.1,0
1779285675033,2251,PERSON-01,563.1,18.94,22.27,3.33,16.11,23.7,0.990,1,1,37.1,0.26,35.62,30.1,0
1779285675067,2252,UAS-01,317.2,18.86,22.09,3.23,17.32,23.9,0.990,1,1,36.9,0.01,35.59,30.0,0
1779285675100,2253,UAS-02,938.5,19.07,21.96,2.88,16.27,24.5,0.990,1,1,38.5,0.18,35.42,30.1,0
1779285675133,2254,GND-VEH-01,384.5,19.09,22.40,3.31,16.69,22.9,0.990,1,1,36.0,0.12,35.61,29.8,0
1779285675167,2255,PERSON-01,656.3,18.91,21.68,2.77,15.50,24.9,0.990,1,1,36.5,0.30,35.36,29.9,0
1779285675200,2256,UAS-01,392.2,18.99,22.25,3.26,17.04,23.8,0.990,1,1,36.0,0.14,35.57,30.1,0
1779285675233,2257,UAS-02,552.7,18.75,22.01,3.26,16.79,22.4,0.990,1,1,37.7,0.11,35.58,30.0,0
1779285675267,2258,GND-VEH-01,596.7,18.76,21.72,2.96,15.76,24.8,0.990,1,1,36.0,0.06,35.69,30.0,0
1779285675300,2259,PERSON-01,380.6,18.99,22.13,3.15,15.95,24.2,0.990,1,1,36.3,0.32,35.55,29.9,0
1779285675333,2260,UAS-01,424.2,19.38,22.54,3.17,16.53,24.5,0.986,1,1,36.0,0.06,35.61,30.0,0
1779285675367,2261,UAS-02,560.9,19.11,22.39,3.29,16.71,23.3,0.990,1,1,37.6,0.33,35.35,30.1,0
1779285675400,2262,GND-VEH-01,370.5,18.82,22.01,3.19,16.99,23.4,0.983,1,1,36.0,0.09,35.55,30.0,0
1779285675433,2263,PERSON-01,467.6,18.84,22.07,3.23,16.96,25.3,0.990,1,1,36.0,0.23,35.67,30.0,0
1779285675467,2264,UAS-01,331.4,18.90,22.24,3.34,17.00,23.8,0.990,1,1,38.6,0.46,35.60,30.1,0
1779285675500,2265,UAS-02,514.4,19.16,22.40,3.24,16.56,23.6,0.990,1,1,36.8,0.00,35.77,29.9,0
1779285675533,2266,GND-VEH-01,685.4,19.30,22.31,3.01,16.09,24.5,0.990,1,1,36.0,0.05,35.56,29.9,0
1779285675567,2267,PERSON-01,506.9,19.17,22.31,3.14,16.54,23.3,0.990,1,1,39.0,0.37,35.85,30.0,0
1779285675600,2268,UAS-01,499.8,18.89,22.19,3.31,16.66,23.4,0.990,1,1,37.3,0.43,35.46,30.0,0
1779285675633,2269,UAS-02,406.9,19.10,22.19,3.09,16.71,25.1,0.990,1,1,36.0,0.23,35.04,30.0,0
1779285675667,2270,GND-VEH-01,412.7,19.07,22.65,3.58,17.68,22.7,0.990,1,1,36.0,0.51,35.46,29.9,0
1779285675700,2271,PERSON-01,716.6,18.95,21.89,2.94,15.62,24.6,0.983,1,1,36.0,0.31,35.21,30.1,0
1779285675733,2272,UAS-01,424.7,19.04,22.05,3.01,16.43,23.6,0.990,1,1,38.4,0.13,35.48,30.1,0
1779285675767,2273,UAS-02,439.6,18.80,21.57,2.77,15.90,25.2,0.989,1,1,36.0,0.51,35.33,30.0,0
1779285675800,2274,GND-VEH-01,623.3,19.02,22.22,3.21,16.24,23.4,0.990,1,1,37.1,0.03,35.07,30.0,0
1779285675833,2275,PERSON-01,1070.2,18.96,21.76,2.80,15.97,24.6,0.990,1,1,36.0,0.08,35.23,29.9,0
1779285675867,2276,UAS-01,497.5,18.93,22.09,3.17,17.04,24.9,0.990,1,1,36.0,0.07,35.65,30.0,0
1779285675900,2277,UAS-02,549.5,19.06,22.29,3.23,16.95,24.9,0.983,1,1,36.3,0.29,35.37,30.0,0
1779285675933,2278,GND-VEH-01,385.9,19.05,22.37,3.32,16.80,24.0,0.990,1,1,36.0,0.26,35.51,29.9,0
1779285675967,2279,PERSON-01,800.8,19.25,22.34,3.09,15.87,24.2,0.990,1,1,37.5,0.11,35.81,29.9,0
1779285676000,2280,UAS-01,300.0,19.00,22.27,3.26,17.13,24.3,0.990,1,1,36.0,0.27,35.26,30.1,0
1779285676033,2281,UAS-02,347.3,18.84,22.13,3.29,16.36,24.9,0.990,1,1,36.0,0.34,35.34,30.0,0
1779285676067,2282,GND-VEH-01,447.4,18.62,21.58,2.95,16.78,24.4,0.990,1,1,36.0,0.14,35.05,30.0,0
1779285676100,2283,PERSON-01,717.4,18.75,22.12,3.37,16.47,25.0,0.983,1,1,36.0,0.22,35.59,30.0,0
1779285676133,2284,UAS-01,894.9,19.08,21.98,2.89,15.46,24.3,0.990,1,1,36.0,0.26,35.55,29.9,0
1779285676167,2285,UAS-02,973.8,19.33,22.10,2.77,15.63,24.0,0.990,1,1,36.0,0.01,35.41,29.8,0
1779285676200,2286,GND-VEH-01,357.4,18.70,21.75,3.04,16.86,23.8,0.990,1,1,36.0,0.17,35.45,29.9,0
1779285676233,2287,PERSON-01,334.7,19.16,22.32,3.16,16.84,24.2,0.986,1,1,38.3,0.30,35.84,30.0,0
1779285676267,2288,UAS-01,904.9,19.18,22.13,2.95,16.02,24.8,0.990,1,1,36.4,0.23,35.70,29.9,0
1779285676300,2289,UAS-02,500.4,18.94,22.17,3.23,17.07,23.5,0.978,1,1,36.0,0.01,35.40,30.0,0
1779285676333,2290,GND-VEH-01,438.2,19.06,22.22,3.16,15.91,24.2,0.984,1,1,36.9,0.42,35.48,30.1,0
1779285676367,2291,PERSON-01,540.1,18.92,22.18,3.27,16.78,24.5,0.990,1,1,40.1,0.10,35.27,29.9,0
1779285676400,2292,UAS-01,393.2,19.26,22.28,3.02,16.06,24.1,0.990,1,1,38.4,0.16,35.79,30.0,0
1779285676433,2293,UAS-02,562.5,18.88,21.86,2.98,16.82,23.9,0.990,1,1,37.7,0.11,35.74,29.9,0
1779285676467,2294,GND-VEH-01,703.3,18.71,21.62,2.91,16.06,23.4,0.990,1,1,36.0,0.18,35.67,29.9,0
1779285676500,2295,PERSON-01,319.7,19.00,22.44,3.44,16.79,25.6,0.990,1,1,36.9,0.00,35.95,30.1,0
1779285676533,2296,UAS-01,380.1,18.78,22.09,3.31,17.02,23.0,0.990,1,1,36.0,0.11,35.77,30.1,0
1779285676567,2297,UAS-02,573.7,19.20,22.11,2.91,16.54,24.0,0.973,1,1,36.0,0.02,35.48,30.0,0
1779285676600,2298,GND-VEH-01,306.0,19.10,22.26,3.16,15.82,25.1,0.981,1,1,36.0,0.01,35.75,30.0,0
1779285676633,2299,PERSON-01,640.5,19.04,21.97,2.93,16.84,23.6,0.990,1,1,36.0,0.29,35.91,29.9,0
1779285676667,2300,UAS-01,461.1,18.84,22.06,3.22,16.43,23.9,0.990,1,1,36.8,0.20,35.63,30.0,0
1779285676700,2301,UAS-02,706.0,18.99,22.17,3.19,16.33,23.8,0.990,1,1,36.0,0.12,35.67,29.9,0
1779285676733,2302,GND-VEH-01,689.0,18.75,21.65,2.89,16.06,24.6,0.990,1,1,38.2,0.03,35.71,30.1,0
1779285676767,2303,PERSON-01,401.8,19.12,21.88,2.75,15.91,22.5,0.987,1,1,38.4,0.40,35.42,30.2,0
1779285676800,2304,UAS-01,485.9,18.90,22.26,3.36,17.46,23.3,0.980,1,1,36.6,0.13,35.69,29.9,0
1779285676833,2305,UAS-02,398.0,18.90,22.17,3.27,16.10,23.9,0.990,1,1,36.5,0.25,35.92,30.0,0
1779285676867,2306,GND-VEH-01,441.6,18.99,22.01,3.03,15.54,24.9,0.990,1,1,36.0,0.14,35.54,30.1,0
1779285676900,2307,PERSON-01,482.5,18.92,22.04,3.12,17.34,23.1,0.990,1,1,36.0,0.18,35.92,30.0,0
1779285676933,2308,UAS-01,484.2,18.98,22.22,3.23,17.23,25.5,0.970,1,1,36.7,0.15,35.64,30.0,0
1779285676967,2309,UAS-02,445.8,19.00,22.00,2.99,15.86,25.8,0.982,1,1,36.6,0.56,35.61,29.9,0
1779285677000,2310,GND-VEH-01,498.1,19.08,22.26,3.19,15.56,25.3,0.990,1,1,36.0,0.25,35.85,30.0,0
1779285677033,2311,PERSON-01,494.5,18.82,21.98,3.16,17.45,23.9,0.988,1,1,36.0,0.44,35.46,30.0,0
1779285677067,2312,UAS-01,676.7,19.09,21.91,2.82,15.53,24.6,0.982,1,1,36.9,0.22,36.15,30.0,0
1779285677100,2313,UAS-02,381.0,18.85,21.97,3.12,16.70,23.7,0.972,1,1,36.0,0.04,35.64,30.0,0
1779285677133,2314,GND-VEH-01,483.9,19.18,22.31,3.13,16.91,23.8,0.990,1,1,36.0,0.13,35.76,30.1,0
1779285677167,2315,PERSON-01,392.6,18.92,22.10,3.18,16.70,23.0,0.984,1,1,37.7,0.20,35.69,30.0,0
1779285677200,2316,UAS-01,803.2,19.15,22.05,2.89,16.53,23.4,0.990,1,1,36.0,0.01,36.00,30.1,0
1779285677233,2317,UAS-02,345.5,18.64,21.87,3.23,17.29,24.1,0.990,1,1,37.2,0.05,35.69,29.9,0
1779285677267,2318,GND-VEH-01,615.7,19.09,22.28,3.19,16.84,24.6,0.988,1,1,36.1,0.09,35.91,29.9,0
1779285677300,2319,PERSON-01,511.4,19.32,22.65,3.33,16.67,23.6,0.990,1,1,37.3,0.12,35.87,29.9,0
1779285677333,2320,UAS-01,928.6,19.09,22.06,2.97,16.20,23.7,0.990,1,1,38.2,0.50,35.65,30.0,0
1779285677367,2321,UAS-02,580.2,19.01,22.22,3.21,16.35,24.6,0.990,1,1,36.0,0.17,35.72,30.0,0
1779285677400,2322,GND-VEH-01,583.2,18.86,21.91,3.04,16.14,26.4,0.990,1,1,37.8,0.18,35.45,30.1,0
1779285677433,2323,PERSON-01,439.4,19.06,22.06,3.00,16.42,23.1,0.982,1,1,36.0,0.06,36.00,29.9,0
1779285677467,2324,UAS-01,359.3,19.15,22.44,3.29,16.83,22.6,0.990,1,1,36.0,0.37,35.57,29.9,0
1779285677500,2325,UAS-02,670.6,19.11,21.74,2.63,15.70,23.8,0.990,1,1,36.0,0.22,36.17,30.0,0
1779285677533,2326,GND-VEH-01,403.9,19.33,22.70,3.37,15.99,24.8,0.990,1,1,36.0,0.15,35.82,30.0,0
1779285677567,2327,PERSON-01,508.7,18.94,22.16,3.22,16.56,24.3,0.969,1,1,36.0,0.30,35.79,30.1,0
1779285677600,2328,UAS-01,379.1,18.86,22.13,3.27,17.09,24.3,0.977,1,1,38.4,0.43,35.83,29.9,0
1779285677633,2329,UAS-02,368.8,18.83,22.12,3.30,16.41,23.6,0.990,1,1,36.0,0.36,36.07,30.1,0
1779285677667,2330,GND-VEH-01,358.6,18.89,22.12,3.23,16.00,24.5,0.990,1,1,37.0,0.34,36.02,30.0,0
1779285677700,2331,PERSON-01,394.0,19.03,22.23,3.20,16.42,23.6,0.990,1,1,36.0,0.08,35.94,29.9,0
1779285677733,2332,UAS-01,347.1,19.11,22.62,3.51,17.34,24.3,0.990,1,1,37.0,0.11,35.81,29.8,0
1779285677767,2333,UAS-02,319.9,19.11,22.45,3.34,16.65,23.2,0.990,1,1,36.0,0.08,35.73,30.0,0
1779285677800,2334,GND-VEH-01,514.6,19.12,21.86,2.74,15.36,24.9,0.990,1,1,36.4,0.02,35.83,30.0,0
1779285677833,2335,PERSON-01,426.5,18.86,22.31,3.44,16.67,26.0,0.984,1,1,39.5,0.32,35.41,30.1,0
1779285677867,2336,UAS-01,310.0,19.10,22.31,3.21,17.00,23.9,0.988,1,1,36.0,0.17,35.65,30.0,0
1779285677900,2337,UAS-02,390.3,19.14,22.30,3.15,17.13,22.2,0.990,1,1,37.0,0.12,36.12,29.9,0
1779285677933,2338,GND-VEH-01,392.5,19.06,22.17,3.11,16.10,24.8,0.988,1,1,36.0,0.08,35.72,30.0,0
1779285677967,2339,PERSON-01,349.2,18.71,21.65,2.94,16.06,24.9,0.988,1,1,36.0,0.21,35.66,30.0,0
1779285678000,2340,UAS-01,319.2,18.94,21.71,2.78,15.79,25.9,0.972,1,1,36.0,0.32,36.05,29.9,0
1779285678033,2341,UAS-02,385.3,18.93,22.02,3.09,16.68,23.3,0.990,1,1,36.7,0.05,35.32,30.2,0
1779285678067,2342,GND-VEH-01,349.6,18.93,21.97,3.03,16.86,25.3,0.975,1,1,36.5,0.41,36.11,30.0,0
1779285678100,2343,PERSON-01,643.8,18.98,22.14,3.16,16.53,24.0,0.990,1,1,37.6,0.05,35.68,30.0,0
1779285678133,2344,UAS-01,345.9,19.16,22.43,3.27,17.09,23.4,0.965,1,1,36.0,0.22,35.53,30.0,0
1779285678167,2345,UAS-02,672.9,18.87,21.68,2.81,15.75,23.7,0.990,1,1,39.0,0.11,35.74,30.1,0
1779285678200,2346,GND-VEH-01,478.0,19.31,22.55,3.24,16.90,24.6,0.990,1,1,36.0,0.30,35.87,30.2,0
1779285678233,2347,PERSON-01,475.9,18.90,22.05,3.15,16.87,24.2,0.990,1,1,38.9,0.33,36.22,29.9,0
1779285678267,2348,UAS-01,570.4,18.94,22.08,3.14,16.17,25.3,0.974,1,1,36.0,0.01,36.00,30.0,0
1779285678300,2349,UAS-02,685.3,19.08,22.10,3.02,15.88,24.9,0.988,1,1,37.1,0.41,35.66,22.7,1
1779285678333,2350,GND-VEH-01,735.2,19.19,22.02,2.83,16.74,24.1,0.990,1,1,36.0,0.10,36.10,29.9,0
1779285678367,2351,PERSON-01,349.1,18.95,22.11,3.16,16.28,25.8,0.990,1,1,36.6,0.01,36.08,30.0,0
1779285678400,2352,UAS-01,468.6,19.08,22.55,3.47,16.82,24.5,0.990,1,1,39.9,0.16,36.08,30.2,0
1779285678433,2353,UAS-02,317.9,18.75,21.80,3.05,16.55,23.5,0.986,1,1,36.0,0.12,35.97,30.0,0
1779285678467,2354,GND-VEH-01,410.5,19.04,22.15,3.10,16.21,24.5,0.990,1,1,37.2,0.50,35.54,29.8,0
1779285678500,2355,PERSON-01,924.3,19.17,22.36,3.19,17.03,23.9,0.978,1,1,37.2,0.08,36.00,29.9,0
1779285678533,2356,UAS-01,674.2,19.07,22.18,3.12,16.14,23.1,0.987,1,1,36.0,0.38,35.37,29.9,0
1779285678567,2357,UAS-02,430.2,18.89,21.89,3.00,16.69,23.6,0.990,1,1,36.9,0.01,35.98,29.9,0
1779285678600,2358,GND-VEH-01,836.3,18.93,21.52,2.59,15.82,24.5,0.990,1,1,36.0,0.04,35.84,29.9,0
1779285678633,2359,PERSON-01,402.3,19.08,22.41,3.33,17.03,23.4,0.990,1,1,38.9,0.22,35.83,30.1,0
1779285678667,2360,UAS-01,919.0,18.92,22.03,3.11,16.21,24.7,0.974,1,1,36.0,0.13,35.82,30.1,0
1779285678700,2361,UAS-02,586.7,19.06,22.24,3.17,16.47,24.8,0.979,1,1,36.0,0.16,35.88,29.8,0
1779285678733,2362,GND-VEH-01,646.1,18.74,21.82,3.08,16.07,24.4,0.990,1,1,36.0,0.62,35.61,30.1,0
1779285678767,2363,PERSON-01,525.2,19.16,22.51,3.35,16.43,24.5,0.990,1,1,36.0,0.26,35.91,30.0,0
1779285678800,2364,UAS-01,340.4,19.05,22.30,3.25,16.50,23.7,0.990,1,1,37.1,0.09,36.23,30.0,0
1779285678833,2365,UAS-02,816.8,18.99,22.24,3.25,16.37,25.6,0.990,1,1,36.0,0.23,36.14,30.0,0
1779285678867,2366,GND-VEH-01,1046.6,19.14,22.32,3.18,16.85,25.5,0.990,1,1,38.7,0.23,35.69,29.9,0
1779285678900,2367,PERSON-01,470.6,19.10,22.68,3.58,17.18,23.5,0.990,1,1,36.0,0.14,36.08,30.1,0
1779285678933,2368,UAS-01,583.1,19.08,22.04,2.96,16.35,24.0,0.990,1,1,36.0,0.27,35.97,29.9,0
1779285678967,2369,UAS-02,489.5,18.78,21.91,3.12,16.53,23.9,0.990,1,1,36.0,0.32,35.75,30.0,0
1779285679000,2370,GND-VEH-01,559.9,18.77,21.83,3.05,16.23,23.4,0.981,1,1,36.0,0.15,36.13,29.9,0
1779285679033,2371,PERSON-01,439.9,18.93,22.21,3.28,16.96,22.6,0.990,1,1,38.6,0.10,35.88,30.0,0
1779285679067,2372,UAS-01,395.3,19.01,22.21,3.20,17.14,24.1,0.990,1,1,36.4,0.05,36.51,29.9,0
1779285679100,2373,UAS-02,368.6,18.96,22.27,3.31,16.55,23.7,0.990,1,1,39.7,0.46,35.83,30.0,0
1779285679133,2374,GND-VEH-01,425.9,19.00,22.19,3.19,17.26,25.0,0.990,1,1,39.9,0.18,35.98,29.9,0
1779285679167,2375,PERSON-01,711.0,18.87,21.78,2.90,15.65,24.0,0.972,1,1,36.0,0.18,35.56,29.9,0
1779285679200,2376,UAS-01,522.6,19.17,22.38,3.22,16.08,24.2,0.990,1,1,36.0,0.16,35.86,30.1,0
1779285679233,2377,UAS-02,605.2,19.01,22.29,3.28,16.36,24.1,0.990,1,1,36.0,0.12,35.85,30.0,0
1779285679267,2378,GND-VEH-01,383.6,18.92,21.88,2.96,15.63,23.2,0.981,1,1,36.0,0.28,35.29,29.9,0
1779285679300,2379,PERSON-01,664.6,18.83,22.05,3.22,15.80,25.7,0.987,1,1,37.7,0.09,35.79,30.0,0
1779285679333,2380,UAS-01,459.0,18.73,21.89,3.17,16.33,24.2,0.990,1,1,38.3,0.13,35.95,29.9,0
1779285679367,2381,UAS-02,489.6,18.59,21.80,3.20,16.82,23.9,0.979,1,1,36.8,0.22,36.01,30.1,0
1779285679400,2382,GND-VEH-01,831.9,19.11,22.22,3.11,15.61,23.1,0.990,1,1,36.8,0.21,35.71,30.0,0
1779285679433,2383,PERSON-01,388.7,19.11,21.97,2.86,16.54,23.7,0.990,1,1,36.2,0.27,35.95,30.1,0
1779285679467,2384,UAS-01,846.6,19.05,22.12,3.07,16.67,22.2,0.990,1,1,36.0,0.31,36.25,30.0,0
1779285679500,2385,UAS-02,323.2,18.97,22.22,3.24,17.38,23.0,0.990,1,1,36.0,0.35,35.70,30.0,0
1779285679533,2386,GND-VEH-01,489.9,18.92,22.28,3.36,16.73,25.6,0.990,1,1,36.0,0.18,36.31,30.1,0
1779285679567,2387,PERSON-01,534.6,19.11,22.02,2.91,15.20,23.9,0.990,1,1,36.0,0.17,35.66,30.1,0
1779285679600,2388,UAS-01,537.9,18.94,22.23,3.29,16.95,23.8,0.990,1,1,36.0,0.21,36.16,30.0,0
1779285679633,2389,UAS-02,388.6,19.35,22.63,3.28,16.94,23.4,0.985,1,1,36.8,0.26,36.14,30.0,0
1779285679667,2390,GND-VEH-01,355.2,18.71,21.89,3.18,16.38,24.8,0.990,1,1,36.0,0.06,35.98,30.0,0
1779285679700,2391,PERSON-01,369.0,19.20,22.61,3.41,17.17,23.5,0.990,1,1,37.3,0.27,35.90,29.9,0
1779285679733,2392,UAS-01,676.0,18.82,21.75,2.94,16.07,25.3,0.982,1,1,38.3,0.43,36.01,30.0,0
1779285679767,2393,UAS-02,712.9,19.08,22.29,3.21,17.22,23.9,0.990,1,1,36.4,0.15,35.77,30.0,0
1779285679800,2394,GND-VEH-01,414.3,18.86,22.05,3.19,16.59,22.2,0.990,1,1,36.0,0.09,35.98,29.9,0
1779285679833,2395,PERSON-01,375.3,19.00,22.08,3.09,16.63,22.7,0.990,1,1,36.0,0.39,36.33,29.8,0
1779285679867,2396,UAS-01,507.9,18.82,22.07,3.25,16.33,23.3,0.990,1,1,37.0,0.22,35.51,30.1,0
1779285679900,2397,UAS-02,723.8,19.00,22.09,3.09,16.50,23.6,0.982,1,1,36.0,0.07,35.88,30.1,0
1779285679933,2398,GND-VEH-01,338.6,19.07,22.07,3.00,16.44,23.8,0.990,1,1,36.0,0.03,35.69,30.0,0
1779285679967,2399,PERSON-01,451.6,19.13,22.28,3.15,15.79,24.3,0.990,1,1,36.5,0.06,36.20,30.1,0
1779285680000,2400,UAS-01,442.4,18.96,21.80,2.84,16.20,23.8,0.990,1,1,36.0,0.19,35.87,29.9,0
1779285680033,2401,UAS-02,450.1,18.96,22.12,3.16,16.01,23.4,0.990,1,1,36.6,0.01,35.96,30.0,0
1779285680067,2402,GND-VEH-01,646.2,19.03,22.29,3.26,16.53,24.0,0.990,1,1,38.8,0.14,35.76,29.9,0
1779285680100,2403,PERSON-01,587.2,18.87,22.19,3.32,16.78,24.9,0.980,1,1,36.7,0.41,36.27,30.0,0
1779285680133,2404,UAS-01,868.6,18.73,21.73,3.00,15.95,24.7,0.990,1,1,36.0,0.02,36.18,29.9,0
1779285680167,2405,UAS-02,616.8,19.20,22.49,3.29,16.66,24.7,0.990,1,1,36.6,0.05,36.31,29.9,0
1779285680200,2406,GND-VEH-01,409.3,19.36,22.57,3.21,16.80,23.0,0.983,1,1,36.0,0.13,35.80,30.1,0
1779285680233,2407,PERSON-01,807.4,19.11,21.99,2.88,15.67,24.9,0.990,1,1,36.0,0.21,35.55,30.1,0
1779285680267,2408,UAS-01,377.7,19.10,22.31,3.21,17.05,23.6,0.990,1,1,38.2,0.34,36.02,30.0,0
1779285680300,2409,UAS-02,559.2,18.88,22.04,3.16,16.68,23.1,0.976,1,1,36.7,0.25,36.19,30.0,0
1779285680333,2410,GND-VEH-01,621.5,19.14,22.01,2.87,15.94,23.2,0.979,1,1,36.0,0.27,36.17,30.0,0
1779285680367,2411,PERSON-01,429.7,18.83,21.74,2.91,15.45,24.2,0.990,1,1,36.0,0.02,36.04,30.0,0
1779285680400,2412,UAS-01,454.5,18.99,22.19,3.21,16.45,25.2,0.990,1,1,37.4,0.33,35.94,30.0,0
1779285680433,2413,UAS-02,682.6,19.00,21.97,2.97,16.40,24.0,0.990,1,1,37.3,0.01,36.22,30.1,0
1779285680467,2414,GND-VEH-01,626.0,19.28,22.35,3.07,16.50,24.1,0.990,1,1,38.9,0.22,36.14,30.0,0
1779285680500,2415,PERSON-01,405.7,19.08,21.99,2.91,16.59,24.8,0.990,1,1,36.2,0.13,36.19,30.1,0
1779285680533,2416,UAS-01,853.8,18.82,21.50,2.68,15.90,23.5,0.990,1,1,36.7,0.10,36.13,30.1,0
1779285680567,2417,UAS-02,555.8,19.07,22.22,3.14,16.33,23.3,0.990,1,1,36.0,0.18,35.64,30.0,0
1779285680600,2418,GND-VEH-01,432.6,19.06,22.36,3.30,16.92,23.6,0.990,1,1,36.0,0.26,35.88,29.9,0
1779285680633,2419,PERSON-01,486.1,19.08,22.40,3.32,16.61,25.0,0.990,1,1,37.2,0.11,36.22,30.1,0
1779285680667,2420,UAS-01,391.9,19.01,21.98,2.97,16.56,23.2,0.990,1,1,36.0,0.27,36.02,30.2,0
1779285680700,2421,UAS-02,587.8,19.05,21.94,2.88,15.33,23.6,0.990,1,1,36.0,0.18,36.18,29.9,0
1779285680733,2422,GND-VEH-01,490.1,19.05,22.34,3.29,16.42,25.9,0.990,1,1,38.1,0.01,36.36,29.9,0
1779285680767,2423,PERSON-01,403.2,19.04,22.10,3.05,17.01,22.8,0.990,1,1,36.1,0.42,36.07,30.1,0
1779285680800,2424,UAS-01,383.4,19.02,22.33,3.31,16.62,24.1,0.975,1,1,36.0,0.35,36.04,30.1,0
1779285680833,2425,UAS-02,304.0,19.02,22.03,3.01,16.22,23.6,0.990,1,1,36.0,0.07,35.78,29.8,0
1779285680867,2426,GND-VEH-01,391.2,19.05,22.12,3.07,17.02,23.4,0.989,1,1,36.0,0.19,36.02,30.2,0
1779285680900,2427,PERSON-01,342.1,19.20,22.53,3.34,16.50,24.0,0.990,1,1,38.7,0.04,36.07,30.1,0
1779285680933,2428,UAS-01,390.4,19.04,22.30,3.26,16.82,25.3,0.990,1,1,36.0,0.63,35.86,30.0,0
1779285680967,2429,UAS-02,481.9,18.92,22.02,3.10,16.35,22.7,0.990,1,1,36.0,0.26,35.91,30.0,0
1779285681000,2430,GND-VEH-01,418.2,18.87,21.86,2.99,15.61,25.3,0.990,1,1,36.0,0.30,36.31,30.0,0
1779285681033,2431,PERSON-01,449.9,18.89,22.26,3.36,16.27,24.7,0.990,1,1,36.0,0.17,36.16,30.1,0
1779285681067,2432,UAS-01,490.2,18.93,22.05,3.12,16.45,24.7,0.981,1,1,36.0,0.59,35.87,29.9,0
1779285681100,2433,UAS-02,523.2,18.87,22.42,3.54,16.69,24.7,0.990,1,1,38.0,0.39,36.27,29.9,0
1779285681133,2434,GND-VEH-01,353.5,19.25,22.83,3.58,17.24,25.0,0.990,1,1,36.9,0.18,36.25,30.1,0
1779285681167,2435,PERSON-01,339.6,19.27,22.83,3.56,17.17,23.9,0.982,1,1,38.2,0.13,36.27,30.0,0
1779285681200,2436,UAS-01,422.3,18.99,22.08,3.09,16.19,24.6,0.990,1,1,36.1,0.45,35.45,29.9,0
1779285681233,2437,UAS-02,502.9,18.78,21.96,3.18,16.08,24.1,0.990,1,1,36.0,0.10,36.46,30.0,0
1779285681267,2438,GND-VEH-01,549.0,18.86,22.22,3.37,16.34,24.2,0.990,1,1,36.0,0.36,36.00,29.9,0
1779285681300,2439,PERSON-01,444.9,19.13,22.34,3.21,17.18,22.5,0.990,1,1,36.0,0.35,36.16,30.1,0
1779285681333,2440,UAS-01,428.1,19.00,22.11,3.12,16.82,22.6,0.968,1,1,36.0,0.31,36.03,30.1,0
1779285681367,2441,UAS-02,384.4,19.03,22.45,3.42,16.73,24.1,0.990,1,1,36.0,0.19,35.92,30.0,0
1779285681400,2442,GND-VEH-01,467.5,19.27,22.34,3.07,16.35,23.3,0.990,1,1,37.9,0.01,36.49,29.9,0
1779285681433,2443,PERSON-01,300.9,18.94,22.48,3.54,16.59,24.8,0.987,1,1,38.5,0.38,35.79,29.9,0
1779285681467,2444,UAS-01,457.0,18.93,22.32,3.39,17.20,24.3,0.990,1,1,36.0,0.19,35.95,30.1,0
1779285681500,2445,UAS-02,385.5,18.92,22.49,3.57,17.15,23.9,0.990,1,1,36.4,0.61,35.70,30.1,0
1779285681533,2446,GND-VEH-01,340.1,18.91,22.01,3.10,16.44,24.4,0.990,1,1,38.8,0.12,36.03,29.9,0
1779285681567,2447,PERSON-01,446.7,19.07,22.35,3.28,16.44,23.9,0.983,1,1,36.8,0.10,36.48,29.9,0
1779285681600,2448,UAS-01,325.3,18.94,22.05,3.11,15.77,23.4,0.990,1,1,37.0,0.49,36.02,30.0,0
1779285681633,2449,UAS-02,358.1,19.00,22.22,3.21,17.09,22.1,0.990,1,1,36.0,0.17,35.94,29.9,0
1779285681667,2450,GND-VEH-01,461.0,19.12,22.05,2.93,15.98,23.7,0.990,1,1,36.0,0.10,36.05,30.1,0
1779285681700,2451,PERSON-01,736.1,18.98,22.04,3.06,17.00,24.9,0.990,1,1,38.5,0.47,35.97,30.1,0
1779285681733,2452,UAS-01,920.5,18.84,21.57,2.73,15.01,23.6,0.990,1,1,36.1,0.15,35.84,29.9,0
1779285681767,2453,UAS-02,310.7,19.03,22.17,3.15,16.63,23.3,0.990,1,1,36.0,0.43,36.28,29.9,0
1779285681800,2454,GND-VEH-01,491.7,18.88,22.17,3.29,16.89,23.8,0.990,1,1,36.0,0.22,36.45,30.0,0
1779285681833,2455,PERSON-01,705.6,19.10,22.25,3.14,16.45,23.4,0.986,1,1,37.6,0.26,36.50,29.9,0
1779285681867,2456,UAS-01,416.2,19.24,22.29,3.05,15.97,24.0,0.990,1,1,36.6,0.10,36.45,30.0,0
1779285681900,2457,UAS-02,535.3,18.99,22.18,3.19,16.63,24.5,0.990,1,1,37.5,0.29,36.44,30.1,0
1779285681933,2458,GND-VEH-01,473.2,19.03,22.02,2.99,16.64,24.8,0.986,1,1,37.4,0.55,35.83,30.1,0
1779285681967,2459,PERSON-01,590.7,18.96,21.80,2.84,15.96,22.2,0.990,1,1,36.1,0.07,36.03,29.9,0
1779285682000,2460,UAS-01,484.2,19.36,22.76,3.40,17.12,24.4,0.990,1,1,36.5,0.32,36.45,29.9,0
1779285682033,2461,UAS-02,309.7,18.96,22.24,3.28,16.62,24.1,0.981,1,1,38.9,0.14,36.78,30.0,0
1779285682067,2462,GND-VEH-01,382.1,19.02,22.10,3.08,16.84,22.8,0.990,1,1,36.0,0.20,36.43,30.1,0
1779285682100,2463,PERSON-01,317.1,18.93,22.03,3.10,16.89,21.6,0.990,1,1,36.0,0.13,35.95,30.0,0
1779285682133,2464,UAS-01,476.8,18.82,22.00,3.19,16.03,25.2,0.990,1,1,36.6,0.25,36.30,29.9,0
1779285682167,2465,UAS-02,372.5,19.27,22.56,3.29,16.48,25.0,0.990,1,1,36.0,0.36,36.42,29.9,0
1779285682200,2466,GND-VEH-01,354.8,19.12,22.78,3.66,16.91,24.0,0.990,1,1,36.8,0.25,36.01,30.0,0
1779285682233,2467,PERSON-01,480.9,19.06,22.17,3.11,15.93,23.0,0.990,1,1,36.0,0.46,36.14,29.9,0
1779285682267,2468,UAS-01,371.8,18.80,22.11,3.31,16.82,23.9,0.989,1,1,36.0,0.51,36.32,29.8,0
1779285682300,2469,UAS-02,396.0,19.08,22.20,3.12,15.98,24.1,0.973,1,1,36.0,0.19,36.03,30.0,0
1779285682333,2470,GND-VEH-01,317.8,19.13,22.52,3.39,17.53,24.1,0.990,1,1,36.0,0.41,36.42,30.1,0
1779285682367,2471,PERSON-01,672.8,19.27,22.39,3.12,17.13,23.5,0.990,1,1,36.0,0.02,36.13,30.2,0
1779285682400,2472,UAS-01,329.8,19.20,22.42,3.22,16.34,23.2,0.982,1,1,37.8,0.07,36.19,30.1,0
1779285682433,2473,UAS-02,574.6,18.86,21.82,2.97,16.48,25.0,0.982,1,1,36.9,0.10,35.91,29.9,0
1779285682467,2474,GND-VEH-01,635.7,18.99,22.39,3.40,16.70,24.7,0.990,1,1,36.0,0.15,35.99,29.9,0
1779285682500,2475,PERSON-01,422.2,19.08,22.40,3.33,15.91,24.2,0.990,1,1,36.1,0.43,35.73,29.9,0
1779285682533,2476,UAS-01,359.0,19.00,22.02,3.02,16.13,24.1,0.990,1,1,36.4,0.13,36.29,30.0,0
1779285682567,2477,UAS-02,567.0,19.04,21.99,2.95,16.59,23.8,0.990,1,1,36.7,0.33,35.89,29.9,0
1779285682600,2478,GND-VEH-01,684.0,18.88,21.89,3.01,16.57,23.8,0.990,1,1,37.3,0.45,36.32,30.1,0
1779285682633,2479,PERSON-01,565.6,19.03,22.14,3.11,16.04,23.5,0.982,1,1,36.8,0.04,36.06,30.0,0
1779285682667,2480,UAS-01,516.8,19.17,22.47,3.30,16.51,24.8,0.990,1,1,36.0,0.04,36.16,30.1,0
1779285682700,2481,UAS-02,873.1,19.11,22.18,3.07,16.57,22.1,0.990,1,1,39.6,0.08,36.19,30.1,0
1779285682733,2482,GND-VEH-01,442.3,19.11,22.43,3.32,16.74,23.9,0.986,1,1,36.0,0.06,36.35,29.9,0
1779285682767,2483,PERSON-01,577.8,18.93,22.00,3.07,16.09,24.0,0.972,1,1,36.0,0.41,36.49,30.0,0
1779285682800,2484,UAS-01,852.5,19.05,22.02,2.97,16.23,25.1,0.990,1,1,36.1,0.00,36.16,30.0,0
1779285682833,2485,UAS-02,757.7,18.73,21.94,3.21,16.39,23.2,0.990,1,1,36.5,0.31,36.29,30.0,0
1779285682867,2486,GND-VEH-01,694.1,18.74,21.51,2.77,15.30,24.2,0.990,1,1,36.0,0.24,36.33,30.0,0
1779285682900,2487,PERSON-01,387.3,19.14,22.00,2.85,15.77,25.6,0.990,1,1,37.0,0.01,36.24,29.9,0
1779285682933,2488,UAS-01,658.9,18.86,21.97,3.11,17.12,23.7,0.990,1,1,36.1,0.07,36.21,30.1,0
1779285682967,2489,UAS-02,358.8,18.89,21.92,3.03,16.32,25.1,0.990,1,1,36.0,0.28,36.29,30.0,0
1779285683000,2490,GND-VEH-01,316.4,18.69,21.90,3.21,16.17,24.6,0.990,1,1,36.0,0.09,36.10,29.9,0
1779285683033,2491,PERSON-01,446.2,18.86,22.03,3.17,15.93,23.9,0.990,1,1,36.8,0.08,36.77,29.9,0
1779285683067,2492,UAS-01,421.5,19.04,22.14,3.11,15.92,23.8,0.989,1,1,36.0,0.16,36.05,30.0,0
1779285683100,2493,UAS-02,461.1,18.98,22.29,3.31,16.90,24.6,0.990,1,1,36.1,0.33,35.83,30.0,0
1779285683133,2494,GND-VEH-01,368.2,19.01,22.14,3.13,17.04,22.9,0.990,1,1,36.0,0.04,36.24,30.2,0
1779285683167,2495,PERSON-01,561.8,19.04,22.16,3.12,16.23,25.0,0.981,1,1,36.0,0.07,36.24,30.1,0
1779285683200,2496,UAS-01,430.5,18.93,22.39,3.45,16.23,24.6,0.989,1,1,37.7,0.08,36.37,30.0,0
1779285683233,2497,UAS-02,642.8,18.89,22.05,3.16,16.39,23.8,0.990,1,1,36.0,0.20,36.21,30.0,0
1779285683267,2498,GND-VEH-01,745.4,18.85,21.76,2.91,16.35,25.3,0.990,1,1,37.0,0.36,36.07,29.9,0
1779285683300,2499,PERSON-01,412.1,18.88,21.76,2.88,16.34,23.3,0.990,1,1,39.4,0.25,35.92,30.1,0
1779285683333,2500,UAS-01,611.3,19.17,22.43,3.27,17.44,24.0,0.990,1,1,36.0,0.02,36.26,30.0,0
1779285683367,2501,UAS-02,303.6,19.05,22.67,3.62,17.30,23.1,0.990,1,1,36.0,0.48,36.50,29.9,0
1779285683400,2502,GND-VEH-01,387.3,19.09,22.46,3.37,16.66,23.0,0.978,1,1,36.0,0.28,35.97,30.0,0
1779285683433,2503,PERSON-01,508.9,18.88,21.93,3.06,16.15,24.1,0.990,1,1,38.8,0.09,36.51,30.1,0
1779285683467,2504,UAS-01,422.9,18.92,22.21,3.29,16.94,23.4,0.990,1,1,36.0,0.49,36.14,29.9,0
1779285683500,2505,UAS-02,401.1,18.94,22.16,3.22,16.70,23.6,0.990,1,1,36.0,0.15,36.50,30.0,0
1779285683533,2506,GND-VEH-01,510.1,18.84,22.35,3.51,17.16,23.2,0.990,1,1,36.0,0.52,36.34,30.0,0
1779285683567,2507,PERSON-01,871.5,19.02,22.26,3.24,17.02,23.9,0.990,1,1,36.3,0.09,36.39,30.0,0
1779285683600,2508,UAS-01,493.7,19.29,22.18,2.89,15.51,25.0,0.979,1,1,37.4,0.25,36.72,30.0,0
1779285683633,2509,UAS-02,671.4,18.86,21.78,2.92,16.31,23.4,0.990,1,1,36.0,0.23,36.42,29.9,0
1779285683667,2510,GND-VEH-01,541.1,19.13,21.91,2.78,16.54,22.8,0.990,1,1,36.0,0.22,36.63,30.0,0
1779285683700,2511,PERSON-01,357.9,19.02,22.50,3.48,17.00,23.6,0.990,1,1,36.3,0.07,36.20,30.2,0
1779285683733,2512,UAS-01,516.7,19.15,22.41,3.26,16.46,24.8,0.987,1,1,36.0,0.19,36.68,29.9,0
1779285683767,2513,UAS-02,582.5,19.10,22.03,2.94,16.24,24.5,0.981,1,1,36.2,0.15,36.50,30.0,0
1779285683800,2514,GND-VEH-01,354.2,19.16,22.64,3.48,16.87,24.0,0.990,1,1,36.0,0.45,36.18,30.0,0
1779285683833,2515,PERSON-01,750.2,18.87,21.67,2.80,15.67,23.9,0.990,1,1,36.0,0.21,36.49,30.0,0
1779285683867,2516,UAS-01,455.4,19.13,22.39,3.26,16.77,23.7,0.990,1,1,36.0,0.34,36.34,29.9,0
1779285683900,2517,UAS-02,532.8,18.92,22.10,3.18,16.74,24.2,0.990,1,1,37.0,0.26,36.86,30.1,0
1779285683933,2518,GND-VEH-01,353.4,19.10,22.37,3.27,16.57,23.1,0.990,1,1,36.0,0.46,36.49,29.8,0
1779285683967,2519,PERSON-01,849.0,18.80,21.78,2.98,16.34,24.2,0.981,1,1,38.9,0.07,36.44,30.1,0
1779285684000,2520,UAS-01,748.9,19.01,22.13,3.13,16.28,22.9,0.990,1,1,36.0,0.04,36.41,29.9,0
1779285684033,2521,UAS-02,547.7,18.99,22.08,3.09,16.27,24.4,0.990,1,1,36.4,0.27,36.11,30.0,0
1779285684067,2522,GND-VEH-01,378.6,18.69,21.45,2.76,15.81,23.4,0.977,1,1,36.0,0.05,36.00,30.0,0
1779285684100,2523,PERSON-01,587.6,19.04,22.21,3.17,16.31,23.8,0.990,1,1,36.0,0.10,36.16,30.0,0
1779285684133,2524,UAS-01,406.3,18.93,22.19,3.26,16.92,23.4,0.990,1,1,37.4,0.19,36.69,30.1,0
1779285684167,2525,UAS-02,698.8,18.99,22.25,3.26,16.74,23.4,0.990,1,1,36.0,0.08,36.55,29.9,0
1779285684200,2526,GND-VEH-01,580.3,18.96,22.07,3.11,16.31,23.0,0.990,1,1,37.4,0.07,36.21,30.0,0
1779285684233,2527,PERSON-01,453.5,19.01,22.32,3.31,16.82,23.3,0.990,1,1,37.4,0.26,36.32,30.1,0
1779285684267,2528,UAS-01,551.9,19.06,22.19,3.13,16.43,24.4,0.990,1,1,36.4,0.21,36.26,30.0,0
1779285684300,2529,UAS-02,676.0,18.94,22.22,3.28,17.52,24.1,0.990,1,1,36.0,0.20,36.55,30.0,0
1779285684333,2530,GND-VEH-01,317.9,18.67,21.58,2.90,16.01,23.4,0.987,1,1,36.0,0.13,36.18,30.0,0
1779285684367,2531,PERSON-01,518.4,18.96,22.15,3.19,16.34,25.5,0.990,1,1,38.1,0.26,36.46,30.1,0
1779285684400,2532,UAS-01,681.9,19.15,22.43,3.28,17.24,23.6,0.990,1,1,36.6,0.09,36.20,29.8,0
1779285684433,2533,UAS-02,442.5,19.20,22.54,3.34,16.44,23.8,0.990,1,1,37.6,0.17,36.40,30.0,0
1779285684467,2534,GND-VEH-01,475.3,18.96,22.13,3.17,16.31,25.2,0.990,1,1,36.0,0.65,35.92,30.0,0
1779285684500,2535,PERSON-01,655.8,18.96,22.46,3.50,16.91,24.2,0.990,1,1,36.0,0.15,36.51,29.9,0
1779285684533,2536,UAS-01,561.7,18.98,22.13,3.14,15.80,23.9,0.990,1,1,36.0,0.01,36.22,30.0,0
1779285684567,2537,UAS-02,348.9,19.11,22.31,3.20,17.40,22.8,0.990,1,1,36.5,0.13,36.14,30.0,0
1779285684600,2538,GND-VEH-01,380.0,19.00,22.33,3.34,16.79,23.5,0.983,1,1,36.0,0.12,36.22,29.9,0
1779285684633,2539,PERSON-01,548.4,19.01,21.76,2.75,15.50,23.3,0.990,1,1,36.0,0.11,36.08,30.0,0
1779285684667,2540,UAS-01,357.6,18.85,21.79,2.94,16.36,24.9,0.990,1,1,36.0,0.12,36.21,30.1,0
1779285684700,2541,UAS-02,304.1,18.90,21.76,2.87,16.65,24.7,0.985,1,1,36.0,0.32,36.31,29.9,0
1779285684733,2542,GND-VEH-01,798.7,19.09,22.21,3.12,15.84,24.5,0.990,1,1,39.0,0.40,36.41,30.0,0
1779285684767,2543,PERSON-01,382.1,19.16,22.65,3.48,17.44,23.6,0.990,1,1,36.0,0.17,36.98,30.0,0
1779285684800,2544,UAS-01,783.1,18.94,22.07,3.13,16.76,23.8,0.990,1,1,38.4,0.26,36.36,29.9,0
1779285684833,2545,UAS-02,388.4,18.95,22.40,3.45,17.06,24.3,0.990,1,1,36.0,0.37,36.50,30.1,0
1779285684867,2546,GND-VEH-01,315.9,18.81,22.17,3.36,16.58,24.3,0.990,1,1,36.7,0.02,36.57,29.9,0
1779285684900,2547,PERSON-01,578.6,18.93,21.81,2.88,15.94,23.3,0.990,1,1,37.8,0.14,36.58,30.0,0
1779285684933,2548,UAS-01,440.0,18.66,22.08,3.42,16.58,22.1,0.974,1,1,36.8,0.08,36.52,29.9,0
1779285684967,2549,UAS-02,679.5,19.00,21.97,2.97,16.42,22.9,0.990,1,1,36.2,0.16,36.55,29.9,0
1779285685000,2550,GND-VEH-01,317.2,19.03,22.03,3.00,15.83,24.0,0.990,1,1,36.0,0.33,36.77,30.0,0
1779285685033,2551,PERSON-01,396.5,18.90,21.84,2.93,16.78,22.3,0.986,1,1,36.3,0.10,36.94,30.1,0
1779285685067,2552,UAS-01,346.2,18.90,22.09,3.20,17.14,23.8,0.990,1,1,36.0,0.52,36.64,30.0,0
1779285685100,2553,UAS-02,407.2,18.73,21.88,3.15,16.53,24.0,0.990,1,1,36.0,0.17,36.47,29.9,0
1779285685133,2554,GND-VEH-01,335.1,19.05,22.35,3.31,16.13,25.7,0.985,1,1,36.9,0.05,35.90,30.0,0
1779285685167,2555,PERSON-01,395.6,19.25,22.50,3.25,16.27,23.1,0.990,1,1,38.9,0.03,36.49,30.0,0
1779285685200,2556,UAS-01,856.9,18.89,22.02,3.13,16.02,24.1,0.990,1,1,37.1,0.02,36.48,29.9,0
1779285685233,2557,UAS-02,316.5,19.20,22.60,3.40,16.51,24.1,0.990,1,1,36.0,0.40,36.78,29.9,0
1779285685267,2558,GND-VEH-01,486.3,19.18,22.46,3.27,16.37,24.3,0.983,1,1,36.0,0.23,37.09,30.0,0
1779285685300,2559,PERSON-01,534.5,19.00,22.34,3.35,16.33,24.5,0.990,1,1,37.5,0.45,36.22,30.0,0
1779285685333,2560,UAS-01,606.8,19.07,22.09,3.01,16.63,25.6,0.990,1,1,36.0,0.13,36.53,30.2,0
1779285685367,2561,UAS-02,373.2,19.15,22.37,3.22,16.76,23.7,0.990,1,1,36.0,0.15,36.49,30.1,0
1779285685400,2562,GND-VEH-01,574.8,18.95,21.91,2.96,16.53,24.5,0.990,1,1,36.0,0.04,36.77,30.0,0
1779285685433,2563,PERSON-01,892.6,18.91,22.09,3.18,16.35,24.4,0.983,1,1,36.0,0.05,36.70,29.9,0
1779285685467,2564,UAS-01,745.0,19.31,22.03,2.72,15.62,22.9,0.990,1,1,36.0,0.15,36.64,29.8,0
1779285685500,2565,UAS-02,621.2,19.05,21.68,2.64,15.33,22.3,0.990,1,1,36.9,0.29,36.56,30.0,0
1779285685533,2566,GND-VEH-01,636.6,18.95,21.91,2.96,15.81,23.3,0.990,1,1,36.0,0.15,36.61,30.0,0
1779285685567,2567,PERSON-01,639.8,18.88,21.91,3.03,15.75,23.8,0.990,1,1,36.2,0.35,36.96,30.0,0
1779285685600,2568,UAS-01,344.3,18.83,22.19,3.36,16.60,24.8,0.979,1,1,36.0,0.18,36.60,30.0,0
1779285685633,2569,UAS-02,854.3,18.99,21.84,2.85,16.03,24.7,0.990,1,1,36.0,0.40,36.56,30.0,0
1779285685667,2570,GND-VEH-01,685.8,18.83,22.14,3.31,16.75,23.7,0.962,1,1,36.7,0.44,36.50,30.0,0
1779285685700,2571,PERSON-01,464.3,19.06,22.00,2.93,15.47,25.0,0.990,1,1,36.4,0.18,36.69,30.0,0
1779285685733,2572,UAS-01,369.6,19.03,22.22,3.20,16.72,24.5,0.990,1,1,36.0,0.09,36.54,30.0,0
1779285685767,2573,UAS-02,366.1,18.85,21.99,3.15,15.73,24.3,0.981,1,1,36.0,0.57,36.29,30.0,0
1779285685800,2574,GND-VEH-01,416.0,19.04,22.01,2.97,16.65,22.7,0.990,1,1,36.0,0.10,36.41,30.0,0
1779285685833,2575,PERSON-01,540.0,19.11,22.17,3.06,15.72,24.8,0.990,1,1,38.8,0.06,36.55,29.9,0
1779285685867,2576,UAS-01,307.3,19.02,22.29,3.27,16.40,24.5,0.990,1,1,38.0,0.35,36.68,30.1,0
1779285685900,2577,UAS-02,314.0,19.09,22.57,3.49,17.12,24.6,0.981,1,1,37.3,0.47,36.75,30.0,0
1779285685933,2578,GND-VEH-01,333.0,19.04,21.81,2.77,15.98,23.4,0.968,1,1,38.2,0.16,36.80,30.1,0
1779285685967,2579,PERSON-01,618.3,19.04,21.83,2.79,15.76,23.3,0.990,1,1,37.5,0.05,36.87,30.2,0
1779285686000,2580,UAS-01,331.3,19.35,22.71,3.36,16.52,24.8,0.990,1,1,36.0,0.34,36.49,30.1,0
1779285686033,2581,UAS-02,639.7,19.26,22.38,3.12,17.58,23.5,0.990,1,1,37.6,0.26,36.43,30.1,0
1779285686067,2582,GND-VEH-01,954.2,19.16,22.07,2.91,16.74,25.5,0.976,1,1,36.0,0.04,37.00,30.1,0
1779285686100,2583,PERSON-01,301.2,18.84,21.89,3.06,16.49,25.6,0.990,1,1,36.1,0.05,36.73,30.0,0
1779285686133,2584,UAS-01,340.3,19.13,22.22,3.09,15.94,23.3,0.990,1,1,36.0,0.41,36.47,30.1,0
1779285686167,2585,UAS-02,778.3,19.28,22.36,3.08,16.11,23.5,0.987,1,1,39.3,0.21,36.71,30.0,0
1779285686200,2586,GND-VEH-01,371.1,19.07,22.27,3.20,16.44,24.0,0.990,1,1,38.1,0.17,36.55,30.0,0
1779285686233,2587,PERSON-01,657.5,19.19,22.39,3.19,16.01,24.9,0.990,1,1,36.0,0.40,36.52,30.0,0
1779285686267,2588,UAS-01,418.0,19.24,22.48,3.24,16.88,24.8,0.990,1,1,36.0,0.01,36.51,30.0,0
1779285686300,2589,UAS-02,678.7,18.87,22.07,3.19,17.03,23.7,0.990,1,1,36.5,0.02,36.44,30.0,0
1779285686333,2590,GND-VEH-01,396.3,19.11,22.39,3.28,16.14,25.3,0.990,1,1,36.0,0.12,36.01,30.1,0
1779285686367,2591,PERSON-01,493.0,19.14,22.24,3.11,16.66,24.1,0.990,1,1,38.8,0.14,36.35,29.9,0
1779285686400,2592,UAS-01,370.6,18.96,22.40,3.44,16.39,22.6,0.990,1,1,36.0,0.04,36.48,29.9,0
1779285686433,2593,UAS-02,416.6,19.12,22.36,3.24,16.75,24.2,0.990,1,1,37.0,0.35,36.50,30.0,0
1779285686467,2594,GND-VEH-01,466.1,19.02,22.08,3.07,16.74,24.4,0.990,1,1,36.0,0.17,36.60,30.0,0
1779285686500,2595,PERSON-01,629.7,19.09,22.15,3.06,16.17,24.2,0.990,1,1,36.0,0.35,36.87,30.0,0
1779285686533,2596,UAS-01,336.6,19.06,22.34,3.28,16.48,24.1,0.990,1,1,38.4,0.28,36.80,29.9,0
1779285686567,2597,UAS-02,453.7,19.02,22.47,3.46,17.16,23.7,0.990,1,1,36.0,0.14,36.53,29.9,0
1779285686600,2598,GND-VEH-01,399.3,18.86,21.95,3.08,16.83,23.1,0.990,1,1,37.1,0.51,36.34,29.9,0
1779285686633,2599,PERSON-01,503.4,19.04,22.17,3.13,17.04,23.1,0.990,1,1,38.7,0.04,36.98,29.9,0
1779285686667,2600,UAS-01,341.6,19.01,22.20,3.19,16.43,23.8,0.990,1,1,37.3,0.17,36.92,30.0,0
1779285686700,2601,UAS-02,305.0,19.06,22.40,3.34,16.09,24.9,0.990,1,1,40.1,0.03,36.59,30.0,0
1779285686733,2602,GND-VEH-01,441.1,18.95,22.32,3.37,16.04,23.4,0.990,1,1,36.0,0.54,36.46,30.0,0
1779285686767,2603,PERSON-01,302.4,19.15,22.37,3.22,16.87,23.5,0.990,1,1,36.0,0.18,36.54,30.1,0
1779285686800,2604,UAS-01,691.4,18.99,22.02,3.03,16.30,24.2,0.990,1,1,36.0,0.32,37.07,30.0,0
1779285686833,2605,UAS-02,476.2,18.85,22.06,3.21,16.47,23.8,0.990,1,1,36.0,0.18,36.51,30.0,0
1779285686867,2606,GND-VEH-01,507.8,19.39,22.44,3.05,16.69,23.0,0.979,1,1,37.0,0.16,36.63,30.0,0
1779285686900,2607,PERSON-01,550.4,19.17,22.22,3.05,16.77,23.1,0.990,1,1,36.0,0.08,36.91,30.0,0
1779285686933,2608,UAS-01,310.5,18.79,22.36,3.57,17.59,22.5,0.978,1,1,36.4,0.25,36.67,29.9,0
1779285686967,2609,UAS-02,453.4,19.09,22.45,3.36,16.63,24.8,0.990,1,1,36.0,0.11,36.59,30.1,0
1779285687000,2610,GND-VEH-01,464.5,19.20,22.30,3.10,16.53,24.4,0.990,1,1,36.0,0.10,36.79,30.0,0
1779285687033,2611,PERSON-01,389.4,18.75,21.80,3.06,16.18,24.5,0.990,1,1,36.0,0.35,36.45,19.3,1
1779285687067,2612,UAS-01,385.1,19.24,22.29,3.05,16.41,24.4,0.990,1,1,36.0,0.05,36.69,29.9,0
1779285687100,2613,UAS-02,308.0,19.10,22.46,3.36,17.10,24.4,0.988,1,1,36.0,0.58,36.98,29.9,0
1779285687133,2614,GND-VEH-01,810.2,18.78,21.61,2.83,16.12,24.7,0.989,1,1,36.0,0.22,36.35,29.8,0
1779285687167,2615,PERSON-01,582.6,19.09,22.29,3.20,16.23,23.0,0.990,1,1,36.0,0.03,37.05,30.1,0
1779285687200,2616,UAS-01,1021.3,19.11,21.88,2.77,15.64,24.1,0.990,1,1,36.0,0.30,37.14,30.0,0
1779285687233,2617,UAS-02,457.3,19.23,22.46,3.23,16.55,25.3,0.990,1,1,38.6,0.33,37.01,30.0,0
1779285687267,2618,GND-VEH-01,445.4,18.91,22.16,3.25,16.42,24.2,0.990,1,1,36.0,0.05,36.41,30.1,0
1779285687300,2619,PERSON-01,535.7,18.99,22.19,3.20,16.53,24.0,0.990,1,1,37.6,0.06,36.71,29.9,0
1779285687333,2620,UAS-01,380.9,19.12,22.27,3.15,16.58,25.4,0.990,1,1,36.9,0.08,36.70,30.2,0
1779285687367,2621,UAS-02,639.2,19.12,22.05,2.93,16.36,24.0,0.990,1,1,38.3,0.36,36.60,30.0,0
1779285687400,2622,GND-VEH-01,678.4,18.99,22.05,3.05,16.54,23.7,0.988,1,1,37.7,0.07,36.39,30.0,0
1779285687433,2623,PERSON-01,378.9,19.02,22.31,3.29,16.35,24.5,0.990,1,1,36.0,0.37,37.02,30.1,0
1779285687467,2624,UAS-01,479.2,18.84,22.11,3.27,16.90,22.7,0.990,1,1,36.0,0.00,36.41,30.0,0
1779285687500,2625,UAS-02,408.4,18.99,22.05,3.06,16.44,24.2,0.968,1,1,38.5,0.32,36.62,29.9,0
1779285687533,2626,GND-VEH-01,301.9,19.02,21.96,2.94,16.20,24.0,0.990,1,1,37.2,0.06,36.91,30.1,0
1779285687567,2627,PERSON-01,389.4,19.16,22.40,3.24,16.67,23.5,0.978,1,1,36.7,0.56,36.46,30.1,0
1779285687600,2628,UAS-01,337.4,19.21,22.42,3.22,17.02,23.7,0.990,1,1,36.5,0.08,37.08,30.0,0
1779285687633,2629,UAS-02,301.3,19.03,22.30,3.27,16.64,24.5,0.990,1,1,38.7,0.40,37.00,30.2,0
1779285687667,2630,GND-VEH-01,304.0,19.04,22.37,3.33,16.85,24.7,0.990,1,1,38.6,0.34,36.73,29.9,0
1779285687700,2631,PERSON-01,498.1,18.92,22.04,3.13,16.70,23.9,0.990,1,1,36.0,0.04,36.75,30.0,0
1779285687733,2632,UAS-01,744.5,19.13,22.21,3.08,16.43,23.9,0.990,1,1,36.0,0.36,36.68,30.0,0
1779285687767,2633,UAS-02,599.8,18.83,21.89,3.07,16.05,24.3,0.970,1,1,37.3,0.02,36.85,30.0,0
1779285687800,2634,GND-VEH-01,639.5,19.15,22.26,3.12,16.15,25.7,0.990,1,1,38.3,0.33,36.74,30.0,0
1779285687833,2635,PERSON-01,408.1,18.98,22.48,3.50,17.12,24.5,0.988,1,1,38.4,0.25,36.89,29.9,0
1779285687867,2636,UAS-01,539.0,18.85,21.77,2.93,15.77,24.6,0.990,1,1,36.0,0.29,36.82,30.0,0
1779285687900,2637,UAS-02,397.1,18.98,22.30,3.32,16.39,23.8,0.990,1,1,39.3,0.18,36.77,30.0,0
1779285687933,2638,GND-VEH-01,568.1,19.20,22.44,3.24,16.74,22.7,0.989,1,1,37.3,0.25,36.45,30.1,0
1779285687967,2639,PERSON-01,550.7,18.98,22.02,3.05,16.69,23.6,0.990,1,1,36.0,0.06,36.51,30.2,0
1779285688000,2640,UAS-01,465.8,18.95,22.26,3.32,17.06,22.6,0.990,1,1,37.2,0.27,36.56,30.0,0
1779285688033,2641,UAS-02,479.0,19.20,22.45,3.25,16.37,25.0,0.990,1,1,36.2,0.44,36.86,30.1,0
1779285688067,2642,GND-VEH-01,478.2,19.13,22.36,3.23,16.27,24.0,0.984,1,1,36.0,0.22,36.93,29.9,0
1779285688100,2643,PERSON-01,700.2,18.75,21.54,2.79,15.61,24.2,0.990,1,1,36.0,0.55,36.95,30.0,0
1779285688133,2644,UAS-01,427.4,18.86,22.09,3.23,16.82,25.4,0.990,1,1,39.0,0.09,36.61,30.0,0
1779285688167,2645,UAS-02,487.8,18.82,21.87,3.05,16.23,24.7,0.990,1,1,36.0,0.35,36.93,30.0,0
1779285688200,2646,GND-VEH-01,379.0,19.08,22.11,3.03,16.07,23.2,0.990,1,1,36.0,0.03,36.58,30.0,0
1779285688233,2647,PERSON-01,756.6,18.80,21.87,3.07,15.97,24.3,0.990,1,1,37.2,0.08,36.21,30.0,0
1779285688267,2648,UAS-01,566.1,18.98,22.09,3.11,16.45,23.0,0.990,1,1,37.3,0.34,36.54,30.1,0
1779285688300,2649,UAS-02,331.6,18.98,22.23,3.26,16.58,24.6,0.990,1,1,36.0,0.11,37.14,30.0,0
1779285688333,2650,GND-VEH-01,779.5,18.79,21.66,2.87,16.15,24.2,0.990,1,1,36.3,0.18,36.54,30.0,0
1779285688367,2651,PERSON-01,587.6,19.06,21.93,2.88,15.70,25.1,0.990,1,1,36.0,0.07,36.70,30.1,0
1779285688400,2652,UAS-01,305.0,18.78,22.24,3.46,16.11,24.7,0.214,0,0,36.5,0.00,36.41,30.0,0
1779285688433,2653,UAS-02,411.0,18.66,21.87,3.21,16.35,24.7,0.973,1,1,36.0,0.15,36.73,30.0,0
1779285688467,2654,GND-VEH-01,734.3,18.82,21.85,3.03,16.18,23.7,0.983,1,1,39.0,0.11,36.69,30.0,0
1779285688500,2655,PERSON-01,552.7,18.88,21.71,2.83,15.53,24.2,0.973,1,1,36.0,0.30,36.68,30.1,0
1779285688533,2656,UAS-01,946.9,18.88,21.47,2.59,15.27,24.7,0.985,1,1,36.0,0.30,36.87,30.1,0
1779285688567,2657,UAS-02,851.8,18.85,22.07,3.21,16.26,24.0,0.986,1,1,36.0,0.28,36.75,30.1,0
1779285688600,2658,GND-VEH-01,569.8,18.88,21.94,3.06,16.77,23.3,0.990,1,1,38.6,0.31,37.05,30.0,0
1779285688633,2659,PERSON-01,314.6,19.07,22.34,3.27,16.43,24.6,0.990,1,1,36.4,0.13,37.13,30.1,0
1779285688667,2660,UAS-01,409.5,18.99,22.27,3.29,16.12,24.3,0.980,1,1,37.4,0.22,36.94,29.9,0
1779285688700,2661,UAS-02,454.9,18.96,22.29,3.33,16.48,23.6,0.990,1,1,36.0,0.05,37.05,30.0,0
1779285688733,2662,GND-VEH-01,451.9,18.94,22.41,3.48,17.42,23.7,0.987,1,1,38.1,0.57,37.05,30.1,0
1779285688767,2663,PERSON-01,674.2,19.00,21.91,2.91,16.21,23.8,0.990,1,1,37.6,0.24,36.43,30.0,0
1779285688800,2664,UAS-01,595.1,19.30,22.18,2.88,16.47,24.0,0.966,1,1,36.0,0.05,36.70,30.0,0
1779285688833,2665,UAS-02,311.5,19.00,22.12,3.12,15.99,22.7,0.975,1,1,36.4,0.34,36.59,30.0,0
1779285688867,2666,GND-VEH-01,430.7,19.20,22.32,3.12,16.74,23.9,0.983,1,1,38.0,0.41,36.95,30.1,0
1779285688900,2667,PERSON-01,667.3,18.98,22.02,3.04,16.29,23.5,0.990,1,1,36.0,0.38,37.08,30.0,0
1779285688933,2668,UAS-01,363.0,18.95,22.33,3.38,17.05,23.8,0.990,1,1,37.0,0.13,37.03,30.1,0
1779285688967,2669,UAS-02,665.0,18.98,21.77,2.79,15.64,22.8,0.990,1,1,36.0,0.15,37.15,30.0,0
1779285689000,2670,GND-VEH-01,664.9,19.02,22.34,3.32,17.13,24.8,0.976,1,1,36.0,0.31,37.08,30.0,0
1779285689033,2671,PERSON-01,654.1,18.85,22.17,3.31,17.32,22.1,0.990,1,1,38.4,0.16,36.99,30.0,0
1779285689067,2672,UAS-01,348.0,19.08,22.33,3.26,16.10,24.4,0.990,1,1,37.2,0.00,36.68,30.0,0
1779285689100,2673,UAS-02,526.1,19.08,22.08,2.99,16.49,25.6,0.988,1,1,36.0,0.20,37.05,30.1,0
1779285689133,2674,GND-VEH-01,451.4,18.96,22.20,3.24,16.07,25.0,0.982,1,1,36.6,0.31,37.06,30.1,0
1779285689167,2675,PERSON-01,591.4,19.00,22.49,3.49,17.28,23.7,0.990,1,1,36.0,0.15,36.94,30.2,0
1779285689200,2676,UAS-01,791.2,19.05,22.11,3.06,16.59,24.4,0.990,1,1,40.5,0.22,37.02,30.0,0
1779285689233,2677,UAS-02,490.1,19.11,22.26,3.15,16.17,24.3,0.990,1,1,36.1,0.10,36.90,30.1,0
1779285689267,2678,GND-VEH-01,585.3,19.07,22.57,3.50,17.19,23.6,0.982,1,1,36.0,0.46,36.77,30.0,0
1779285689300,2679,PERSON-01,610.5,19.03,21.97,2.94,15.55,24.1,0.983,1,1,36.0,0.31,36.93,30.1,0
1779285689333,2680,UAS-01,496.0,18.71,21.93,3.22,16.30,25.0,0.990,1,1,36.8,0.30,36.74,29.9,0
1779285689367,2681,UAS-02,350.9,18.82,21.91,3.09,16.40,24.0,0.971,1,1,36.5,0.19,36.84,30.0,0
1779285689400,2682,GND-VEH-01,340.7,19.03,21.82,2.79,15.85,22.7,0.990,1,1,36.7,0.22,36.88,29.9,0
1779285689433,2683,PERSON-01,512.8,19.02,22.05,3.02,16.79,24.7,0.990,1,1,36.0,0.04,37.25,30.0,0
1779285689467,2684,UAS-01,564.4,19.22,22.49,3.27,16.42,24.5,0.990,1,1,36.0,0.07,36.87,30.0,0
1779285689500,2685,UAS-02,458.2,18.91,22.14,3.22,16.41,22.3,0.990,1,1,36.0,0.02,36.93,29.9,0
1779285689533,2686,GND-VEH-01,359.7,18.92,21.87,2.96,16.34,25.4,0.990,1,1,36.4,0.00,36.69,30.0,0
1779285689567,2687,PERSON-01,308.0,18.92,22.11,3.19,16.83,25.7,0.990,1,1,36.0,0.37,37.26,30.1,0
1779285689600,2688,UAS-01,763.5,18.88,21.74,2.85,16.00,22.1,0.990,1,1,36.0,0.12,37.04,30.1,0
1779285689633,2689,UAS-02,747.6,19.27,22.43,3.17,16.39,23.1,0.984,1,1,38.4,0.15,37.31,30.0,0
1779285689667,2690,GND-VEH-01,356.8,18.95,22.12,3.17,17.02,24.1,0.986,1,1,36.0,0.02,37.02,30.0,0
1779285689700,2691,PERSON-01,650.4,18.76,21.80,3.04,16.31,24.8,0.990,1,1,37.6,0.03,36.87,30.0,0
1779285689733,2692,UAS-01,428.7,19.18,22.51,3.34,17.04,23.8,0.990,1,1,36.0,0.01,36.97,30.1,0
1779285689767,2693,UAS-02,886.2,18.87,21.82,2.95,16.21,23.8,0.990,1,1,36.0,0.31,36.99,30.0,0
1779285689800,2694,GND-VEH-01,528.8,19.20,22.44,3.24,16.27,24.3,0.984,1,1,36.9,0.04,36.47,30.1,0
1779285689833,2695,PERSON-01,453.0,19.08,22.16,3.08,16.10,24.8,0.990,1,1,36.3,0.40,37.15,30.0,0
1779285689867,2696,UAS-01,377.1,19.01,21.94,2.93,16.45,22.9,0.990,1,1,36.0,0.04,36.90,30.1,0
1779285689900,2697,UAS-02,941.0,18.98,21.98,3.00,16.55,24.9,0.988,1,1,37.3,0.02,37.08,30.1,0
1779285689933,2698,GND-VEH-01,378.7,19.18,22.14,2.96,15.71,24.6,0.965,1,1,36.3,0.12,37.29,30.0,0
1779285689967,2699,PERSON-01,319.2,19.20,22.58,3.38,16.63,23.4,0.990,1,1,36.0,0.04,36.81,30.1,0
1779285690000,2700,UAS-01,417.4,19.04,22.04,3.01,16.77,23.8,0.990,1,1,38.1,0.14,37.25,30.2,0
1779285690033,2701,UAS-02,859.3,19.12,21.97,2.85,15.35,24.8,0.990,1,1,36.0,0.29,37.25,29.9,0
1779285690067,2702,GND-VEH-01,414.4,18.85,21.93,3.09,15.76,23.9,0.990,1,1,36.7,0.07,36.79,29.9,0
1779285690100,2703,PERSON-01,423.6,18.85,21.99,3.14,16.75,23.3,0.990,1,1,36.0,0.15,37.17,30.1,0
1779285690133,2704,UAS-01,600.6,19.06,22.14,3.08,16.87,22.4,0.985,1,1,36.4,0.31,37.18,30.1,0
1779285690167,2705,UAS-02,419.9,19.17,22.36,3.20,16.84,23.8,0.979,1,1,37.3,0.31,36.98,29.9,0
1779285690200,2706,GND-VEH-01,399.6,19.25,22.18,2.93,16.06,24.6,0.990,1,1,37.6,0.17,37.27,30.1,0
1779285690233,2707,PERSON-01,663.8,19.11,22.05,2.94,16.28,24.7,0.980,1,1,37.8,0.05,37.02,30.1,0
1779285690267,2708,UAS-01,580.2,18.92,22.16,3.24,16.56,23.7,0.990,1,1,36.0,0.32,37.00,30.0,0
1779285690300,2709,UAS-02,731.9,18.82,22.19,3.36,16.61,22.5,0.990,1,1,36.5,0.14,36.97,30.0,0
1779285690333,2710,GND-VEH-01,475.6,19.14,22.01,2.87,16.63,22.3,0.990,1,1,36.4,0.13,37.32,30.0,0
1779285690367,2711,PERSON-01,632.0,18.77,21.69,2.92,16.04,23.6,0.990,1,1,36.7,0.03,37.18,29.9,0
1779285690400,2712,UAS-01,565.5,19.10,22.44,3.34,17.54,23.6,0.990,1,1,36.0,0.13,37.27,30.0,0
1779285690433,2713,UAS-02,584.7,19.18,22.42,3.24,16.10,25.6,0.979,1,1,37.2,0.75,36.75,29.8,0
1779285690467,2714,GND-VEH-01,416.8,19.18,22.40,3.22,17.19,23.6,0.990,1,1,36.0,0.39,36.94,30.0,0
1779285690500,2715,PERSON-01,319.8,18.87,22.17,3.30,16.66,24.4,0.990,1,1,36.0,0.07,37.18,29.9,0
1779285690533,2716,UAS-01,462.0,19.14,22.38,3.25,17.26,23.7,0.974,1,1,36.8,0.26,37.17,30.1,0
1779285690567,2717,UAS-02,598.8,18.99,22.22,3.22,16.02,24.6,0.990,1,1,36.0,0.09,37.04,30.2,0
1779285690600,2718,GND-VEH-01,521.9,19.06,22.21,3.16,15.79,25.4,0.985,1,1,36.4,0.04,37.21,30.0,0
1779285690633,2719,PERSON-01,535.1,18.88,22.08,3.21,16.90,23.6,0.990,1,1,36.0,0.17,36.78,30.1,0
1779285690667,2720,UAS-01,581.7,19.15,22.38,3.24,16.38,24.7,0.990,1,1,36.0,0.22,36.96,29.9,0
1779285690700,2721,UAS-02,302.0,18.88,21.89,3.01,16.12,25.1,0.990,1,1,36.0,0.35,37.24,29.9,0
1779285690733,2722,GND-VEH-01,433.7,18.94,22.19,3.24,16.65,23.2,0.990,1,1,36.0,0.34,37.19,30.2,0
1779285690767,2723,PERSON-01,534.4,19.05,22.47,3.43,17.46,24.9,0.990,1,1,36.0,0.16,37.05,30.1,0
1779285690800,2724,UAS-01,714.3,19.30,22.34,3.04,16.41,23.8,0.990,1,1,36.0,0.24,37.14,30.1,0
1779285690833,2725,UAS-02,654.2,19.34,22.54,3.20,15.88,23.9,0.990,1,1,38.9,0.23,37.51,30.0,0
1779285690867,2726,GND-VEH-01,534.7,18.99,22.13,3.15,16.09,24.4,0.990,1,1,36.0,0.29,37.14,30.0,0
1779285690900,2727,PERSON-01,339.6,19.03,22.05,3.02,15.79,24.8,0.974,1,1,36.0,0.48,37.33,30.1,0
1779285690933,2728,UAS-01,461.5,19.02,22.03,3.01,15.70,25.1,0.986,1,1,38.1,0.15,37.25,29.9,0
1779285690967,2729,UAS-02,472.4,19.08,22.26,3.19,16.42,24.5,0.990,1,1,36.0,0.29,37.22,30.0,0
1779285691000,2730,GND-VEH-01,307.1,18.84,22.05,3.21,16.44,23.9,0.971,1,1,36.1,0.30,37.23,29.9,0
1779285691033,2731,PERSON-01,383.7,19.05,22.21,3.16,16.07,23.7,0.982,1,1,36.0,0.22,36.95,29.9,0
1779285691067,2732,UAS-01,340.4,18.98,22.03,3.06,16.45,23.7,0.990,1,1,36.0,0.24,37.49,30.0,0
1779285691100,2733,UAS-02,333.0,19.11,22.71,3.60,17.06,24.3,0.990,1,1,38.9,0.67,36.63,30.0,0
1779285691133,2734,GND-VEH-01,399.7,18.85,22.30,3.45,17.04,23.9,0.990,1,1,36.0,0.39,37.28,30.2,0
1779285691167,2735,PERSON-01,844.9,19.13,22.14,3.01,17.23,22.4,0.990,1,1,36.7,0.24,37.10,30.0,0
1779285691200,2736,UAS-01,686.3,18.76,21.81,3.05,15.34,25.9,0.990,1,1,38.3,0.27,37.20,30.0,0
1779285691233,2737,UAS-02,545.8,19.32,22.11,2.80,16.08,24.9,0.987,1,1,37.5,0.28,37.45,29.9,0
1779285691267,2738,GND-VEH-01,538.9,19.26,22.37,3.12,16.29,24.7,0.990,1,1,36.0,0.23,37.55,30.0,0
1779285691300,2739,PERSON-01,686.4,19.02,22.16,3.14,17.24,24.4,0.990,1,1,37.3,0.22,37.08,29.9,0
1779285691333,2740,UAS-01,358.0,19.11,21.94,2.84,15.80,23.4,0.986,1,1,36.7,0.12,37.22,29.9,0
1779285691367,2741,UAS-02,538.4,19.08,22.34,3.26,17.37,23.2,0.990,1,1,36.7,0.02,36.91,30.1,0
1779285691400,2742,GND-VEH-01,524.8,18.74,22.09,3.35,16.73,24.2,0.990,1,1,36.0,0.12,37.40,29.9,0
1779285691433,2743,PERSON-01,339.7,18.99,22.11,3.12,16.54,24.6,0.975,1,1,38.5,0.20,37.44,30.0,0
1779285691467,2744,UAS-01,338.9,18.89,21.89,3.00,15.94,23.7,0.990,1,1,37.9,0.01,36.74,29.9,0
1779285691500,2745,UAS-02,664.6,19.29,22.27,2.98,15.94,23.6,0.979,1,1,36.0,0.28,37.30,30.0,0
1779285691533,2746,GND-VEH-01,371.6,19.08,22.26,3.18,16.67,23.9,0.990,1,1,37.1,0.15,36.89,30.1,0
1779285691567,2747,PERSON-01,380.5,18.93,22.26,3.32,17.02,23.2,0.990,1,1,36.0,0.25,37.53,22.6,1
1779285691600,2748,UAS-01,389.4,19.20,22.36,3.16,16.89,23.0,0.990,1,1,36.9,0.14,37.19,30.0,0
1779285691633,2749,UAS-02,425.5,19.17,22.49,3.33,16.73,24.2,0.990,1,1,36.0,0.03,37.27,30.0,0
1779285691667,2750,GND-VEH-01,547.7,18.87,22.15,3.29,16.82,24.4,0.990,1,1,36.0,0.02,37.30,29.9,0
1779285691700,2751,PERSON-01,511.5,19.01,22.08,3.07,16.28,23.8,0.990,1,1,36.0,0.36,37.20,30.0,0
1779285691733,2752,UAS-01,559.6,19.20,22.58,3.38,16.29,25.2,0.979,1,1,38.6,0.28,37.25,30.1,0
1779285691767,2753,UAS-02,648.5,19.31,22.69,3.38,17.20,22.2,0.990,1,1,36.0,0.17,37.49,29.9,0
1779285691800,2754,GND-VEH-01,426.2,19.08,22.39,3.31,15.62,22.8,0.990,1,1,36.0,0.08,37.27,30.0,0
1779285691833,2755,PERSON-01,716.6,18.75,21.69,2.94,15.80,24.1,0.990,1,1,36.0,0.00,37.44,30.1,0
1779285691867,2756,UAS-01,609.6,19.13,22.20,3.07,16.75,23.3,0.990,1,1,36.0,0.03,37.20,30.1,0
1779285691900,2757,UAS-02,954.8,18.82,21.98,3.16,16.94,23.9,0.990,1,1,36.0,0.05,37.23,29.9,0
1779285691933,2758,GND-VEH-01,576.5,18.81,21.81,3.00,16.56,22.7,0.990,1,1,36.0,0.01,37.04,30.0,0
1779285691967,2759,PERSON-01,498.0,19.17,22.13,2.96,16.49,24.7,0.976,1,1,38.2,0.02,37.25,29.9,0
1779285692000,2760,UAS-01,464.5,19.02,21.90,2.88,15.97,23.2,0.978,1,1,36.6,0.15,37.26,30.2,0
1779285692033,2761,UAS-02,805.1,18.95,21.97,3.02,15.81,24.3,0.990,1,1,36.6,0.02,37.20,30.0,0
1779285692067,2762,GND-VEH-01,366.4,18.90,22.37,3.46,16.85,25.5,0.982,1,1,36.0,0.09,37.14,29.9,0
1779285692100,2763,PERSON-01,603.9,19.17,22.06,2.88,16.57,25.4,0.977,1,1,36.0,0.45,37.08,30.0,0
1779285692133,2764,UAS-01,603.7,18.94,21.70,2.77,16.80,21.9,0.990,1,1,37.8,0.02,37.14,30.0,0
1779285692167,2765,UAS-02,612.7,18.93,22.26,3.33,16.69,24.4,0.990,1,1,36.2,0.08,36.63,30.1,0
1779285692200,2766,GND-VEH-01,404.9,19.14,22.49,3.35,17.25,24.6,0.990,1,1,36.0,0.27,37.50,30.2,0
1779285692233,2767,PERSON-01,314.0,18.94,22.28,3.34,17.11,25.0,0.975,1,1,36.0,0.34,37.24,30.1,0
1779285692267,2768,UAS-01,361.3,18.96,21.94,2.98,17.32,22.9,0.990,1,1,37.7,0.06,37.11,30.1,0
1779285692300,2769,UAS-02,359.8,18.75,22.16,3.42,17.26,23.4,0.990,1,1,36.0,0.33,37.06,30.0,0
1779285692333,2770,GND-VEH-01,441.0,18.83,22.11,3.28,17.27,24.7,0.987,1,1,36.4,0.23,37.64,30.0,0
1779285692367,2771,PERSON-01,341.0,19.00,22.47,3.47,16.72,22.8,0.990,1,1,36.8,0.00,37.27,29.9,0
1779285692400,2772,UAS-01,459.5,18.92,22.22,3.30,16.35,24.2,0.990,1,1,39.7,0.06,37.54,29.9,0
1779285692433,2773,UAS-02,534.8,19.09,22.15,3.06,16.61,23.6,0.990,1,1,36.8,0.11,37.10,29.9,0
1779285692467,2774,GND-VEH-01,480.7,18.84,22.16,3.32,16.86,22.8,0.990,1,1,36.0,0.53,37.03,30.0,0
1779285692500,2775,PERSON-01,371.6,18.77,21.94,3.17,16.13,25.4,0.990,1,1,36.2,0.04,37.30,30.1,0
1779285692533,2776,UAS-01,378.2,18.96,22.23,3.27,16.63,24.9,0.975,1,1,36.0,0.35,37.19,29.9,0
1779285692567,2777,UAS-02,377.1,19.09,22.45,3.35,16.48,23.6,0.990,1,1,36.0,0.19,37.12,30.1,0
1779285692600,2778,GND-VEH-01,446.0,18.93,22.03,3.10,16.97,24.7,0.990,1,1,36.6,0.18,37.04,30.1,0
1779285692633,2779,PERSON-01,319.3,18.89,22.17,3.28,16.32,24.8,0.990,1,1,36.2,0.02,37.68,29.9,0
1779285692667,2780,UAS-01,661.3,19.02,22.38,3.36,16.76,23.6,0.990,1,1,36.0,0.12,37.42,29.9,0
1779285692700,2781,UAS-02,304.4,18.77,21.89,3.11,16.24,23.8,0.990,1,1,37.0,0.16,36.96,30.0,0
1779285692733,2782,GND-VEH-01,663.8,19.10,22.02,2.92,16.03,23.3,0.990,1,1,36.0,0.64,37.62,30.1,0
1779285692767,2783,PERSON-01,568.3,19.07,22.13,3.06,16.48,24.5,0.985,1,1,36.0,0.66,37.37,30.0,0
1779285692800,2784,UAS-01,493.7,19.06,22.16,3.10,16.51,25.6,0.990,1,1,36.9,0.56,37.63,29.9,0
1779285692833,2785,UAS-02,796.5,19.16,22.20,3.04,16.44,23.5,0.990,1,1,36.0,0.18,37.38,30.0,0
1779285692867,2786,GND-VEH-01,444.8,19.05,22.16,3.11,15.80,24.2,0.980,1,1,36.0,0.44,36.99,29.9,0
1779285692900,2787,PERSON-01,379.0,19.06,22.37,3.32,16.72,25.0,0.990,1,1,36.0,0.31,37.48,29.9,0
1779285692933,2788,UAS-01,339.8,18.94,21.87,2.93,16.05,24.9,0.990,1,1,36.0,0.20,37.27,30.1,0
1779285692967,2789,UAS-02,394.8,19.06,22.38,3.31,16.54,24.8,0.982,1,1,37.4,0.17,37.18,21.5,1
1779285693000,2790,GND-VEH-01,595.5,18.79,22.24,3.45,17.19,23.2,0.990,1,1,36.4,0.39,37.51,29.9,0
1779285693033,2791,PERSON-01,471.8,18.90,22.05,3.15,17.02,24.0,0.990,1,1,36.0,0.08,37.55,30.0,0
1779285693067,2792,UAS-01,380.8,18.97,22.28,3.32,17.12,23.6,0.990,1,1,36.0,0.04,36.96,30.0,0
1779285693100,2793,UAS-02,510.5,18.98,22.08,3.10,16.75,23.9,0.989,1,1,36.7,0.03,37.38,30.0,0
1779285693133,2794,GND-VEH-01,311.5,18.99,22.39,3.40,17.46,23.1,0.990,1,1,36.0,0.17,37.28,30.2,0
1779285693167,2795,PERSON-01,312.0,19.00,22.29,3.30,17.30,24.4,0.990,1,1,36.0,0.47,37.09,30.0,0
1779285693200,2796,UAS-01,621.4,19.00,22.47,3.47,17.00,25.3,0.990,1,1,38.3,0.21,37.22,30.0,0
1779285693233,2797,UAS-02,353.0,18.92,22.15,3.23,16.52,24.2,0.990,1,1,36.0,0.12,37.31,30.0,0
1779285693267,2798,GND-VEH-01,664.8,19.16,21.88,2.72,16.28,23.2,0.990,1,1,36.0,0.37,37.03,29.9,0
1779285693300,2799,PERSON-01,624.6,18.81,21.91,3.10,15.80,25.1,0.986,1,1,36.3,0.19,37.24,30.0,0
1779285693333,2800,UAS-01,322.2,19.03,22.24,3.21,16.99,23.3,0.984,1,1,37.3,0.02,37.06,29.9,0
1779285693367,2801,UAS-02,351.5,19.26,22.52,3.25,16.09,23.2,0.990,1,1,38.6,0.04,37.12,30.1,0
1779285693400,2802,GND-VEH-01,362.0,19.12,22.36,3.25,16.59,23.0,0.990,1,1,36.0,0.31,37.38,30.1,0
1779285693433,2803,PERSON-01,398.8,18.93,22.28,3.35,16.59,23.3,0.990,1,1,36.6,0.34,37.26,30.1,0
1779285693467,2804,UAS-01,304.2,18.87,22.18,3.31,16.32,24.7,0.984,1,1,36.0,0.26,37.12,30.0,0
1779285693500,2805,UAS-02,474.6,19.22,21.90,2.69,15.63,24.8,0.990,1,1,38.6,0.13,37.19,30.0,0
1779285693533,2806,GND-VEH-01,313.3,19.07,22.14,3.07,16.44,24.7,0.987,1,1,36.0,0.30,37.63,29.9,0
1779285693567,2807,PERSON-01,311.6,18.94,22.29,3.35,16.13,23.0,0.990,1,1,36.0,0.24,37.35,30.1,0
1779285693600,2808,UAS-01,816.6,19.01,22.10,3.09,16.69,23.4,0.987,1,1,36.0,0.03,37.29,29.9,0
1779285693633,2809,UAS-02,550.4,19.07,21.99,2.93,15.49,23.7,0.990,1,1,36.0,0.14,36.94,30.0,0
1779285693667,2810,GND-VEH-01,664.7,18.94,22.16,3.22,16.55,25.1,0.987,1,1,37.3,0.20,37.14,29.9,0
1779285693700,2811,PERSON-01,644.2,18.87,21.99,3.13,16.58,25.3,0.990,1,1,36.0,0.12,37.44,30.1,0
1779285693733,2812,UAS-01,309.8,18.85,22.32,3.48,16.91,24.2,0.978,1,1,36.0,0.26,37.21,29.9,0
1779285693767,2813,UAS-02,327.5,19.02,22.27,3.25,16.02,23.7,0.990,1,1,36.0,0.05,37.92,30.0,0
1779285693800,2814,GND-VEH-01,549.9,19.03,22.00,2.97,16.37,25.1,0.986,1,1,36.5,0.19,37.67,30.1,0
1779285693833,2815,PERSON-01,471.2,19.16,22.19,3.03,16.32,21.8,0.990,1,1,37.2,0.41,37.28,30.2,0
1779285693867,2816,UAS-01,723.8,18.80,22.02,3.22,17.27,23.4,0.990,1,1,36.9,0.14,37.28,30.0,0
1779285693900,2817,UAS-02,542.1,18.98,21.93,2.94,16.22,23.3,0.989,1,1,37.1,0.13,37.22,30.1,0
1779285693933,2818,GND-VEH-01,1020.8,18.87,21.81,2.94,16.59,22.5,0.984,1,1,36.0,0.02,37.60,29.9,0
1779285693967,2819,PERSON-01,402.7,18.79,22.11,3.32,16.73,24.9,0.990,1,1,36.0,0.08,37.59,30.1,0
1779285694000,2820,UAS-01,416.0,19.16,22.34,3.17,16.75,22.9,0.990,1,1,36.6,0.32,37.12,29.9,0
1779285694033,2821,UAS-02,564.1,18.87,21.99,3.12,15.93,25.4,0.990,1,1,38.1,0.17,37.54,29.9,0
1779285694067,2822,GND-VEH-01,584.2,19.08,22.06,2.98,15.71,25.0,0.976,1,1,36.0,0.04,37.30,29.9,0
1779285694100,2823,PERSON-01,366.0,18.88,21.84,2.97,16.37,23.2,0.990,1,1,36.0,0.09,37.64,30.0,0
1779285694133,2824,UAS-01,503.6,18.93,22.06,3.13,16.24,23.2,0.990,1,1,36.0,0.20,37.88,30.0,0
1779285694167,2825,UAS-02,351.8,18.99,22.33,3.33,17.08,24.6,0.990,1,1,36.0,0.10,37.38,30.1,0
1779285694200,2826,GND-VEH-01,624.9,19.10,21.79,2.69,15.75,24.0,0.970,1,1,38.1,0.50,37.54,30.0,0
1779285694233,2827,PERSON-01,584.5,18.94,22.10,3.16,17.44,23.9,0.990,1,1,36.0,0.13,37.43,30.1,0
1779285694267,2828,UAS-01,614.5,19.07,21.87,2.80,15.72,23.7,0.990,1,1,36.0,0.15,37.18,30.0,0
1779285694300,2829,UAS-02,451.6,18.75,21.61,2.86,16.12,23.0,0.990,1,1,37.2,0.14,37.58,30.0,0
1779285694333,2830,GND-VEH-01,918.2,19.00,21.91,2.91,16.51,25.2,0.990,1,1,37.4,0.25,37.47,30.1,0
1779285694367,2831,PERSON-01,512.2,18.92,22.30,3.38,17.12,23.6,0.982,1,1,38.2,0.07,37.34,30.0,0
1779285694400,2832,UAS-01,362.8,18.82,21.87,3.05,16.87,22.6,0.987,1,1,36.0,0.16,37.34,29.8,0
1779285694433,2833,UAS-02,635.0,18.93,22.22,3.29,16.76,23.1,0.990,1,1,36.0,0.16,37.44,29.9,0
1779285694467,2834,GND-VEH-01,547.3,19.14,22.26,3.12,16.64,23.5,0.990,1,1,38.3,0.10,36.96,29.9,0
1779285694500,2835,PERSON-01,895.3,18.96,21.91,2.95,16.66,24.3,0.972,1,1,36.0,0.21,37.90,30.0,0
1779285694533,2836,UAS-01,660.8,19.11,22.13,3.02,15.70,24.2,0.990,1,1,37.1,0.05,37.22,30.1,0
1779285694567,2837,UAS-02,669.5,19.15,22.29,3.14,16.41,24.6,0.986,1,1,36.0,0.03,37.22,29.9,0
1779285694600,2838,GND-VEH-01,377.5,18.89,22.00,3.11,16.44,24.3,0.990,1,1,36.0,0.00,37.51,30.0,0
1779285694633,2839,PERSON-01,412.0,19.12,22.47,3.35,16.52,24.6,0.990,1,1,36.7,0.01,37.52,29.9,0
1779285694667,2840,UAS-01,539.6,19.07,22.18,3.11,16.07,23.4,0.990,1,1,37.3,0.26,37.42,30.0,0
1779285694700,2841,UAS-02,331.0,19.06,22.18,3.12,16.31,25.2,0.990,1,1,36.5,0.58,37.58,30.0,0
1779285694733,2842,GND-VEH-01,449.7,19.08,22.31,3.22,16.19,22.9,0.984,1,1,36.8,0.09,37.76,30.0,0
1779285694767,2843,PERSON-01,441.7,18.93,22.05,3.12,16.39,23.9,0.990,1,1,36.0,0.25,38.07,29.8,0
1779285694800,2844,UAS-01,374.0,19.09,22.09,3.00,16.22,22.6,0.990,1,1,36.0,0.17,38.02,30.0,0
1779285694833,2845,UAS-02,453.2,19.12,22.25,3.13,16.17,23.5,0.990,1,1,38.5,0.12,36.96,30.0,0
1779285694867,2846,GND-VEH-01,347.7,18.84,22.22,3.38,16.26,24.7,0.990,1,1,36.0,0.33,37.30,29.9,0
1779285694900,2847,PERSON-01,723.3,18.93,22.11,3.18,16.48,23.3,0.990,1,1,36.0,0.22,37.57,30.0,0
1779285694933,2848,UAS-01,530.5,19.00,22.12,3.12,16.78,24.3,0.989,1,1,36.0,0.04,37.73,29.8,0
1779285694967,2849,UAS-02,334.0,19.07,22.27,3.20,16.66,24.8,0.990,1,1,36.0,0.11,37.44,29.9,0
1779285695000,2850,GND-VEH-01,574.9,19.20,22.34,3.13,15.84,24.2,0.987,1,1,38.3,0.05,37.60,30.0,0
1779285695033,2851,PERSON-01,401.1,19.08,22.31,3.23,17.01,23.0,0.990,1,1,36.0,0.03,37.35,30.2,0
1779285695067,2852,UAS-01,889.6,18.86,22.02,3.16,16.11,23.6,0.990,1,1,36.1,0.18,37.74,29.9,0
1779285695100,2853,UAS-02,425.8,19.01,22.18,3.17,16.53,22.9,0.990,1,1,37.9,0.02,37.59,30.1,0
1779285695133,2854,GND-VEH-01,427.3,18.72,21.78,3.05,16.36,23.7,0.990,1,1,37.6,0.07,37.22,30.1,0
1779285695167,2855,PERSON-01,479.3,19.02,21.96,2.94,16.49,25.1,0.990,1,1,38.1,0.30,37.58,30.1,0
1779285695200,2856,UAS-01,624.2,19.03,22.11,3.08,16.85,23.6,0.990,1,1,36.1,0.20,37.80,29.9,0
1779285695233,2857,UAS-02,759.4,19.23,22.32,3.09,16.60,23.8,0.976,1,1,36.0,0.45,37.52,29.9,0
1779285695267,2858,GND-VEH-01,439.3,19.20,22.49,3.29,16.52,24.9,0.990,1,1,38.0,0.19,37.43,30.0,0
1779285695300,2859,PERSON-01,660.4,19.00,21.99,3.00,16.38,24.3,0.990,1,1,36.0,0.01,37.36,30.1,0
1779285695333,2860,UAS-01,421.0,19.16,22.05,2.90,15.73,25.1,0.977,1,1,36.0,0.37,37.85,30.1,0
1779285695367,2861,UAS-02,308.6,18.96,22.11,3.15,16.60,24.0,0.990,1,1,36.9,0.30,37.37,29.9,0
1779285695400,2862,GND-VEH-01,374.4,19.28,22.22,2.95,15.86,24.4,0.990,1,1,36.0,0.01,37.93,30.0,0
1779285695433,2863,PERSON-01,638.7,18.88,21.97,3.09,16.70,24.3,0.990,1,1,36.0,0.29,37.33,29.9,0
1779285695467,2864,UAS-01,514.1,18.83,22.00,3.17,16.69,22.1,0.990,1,1,36.0,0.14,37.57,29.9,0
1779285695500,2865,UAS-02,620.8,18.89,22.00,3.11,16.74,25.2,0.990,1,1,38.5,0.24,37.52,29.9,0
1779285695533,2866,GND-VEH-01,789.1,18.92,22.33,3.41,17.53,23.9,0.973,1,1,36.0,0.21,37.96,30.0,0
1779285695567,2867,PERSON-01,570.5,18.99,22.14,3.16,17.00,23.1,0.990,1,1,36.0,0.35,37.36,30.0,0
1779285695600,2868,UAS-01,446.6,19.15,22.40,3.25,16.48,23.2,0.990,1,1,37.3,0.48,37.80,29.9,0
1779285695633,2869,UAS-02,926.9,19.00,21.99,2.99,15.95,23.6,0.984,1,1,36.0,0.04,37.25,30.0,0
1779285695667,2870,GND-VEH-01,674.3,18.90,21.95,3.05,15.70,25.3,0.990,1,1,36.0,0.30,37.43,30.0,0
1779285695700,2871,PERSON-01,565.1,19.23,22.17,2.94,16.02,23.9,0.982,1,1,36.0,0.08,37.12,30.0,0
1779285695733,2872,UAS-01,422.1,19.06,22.34,3.28,16.98,23.4,0.979,1,1,37.6,0.03,37.61,29.9,0
1779285695767,2873,UAS-02,517.0,19.11,22.06,2.96,16.39,23.3,0.990,1,1,36.0,0.01,37.43,30.1,0
1779285695800,2874,GND-VEH-01,675.1,19.02,21.96,2.93,16.57,24.5,0.990,1,1,37.8,0.44,37.69,30.0,0
1779285695833,2875,PERSON-01,509.0,18.67,21.67,3.01,16.04,24.3,0.990,1,1,37.3,0.42,37.52,30.0,0
1779285695867,2876,UAS-01,501.1,19.00,22.20,3.20,16.93,23.6,0.990,1,1,36.0,0.42,37.77,30.0,0
1779285695900,2877,UAS-02,494.6,18.71,21.57,2.86,15.99,24.8,0.984,1,1,38.6,0.03,37.22,29.9,0
1779285695933,2878,GND-VEH-01,450.0,19.19,22.21,3.02,15.55,25.4,0.990,1,1,36.0,0.32,37.50,30.1,0
1779285695967,2879,PERSON-01,566.2,19.13,21.95,2.82,15.19,24.7,0.983,1,1,36.2,0.56,37.61,30.0,0
1779285696000,2880,UAS-01,592.8,19.07,22.02,2.95,16.26,23.7,0.990,1,1,38.3,0.09,37.46,30.0,0
1779285696033,2881,UAS-02,419.7,19.00,22.15,3.16,16.96,24.1,0.990,1,1,36.0,0.19,37.77,29.9,0
1779285696067,2882,GND-VEH-01,780.2,19.09,22.26,3.16,16.08,23.9,0.989,1,1,36.0,0.31,37.60,30.2,0
1779285696100,2883,PERSON-01,362.1,19.03,22.38,3.35,16.48,25.0,0.979,1,1,36.0,0.30,37.54,30.0,0
1779285696133,2884,UAS-01,384.7,19.22,22.79,3.57,16.99,22.2,0.990,1,1,38.8,0.09,37.35,30.0,0
1779285696167,2885,UAS-02,417.5,18.87,22.07,3.19,16.85,23.3,0.981,1,1,36.9,0.03,37.57,29.9,0
1779285696200,2886,GND-VEH-01,334.4,19.17,22.21,3.03,15.98,23.9,0.990,1,1,37.8,0.14,37.77,30.0,0
1779285696233,2887,PERSON-01,566.9,18.80,22.19,3.39,16.09,25.3,0.989,1,1,36.0,0.20,37.56,30.0,0
1779285696267,2888,UAS-01,417.5,18.78,21.83,3.05,16.44,23.1,0.990,1,1,38.9,0.43,37.84,30.1,0
1779285696300,2889,UAS-02,415.7,18.94,22.41,3.48,16.97,24.0,0.990,1,1,36.0,0.25,37.67,30.1,0
1779285696333,2890,GND-VEH-01,531.0,18.94,22.07,3.13,16.64,25.4,0.990,1,1,37.9,0.05,37.61,29.9,0
1779285696367,2891,PERSON-01,349.6,19.14,22.28,3.14,17.00,25.1,0.990,1,1,36.0,0.42,37.60,30.0,0
1779285696400,2892,UAS-01,565.7,18.91,21.93,3.02,16.20,24.8,0.982,1,1,36.6,0.22,37.81,30.1,0
1779285696433,2893,UAS-02,455.0,18.79,21.93,3.14,15.90,23.6,0.977,1,1,38.9,0.24,37.58,30.0,0
1779285696467,2894,GND-VEH-01,335.8,19.00,21.78,2.78,15.87,23.9,0.989,1,1,39.4,0.41,37.51,30.0,0
1779285696500,2895,PERSON-01,848.6,18.91,21.92,3.01,16.44,24.1,0.989,1,1,37.3,0.20,37.71,30.1,0
1779285696533,2896,UAS-01,385.3,18.80,21.96,3.16,16.74,22.9,0.990,1,1,36.0,0.08,38.01,30.0,0
1779285696567,2897,UAS-02,742.7,19.28,22.07,2.79,16.30,22.7,0.990,1,1,36.0,0.19,37.73,30.0,0
1779285696600,2898,GND-VEH-01,542.6,18.87,22.13,3.26,16.77,23.2,0.990,1,1,37.6,0.45,37.46,30.0,0
1779285696633,2899,PERSON-01,470.8,18.95,22.19,3.24,16.84,23.8,0.990,1,1,36.0,0.40,37.75,30.0,0
1779285696667,2900,UAS-01,673.2,18.89,21.96,3.07,15.75,24.7,0.990,1,1,36.0,0.35,37.53,30.0,0
1779285696700,2901,UAS-02,398.8,18.99,22.19,3.20,16.39,24.5,0.990,1,1,36.8,0.28,37.38,30.0,0
1779285696733,2902,GND-VEH-01,684.6,19.16,22.32,3.15,16.24,25.4,0.990,1,1,36.0,0.02,37.37,30.0,0
1779285696767,2903,PERSON-01,436.3,18.91,22.03,3.12,16.11,23.9,0.990,1,1,37.9,0.12,37.48,29.9,0
1779285696800,2904,UAS-01,458.8,19.23,21.98,2.75,15.83,23.4,0.990,1,1,38.4,0.56,37.77,30.0,0
1779285696833,2905,UAS-02,495.1,18.69,21.93,3.24,16.32,22.5,0.990,1,1,36.9,0.33,37.37,30.0,0
1779285696867,2906,GND-VEH-01,813.9,18.98,21.90,2.92,16.18,22.7,0.990,1,1,36.2,0.12,37.99,30.1,0
1779285696900,2907,PERSON-01,806.8,19.08,22.03,2.96,16.12,24.6,0.989,1,1,37.3,0.54,37.91,29.9,0
1779285696933,2908,UAS-01,443.0,19.17,22.41,3.24,16.92,23.3,0.979,1,1,37.3,0.00,37.51,29.9,0
1779285696967,2909,UAS-02,393.9,19.13,22.22,3.09,17.03,23.5,0.990,1,1,36.0,0.50,37.42,30.0,0
1779285697000,2910,GND-VEH-01,406.8,19.05,22.31,3.25,16.20,24.6,0.990,1,1,36.0,0.20,37.79,30.0,0
1779285697033,2911,PERSON-01,330.6,19.38,22.45,3.06,16.59,23.0,0.990,1,1,36.5,0.19,37.57,30.0,0
1779285697067,2912,UAS-01,401.1,18.80,22.07,3.27,16.94,23.3,0.990,1,1,36.0,0.42,37.86,29.9,0
1779285697100,2913,UAS-02,394.1,19.24,22.36,3.12,16.78,22.5,0.990,1,1,37.0,0.22,37.57,30.0,0
1779285697133,2914,GND-VEH-01,918.7,19.06,22.07,3.02,16.49,23.7,0.990,1,1,36.0,0.30,38.18,30.1,0
1779285697167,2915,PERSON-01,403.0,19.08,22.43,3.36,16.63,23.9,0.990,1,1,36.3,0.03,37.46,30.0,0
1779285697200,2916,UAS-01,573.7,18.81,21.75,2.94,16.13,23.7,0.990,1,1,36.0,0.09,37.91,29.9,0
1779285697233,2917,UAS-02,411.4,19.13,21.90,2.77,16.48,22.8,0.990,1,1,36.3,0.35,37.70,30.0,0
1779285697267,2918,GND-VEH-01,372.8,18.86,22.03,3.17,15.85,24.2,0.990,1,1,36.0,0.19,37.19,29.9,0
1779285697300,2919,PERSON-01,706.1,18.83,21.97,3.15,16.42,24.7,0.990,1,1,36.8,0.27,37.46,30.0,0
1779285697333,2920,UAS-01,619.3,19.03,22.34,3.31,17.32,23.2,0.990,1,1,36.0,0.46,38.03,30.1,0
1779285697367,2921,UAS-02,820.4,19.17,22.19,3.02,16.48,24.7,0.990,1,1,37.6,0.34,38.02,30.1,0
1779285697400,2922,GND-VEH-01,572.4,18.99,22.26,3.28,17.17,24.3,0.984,1,1,36.0,0.11,38.17,30.0,0
1779285697433,2923,PERSON-01,443.3,19.17,22.25,3.08,15.86,24.6,0.990,1,1,36.0,0.00,37.73,30.1,0
1779285697467,2924,UAS-01,303.3,18.63,21.78,3.15,16.30,25.3,0.990,1,1,36.0,0.30,37.40,29.9,0
1779285697500,2925,UAS-02,376.4,19.08,22.47,3.39,16.15,23.2,0.981,1,1,36.0,0.02,37.82,30.1,0
1779285697533,2926,GND-VEH-01,561.3,18.90,22.02,3.12,16.09,25.5,0.990,1,1,36.0,0.52,37.58,30.0,0
1779285697567,2927,PERSON-01,383.1,18.92,21.88,2.95,17.14,22.3,0.990,1,1,38.8,0.39,37.51,30.0,0
1779285697600,2928,UAS-01,433.2,18.86,21.89,3.03,16.48,24.0,0.990,1,1,39.4,0.31,37.92,29.9,0
1779285697633,2929,UAS-02,408.7,19.09,22.20,3.11,16.03,24.3,0.990,1,1,36.0,0.28,37.37,29.9,0
1779285697667,2930,GND-VEH-01,385.8,19.04,22.34,3.30,17.02,24.1,0.984,1,1,36.0,0.38,37.83,30.0,0
1779285697700,2931,PERSON-01,481.7,18.99,22.27,3.28,15.83,24.8,0.990,1,1,39.0,0.01,37.72,30.0,0
1779285697733,2932,UAS-01,773.6,19.25,22.18,2.93,16.24,25.0,0.990,1,1,36.0,0.20,37.91,30.1,0
1779285697767,2933,UAS-02,556.8,18.94,21.96,3.02,16.48,24.3,0.990,1,1,38.4,0.11,37.81,30.0,0
1779285697800,2934,GND-VEH-01,330.6,18.87,21.97,3.10,16.95,23.0,0.990,1,1,37.9,0.26,38.04,30.1,0
1779285697833,2935,PERSON-01,654.1,18.73,21.89,3.16,16.23,23.4,0.990,1,1,36.0,0.17,38.14,30.1,0
1779285697867,2936,UAS-01,358.7,19.04,22.46,3.42,17.28,24.8,0.990,1,1,37.5,0.54,37.89,30.0,0
1779285697900,2937,UAS-02,769.8,19.05,22.13,3.07,17.13,23.8,0.990,1,1,39.0,0.32,37.74,30.1,0
1779285697933,2938,GND-VEH-01,406.1,18.85,22.05,3.20,16.57,24.7,0.990,1,1,36.0,0.20,38.03,30.1,0
1779285697967,2939,PERSON-01,715.3,19.11,22.04,2.94,16.34,23.4,0.989,1,1,38.2,0.39,37.55,30.1,0
1779285698000,2940,UAS-01,455.5,18.97,22.25,3.28,16.78,23.5,0.990,1,1,36.0,0.15,37.90,30.2,0
1779285698033,2941,UAS-02,549.7,18.89,22.28,3.39,17.14,21.9,0.973,1,1,38.1,0.09,38.06,30.0,0
1779285698067,2942,GND-VEH-01,892.0,19.16,22.00,2.84,15.73,25.0,0.990,1,1,39.4,0.09,38.06,30.1,0
1779285698100,2943,PERSON-01,415.3,18.87,21.82,2.95,15.95,24.5,0.982,1,1,36.4,0.15,37.41,30.1,0
1779285698133,2944,UAS-01,551.8,19.18,22.33,3.15,16.33,23.3,0.990,1,1,36.8,0.07,37.65,30.0,0
1779285698167,2945,UAS-02,568.2,19.14,22.08,2.94,15.75,23.6,0.990,1,1,36.0,0.17,37.52,30.0,0
1779285698200,2946,GND-VEH-01,548.6,19.03,21.87,2.84,15.78,22.9,0.990,1,1,39.3,0.65,37.83,30.1,0
1779285698233,2947,PERSON-01,334.1,19.13,22.28,3.15,16.44,25.0,0.990,1,1,36.1,0.18,37.64,29.9,0
1779285698267,2948,UAS-01,409.2,19.33,22.19,2.86,16.17,23.2,0.990,1,1,36.0,0.09,37.60,30.1,0
1779285698300,2949,UAS-02,504.2,19.18,22.35,3.16,16.84,23.9,0.990,1,1,36.6,0.08,37.52,30.2,0
1779285698333,2950,GND-VEH-01,309.5,18.82,22.23,3.40,17.39,24.4,0.975,1,1,38.7,0.20,37.75,30.0,0
1779285698367,2951,PERSON-01,766.8,18.91,21.74,2.83,16.07,22.5,0.990,1,1,36.4,0.40,37.97,30.0,0
1779285698400,2952,UAS-01,365.0,19.01,22.35,3.35,17.15,23.7,0.974,1,1,36.0,0.18,37.91,30.0,0
1779285698433,2953,UAS-02,313.9,19.04,22.52,3.47,17.44,23.9,0.990,1,1,36.0,0.00,37.47,29.9,0
1779285698467,2954,GND-VEH-01,563.0,19.12,22.16,3.05,16.68,23.3,0.990,1,1,36.0,0.34,37.83,30.0,0
1779285698500,2955,PERSON-01,869.4,19.29,22.14,2.85,15.69,24.0,0.990,1,1,37.1,0.16,37.97,30.0,0
1779285698533,2956,UAS-01,458.3,19.27,22.40,3.14,16.26,24.7,0.975,1,1,36.0,0.52,37.85,30.0,0
1779285698567,2957,UAS-02,401.4,18.93,22.26,3.33,16.41,25.2,0.990,1,1,37.4,0.25,38.07,29.9,0
1779285698600,2958,GND-VEH-01,361.5,19.20,22.53,3.33,16.31,25.8,0.987,1,1,36.9,0.07,37.96,30.1,0
1779285698633,2959,PERSON-01,401.1,19.09,22.61,3.52,17.24,23.4,0.976,1,1,36.6,0.12,37.73,30.0,0
1779285698667,2960,UAS-01,316.3,18.69,21.94,3.25,17.29,22.6,0.990,1,1,37.7,0.08,38.02,30.1,0
1779285698700,2961,UAS-02,507.3,18.87,22.15,3.28,17.09,23.7,0.990,1,1,36.0,0.02,38.54,30.2,0
1779285698733,2962,GND-VEH-01,356.4,18.87,21.89,3.02,15.68,25.1,0.965,1,1,36.0,0.01,37.80,30.1,0
1779285698767,2963,PERSON-01,301.7,19.03,22.17,3.14,16.63,25.3,0.990,1,1,38.0,0.42,38.17,29.9,0
1779285698800,2964,UAS-01,425.4,19.17,22.57,3.39,17.24,23.2,0.990,1,1,36.7,0.04,37.65,30.0,0
1779285698833,2965,UAS-02,319.9,18.78,22.41,3.62,17.70,23.8,0.990,1,1,37.0,0.22,38.12,29.9,0
1779285698867,2966,GND-VEH-01,593.1,18.82,21.77,2.94,17.08,23.0,0.990,1,1,36.0,0.45,37.65,30.1,0
1779285698900,2967,PERSON-01,631.5,19.29,22.45,3.15,16.43,24.7,0.990,1,1,36.1,0.33,37.84,30.1,0
1779285698933,2968,UAS-01,306.1,19.01,22.38,3.37,17.45,22.5,0.972,1,1,36.0,0.00,37.90,30.2,0
1779285698967,2969,UAS-02,580.3,19.01,22.30,3.29,17.09,23.2,0.990,1,1,36.0,0.06,38.33,29.9,0
1779285699000,2970,GND-VEH-01,316.3,18.91,21.90,2.99,16.40,24.8,0.990,1,1,36.4,0.34,37.25,29.9,0
1779285699033,2971,PERSON-01,562.8,18.98,22.06,3.08,16.69,22.9,0.990,1,1,36.0,0.05,37.74,30.1,0
1779285699067,2972,UAS-01,422.7,18.87,22.25,3.38,17.13,23.6,0.990,1,1,36.0,0.25,38.09,29.9,0
1779285699100,2973,UAS-02,379.8,18.80,21.95,3.15,16.39,25.1,0.990,1,1,41.2,0.07,38.08,30.0,0
1779285699133,2974,GND-VEH-01,332.5,19.11,22.25,3.14,16.37,24.1,0.979,1,1,36.0,0.04,38.06,30.0,0
1779285699167,2975,PERSON-01,394.0,19.11,22.28,3.17,16.57,23.2,0.990,1,1,38.0,0.13,37.85,30.0,0
1779285699200,2976,UAS-01,316.0,18.97,22.33,3.37,16.25,23.4,0.990,1,1,36.0,0.43,38.04,30.0,0
1779285699233,2977,UAS-02,715.5,19.23,22.15,2.92,16.09,24.5,0.986,1,1,36.8,0.27,37.66,30.1,0
1779285699267,2978,GND-VEH-01,837.6,19.16,22.36,3.20,16.68,23.8,0.990,1,1,37.7,0.15,38.36,29.9,0
1779285699300,2979,PERSON-01,501.9,18.93,22.27,3.34,16.82,25.0,0.985,1,1,36.0,0.04,38.27,30.1,0
1779285699333,2980,UAS-01,412.5,19.05,22.37,3.32,17.19,24.5,0.990,1,1,37.2,0.18,38.18,30.0,0
1779285699367,2981,UAS-02,633.9,18.85,21.72,2.87,16.38,24.1,0.980,1,1,36.0,0.40,37.82,30.2,0
1779285699400,2982,GND-VEH-01,754.0,19.00,21.93,2.93,16.75,24.0,0.990,1,1,36.0,0.18,38.11,30.1,0
1779285699433,2983,PERSON-01,568.7,18.81,21.72,2.90,16.50,22.9,0.987,1,1,36.2,0.21,37.65,30.1,0
1779285699467,2984,UAS-01,511.7,18.76,22.14,3.38,16.91,24.6,0.990,1,1,37.4,0.03,37.87,29.9,0
1779285699500,2985,UAS-02,414.4,19.04,22.39,3.35,16.81,24.0,0.990,1,1,39.1,0.13,38.20,30.0,0
1779285699533,2986,GND-VEH-01,553.0,19.04,22.29,3.25,16.98,23.7,0.990,1,1,36.0,0.25,38.09,30.0,0
1779285699567,2987,PERSON-01,477.2,18.94,21.94,3.00,16.40,22.7,0.990,1,1,36.7,0.20,38.01,30.0,0
1779285699600,2988,UAS-01,678.8,19.24,22.20,2.96,17.19,23.6,0.990,1,1,38.3,0.29,37.63,30.0,0
1779285699633,2989,UAS-02,452.9,19.23,22.37,3.14,16.23,24.9,0.990,1,1,39.2,0.26,37.83,30.0,0
1779285699667,2990,GND-VEH-01,301.9,19.05,22.23,3.18,17.12,25.4,0.990,1,1,36.0,0.29,38.33,30.1,0
1779285699700,2991,PERSON-01,521.3,19.17,22.32,3.15,16.05,23.0,0.990,1,1,36.3,0.07,37.77,29.9,0
1779285699733,2992,UAS-01,608.1,18.86,21.95,3.09,17.03,24.0,0.990,1,1,38.1,0.41,37.76,29.9,0
1779285699767,2993,UAS-02,354.6,18.94,22.16,3.22,16.72,24.8,0.990,1,1,36.0,0.02,38.15,29.8,0
1779285699800,2994,GND-VEH-01,476.7,19.00,21.84,2.84,16.72,23.3,0.990,1,1,36.0,0.05,37.96,29.8,0
1779285699833,2995,PERSON-01,403.7,19.12,22.26,3.14,16.88,25.3,0.990,1,1,36.0,0.34,38.16,30.1,0
1779285699867,2996,UAS-01,425.7,18.99,22.26,3.26,16.98,24.3,0.990,1,1,36.0,0.32,37.49,30.1,0
1779285699900,2997,UAS-02,677.3,18.94,22.08,3.13,15.89,23.2,0.990,1,1,36.1,0.04,38.08,30.0,0
1779285699933,2998,GND-VEH-01,441.2,19.10,22.39,3.29,16.38,25.9,0.990,1,1,39.3,0.24,37.86,29.8,0
1779285699967,2999,PERSON-01,342.4,19.07,22.48,3.42,16.56,24.1,0.981,1,1,36.0,0.15,38.13,30.0,0
1779285700000,3000,UAS-01,350.2,18.97,22.06,3.10,16.16,24.7,0.990,1,1,37.0,0.20,37.52,30.0,0
1779285700033,3001,UAS-02,466.9,18.71,21.81,3.10,15.94,24.3,0.984,1,1,36.3,0.22,37.95,29.9,0
1779285700067,3002,GND-VEH-01,480.3,18.81,21.88,3.07,16.22,25.5,0.990,1,1,37.1,0.21,37.93,30.0,0
1779285700100,3003,PERSON-01,353.5,19.27,22.19,2.92,16.14,25.9,0.990,1,1,36.0,0.02,37.96,30.1,0
1779285700133,3004,UAS-01,575.2,19.32,22.64,3.32,16.66,24.6,0.990,1,1,36.0,0.04,37.96,30.0,0
1779285700167,3005,UAS-02,303.2,19.20,22.37,3.17,16.82,23.9,0.990,1,1,36.0,0.32,37.80,29.9,0
1779285700200,3006,GND-VEH-01,326.0,19.06,22.15,3.10,15.58,23.1,0.990,1,1,36.0,0.05,37.83,30.1,0
1779285700233,3007,PERSON-01,610.3,18.68,21.74,3.05,16.36,24.4,0.990,1,1,36.0,0.11,38.15,30.0,0
1779285700267,3008,UAS-01,487.4,18.98,22.36,3.38,16.72,24.5,0.990,1,1,38.4,0.07,37.48,29.8,0
1779285700300,3009,UAS-02,607.1,18.94,22.39,3.45,17.19,24.1,0.990,1,1,36.0,0.25,38.01,30.1,0
1779285700333,3010,GND-VEH-01,402.4,19.19,22.33,3.14,16.03,24.3,0.990,1,1,36.0,0.10,37.95,30.2,0
1779285700367,3011,PERSON-01,721.9,19.21,22.32,3.11,16.79,23.4,0.966,1,1,37.6,0.15,38.04,30.1,0
1779285700400,3012,UAS-01,697.0,19.07,21.94,2.87,15.93,25.2,0.990,1,1,38.4,0.09,37.89,30.0,0
1779285700433,3013,UAS-02,373.2,19.11,22.24,3.13,16.34,23.9,0.990,1,1,36.0,0.25,37.94,29.9,0
1779285700467,3014,GND-VEH-01,707.8,18.88,21.73,2.85,16.47,23.6,0.990,1,1,38.9,0.19,37.58,30.0,0
1779285700500,3015,PERSON-01,357.1,19.20,22.32,3.11,16.27,23.9,0.990,1,1,36.0,0.72,37.93,30.0,0
1779285700533,3016,UAS-01,556.1,19.04,22.19,3.15,16.45,23.5,0.990,1,1,37.8,0.11,38.52,29.9,0
1779285700567,3017,UAS-02,520.8,18.85,22.37,3.51,17.08,23.5,0.990,1,1,36.0,0.32,37.71,30.0,0
1779285700600,3018,GND-VEH-01,305.8,19.22,22.26,3.04,16.06,23.0,0.990,1,1,36.0,0.01,37.58,29.9,0
1779285700633,3019,PERSON-01,471.8,19.00,22.04,3.05,16.35,23.9,0.990,1,1,36.5,0.36,37.75,30.1,0
1779285700667,3020,UAS-01,304.5,19.20,22.49,3.28,16.28,24.3,0.972,1,1,36.0,0.09,37.99,30.1,0
1779285700700,3021,UAS-02,622.9,18.91,21.99,3.08,16.82,22.6,0.986,1,1,36.0,0.08,37.47,30.1,0
1779285700733,3022,GND-VEH-01,419.1,19.05,22.63,3.58,17.14,23.0,0.960,1,1,36.3,0.14,38.41,30.0,0
1779285700767,3023,PERSON-01,559.7,18.98,22.11,3.13,16.95,21.9,0.990,1,1,37.9,0.02,37.90,30.1,0
1779285700800,3024,UAS-01,302.8,19.01,22.22,3.21,16.39,25.0,0.987,1,1,38.1,0.19,38.06,30.0,0
1779285700833,3025,UAS-02,416.5,19.01,22.23,3.23,16.59,23.2,0.987,1,1,37.4,0.01,37.80,29.9,0
1779285700867,3026,GND-VEH-01,491.8,19.06,22.31,3.25,16.32,25.2,0.988,1,1,36.0,0.03,37.87,30.1,0
1779285700900,3027,PERSON-01,614.5,18.98,21.99,3.00,15.47,24.8,0.990,1,1,36.0,0.34,37.46,30.0,0
1779285700933,3028,UAS-01,653.7,18.64,21.75,3.11,16.62,24.5,0.990,1,1,36.0,0.00,38.01,30.0,0
1779285700967,3029,UAS-02,649.5,18.93,21.97,3.04,16.61,23.7,0.990,1,1,37.6,0.10,38.48,30.1,0
1779285701000,3030,GND-VEH-01,300.6,19.17,22.54,3.37,16.83,24.3,0.990,1,1,36.6,0.09,38.15,29.9,0
1779285701033,3031,PERSON-01,404.6,19.13,22.36,3.23,17.30,24.7,0.990,1,1,36.0,0.23,37.78,29.9,0
1779285701067,3032,UAS-01,384.2,19.18,22.12,2.94,15.66,24.8,0.990,1,1,38.1,0.17,38.33,30.1,0
1779285701100,3033,UAS-02,381.9,18.84,21.93,3.09,16.21,25.0,0.990,1,1,36.0,0.04,37.97,29.9,0
1779285701133,3034,GND-VEH-01,602.5,18.83,22.10,3.28,16.92,23.9,0.990,1,1,37.7,0.38,38.11,29.8,0
1779285701167,3035,PERSON-01,351.0,18.92,22.21,3.28,16.70,23.4,0.990,1,1,36.0,0.19,38.27,29.9,0
1779285701200,3036,UAS-01,761.9,19.03,22.00,2.98,16.09,24.1,0.990,1,1,38.1,0.06,37.79,29.9,0
1779285701233,3037,UAS-02,429.1,18.87,21.94,3.06,15.86,23.4,0.986,1,1,36.0,0.29,38.39,29.9,0
1779285701267,3038,GND-VEH-01,483.0,18.93,22.32,3.40,16.84,24.4,0.990,1,1,36.6,0.33,37.87,30.0,0
1779285701300,3039,PERSON-01,586.9,19.15,22.23,3.09,16.18,24.9,0.984,1,1,37.0,0.15,38.00,29.9,0
1779285701333,3040,UAS-01,414.8,18.85,22.23,3.38,16.70,23.5,0.979,1,1,36.0,0.02,38.17,30.0,0
1779285701367,3041,UAS-02,885.8,19.30,22.29,2.99,16.41,24.9,0.990,1,1,36.0,0.24,38.24,30.0,0
1779285701400,3042,GND-VEH-01,539.9,18.87,21.94,3.08,16.86,24.1,0.990,1,1,36.0,0.08,38.01,30.1,0
1779285701433,3043,PERSON-01,510.2,18.91,22.07,3.16,17.64,23.4,0.983,1,1,37.0,0.39,37.91,30.1,0
1779285701467,3044,UAS-01,555.3,18.92,22.19,3.27,16.22,22.4,0.981,1,1,36.0,0.35,37.89,30.0,0
1779285701500,3045,UAS-02,640.9,18.93,22.33,3.40,16.67,24.6,0.990,1,1,36.0,0.13,38.01,30.1,0
1779285701533,3046,GND-VEH-01,417.4,18.94,22.07,3.13,16.46,24.1,0.990,1,1,39.5,0.43,37.94,29.8,0
1779285701567,3047,PERSON-01,503.2,18.95,22.09,3.13,15.93,23.6,0.990,1,1,36.5,0.20,38.02,30.0,0
1779285701600,3048,UAS-01,710.5,19.12,22.35,3.24,17.23,24.6,0.990,1,1,36.0,0.06,38.07,30.0,0
1779285701633,3049,UAS-02,355.8,19.04,22.08,3.04,16.68,24.7,0.990,1,1,37.9,0.31,37.92,30.0,0
1779285701667,3050,GND-VEH-01,852.6,18.91,22.05,3.15,16.43,24.1,0.990,1,1,36.0,0.25,37.87,30.1,0
1779285701700,3051,PERSON-01,523.8,19.05,21.75,2.70,15.50,24.3,0.990,1,1,38.2,0.52,37.88,30.1,0
1779285701733,3052,UAS-01,389.8,18.97,22.30,3.33,16.65,24.5,0.990,1,1,38.7,0.01,37.95,30.1,0
1779285701767,3053,UAS-02,588.7,19.09,22.11,3.02,15.68,25.0,0.990,1,1,36.0,0.10,38.17,30.1,0
1779285701800,3054,GND-VEH-01,412.4,18.95,22.14,3.19,15.89,25.2,0.990,1,1,38.5,0.20,38.24,30.0,0
1779285701833,3055,PERSON-01,348.8,18.95,22.41,3.46,16.77,24.8,0.990,1,1,36.0,0.05,38.07,30.1,0
1779285701867,3056,UAS-01,401.0,19.00,21.82,2.83,15.65,23.6,0.990,1,1,36.6,0.13,38.20,30.0,0
1779285701900,3057,UAS-02,322.4,19.31,22.74,3.44,17.21,24.5,0.990,1,1,36.0,0.05,38.20,29.9,0
1779285701933,3058,GND-VEH-01,478.5,19.07,21.93,2.85,16.30,24.1,0.990,1,1,36.0,0.06,38.23,30.0,0
1779285701967,3059,PERSON-01,528.5,19.01,22.02,3.01,16.64,24.0,0.987,1,1,36.3,0.19,38.18,29.9,0
1779285702000,3060,UAS-01,351.4,18.99,22.33,3.34,16.36,23.9,0.990,1,1,37.1,0.29,38.26,30.0,0
1779285702033,3061,UAS-02,301.5,19.06,22.08,3.02,16.45,23.3,0.990,1,1,38.5,0.14,38.34,30.0,0
1779285702067,3062,GND-VEH-01,549.4,18.70,22.01,3.31,16.21,23.7,0.985,1,1,36.0,0.01,38.04,30.0,0
1779285702100,3063,PERSON-01,375.9,18.90,21.83,2.93,16.93,24.9,0.990,1,1,39.2,0.21,38.13,30.0,0
1779285702133,3064,UAS-01,310.4,19.11,22.11,3.01,16.26,22.1,0.990,1,1,38.7,0.16,38.21,29.9,0
1779285702167,3065,UAS-02,576.4,18.92,22.06,3.14,16.30,23.0,0.990,1,1,38.2,0.48,38.25,30.1,0
1779285702200,3066,GND-VEH-01,683.5,18.97,22.10,3.13,16.68,24.1,0.990,1,1,37.0,0.23,38.23,30.0,0
1779285702233,3067,PERSON-01,859.6,19.17,21.95,2.78,16.02,24.1,0.984,1,1,36.0,0.08,38.42,30.0,0
1779285702267,3068,UAS-01,422.8,18.92,21.95,3.03,17.32,22.7,0.989,1,1,36.0,0.11,38.43,29.8,0
1779285702300,3069,UAS-02,794.5,18.96,21.98,3.02,16.13,24.0,0.982,1,1,40.3,0.07,38.02,29.9,0
1779285702333,3070,GND-VEH-01,370.7,18.97,21.98,3.01,15.99,23.7,0.990,1,1,36.6,0.29,38.17,30.1,0
1779285702367,3071,PERSON-01,441.0,19.11,22.22,3.11,16.41,24.2,0.980,1,1,36.0,0.16,38.21,30.1,0
1779285702400,3072,UAS-01,357.4,18.92,22.26,3.34,16.78,24.9,0.990,1,1,36.2,0.23,38.02,30.1,0
1779285702433,3073,UAS-02,388.3,19.04,22.24,3.21,16.45,23.6,0.990,1,1,36.0,0.22,38.03,30.0,0
1779285702467,3074,GND-VEH-01,539.6,19.09,22.49,3.40,16.44,25.3,0.985,1,1,36.0,0.01,37.89,30.0,0
1779285702500,3075,PERSON-01,472.4,18.87,22.26,3.40,17.57,25.0,0.990,1,1,36.5,0.23,38.63,30.1,0
1779285702533,3076,UAS-01,625.5,19.05,22.16,3.11,15.80,26.5,0.975,1,1,37.1,0.17,38.28,30.0,0
1779285702567,3077,UAS-02,315.9,19.06,22.38,3.33,17.13,23.5,0.990,1,1,36.8,0.22,38.61,30.0,0
1779285702600,3078,GND-VEH-01,356.1,19.28,22.55,3.27,17.34,24.1,0.990,1,1,36.0,0.26,38.42,30.0,0
1779285702633,3079,PERSON-01,454.5,18.81,22.10,3.29,17.16,23.6,0.990,1,1,36.0,0.00,38.36,30.0,0
1779285702667,3080,UAS-01,393.6,18.88,21.60,2.72,15.83,23.5,0.990,1,1,36.0,0.12,38.30,30.0,0
1779285702700,3081,UAS-02,590.5,19.02,21.85,2.83,16.13,24.5,0.979,1,1,36.0,0.11,38.16,30.0,0
1779285702733,3082,GND-VEH-01,443.8,18.98,22.20,3.22,16.67,24.6,0.990,1,1,36.0,0.15,38.28,29.9,0
1779285702767,3083,PERSON-01,802.9,18.93,21.84,2.91,16.08,23.0,0.985,1,1,38.1,0.17,38.17,30.0,0
1779285702800,3084,UAS-01,457.7,19.00,22.14,3.15,16.43,23.5,0.990,1,1,36.3,0.35,38.06,29.9,0
1779285702833,3085,UAS-02,319.7,19.07,22.38,3.31,17.21,24.3,0.990,1,1,37.9,0.00,38.39,29.8,0
1779285702867,3086,GND-VEH-01,414.3,18.78,21.78,2.99,16.31,22.5,0.981,1,1,38.6,0.09,38.25,30.0,0
1779285702900,3087,PERSON-01,742.9,19.19,22.27,3.08,17.23,23.8,0.981,1,1,36.4,0.28,38.36,30.0,0
1779285702933,3088,UAS-01,515.7,19.01,22.05,3.05,16.04,24.6,0.990,1,1,39.0,0.11,38.45,30.0,0
1779285702967,3089,UAS-02,507.6,19.18,22.41,3.22,16.44,24.2,0.986,1,1,36.0,0.01,38.30,30.0,0
1779285703000,3090,GND-VEH-01,325.4,18.98,22.19,3.20,16.33,23.2,0.990,1,1,36.9,0.09,38.42,30.0,0
1779285703033,3091,PERSON-01,497.3,18.95,21.78,2.83,15.99,22.1,0.990,1,1,37.4,0.26,38.22,30.1,0
1779285703067,3092,UAS-01,353.3,18.88,22.29,3.41,16.75,22.8,0.990,1,1,36.2,0.15,38.70,30.0,0
1779285703100,3093,UAS-02,413.2,18.78,21.86,3.08,16.29,24.5,0.990,1,1,36.0,0.07,38.25,29.9,0
1779285703133,3094,GND-VEH-01,317.4,19.12,22.43,3.31,16.81,24.0,0.990,1,1,36.6,0.19,38.44,30.2,0
1779285703167,3095,PERSON-01,822.5,18.97,21.86,2.88,16.50,23.7,0.990,1,1,36.0,0.12,37.86,29.9,0
1779285703200,3096,UAS-01,484.0,18.96,22.23,3.27,16.40,23.8,0.989,1,1,37.2,0.04,38.36,30.0,0
1779285703233,3097,UAS-02,753.5,19.05,22.08,3.03,15.84,24.0,0.976,1,1,36.0,0.22,38.40,29.9,0
1779285703267,3098,GND-VEH-01,500.0,18.93,22.18,3.25,16.47,24.5,0.964,1,1,36.0,0.08,38.14,29.9,0
1779285703300,3099,PERSON-01,461.6,18.81,22.01,3.20,17.26,22.6,0.988,1,1,36.0,0.43,37.94,30.0,0
1779285703333,3100,UAS-01,329.2,19.23,22.67,3.44,16.95,22.7,0.990,1,1,36.0,0.21,38.45,30.1,0
1779285703367,3101,UAS-02,348.8,19.07,22.49,3.43,17.38,22.8,0.990,1,1,36.0,0.12,38.62,30.0,0
1779285703400,3102,GND-VEH-01,305.2,19.11,22.40,3.29,17.59,23.6,0.990,1,1,38.0,0.11,38.33,29.9,0
1779285703433,3103,PERSON-01,755.8,19.28,22.15,2.87,15.65,26.0,0.987,1,1,36.0,0.25,38.29,30.0,0
1779285703467,3104,UAS-01,774.0,19.11,22.23,3.12,15.67,26.5,0.990,1,1,36.0,0.60,38.14,30.1,0
1779285703500,3105,UAS-02,463.8,18.92,22.34,3.41,16.50,23.3,0.990,1,1,37.1,0.35,38.02,29.9,0
1779285703533,3106,GND-VEH-01,408.8,18.96,22.34,3.38,16.51,23.1,0.990,1,1,36.0,0.07,38.46,30.1,0
1779285703567,3107,PERSON-01,445.9,19.01,22.38,3.37,17.11,24.3,0.990,1,1,36.0,0.22,38.56,29.9,0
1779285703600,3108,UAS-01,403.7,18.89,22.28,3.39,16.95,24.1,0.988,1,1,37.3,0.38,38.18,30.1,0
1779285703633,3109,UAS-02,454.9,18.81,22.19,3.38,17.13,23.4,0.988,1,1,37.4,0.15,37.93,29.9,0
1779285703667,3110,GND-VEH-01,854.7,19.15,22.22,3.07,17.03,23.6,0.990,1,1,37.5,0.21,38.64,29.9,0
1779285703700,3111,PERSON-01,381.0,18.97,22.13,3.16,17.34,25.3,0.990,1,1,37.0,0.13,38.61,29.9,0
1779285703733,3112,UAS-01,733.6,19.01,21.97,2.97,16.49,23.9,0.990,1,1,36.0,0.15,38.37,29.9,0
1779285703767,3113,UAS-02,469.0,19.21,22.31,3.10,16.71,23.6,0.972,1,1,36.0,0.04,38.51,30.0,0
1779285703800,3114,GND-VEH-01,362.5,19.17,22.41,3.24,16.02,23.9,0.988,1,1,36.0,0.21,38.38,30.0,0
1779285703833,3115,PERSON-01,633.6,18.77,21.64,2.87,16.01,24.6,0.990,1,1,36.2,0.00,37.94,30.0,0
1779285703867,3116,UAS-01,367.5,18.98,22.29,3.31,15.55,23.8,0.990,1,1,36.2,0.48,38.15,30.1,0
1779285703900,3117,UAS-02,306.1,19.14,22.50,3.36,16.62,25.0,0.990,1,1,37.1,0.23,38.33,29.9,0
1779285703933,3118,GND-VEH-01,529.1,18.78,21.83,3.05,16.27,23.5,0.990,1,1,37.7,0.48,38.73,29.9,0
1779285703967,3119,PERSON-01,402.8,19.27,22.34,3.07,16.85,24.6,0.989,1,1,36.0,0.07,38.50,30.0,0
1779285704000,3120,UAS-01,322.2,18.97,21.95,2.98,16.36,24.2,0.990,1,1,36.0,0.04,38.35,30.1,0
1779285704033,3121,UAS-02,367.3,18.79,22.04,3.26,17.15,22.6,0.990,1,1,37.8,0.20,38.44,29.9,0
1779285704067,3122,GND-VEH-01,580.6,19.16,22.09,2.93,16.27,24.3,0.990,1,1,39.2,0.01,38.92,30.0,0
1779285704100,3123,PERSON-01,775.2,18.83,21.85,3.03,16.93,23.8,0.982,1,1,37.8,0.30,38.39,30.0,0
1779285704133,3124,UAS-01,459.8,19.18,22.25,3.08,15.84,23.0,0.990,1,1,36.0,0.07,38.53,30.0,0
1779285704167,3125,UAS-02,717.8,18.91,21.80,2.89,16.19,24.0,0.990,1,1,37.2,0.05,38.54,30.1,0
1779285704200,3126,GND-VEH-01,814.0,19.12,22.38,3.25,17.10,23.8,0.986,1,1,37.2,0.18,38.71,30.0,0
1779285704233,3127,PERSON-01,483.9,18.91,22.19,3.28,16.61,23.7,0.990,1,1,36.9,0.19,38.12,30.1,0
1779285704267,3128,UAS-01,493.3,19.12,22.18,3.05,15.90,24.2,0.990,1,1,36.0,0.43,38.29,30.1,0
1779285704300,3129,UAS-02,440.0,18.83,21.97,3.14,16.91,22.7,0.990,1,1,36.0,0.53,38.11,30.0,0
1779285704333,3130,GND-VEH-01,709.6,19.05,22.01,2.96,15.50,24.5,0.990,1,1,39.2,0.12,38.45,30.0,0
1779285704367,3131,PERSON-01,420.3,18.68,22.06,3.38,17.48,23.2,0.977,1,1,36.0,0.14,38.32,30.1,0
1779285704400,3132,UAS-01,420.3,19.30,22.42,3.12,16.40,23.6,0.990,1,1,37.6,0.28,38.86,29.9,0
1779285704433,3133,UAS-02,907.0,19.26,22.20,2.94,15.97,23.5,0.990,1,1,37.5,0.18,38.52,30.1,0
1779285704467,3134,GND-VEH-01,578.1,19.02,22.14,3.12,16.28,25.3,0.990,1,1,36.0,0.08,38.73,30.1,0
1779285704500,3135,PERSON-01,879.9,18.83,21.92,3.10,16.78,23.9,0.990,1,1,36.0,0.38,38.38,30.0,0
1779285704533,3136,UAS-01,644.1,19.23,21.94,2.71,16.06,25.0,0.989,1,1,36.0,0.15,38.68,30.0,0
1779285704567,3137,UAS-02,682.0,18.90,21.44,2.54,15.63,24.6,0.990,1,1,36.0,0.39,38.73,30.1,0
1779285704600,3138,GND-VEH-01,781.5,19.24,22.29,3.04,16.12,23.6,0.990,1,1,37.8,0.06,38.19,30.0,0
1779285704633,3139,PERSON-01,432.3,19.37,22.70,3.33,16.52,23.6,0.990,1,1,36.6,0.13,38.51,29.9,0
1779285704667,3140,UAS-01,582.4,19.10,22.61,3.52,16.68,22.8,0.977,1,1,36.7,0.29,38.22,30.1,0
1779285704700,3141,UAS-02,330.6,18.80,22.12,3.32,16.15,24.5,0.990,1,1,36.0,0.40,38.22,30.0,0
1779285704733,3142,GND-VEH-01,592.9,18.82,21.86,3.05,16.75,22.1,0.990,1,1,36.0,0.14,38.27,30.1,0
1779285704767,3143,PERSON-01,560.8,19.03,22.14,3.11,16.83,23.8,0.990,1,1,36.0,0.07,38.44,30.1,0
1779285704800,3144,UAS-01,530.5,18.69,21.65,2.96,16.08,24.1,0.990,1,1,36.9,0.11,38.64,30.0,0
1779285704833,3145,UAS-02,356.1,19.10,22.17,3.07,16.26,23.8,0.990,1,1,36.0,0.13,38.71,29.9,0
1779285704867,3146,GND-VEH-01,359.6,18.83,22.21,3.38,16.71,24.0,0.990,1,1,36.0,0.29,38.42,29.9,0
1779285704900,3147,PERSON-01,357.0,19.12,22.48,3.36,16.52,23.8,0.966,1,1,36.0,0.00,38.48,30.0,0
1779285704933,3148,UAS-01,800.6,18.87,21.92,3.05,16.06,23.1,0.990,1,1,36.0,0.07,38.60,30.0,0
1779285704967,3149,UAS-02,506.8,19.06,22.12,3.05,16.09,23.4,0.990,1,1,38.0,0.15,38.51,30.2,0
1779285705000,3150,GND-VEH-01,736.5,19.06,22.16,3.10,16.10,24.2,0.990,1,1,36.0,0.15,38.57,30.0,0
1779285705033,3151,PERSON-01,374.8,18.94,22.02,3.08,16.47,23.7,0.989,1,1,38.7,0.38,38.70,29.9,0
1779285705067,3152,UAS-01,413.4,19.09,22.45,3.36,16.75,24.6,0.990,1,1,36.0,0.44,38.90,30.1,0
1779285705100,3153,UAS-02,658.1,18.97,22.18,3.20,16.22,24.7,0.976,1,1,36.0,0.28,38.24,30.1,0
1779285705133,3154,GND-VEH-01,346.1,19.02,21.91,2.89,15.82,25.1,0.990,1,1,37.1,0.07,38.58,30.1,0
1779285705167,3155,PERSON-01,640.4,19.22,22.54,3.31,17.19,24.3,0.990,1,1,38.6,0.50,38.42,30.0,0
1779285705200,3156,UAS-01,352.3,19.04,22.24,3.20,16.16,24.8,0.990,1,1,36.0,0.07,38.48,30.1,0
1779285705233,3157,UAS-02,550.2,18.95,22.07,3.12,16.00,24.8,0.980,1,1,36.0,0.32,38.40,30.1,0
1779285705267,3158,GND-VEH-01,399.3,19.22,22.46,3.24,17.03,22.3,0.990,1,1,36.1,0.60,38.33,30.0,0
1779285705300,3159,PERSON-01,342.4,19.03,22.29,3.26,16.60,25.4,0.990,1,1,36.0,0.18,38.71,30.1,0
1779285705333,3160,UAS-01,597.0,19.15,22.34,3.19,16.85,24.4,0.990,1,1,36.0,0.11,38.84,30.1,0
1779285705367,3161,UAS-02,607.9,18.93,21.84,2.90,15.61,25.4,0.990,1,1,36.6,0.11,38.23,29.9,0
1779285705400,3162,GND-VEH-01,587.7,18.99,21.87,2.87,15.70,24.3,0.990,1,1,36.0,0.08,38.66,30.1,0
1779285705433,3163,PERSON-01,323.9,18.79,21.99,3.20,16.41,23.9,0.990,1,1,36.4,0.13,38.42,30.0,0
1779285705467,3164,UAS-01,467.5,18.93,22.04,3.11,17.04,23.2,0.990,1,1,38.2,0.33,38.35,30.0,0
1779285705500,3165,UAS-02,425.0,18.98,22.03,3.05,16.69,25.1,0.990,1,1,36.8,0.29,38.37,29.9,0
1779285705533,3166,GND-VEH-01,396.5,19.10,22.37,3.27,16.87,22.9,0.990,1,1,38.7,0.16,38.74,29.9,0
1779285705567,3167,PERSON-01,493.8,18.96,21.88,2.92,15.97,24.2,0.985,1,1,37.1,0.04,38.32,30.1,0
1779285705600,3168,UAS-01,751.2,18.83,22.12,3.28,16.33,24.1,0.990,1,1,39.4,0.22,38.81,30.0,0
1779285705633,3169,UAS-02,442.9,18.93,21.95,3.03,16.02,22.7,0.982,1,1,37.9,0.36,38.62,30.1,0
1779285705667,3170,GND-VEH-01,443.3,18.88,21.88,3.00,16.23,21.8,0.966,1,1,36.3,0.16,38.53,30.1,0
1779285705700,3171,PERSON-01,886.8,19.07,22.26,3.19,16.81,24.0,0.990,1,1,38.8,0.04,38.42,30.0,0
1779285705733,3172,UAS-01,498.3,18.98,22.02,3.05,16.04,24.8,0.990,1,1,36.0,0.31,38.30,30.0,0
1779285705767,3173,UAS-02,580.1,19.01,21.99,2.98,15.80,23.1,0.990,1,1,36.0,0.13,38.34,30.0,0
1779285705800,3174,GND-VEH-01,573.8,19.04,22.32,3.28,16.93,23.8,0.981,1,1,38.0,0.06,38.44,29.9,0
1779285705833,3175,PERSON-01,516.3,18.94,22.30,3.36,17.26,22.9,0.977,1,1,36.0,0.04,38.52,30.0,0
1779285705867,3176,UAS-01,480.7,18.90,21.89,2.98,16.18,25.0,0.990,1,1,36.0,0.19,38.68,30.0,0
1779285705900,3177,UAS-02,308.9,18.95,22.49,3.54,17.07,23.3,0.990,1,1,36.0,0.02,38.44,30.1,0
1779285705933,3178,GND-VEH-01,355.3,19.03,22.40,3.37,16.96,23.7,0.985,1,1,36.0,0.22,38.60,30.1,0
1779285705967,3179,PERSON-01,303.7,19.13,22.23,3.10,16.14,24.2,0.990,1,1,38.4,0.26,38.18,30.0,0
1779285706000,3180,UAS-01,573.9,19.16,22.35,3.19,16.97,22.0,0.990,1,1,36.0,0.00,38.68,30.1,0
1779285706033,3181,UAS-02,352.4,18.90,22.05,3.15,16.13,23.7,0.990,1,1,36.4,0.12,38.77,29.9,0
1779285706067,3182,GND-VEH-01,554.6,19.00,22.22,3.21,16.40,23.9,0.990,1,1,36.0,0.05,38.27,30.0,0
1779285706100,3183,PERSON-01,389.7,19.24,22.43,3.19,16.55,25.1,0.990,1,1,36.0,0.44,38.76,30.2,0
1779285706133,3184,UAS-01,304.3,18.94,22.60,3.66,16.55,25.9,0.990,1,1,36.0,0.35,38.50,30.0,0
1779285706167,3185,UAS-02,362.2,19.09,22.33,3.24,16.62,24.6,0.965,1,1,36.0,0.11,38.51,30.1,0
1779285706200,3186,GND-VEH-01,656.0,18.84,21.85,3.02,15.97,23.2,0.990,1,1,36.0,0.23,38.82,30.1,0
1779285706233,3187,PERSON-01,540.0,18.84,22.03,3.18,16.55,25.0,0.990,1,1,38.5,0.07,38.68,30.0,0
1779285706267,3188,UAS-01,615.1,19.07,22.24,3.17,16.73,22.7,0.990,1,1,36.0,0.04,38.96,30.1,0
1779285706300,3189,UAS-02,682.4,18.94,21.75,2.81,15.31,25.3,0.988,1,1,36.0,0.19,38.68,29.9,0
1779285706333,3190,GND-VEH-01,375.3,19.19,22.36,3.16,16.39,22.9,0.990,1,1,36.8,0.09,38.89,30.1,0
1779285706367,3191,PERSON-01,587.2,19.13,22.37,3.24,16.74,24.1,0.990,1,1,36.0,0.12,38.80,30.0,0
1779285706400,3192,UAS-01,357.2,18.98,22.03,3.05,15.73,24.0,0.990,1,1,36.0,0.01,39.06,30.1,0
1779285706433,3193,UAS-02,565.3,19.17,22.49,3.32,16.83,25.5,0.990,1,1,36.9,0.40,38.58,29.9,0
1779285706467,3194,GND-VEH-01,419.8,18.85,22.14,3.29,16.37,24.9,0.990,1,1,37.6,0.03,38.31,30.0,0
1779285706500,3195,PERSON-01,847.3,18.97,22.07,3.11,16.48,23.8,0.990,1,1,38.2,0.26,38.90,30.1,0
1779285706533,3196,UAS-01,308.0,19.20,22.19,2.99,15.65,24.7,0.980,1,1,37.7,0.42,38.87,29.9,0
1779285706567,3197,UAS-02,343.3,19.08,22.34,3.26,16.42,24.1,0.987,1,1,36.0,0.24,38.57,30.1,0
1779285706600,3198,GND-VEH-01,669.6,18.72,21.65,2.92,15.46,23.9,0.990,1,1,38.9,0.01,38.28,30.1,0
1779285706633,3199,PERSON-01,509.7,19.36,22.60,3.24,16.92,22.1,0.987,1,1,36.9,0.16,38.49,30.1,0
1779285706667,3200,UAS-01,616.7,19.16,22.03,2.86,15.85,23.6,0.990,1,1,37.8,0.08,38.63,30.0,0
1779285706700,3201,UAS-02,682.3,18.81,21.66,2.85,16.40,23.1,0.990,1,1,36.0,0.31,39.01,30.1,0
1779285706733,3202,GND-VEH-01,400.6,18.83,21.87,3.04,15.90,23.4,0.987,1,1,36.4,0.02,38.74,30.1,0
1779285706767,3203,PERSON-01,675.8,18.90,22.00,3.10,16.12,23.5,0.990,1,1,37.0,0.13,38.49,30.0,0
1779285706800,3204,UAS-01,756.1,19.18,22.41,3.23,16.39,23.9,0.990,1,1,38.1,0.09,38.80,30.0,0
1779285706833,3205,UAS-02,685.9,19.00,22.14,3.14,16.21,24.2,0.990,1,1,36.0,0.46,38.47,29.8,0
1779285706867,3206,GND-VEH-01,340.2,18.95,22.55,3.59,17.00,23.9,0.990,1,1,37.4,0.14,38.59,29.9,0
1779285706900,3207,PERSON-01,328.3,19.00,22.16,3.16,16.56,24.3,0.990,1,1,40.5,0.12,38.86,29.9,0
1779285706933,3208,UAS-01,578.8,18.76,21.68,2.92,16.28,23.0,0.990,1,1,36.0,0.08,39.01,30.1,0
1779285706967,3209,UAS-02,721.3,19.03,22.35,3.32,16.55,23.3,0.990,1,1,36.2,0.10,39.11,30.2,0
1779285707000,3210,GND-VEH-01,455.3,19.07,22.14,3.07,16.18,24.3,0.990,1,1,36.0,0.13,38.70,30.0,0
1779285707033,3211,PERSON-01,329.7,18.74,21.82,3.09,15.68,25.2,0.988,1,1,39.9,0.30,38.81,29.9,0
1779285707067,3212,UAS-01,859.9,18.95,21.91,2.96,16.18,23.9,0.990,1,1,39.8,0.15,38.85,29.9,0
1779285707100,3213,UAS-02,516.3,19.04,22.22,3.18,16.88,24.3,0.990,1,1,37.2,0.15,38.46,30.0,0
1779285707133,3214,GND-VEH-01,436.4,18.88,22.19,3.31,17.11,23.1,0.990,1,1,36.0,0.56,38.99,29.9,0
1779285707167,3215,PERSON-01,487.2,19.13,22.39,3.26,16.22,24.4,0.990,1,1,37.2,0.08,38.79,29.9,0
1779285707200,3216,UAS-01,475.9,18.88,22.02,3.14,16.93,23.0,0.986,1,1,36.1,0.30,38.87,30.1,0
1779285707233,3217,UAS-02,537.3,18.89,21.97,3.08,16.21,23.7,0.990,1,1,39.5,0.32,38.88,30.1,0
1779285707267,3218,GND-VEH-01,324.5,18.83,21.99,3.16,16.12,25.0,0.990,1,1,36.0,0.30,38.56,30.1,0
1779285707300,3219,PERSON-01,725.0,19.11,21.85,2.74,15.38,23.2,0.990,1,1,36.0,0.26,38.68,29.9,0
1779285707333,3220,UAS-01,792.8,18.96,21.96,3.00,15.87,25.3,0.990,1,1,38.3,0.01,38.39,29.9,0
1779285707367,3221,UAS-02,300.7,18.85,21.95,3.10,16.56,23.8,0.990,1,1,38.7,0.08,38.94,30.1,0
1779285707400,3222,GND-VEH-01,640.7,19.01,21.93,2.93,16.12,23.6,0.990,1,1,38.0,0.23,38.90,29.9,0
1779285707433,3223,PERSON-01,536.5,19.02,22.32,3.29,17.04,23.6,0.990,1,1,37.1,0.20,38.65,30.0,0
1779285707467,3224,UAS-01,533.5,18.85,21.77,2.92,16.50,24.1,0.988,1,1,36.4,0.28,39.03,30.0,0
1779285707500,3225,UAS-02,425.8,18.98,22.32,3.33,16.96,22.6,0.990,1,1,36.0,0.40,38.99,30.1,0
1779285707533,3226,GND-VEH-01,368.8,18.91,22.22,3.31,17.28,22.5,0.974,1,1,38.4,0.15,38.51,30.1,0
1779285707567,3227,PERSON-01,559.6,19.01,22.28,3.27,17.16,23.7,0.990,1,1,36.2,0.29,38.43,30.1,0
1779285707600,3228,UAS-01,891.4,19.04,21.68,2.64,15.56,23.3,0.990,1,1,36.0,0.38,39.00,30.0,0
1779285707633,3229,UAS-02,358.9,18.83,21.77,2.94,16.59,22.9,0.979,1,1,36.0,0.27,39.02,30.1,0
1779285707667,3230,GND-VEH-01,569.2,19.16,22.54,3.39,17.18,24.4,0.990,1,1,36.5,0.40,38.56,29.8,0
1779285707700,3231,PERSON-01,618.0,18.97,22.30,3.33,17.05,23.5,0.990,1,1,36.0,0.29,38.19,29.9,0
1779285707733,3232,UAS-01,451.9,18.71,21.63,2.93,16.14,24.6,0.990,1,1,36.0,0.25,39.13,29.9,0
1779285707767,3233,UAS-02,837.9,19.27,22.04,2.77,15.53,23.9,0.990,1,1,36.7,0.05,39.03,30.1,0
1779285707800,3234,GND-VEH-01,630.1,18.82,21.75,2.93,16.05,23.1,0.982,1,1,36.0,0.32,38.97,30.1,0
1779285707833,3235,PERSON-01,1038.9,19.03,22.27,3.23,16.09,23.6,0.967,1,1,37.2,0.02,38.61,29.9,0
1779285707867,3236,UAS-01,693.4,18.88,21.85,2.96,15.79,23.5,0.990,1,1,36.0,0.06,38.65,30.0,0
1779285707900,3237,UAS-02,425.8,18.86,21.99,3.14,16.69,23.0,0.990,1,1,36.0,0.19,38.99,30.1,0
1779285707933,3238,GND-VEH-01,458.6,18.93,21.88,2.95,16.12,22.4,0.990,1,1,37.0,0.38,39.02,30.0,0
1779285707967,3239,PERSON-01,336.4,18.92,22.29,3.37,16.93,23.6,0.990,1,1,36.8,0.25,39.02,29.9,0
1779285708000,3240,UAS-01,592.9,19.12,22.02,2.91,16.49,24.2,0.990,1,1,36.0,0.16,38.80,29.9,0
1779285708033,3241,UAS-02,803.3,19.18,21.92,2.74,15.90,23.3,0.990,1,1,36.0,0.22,38.33,30.0,0
1779285708067,3242,GND-VEH-01,313.4,19.12,22.56,3.43,16.94,24.6,0.990,1,1,36.0,0.01,38.62,29.9,0
1779285708100,3243,PERSON-01,636.7,18.70,21.88,3.18,16.34,23.1,0.990,1,1,37.6,0.39,38.35,29.9,0
1779285708133,3244,UAS-01,410.7,19.14,22.39,3.25,16.76,22.1,0.990,1,1,36.4,0.12,38.99,30.1,0
1779285708167,3245,UAS-02,625.1,19.11,22.29,3.18,16.31,24.5,0.990,1,1,36.0,0.42,38.36,30.1,0
1779285708200,3246,GND-VEH-01,555.9,18.96,22.34,3.38,16.10,24.3,0.990,1,1,36.0,0.01,38.86,30.1,0
1779285708233,3247,PERSON-01,398.3,18.85,21.99,3.14,16.65,24.1,0.990,1,1,38.5,0.01,38.95,30.0,0
1779285708267,3248,UAS-01,723.7,18.85,21.72,2.87,16.25,24.6,0.987,1,1,37.8,0.10,38.77,29.9,0
1779285708300,3249,UAS-02,328.8,18.96,22.26,3.30,15.69,24.7,0.990,1,1,37.2,0.10,38.91,30.1,0
1779285708333,3250,GND-VEH-01,559.8,18.91,22.02,3.11,17.24,22.9,0.990,1,1,36.3,0.46,39.37,29.9,0
1779285708367,3251,PERSON-01,547.4,18.79,21.63,2.84,16.51,23.6,0.990,1,1,36.0,0.04,38.80,29.9,0
1779285708400,3252,UAS-01,623.9,18.85,22.26,3.41,16.84,23.4,0.990,1,1,37.7,0.00,38.84,30.1,0
1779285708433,3253,UAS-02,592.8,18.96,21.92,2.96,15.76,23.2,0.990,1,1,38.2,0.15,38.25,30.2,0
1779285708467,3254,GND-VEH-01,465.3,19.12,22.36,3.24,16.98,25.4,0.981,1,1,36.0,0.51,38.83,29.8,0
1779285708500,3255,PERSON-01,675.4,19.06,22.06,3.00,16.53,24.4,0.986,1,1,38.1,0.01,38.83,29.9,0
1779285708533,3256,UAS-01,528.1,18.96,21.87,2.91,15.68,23.7,0.990,1,1,39.5,0.14,38.66,30.1,0
1779285708567,3257,UAS-02,484.2,18.79,22.23,3.45,16.62,23.8,0.988,1,1,36.0,0.53,38.60,30.0,0
1779285708600,3258,GND-VEH-01,601.9,19.07,22.17,3.11,15.70,25.1,0.990,1,1,36.1,0.01,38.97,30.0,0
1779285708633,3259,PERSON-01,443.8,18.91,22.24,3.33,16.72,24.1,0.990,1,1,37.3,0.11,38.97,30.1,0
1779285708667,3260,UAS-01,707.1,19.03,22.24,3.21,16.68,23.8,0.973,1,1,38.6,0.34,39.06,30.2,0
1779285708700,3261,UAS-02,589.7,19.16,21.90,2.74,15.55,25.5,0.985,1,1,36.0,0.02,38.77,30.0,0
1779285708733,3262,GND-VEH-01,592.8,18.91,22.22,3.31,17.01,23.1,0.990,1,1,36.0,0.24,39.02,29.9,0
1779285708767,3263,PERSON-01,323.3,19.00,21.90,2.90,15.07,24.2,0.972,1,1,36.3,0.09,38.63,30.1,0
1779285708800,3264,UAS-01,657.7,18.78,21.71,2.94,15.99,25.3,0.990,1,1,38.6,0.38,38.71,30.0,0
1779285708833,3265,UAS-02,319.4,18.89,22.12,3.22,16.16,23.6,0.990,1,1,38.1,0.18,38.87,30.1,0
1779285708867,3266,GND-VEH-01,427.8,19.13,22.39,3.25,16.51,24.9,0.990,1,1,38.4,0.15,38.90,29.9,0
1779285708900,3267,PERSON-01,448.9,19.04,22.30,3.25,16.74,23.3,0.990,1,1,36.0,0.59,38.99,29.9,0
1779285708933,3268,UAS-01,401.7,19.02,22.42,3.40,16.67,25.3,0.990,1,1,37.7,0.33,39.02,30.0,0
1779285708967,3269,UAS-02,569.6,18.96,22.28,3.32,16.68,24.4,0.990,1,1,40.0,0.26,38.95,30.0,0
1779285709000,3270,GND-VEH-01,443.7,18.86,22.01,3.15,16.45,24.3,0.990,1,1,36.0,0.22,38.86,29.9,0
1779285709033,3271,PERSON-01,360.1,18.68,21.90,3.23,17.23,23.5,0.975,1,1,36.9,0.40,38.78,29.9,0
1779285709067,3272,UAS-01,614.1,19.05,21.93,2.88,15.91,24.2,0.990,1,1,36.2,0.22,38.76,30.1,0
1779285709100,3273,UAS-02,776.8,18.97,22.23,3.26,16.97,24.3,0.988,1,1,37.1,0.37,38.87,30.1,0
1779285709133,3274,GND-VEH-01,419.9,18.94,22.08,3.14,16.34,25.3,0.990,1,1,36.0,0.23,38.59,30.0,0
1779285709167,3275,PERSON-01,381.6,18.80,22.20,3.39,16.59,24.5,0.990,1,1,36.0,0.13,38.61,30.0,0
1779285709200,3276,UAS-01,371.2,19.05,22.18,3.13,16.45,24.0,0.990,1,1,36.0,0.18,38.87,30.0,0
1779285709233,3277,UAS-02,447.8,18.86,22.25,3.39,17.10,24.0,0.990,1,1,36.0,0.14,39.02,30.0,0
1779285709267,3278,GND-VEH-01,496.2,19.10,21.78,2.67,15.93,25.2,0.990,1,1,36.0,0.04,38.46,30.1,0
1779285709300,3279,PERSON-01,413.1,18.94,22.03,3.09,16.65,24.0,0.971,1,1,36.0,0.06,39.36,30.1,0
1779285709333,3280,UAS-01,403.4,19.12,22.16,3.04,16.05,24.2,0.990,1,1,41.2,0.05,38.57,30.0,0
1779285709367,3281,UAS-02,325.0,18.86,22.38,3.52,17.23,22.7,0.990,1,1,36.0,0.30,39.39,29.9,0
1779285709400,3282,GND-VEH-01,557.0,18.80,21.90,3.10,16.46,24.8,0.981,1,1,36.0,0.11,39.27,30.2,0
1779285709433,3283,PERSON-01,943.2,19.32,22.77,3.45,16.53,25.0,0.990,1,1,39.0,0.10,38.86,30.1,0
1779285709467,3284,UAS-01,414.8,18.96,22.00,3.04,15.80,23.0,0.990,1,1,38.4,0.46,38.70,29.9,0
1779285709500,3285,UAS-02,350.8,18.91,22.29,3.38,16.08,24.6,0.979,1,1,36.0,0.10,39.08,30.0,0
1779285709533,3286,GND-VEH-01,473.7,18.94,22.13,3.18,16.10,24.2,0.990,1,1,36.3,0.02,38.77,30.0,0
1779285709567,3287,PERSON-01,418.2,18.96,22.06,3.10,16.22,22.8,0.990,1,1,36.6,0.29,38.73,30.0,0
1779285709600,3288,UAS-01,432.2,18.69,21.93,3.25,17.05,24.0,0.990,1,1,36.0,0.02,39.15,30.0,0
1779285709633,3289,UAS-02,552.7,19.04,21.94,2.90,15.46,24.1,0.990,1,1,36.0,0.02,39.05,30.0,0
1779285709667,3290,GND-VEH-01,407.4,19.05,22.26,3.20,16.46,25.9,0.986,1,1,38.8,0.37,39.23,30.1,0
1779285709700,3291,PERSON-01,474.5,19.34,22.16,2.82,15.22,24.9,0.990,1,1,36.6,0.07,38.76,29.9,0
1779285709733,3292,UAS-01,461.1,19.15,22.35,3.20,16.58,23.3,0.990,1,1,36.0,0.31,38.33,30.2,0
1779285709767,3293,UAS-02,469.6,19.29,22.44,3.15,16.54,23.7,0.990,1,1,37.0,0.07,38.44,29.9,0
1779285709800,3294,GND-VEH-01,593.2,19.18,22.37,3.19,16.46,23.1,0.978,1,1,36.0,0.55,38.73,30.0,0
1779285709833,3295,PERSON-01,353.2,19.12,22.40,3.29,16.47,24.2,0.990,1,1,36.3,0.46,39.05,29.9,0
1779285709867,3296,UAS-01,328.1,19.00,22.31,3.30,16.85,24.9,0.990,1,1,36.9,0.40,39.08,30.1,0
1779285709900,3297,UAS-02,352.1,18.73,22.05,3.32,16.68,25.5,0.987,1,1,36.0,0.05,39.08,30.0,0
1779285709933,3298,GND-VEH-01,375.0,18.93,22.05,3.11,15.80,24.1,0.982,1,1,36.9,0.23,38.89,30.0,0
1779285709967,3299,PERSON-01,910.1,19.04,22.20,3.16,16.44,24.0,0.990,1,1,37.5,0.07,38.44,30.1,0
1779285710000,3300,UAS-01,592.0,19.27,22.24,2.97,16.78,23.6,0.990,1,1,37.1,0.20,38.74,29.9,0
1779285710033,3301,UAS-02,618.1,19.12,22.34,3.22,16.70,25.7,0.990,1,1,37.3,0.06,39.15,30.1,0
1779285710067,3302,GND-VEH-01,330.4,18.86,22.11,3.25,16.57,24.5,0.990,1,1,36.0,0.01,39.17,29.9,0
1779285710100,3303,PERSON-01,471.8,19.07,22.28,3.21,16.90,23.5,0.990,1,1,36.0,0.21,38.67,30.1,0
1779285710133,3304,UAS-01,484.7,19.08,21.98,2.90,16.42,23.2,0.990,1,1,36.0,0.18,38.98,30.0,0
1779285710167,3305,UAS-02,682.9,18.90,21.97,3.07,16.60,23.9,0.990,1,1,36.0,0.35,38.74,30.1,0
1779285710200,3306,GND-VEH-01,691.1,18.79,22.00,3.21,16.79,22.9,0.990,1,1,36.0,0.04,38.99,30.0,0
1779285710233,3307,PERSON-01,593.8,18.94,21.91,2.97,16.11,23.6,0.990,1,1,36.0,0.35,39.06,30.0,0
1779285710267,3308,UAS-01,762.6,18.85,21.81,2.97,16.43,24.4,0.990,1,1,36.3,0.05,38.97,29.9,0
1779285710300,3309,UAS-02,310.6,18.90,21.98,3.07,16.05,23.9,0.990,1,1,36.3,0.17,39.06,29.9,0
1779285710333,3310,GND-VEH-01,616.8,18.81,21.72,2.91,16.73,24.1,0.990,1,1,36.0,0.01,38.58,30.0,0
1779285710367,3311,PERSON-01,358.6,19.08,22.26,3.18,17.09,24.7,0.988,1,1,38.1,0.10,39.09,30.1,0
1779285710400,3312,UAS-01,536.7,18.95,21.66,2.72,16.11,23.2,0.990,1,1,36.0,0.29,38.73,30.0,0
1779285710433,3313,UAS-02,398.8,19.11,22.54,3.42,16.60,24.4,0.969,1,1,36.6,0.06,39.15,30.0,0
1779285710467,3314,GND-VEH-01,832.6,18.91,21.60,2.69,15.37,23.6,0.990,1,1,37.0,0.31,38.84,30.1,0
1779285710500,3315,PERSON-01,513.7,18.96,22.21,3.25,16.49,23.9,0.990,1,1,36.0,0.05,39.12,30.1,0
1779285710533,3316,UAS-01,312.7,18.87,22.19,3.32,16.59,23.1,0.980,1,1,36.0,0.40,38.75,30.1,0
1779285710567,3317,UAS-02,325.9,19.14,22.31,3.17,16.23,25.1,0.990,1,1,36.0,0.25,38.87,30.0,0
1779285710600,3318,GND-VEH-01,515.8,18.87,22.18,3.31,16.66,23.5,0.990,1,1,36.0,0.28,39.62,30.0,0
1779285710633,3319,PERSON-01,597.9,18.98,21.83,2.86,16.77,22.3,0.990,1,1,36.0,0.15,38.69,29.8,0
1779285710667,3320,UAS-01,662.8,19.02,22.21,3.19,17.08,23.8,0.990,1,1,36.0,0.46,38.93,29.9,0
1779285710700,3321,UAS-02,397.6,18.99,22.13,3.13,16.14,23.8,0.990,1,1,36.0,0.24,39.09,29.9,0
1779285710733,3322,GND-VEH-01,372.6,19.06,22.37,3.30,17.65,23.0,0.990,1,1,36.0,0.07,39.62,30.1,0
1779285710767,3323,PERSON-01,486.9,18.95,22.17,3.22,16.25,24.9,0.988,1,1,36.0,0.06,39.30,29.8,0
1779285710800,3324,UAS-01,723.4,19.19,21.93,2.74,15.76,23.6,0.990,1,1,36.0,0.14,39.01,29.9,0
1779285710833,3325,UAS-02,657.7,18.79,22.04,3.26,15.96,25.1,0.990,1,1,36.0,0.29,39.27,30.0,0
1779285710867,3326,GND-VEH-01,895.0,19.05,22.30,3.25,17.00,23.5,0.990,1,1,36.0,0.42,39.05,30.0,0
1779285710900,3327,PERSON-01,747.5,18.96,22.03,3.07,16.60,23.6,0.986,1,1,37.1,0.43,39.43,30.1,0
1779285710933,3328,UAS-01,319.4,18.98,22.32,3.34,17.15,24.1,0.990,1,1,39.9,0.24,38.99,30.0,0
1779285710967,3329,UAS-02,360.5,19.13,22.36,3.23,17.28,22.6,0.990,1,1,36.0,0.17,39.35,30.0,0
1779285711000,3330,GND-VEH-01,488.4,19.15,22.23,3.08,17.01,22.8,0.990,1,1,38.3,0.20,39.27,30.1,0
1779285711033,3331,PERSON-01,511.7,18.76,22.20,3.44,17.14,23.9,0.990,1,1,37.2,0.05,39.43,30.0,0
1779285711067,3332,UAS-01,375.9,19.09,22.29,3.20,16.50,25.1,0.988,1,1,36.0,0.06,39.52,29.9,0
1779285711100,3333,UAS-02,480.3,18.87,22.18,3.30,17.22,24.3,0.990,1,1,36.0,0.48,39.11,30.1,0
1779285711133,3334,GND-VEH-01,470.4,18.86,21.93,3.07,16.21,24.9,0.990,1,1,36.0,0.07,39.11,30.0,0
1779285711167,3335,PERSON-01,483.4,18.93,22.21,3.27,16.25,23.8,0.989,1,1,36.0,0.35,38.97,30.1,0
1779285711200,3336,UAS-01,534.9,19.11,22.33,3.22,16.72,24.1,0.990,1,1,36.0,0.09,39.18,30.1,0
1779285711233,3337,UAS-02,582.0,19.05,22.34,3.28,16.67,24.9,0.990,1,1,36.0,0.04,39.26,30.1,0
1779285711267,3338,GND-VEH-01,500.9,18.93,22.20,3.27,16.84,23.9,0.985,1,1,36.0,0.24,38.83,30.1,0
1779285711300,3339,PERSON-01,679.5,19.11,21.90,2.79,16.13,24.7,0.990,1,1,36.0,0.41,39.27,30.1,0
1779285711333,3340,UAS-01,331.4,19.21,22.37,3.15,16.86,23.2,0.990,1,1,38.4,0.00,39.21,29.8,0
1779285711367,3341,UAS-02,345.5,18.78,21.85,3.07,16.69,24.5,0.990,1,1,36.0,0.08,38.79,29.8,0
1779285711400,3342,GND-VEH-01,692.7,18.91,22.00,3.09,16.64,23.0,0.990,1,1,36.0,0.38,39.36,29.9,0
1779285711433,3343,PERSON-01,636.3,18.73,22.06,3.32,16.56,23.7,0.990,1,1,37.5,0.33,38.76,30.0,0
1779285711467,3344,UAS-01,819.9,18.79,21.70,2.91,15.83,25.0,0.990,1,1,37.5,0.29,39.09,30.0,0
1779285711500,3345,UAS-02,608.6,19.18,22.35,3.17,15.64,23.3,0.990,1,1,37.8,0.03,39.06,29.9,0
1779285711533,3346,GND-VEH-01,697.1,19.04,21.96,2.92,16.04,23.0,0.990,1,1,36.0,0.01,38.83,30.1,0
1779285711567,3347,PERSON-01,854.6,19.00,22.16,3.16,16.45,24.5,0.990,1,1,36.0,0.34,39.54,30.0,0
1779285711600,3348,UAS-01,625.2,18.85,21.96,3.11,16.46,23.3,0.990,1,1,37.8,0.43,39.16,30.0,0
1779285711633,3349,UAS-02,519.5,19.00,21.98,2.97,16.06,22.6,0.990,1,1,37.6,0.27,38.83,30.0,0
1779285711667,3350,GND-VEH-01,947.8,18.76,22.12,3.36,16.54,25.2,0.990,1,1,37.9,0.10,39.32,30.0,0
1779285711700,3351,PERSON-01,780.3,19.05,22.30,3.25,16.37,25.3,0.981,1,1,36.3,0.41,39.50,30.0,0
1779285711733,3352,UAS-01,474.8,19.01,22.02,3.01,16.74,23.0,0.990,1,1,37.1,0.46,39.62,30.2,0
1779285711767,3353,UAS-02,406.7,18.90,22.44,3.54,16.79,24.2,0.990,1,1,36.6,0.49,39.02,29.9,0
1779285711800,3354,GND-VEH-01,469.4,19.13,22.40,3.27,17.13,24.1,0.990,1,1,36.0,0.00,39.14,30.0,0
1779285711833,3355,PERSON-01,881.6,19.06,22.15,3.08,16.07,24.1,0.990,1,1,36.0,0.13,38.97,30.1,0
1779285711867,3356,UAS-01,673.6,19.14,22.15,3.02,16.69,24.6,0.990,1,1,36.4,0.30,38.71,29.9,0
1779285711900,3357,UAS-02,428.9,18.87,22.04,3.17,15.79,25.5,0.975,1,1,36.0,0.04,39.13,30.0,0
1779285711933,3358,GND-VEH-01,346.4,18.95,22.06,3.11,16.71,24.4,0.990,1,1,36.9,0.18,39.07,30.2,0
1779285711967,3359,PERSON-01,484.0,18.99,22.13,3.14,16.24,24.9,0.990,1,1,37.4,0.41,38.89,30.1,0
1779285712000,3360,UAS-01,604.5,19.26,22.30,3.03,16.09,24.1,0.990,1,1,36.3,0.23,39.11,22.3,1
1779285712033,3361,UAS-02,398.5,19.15,22.52,3.37,17.11,24.0,0.990,1,1,36.9,0.17,39.36,29.8,0
1779285712067,3362,GND-VEH-01,632.2,19.21,22.54,3.33,16.77,23.3,0.990,1,1,36.0,0.24,39.29,30.0,0
1779285712100,3363,PERSON-01,390.2,19.03,22.47,3.44,17.20,24.1,0.987,1,1,36.5,0.00,38.90,30.0,0
1779285712133,3364,UAS-01,447.3,19.23,22.36,3.13,15.88,23.9,0.990,1,1,36.0,0.32,39.61,30.1,0
1779285712167,3365,UAS-02,662.4,18.99,22.10,3.11,16.59,23.2,0.990,1,1,36.1,0.49,39.67,30.0,0
1779285712200,3366,GND-VEH-01,421.6,19.15,22.22,3.07,16.11,24.0,0.990,1,1,36.0,0.34,39.67,30.0,0
1779285712233,3367,PERSON-01,606.5,18.90,22.03,3.13,16.82,24.5,0.973,1,1,37.0,0.42,39.17,30.1,0
1779285712267,3368,UAS-01,410.3,19.10,22.25,3.14,15.75,24.7,0.982,1,1,36.0,0.02,38.74,30.0,0
1779285712300,3369,UAS-02,645.9,18.81,22.01,3.21,16.94,22.1,0.985,1,1,36.9,0.22,38.90,30.0,0
1779285712333,3370,GND-VEH-01,515.6,19.03,22.26,3.23,16.82,23.4,0.990,1,1,36.0,0.28,39.23,29.9,0
1779285712367,3371,PERSON-01,508.3,18.86,22.07,3.21,16.61,24.7,0.978,1,1,36.0,0.03,39.49,29.9,0
1779285712400,3372,UAS-01,651.5,19.01,21.87,2.86,15.60,24.9,0.979,1,1,36.0,0.09,39.31,29.9,0
1779285712433,3373,UAS-02,776.1,18.89,21.58,2.69,16.38,23.7,0.990,1,1,36.5,0.15,39.67,30.2,0
1779285712467,3374,GND-VEH-01,493.9,19.04,22.14,3.11,16.44,24.9,0.990,1,1,36.0,0.52,39.05,29.9,0
1779285712500,3375,PERSON-01,568.1,19.00,22.34,3.34,15.88,25.1,0.982,1,1,36.0,0.42,39.28,30.1,0
1779285712533,3376,UAS-01,717.7,18.87,21.83,2.96,16.35,23.3,0.984,1,1,36.0,0.22,39.04,30.1,0
1779285712567,3377,UAS-02,415.3,19.17,22.10,2.93,15.81,23.3,0.982,1,1,36.0,0.18,39.02,30.0,0
1779285712600,3378,GND-VEH-01,440.7,18.84,22.14,3.31,17.62,22.3,0.983,1,1,36.0,0.19,39.52,30.0,0
1779285712633,3379,PERSON-01,392.4,19.17,22.52,3.35,16.60,25.1,0.990,1,1,36.0,0.27,39.43,30.2,0
1779285712667,3380,UAS-01,492.7,19.23,22.53,3.31,16.82,24.5,0.990,1,1,36.0,0.47,39.69,30.1,0
1779285712700,3381,UAS-02,412.8,18.99,22.23,3.23,16.23,24.2,0.990,1,1,36.0,0.01,39.51,30.0,0
1779285712733,3382,GND-VEH-01,663.1,18.72,21.93,3.21,16.52,24.7,0.990,1,1,36.3,0.51,39.15,30.1,0
1779285712767,3383,PERSON-01,516.8,19.18,22.23,3.05,15.96,25.8,0.979,1,1,36.0,0.01,39.44,30.0,0
1779285712800,3384,UAS-01,390.7,19.04,22.11,3.07,16.77,23.7,0.990,1,1,36.9,0.22,39.17,29.9,0
1779285712833,3385,UAS-02,616.3,18.74,21.70,2.96,16.82,23.9,0.990,1,1,38.9,0.09,39.46,30.2,0
1779285712867,3386,GND-VEH-01,477.5,19.11,22.33,3.22,16.28,24.4,0.990,1,1,36.0,0.32,39.12,30.1,0
1779285712900,3387,PERSON-01,477.7,19.09,22.59,3.50,17.51,24.2,0.990,1,1,37.0,0.12,39.65,30.0,0
1779285712933,3388,UAS-01,688.2,19.11,22.40,3.29,16.70,23.9,0.990,1,1,36.0,0.00,38.87,30.0,0
1779285712967,3389,UAS-02,750.1,19.06,21.88,2.82,15.79,22.7,0.986,1,1,36.0,0.09,39.44,29.9,0
1779285713000,3390,GND-VEH-01,367.0,18.72,21.86,3.14,17.16,22.0,0.972,1,1,36.0,0.05,39.47,29.9,0
1779285713033,3391,PERSON-01,399.0,18.95,22.10,3.15,16.62,24.7,0.990,1,1,37.4,0.10,39.66,30.0,0
1779285713067,3392,UAS-01,306.2,18.95,22.35,3.40,16.88,23.8,0.988,1,1,38.1,0.04,38.97,30.0,0
1779285713100,3393,UAS-02,663.3,19.06,22.26,3.21,16.94,23.5,0.985,1,1,38.2,0.03,39.25,30.0,0
1779285713133,3394,GND-VEH-01,354.2,19.14,22.26,3.12,16.39,23.5,0.976,1,1,36.7,0.28,39.55,29.9,0
1779285713167,3395,PERSON-01,325.0,18.92,21.96,3.05,16.90,23.8,0.990,1,1,36.0,0.05,39.55,29.9,0
1779285713200,3396,UAS-01,486.1,19.20,22.38,3.17,16.30,23.1,0.983,1,1,36.5,0.23,39.09,29.9,0
1779285713233,3397,UAS-02,617.7,18.91,22.08,3.17,15.94,24.2,0.978,1,1,37.4,0.37,39.04,30.1,0
1779285713267,3398,GND-VEH-01,301.8,18.65,21.69,3.04,16.50,23.2,0.990,1,1,37.2,0.04,39.61,30.1,0
1779285713300,3399,PERSON-01,507.3,18.99,22.17,3.19,16.42,24.7,0.990,1,1,37.4,0.02,38.93,29.9,0
1779285713333,3400,UAS-01,595.0,19.00,22.11,3.11,16.23,22.4,0.990,1,1,36.0,0.09,39.55,30.0,0
1779285713367,3401,UAS-02,510.4,19.11,22.15,3.04,15.74,23.5,0.981,1,1,39.1,0.03,39.41,29.9,0
1779285713400,3402,GND-VEH-01,439.1,18.76,21.72,2.95,16.29,23.8,0.990,1,1,37.1,0.35,39.51,30.0,0
1779285713433,3403,PERSON-01,625.5,19.13,22.22,3.09,16.83,25.7,0.990,1,1,36.0,0.11,39.43,30.1,0
1779285713467,3404,UAS-01,675.4,18.98,22.25,3.27,16.30,24.3,0.990,1,1,39.7,0.03,39.33,30.0,0
1779285713500,3405,UAS-02,686.3,18.91,22.14,3.23,16.69,23.8,0.990,1,1,37.0,0.14,39.26,29.8,0
1779285713533,3406,GND-VEH-01,561.6,19.08,22.18,3.10,16.66,25.9,0.976,1,1,36.0,0.05,39.19,30.1,0
1779285713567,3407,PERSON-01,409.1,18.97,22.50,3.54,17.34,24.2,0.990,1,1,37.1,0.29,38.87,30.1,0
1779285713600,3408,UAS-01,524.6,18.78,21.86,3.08,15.72,23.7,0.990,1,1,36.0,0.10,39.56,30.1,0
1779285713633,3409,UAS-02,437.3,19.29,22.31,3.02,15.60,25.0,0.990,1,1,36.1,0.08,39.54,30.1,0
1779285713667,3410,GND-VEH-01,312.1,19.14,22.66,3.52,17.22,23.6,0.990,1,1,36.0,0.32,39.38,29.8,0
1779285713700,3411,PERSON-01,404.3,19.09,21.90,2.82,15.30,24.3,0.990,1,1,36.0,0.41,39.38,29.9,0
1779285713733,3412,UAS-01,387.0,19.01,22.09,3.08,16.41,24.2,0.990,1,1,36.3,0.07,39.52,29.8,0
1779285713767,3413,UAS-02,675.1,19.10,22.42,3.32,16.82,24.4,0.990,1,1,36.0,0.23,39.66,30.0,0
1779285713800,3414,GND-VEH-01,743.9,19.07,22.04,2.97,15.96,24.9,0.990,1,1,36.0,0.05,38.86,29.9,0
1779285713833,3415,PERSON-01,467.9,19.13,22.21,3.08,16.47,24.3,0.990,1,1,36.0,0.52,39.38,29.9,0
1779285713867,3416,UAS-01,323.2,18.79,21.99,3.20,15.96,24.0,0.981,1,1,36.0,0.34,39.32,29.9,0
1779285713900,3417,UAS-02,538.4,19.06,21.96,2.90,15.92,23.8,0.963,1,1,40.4,0.24,39.47,30.1,0
1779285713933,3418,GND-VEH-01,459.4,18.78,22.09,3.31,16.30,25.4,0.983,1,1,36.2,0.18,39.66,30.1,0
1779285713967,3419,PERSON-01,728.6,19.36,22.48,3.13,16.74,23.0,0.984,1,1,36.0,0.18,39.40,30.0,0
1779285714000,3420,UAS-01,396.1,19.00,22.14,3.14,16.38,23.1,0.990,1,1,36.0,0.33,39.66,30.2,0
1779285714033,3421,UAS-02,425.8,19.17,22.51,3.34,16.88,24.0,0.981,1,1,36.0,0.20,39.63,30.0,0
1779285714067,3422,GND-VEH-01,366.0,18.95,22.18,3.23,16.64,24.8,0.990,1,1,36.9,0.22,39.55,29.9,0
1779285714100,3423,PERSON-01,775.9,18.96,22.13,3.17,16.67,23.4,0.990,1,1,36.0,0.52,39.08,29.9,0
1779285714133,3424,UAS-01,368.0,19.29,22.32,3.02,17.15,23.1,0.990,1,1,36.0,0.11,39.38,30.0,0
1779285714167,3425,UAS-02,491.7,19.03,22.03,3.00,16.75,23.4,0.990,1,1,36.1,0.07,38.85,30.1,0
1779285714200,3426,GND-VEH-01,435.4,18.90,22.27,3.37,16.49,23.8,0.990,1,1,36.5,0.05,39.62,30.0,0
1779285714233,3427,PERSON-01,444.7,19.21,22.46,3.25,16.95,24.0,0.990,1,1,36.0,0.30,39.46,30.1,0
1779285714267,3428,UAS-01,450.8,19.18,22.08,2.89,15.53,25.6,0.984,1,1,36.0,0.14,39.38,30.0,0
1779285714300,3429,UAS-02,659.9,19.06,21.94,2.87,15.86,23.1,0.987,1,1,38.8,0.13,39.58,30.1,0
1779285714333,3430,GND-VEH-01,321.8,19.19,22.84,3.65,17.10,24.1,0.990,1,1,36.0,0.27,39.77,30.1,0
1779285714367,3431,PERSON-01,382.6,18.93,22.24,3.31,16.29,25.8,0.990,1,1,36.0,0.32,40.06,30.1,0
1779285714400,3432,UAS-01,849.1,18.92,21.51,2.59,14.81,24.1,0.990,1,1,36.0,0.11,39.46,30.1,0
1779285714433,3433,UAS-02,318.2,18.87,22.05,3.18,15.91,25.0,0.979,1,1,36.0,0.01,39.58,30.0,0
1779285714467,3434,GND-VEH-01,656.2,19.21,22.17,2.96,16.05,24.6,0.971,1,1,36.0,0.62,39.52,30.0,0
1779285714500,3435,PERSON-01,415.3,19.13,22.79,3.66,16.83,23.9,0.980,1,1,36.0,0.01,39.37,30.2,0
1779285714533,3436,UAS-01,445.6,18.93,22.24,3.32,16.77,23.3,0.990,1,1,36.0,0.40,39.45,30.1,0
1779285714567,3437,UAS-02,620.6,18.90,21.91,3.02,16.65,23.0,0.990,1,1,36.0,0.01,39.85,30.0,0
1779285714600,3438,GND-VEH-01,360.5,18.87,22.01,3.14,17.36,23.0,0.990,1,1,36.0,0.27,39.02,30.1,0
1779285714633,3439,PERSON-01,350.9,19.25,22.30,3.05,15.96,24.1,0.990,1,1,36.0,0.00,39.33,30.1,0
1779285714667,3440,UAS-01,605.7,18.84,21.90,3.06,16.05,24.4,0.990,1,1,36.4,0.07,39.21,30.0,0
1779285714700,3441,UAS-02,550.2,18.99,22.45,3.46,16.89,21.9,0.990,1,1,39.5,0.38,39.46,30.0,0
1779285714733,3442,GND-VEH-01,722.7,19.04,21.94,2.90,16.02,23.8,0.990,1,1,36.0,0.17,39.59,29.9,0
1779285714767,3443,PERSON-01,486.2,18.85,22.07,3.22,16.43,23.2,0.990,1,1,37.8,0.25,39.47,29.8,0
1779285714800,3444,UAS-01,538.6,19.08,22.01,2.94,16.58,25.0,0.990,1,1,36.0,0.04,39.35,29.9,0
1779285714833,3445,UAS-02,391.6,19.00,22.39,3.39,17.02,25.1,0.990,1,1,36.0,0.22,39.58,30.1,0
1779285714867,3446,GND-VEH-01,308.3,19.07,22.66,3.59,17.43,23.1,0.990,1,1,38.9,0.02,39.63,30.1,0
1779285714900,3447,PERSON-01,369.7,19.12,22.28,3.17,16.51,25.1,0.990,1,1,36.0,0.03,39.16,30.0,0
1779285714933,3448,UAS-01,395.3,19.13,22.68,3.55,16.89,24.2,0.981,1,1,36.9,0.13,39.59,29.9,0
1779285714967,3449,UAS-02,809.2,19.01,21.88,2.86,16.49,24.8,0.990,1,1,36.5,0.05,39.53,29.8,0
1779285715000,3450,GND-VEH-01,608.8,19.05,22.13,3.08,17.20,22.9,0.990,1,1,37.2,0.24,39.08,29.9,0
1779285715033,3451,PERSON-01,918.0,19.10,21.99,2.89,16.18,23.9,0.990,1,1,38.4,0.10,39.17,30.1,0
1779285715067,3452,UAS-01,706.8,18.87,21.83,2.96,16.55,24.8,0.976,1,1,36.0,0.40,39.63,30.0,0
1779285715100,3453,UAS-02,696.8,19.16,21.99,2.84,15.54,24.0,0.990,1,1,38.0,0.22,39.34,30.0,0
1779285715133,3454,GND-VEH-01,432.2,19.00,22.26,3.26,16.81,24.6,0.983,1,1,37.1,0.60,39.72,30.0,0
1779285715167,3455,PERSON-01,632.1,19.05,22.00,2.96,16.35,25.2,0.988,1,1,37.1,0.27,39.80,30.0,0
1779285715200,3456,UAS-01,306.2,19.07,22.44,3.37,16.74,24.5,0.984,1,1,36.0,0.25,39.60,30.1,0
1779285715233,3457,UAS-02,434.0,19.11,22.04,2.93,16.54,22.3,0.977,1,1,38.3,0.35,39.55,30.1,0
1779285715267,3458,GND-VEH-01,368.2,19.07,22.22,3.15,16.81,24.1,0.980,1,1,38.2,0.49,39.85,29.9,0
1779285715300,3459,PERSON-01,402.0,18.98,22.21,3.23,16.88,22.8,0.990,1,1,36.9,0.02,39.45,30.0,0
1779285715333,3460,UAS-01,355.0,18.93,22.22,3.29,16.59,23.4,0.987,1,1,36.0,0.24,39.49,29.9,0
1779285715367,3461,UAS-02,423.0,18.87,22.27,3.40,16.74,25.1,0.990,1,1,37.2,0.71,39.82,30.0,0
1779285715400,3462,GND-VEH-01,624.3,18.92,22.05,3.13,16.53,24.0,0.982,1,1,36.0,0.31,39.44,30.1,0
1779285715433,3463,PERSON-01,404.5,18.99,21.93,2.95,16.45,25.9,0.990,1,1,36.5,0.09,39.61,29.9,0
1779285715467,3464,UAS-01,681.1,19.08,22.11,3.02,16.44,22.8,0.990,1,1,36.0,0.22,39.57,30.0,0
1779285715500,3465,UAS-02,392.2,19.25,22.50,3.26,16.62,25.2,0.990,1,1,36.0,0.11,39.50,30.1,0
1779285715533,3466,GND-VEH-01,671.1,19.02,21.97,2.96,16.43,23.3,0.990,1,1,36.0,0.15,39.40,30.1,0
1779285715567,3467,PERSON-01,435.1,19.06,22.35,3.30,17.13,24.1,0.990,1,1,36.3,0.01,39.47,30.0,0
1779285715600,3468,UAS-01,332.8,18.95,21.89,2.94,15.86,23.9,0.990,1,1,38.3,0.23,39.42,29.9,0
1779285715633,3469,UAS-02,431.5,19.01,22.22,3.21,17.41,23.4,0.990,1,1,36.3,0.21,39.29,30.0,0
1779285715667,3470,GND-VEH-01,397.5,18.97,22.18,3.21,16.92,24.4,0.990,1,1,36.8,0.43,39.85,30.1,0
1779285715700,3471,PERSON-01,444.6,18.96,21.77,2.81,16.00,23.1,0.990,1,1,38.8,0.49,39.70,30.1,0
1779285715733,3472,UAS-01,334.4,18.56,21.89,3.33,16.98,24.1,0.983,1,1,36.0,0.19,40.03,29.9,0
1779285715767,3473,UAS-02,391.8,19.05,22.19,3.14,16.63,24.8,0.990,1,1,38.6,0.18,39.51,29.9,0
1779285715800,3474,GND-VEH-01,732.6,19.03,22.11,3.08,16.49,24.7,0.990,1,1,36.0,0.14,39.29,29.9,0
1779285715833,3475,PERSON-01,663.0,19.16,22.22,3.06,16.90,23.4,0.990,1,1,36.0,0.19,39.41,30.0,0
1779285715867,3476,UAS-01,712.9,18.82,21.95,3.12,15.37,25.1,0.990,1,1,38.8,0.08,39.48,30.0,0
1779285715900,3477,UAS-02,584.6,19.03,22.08,3.05,16.70,24.7,0.990,1,1,36.9,0.42,39.90,30.0,0
1779285715933,3478,GND-VEH-01,463.9,19.05,22.08,3.03,16.29,24.2,0.988,1,1,36.0,0.21,39.80,29.9,0
1779285715967,3479,PERSON-01,435.7,18.75,22.11,3.36,16.92,24.7,0.990,1,1,36.0,0.09,39.21,30.0,0
1779285716000,3480,UAS-01,850.6,19.21,22.23,3.02,16.30,22.7,0.985,1,1,36.0,0.02,39.38,30.1,0
1779285716033,3481,UAS-02,606.3,18.91,21.90,2.98,17.17,23.9,0.990,1,1,36.0,0.02,39.50,29.8,0
1779285716067,3482,GND-VEH-01,660.9,18.90,22.36,3.47,16.81,24.6,0.990,1,1,36.0,0.54,39.71,30.1,0
1779285716100,3483,PERSON-01,778.8,18.97,21.92,2.95,16.83,23.9,0.990,1,1,36.5,0.32,39.93,30.0,0
1779285716133,3484,UAS-01,548.5,19.01,22.17,3.15,16.65,23.8,0.990,1,1,39.1,0.46,39.82,30.0,0
1779285716167,3485,UAS-02,531.2,19.00,21.79,2.79,16.12,25.0,0.990,1,1,36.0,0.08,39.46,30.0,0
1779285716200,3486,GND-VEH-01,720.0,18.98,22.08,3.10,17.10,23.9,0.983,1,1,36.0,0.13,39.79,30.1,0
1779285716233,3487,PERSON-01,466.9,19.12,22.40,3.29,16.27,24.5,0.990,1,1,36.0,0.00,39.66,30.0,0
1779285716267,3488,UAS-01,565.5,19.20,22.34,3.14,16.65,23.8,0.990,1,1,37.9,0.09,39.47,29.9,0
1779285716300,3489,UAS-02,901.1,18.95,22.03,3.09,16.86,25.1,0.990,1,1,37.1,0.18,39.20,30.0,0
1779285716333,3490,GND-VEH-01,512.2,18.91,22.05,3.14,16.16,24.5,0.985,1,1,36.0,0.46,39.59,30.0,0
1779285716367,3491,PERSON-01,577.0,18.92,22.23,3.31,16.49,24.8,0.990,1,1,39.1,0.48,39.49,29.9,0
1779285716400,3492,UAS-01,562.9,18.80,21.86,3.06,15.94,25.0,0.978,1,1,36.0,0.17,39.99,30.0,0
1779285716433,3493,UAS-02,616.8,18.88,21.71,2.84,16.57,23.4,0.990,1,1,36.0,0.07,39.79,30.2,0
1779285716467,3494,GND-VEH-01,474.1,19.06,22.35,3.29,17.29,23.7,0.974,1,1,37.8,0.41,39.95,30.0,0
1779285716500,3495,PERSON-01,317.4,19.06,22.42,3.36,16.85,22.5,0.990,1,1,36.0,0.31,39.16,29.9,0
1779285716533,3496,UAS-01,395.6,18.85,22.36,3.51,16.24,25.1,0.973,1,1,36.1,0.38,39.47,29.9,0
1779285716567,3497,UAS-02,424.5,19.13,22.47,3.34,16.41,23.1,0.990,1,1,38.8,0.02,39.72,30.0,0
1779285716600,3498,GND-VEH-01,687.4,19.04,21.95,2.91,15.20,24.0,0.990,1,1,36.7,0.13,39.55,30.1,0
1779285716633,3499,PERSON-01,555.9,18.94,22.04,3.10,16.70,23.9,0.990,1,1,36.8,0.26,39.64,29.9,0
1779285716667,3500,UAS-01,680.0,18.94,22.15,3.21,17.08,23.4,0.990,1,1,36.0,0.10,39.44,30.0,0
1779285716700,3501,UAS-02,507.6,19.06,22.26,3.20,16.25,22.8,0.990,1,1,36.0,0.37,39.31,30.0,0
1779285716733,3502,GND-VEH-01,801.6,18.92,21.94,3.02,15.79,24.1,0.990,1,1,36.0,0.23,39.87,30.1,0
1779285716767,3503,PERSON-01,684.2,19.06,22.37,3.32,16.26,24.7,0.990,1,1,36.0,0.04,39.70,30.0,0
1779285716800,3504,UAS-01,437.5,19.09,22.21,3.12,15.94,23.2,0.990,1,1,36.0,0.27,39.55,30.1,0
1779285716833,3505,UAS-02,301.5,18.99,22.31,3.32,16.48,23.3,0.990,1,1,36.0,0.30,39.81,30.0,0
1779285716867,3506,GND-VEH-01,361.2,18.92,22.12,3.20,16.25,24.1,0.990,1,1,36.0,0.47,39.65,30.0,0
1779285716900,3507,PERSON-01,489.1,19.18,22.35,3.17,16.03,23.4,0.990,1,1,36.0,0.17,40.02,30.0,0
1779285716933,3508,UAS-01,696.4,19.10,22.18,3.07,17.09,23.6,0.990,1,1,36.0,0.05,39.36,30.0,0
1779285716967,3509,UAS-02,368.4,19.00,22.02,3.02,16.64,23.0,0.990,1,1,36.0,0.14,39.99,30.1,0
1779285717000,3510,GND-VEH-01,696.7,19.02,21.89,2.87,16.48,23.3,0.990,1,1,38.5,0.13,39.88,30.0,0
1779285717033,3511,PERSON-01,442.1,18.92,22.13,3.21,17.12,22.5,0.990,1,1,36.0,0.10,39.80,30.0,0
1779285717067,3512,UAS-01,305.8,19.06,22.28,3.22,16.07,25.6,0.977,1,1,36.0,0.30,39.67,30.0,0
1779285717100,3513,UAS-02,732.9,18.69,21.36,2.67,15.74,23.0,0.990,1,1,36.0,0.04,39.88,29.9,0
1779285717133,3514,GND-VEH-01,340.5,18.96,22.16,3.21,16.61,23.4,0.990,1,1,36.0,0.18,39.79,29.9,0
1779285717167,3515,PERSON-01,440.1,19.05,22.00,2.95,15.74,22.2,0.990,1,1,36.2,0.25,40.04,29.9,0
1779285717200,3516,UAS-01,422.5,19.21,22.71,3.51,17.15,24.1,0.990,1,1,36.0,0.13,40.09,30.1,0
1779285717233,3517,UAS-02,534.8,18.99,22.23,3.24,16.68,24.3,0.990,1,1,37.2,0.20,39.80,30.0,0
1779285717267,3518,GND-VEH-01,443.9,19.01,21.97,2.95,16.52,23.5,0.975,1,1,39.2,0.54,39.48,29.8,0
1779285717300,3519,PERSON-01,540.0,18.96,22.05,3.10,15.88,24.4,0.989,1,1,37.3,0.02,39.72,29.9,0
1779285717333,3520,UAS-01,400.6,19.08,22.48,3.40,16.85,23.0,0.990,1,1,36.0,0.21,39.43,30.1,0
1779285717367,3521,UAS-02,465.8,19.15,21.96,2.81,16.01,23.3,0.989,1,1,36.0,0.46,39.11,30.1,0
1779285717400,3522,GND-VEH-01,720.6,18.83,21.84,3.01,16.49,24.4,0.990,1,1,37.4,0.05,39.84,29.9,0
1779285717433,3523,PERSON-01,491.8,19.06,22.49,3.43,16.79,24.4,0.990,1,1,37.8,0.39,39.40,29.9,0
1779285717467,3524,UAS-01,373.9,19.19,22.29,3.09,16.18,24.0,0.990,1,1,37.3,0.20,39.40,29.9,0
1779285717500,3525,UAS-02,517.4,18.89,22.05,3.16,15.85,24.5,0.990,1,1,36.9,0.18,39.75,30.0,0
1779285717533,3526,GND-VEH-01,380.0,18.98,22.09,3.11,16.73,25.2,0.990,1,1,36.0,0.29,39.54,30.0,0
1779285717567,3527,PERSON-01,361.9,18.89,21.95,3.05,16.25,23.6,0.990,1,1,36.0,0.37,39.91,30.1,0
1779285717600,3528,UAS-01,575.2,18.80,21.79,2.99,16.30,23.1,0.990,1,1,36.0,0.14,39.76,29.9,0
1779285717633,3529,UAS-02,667.0,19.01,22.13,3.12,15.41,23.0,0.990,1,1,37.7,0.05,39.52,30.0,0
1779285717667,3530,GND-VEH-01,679.5,19.05,22.19,3.14,16.72,23.9,0.990,1,1,38.8,0.48,39.59,30.0,0
1779285717700,3531,PERSON-01,378.6,19.01,22.08,3.07,16.94,23.5,0.990,1,1,36.0,0.37,39.79,29.9,0
1779285717733,3532,UAS-01,431.1,19.00,22.44,3.44,16.89,23.9,0.990,1,1,36.0,0.56,39.76,30.0,0
1779285717767,3533,UAS-02,630.4,18.91,22.07,3.16,16.26,24.2,0.990,1,1,39.5,0.29,39.77,30.1,0
1779285717800,3534,GND-VEH-01,761.2,18.90,21.82,2.91,15.83,24.9,0.990,1,1,36.6,0.31,39.96,30.0,0
1779285717833,3535,PERSON-01,388.2,18.87,21.98,3.11,16.93,25.0,0.990,1,1,36.0,0.06,39.34,30.0,0
1779285717867,3536,UAS-01,380.9,18.84,22.02,3.19,16.58,23.3,0.990,1,1,37.4,0.30,39.88,30.0,0
1779285717900,3537,UAS-02,527.4,18.93,22.25,3.32,17.16,22.8,0.990,1,1,36.1,0.37,39.51,30.1,0
1779285717933,3538,GND-VEH-01,711.5,18.90,22.03,3.13,16.95,22.9,0.990,1,1,37.4,0.16,39.54,20.8,1
1779285717967,3539,PERSON-01,525.4,19.37,22.75,3.38,17.47,23.8,0.990,1,1,36.0,0.30,39.74,30.0,0
1779285718000,3540,UAS-01,834.8,19.09,22.21,3.12,16.50,23.3,0.974,1,1,37.7,0.25,40.15,30.0,0
1779285718033,3541,UAS-02,771.4,18.81,22.32,3.51,17.14,24.2,0.990,1,1,37.4,0.14,40.06,30.0,0
1779285718067,3542,GND-VEH-01,729.6,18.99,22.07,3.08,16.74,22.6,0.990,1,1,37.1,0.42,40.01,30.0,0
1779285718100,3543,PERSON-01,485.0,19.22,22.47,3.25,17.02,23.4,0.990,1,1,36.0,0.06,39.60,29.9,0
1779285718133,3544,UAS-01,376.1,18.94,22.07,3.13,17.12,24.0,0.978,1,1,36.0,0.08,39.45,29.9,0
1779285718167,3545,UAS-02,530.2,19.08,22.27,3.19,16.63,24.2,0.990,1,1,36.0,0.32,40.12,29.9,0
1779285718200,3546,GND-VEH-01,679.1,19.13,22.14,3.01,17.10,22.8,0.990,1,1,37.5,0.58,39.91,29.9,0
1779285718233,3547,PERSON-01,698.4,19.11,22.27,3.16,16.65,23.5,0.990,1,1,36.0,0.07,40.19,30.1,0
1779285718267,3548,UAS-01,436.7,19.02,22.23,3.21,16.45,22.1,0.983,1,1,36.0,0.06,39.47,30.0,0
1779285718300,3549,UAS-02,613.9,18.90,22.19,3.29,17.14,24.5,0.990,1,1,36.0,0.46,39.81,30.1,0
1779285718333,3550,GND-VEH-01,503.1,18.93,22.39,3.46,17.30,24.4,0.990,1,1,39.5,0.25,39.96,30.0,0
1779285718367,3551,PERSON-01,301.4,18.82,22.23,3.41,16.79,24.7,0.989,1,1,36.0,0.30,39.54,29.9,0
1779285718400,3552,UAS-01,675.3,18.71,21.84,3.13,15.96,25.1,0.990,1,1,37.0,0.25,39.75,30.0,0
1779285718433,3553,UAS-02,319.5,19.03,22.45,3.42,16.93,23.9,0.990,1,1,39.7,0.22,40.06,30.1,0
1779285718467,3554,GND-VEH-01,459.2,18.97,22.31,3.34,16.73,23.4,0.990,1,1,36.0,0.12,39.84,30.1,0
1779285718500,3555,PERSON-01,375.7,18.86,21.96,3.10,15.73,24.3,0.977,1,1,36.1,0.01,40.13,30.1,0
1779285718533,3556,UAS-01,425.3,19.05,22.18,3.13,16.25,23.3,0.972,1,1,36.0,0.09,39.45,30.1,0
1779285718567,3557,UAS-02,380.9,18.91,22.62,3.71,17.16,24.1,0.976,1,1,36.0,0.10,40.61,30.1,0
1779285718600,3558,GND-VEH-01,318.4,19.06,22.40,3.35,16.85,23.8,0.972,1,1,38.2,0.52,40.26,29.9,0
1779285718633,3559,PERSON-01,479.6,19.26,22.14,2.88,16.16,24.6,0.990,1,1,36.0,0.61,39.95,30.0,0
1779285718667,3560,UAS-01,578.7,18.79,21.64,2.85,16.99,24.2,0.990,1,1,36.0,0.30,40.07,30.1,0
1779285718700,3561,UAS-02,521.0,18.98,22.23,3.25,17.00,24.0,0.990,1,1,37.0,0.03,39.61,30.0,0
1779285718733,3562,GND-VEH-01,567.0,18.85,21.97,3.12,16.91,25.7,0.990,1,1,36.1,0.10,39.80,29.9,0
1779285718767,3563,PERSON-01,335.9,18.86,22.18,3.32,16.87,23.3,0.990,1,1,38.1,0.32,39.92,30.1,0
1779285718800,3564,UAS-01,403.6,18.99,22.27,3.28,17.19,24.7,0.990,1,1,37.2,0.07,39.77,30.0,0
1779285718833,3565,UAS-02,969.3,19.11,21.94,2.83,15.79,23.9,0.990,1,1,36.0,0.13,40.26,30.2,0
1779285718867,3566,GND-VEH-01,396.8,19.29,22.51,3.21,16.79,22.2,0.990,1,1,36.0,0.18,40.03,29.8,0
1779285718900,3567,PERSON-01,679.8,19.01,21.90,2.89,16.00,23.0,0.990,1,1,36.0,0.19,39.79,30.0,0
1779285718933,3568,UAS-01,421.6,19.26,22.43,3.16,15.97,23.6,0.990,1,1,36.0,0.36,39.94,29.9,0
1779285718967,3569,UAS-02,749.4,19.26,22.26,3.01,15.99,24.2,0.990,1,1,36.0,0.24,40.00,29.8,0
1779285719000,3570,GND-VEH-01,623.6,18.89,22.02,3.12,15.91,24.7,0.984,1,1,36.8,0.18,39.95,29.9,0
1779285719033,3571,PERSON-01,686.1,19.03,21.93,2.91,15.85,22.9,0.990,1,1,36.0,0.28,39.76,30.0,0
1779285719067,3572,UAS-01,901.3,18.86,21.45,2.60,15.82,23.4,0.987,1,1,36.1,0.06,39.96,30.0,0
1779285719100,3573,UAS-02,504.2,19.07,22.47,3.40,17.28,23.4,0.990,1,1,36.2,0.05,40.20,30.1,0
1779285719133,3574,GND-VEH-01,351.0,19.17,22.61,3.44,16.98,24.4,0.990,1,1,36.4,0.12,40.06,29.9,0
1779285719167,3575,PERSON-01,429.3,19.13,22.30,3.17,16.68,24.0,0.990,1,1,37.8,0.04,39.64,30.2,0
1779285719200,3576,UAS-01,873.4,19.03,22.02,2.99,16.28,22.9,0.990,1,1,36.8,0.06,39.62,29.9,0
1779285719233,3577,UAS-02,345.5,18.92,21.91,2.99,15.98,23.6,0.986,1,1,37.2,0.24,39.50,29.9,0
1779285719267,3578,GND-VEH-01,403.5,18.95,22.10,3.15,16.03,23.4,0.981,1,1,36.0,0.71,39.77,30.0,0
1779285719300,3579,PERSON-01,498.9,18.85,22.14,3.29,17.02,24.0,0.990,1,1,39.0,0.33,39.95,30.0,0
1779285719333,3580,UAS-01,328.5,18.71,21.74,3.03,15.99,23.4,0.990,1,1,40.3,0.04,39.63,29.8,0
1779285719367,3581,UAS-02,524.0,19.17,22.29,3.12,16.67,24.7,0.983,1,1,36.0,0.38,39.69,30.1,0
1779285719400,3582,GND-VEH-01,431.1,19.12,22.42,3.31,17.35,25.3,0.990,1,1,38.5,0.35,39.74,30.1,0
1779285719433,3583,PERSON-01,626.4,19.00,22.01,3.01,16.47,24.2,0.990,1,1,36.0,0.38,40.08,30.0,0
1779285719467,3584,UAS-01,675.2,19.03,22.31,3.28,16.92,24.4,0.985,1,1,37.2,0.18,39.85,30.0,0
1779285719500,3585,UAS-02,474.7,19.01,22.41,3.41,16.66,23.7,0.982,1,1,36.0,0.19,40.04,29.9,0
1779285719533,3586,GND-VEH-01,583.4,18.84,21.77,2.92,16.14,24.6,0.982,1,1,38.2,0.30,39.80,29.8,0
1779285719567,3587,PERSON-01,593.0,18.82,21.85,3.03,16.16,25.2,0.990,1,1,38.2,0.23,39.72,30.1,0
1779285719600,3588,UAS-01,311.4,19.03,22.32,3.29,16.95,24.9,0.990,1,1,36.0,0.17,39.74,30.1,0
1779285719633,3589,UAS-02,622.4,19.03,21.98,2.95,15.93,24.2,0.990,1,1,37.5,0.02,39.76,30.0,0
1779285719667,3590,GND-VEH-01,566.2,19.03,21.83,2.80,16.56,23.3,0.990,1,1,36.0,0.01,39.57,29.9,0
1779285719700,3591,PERSON-01,469.6,18.85,22.00,3.15,17.29,23.7,0.990,1,1,36.0,0.48,39.93,30.0,0
1779285719733,3592,UAS-01,928.1,19.06,22.19,3.13,16.29,24.3,0.980,1,1,36.0,0.24,39.90,30.1,0
1779285719767,3593,UAS-02,370.6,19.03,22.52,3.49,17.50,23.3,0.990,1,1,36.0,0.15,39.95,29.9,0
1779285719800,3594,GND-VEH-01,326.8,18.75,21.98,3.23,16.36,24.1,0.990,1,1,36.7,0.02,40.07,30.1,0
1779285719833,3595,PERSON-01,644.4,19.10,22.28,3.18,16.01,24.9,0.990,1,1,38.6,0.25,40.18,30.0,0
1779285719867,3596,UAS-01,672.6,19.06,22.13,3.07,16.14,23.9,0.990,1,1,38.5,0.19,40.06,30.1,0
1779285719900,3597,UAS-02,355.9,18.91,22.01,3.10,16.82,22.2,0.990,1,1,37.3,0.09,40.31,30.1,0
1779285719933,3598,GND-VEH-01,411.2,18.78,22.05,3.27,17.27,23.7,0.983,1,1,36.0,0.14,40.16,30.0,0
1779285719967,3599,PERSON-01,639.1,18.91,22.33,3.42,16.85,24.0,0.985,1,1,36.0,0.41,39.99,30.0,0
